case_id,dataset,rows,model,change,boundary,protect_intermediate,branches,target_scope,repeat,version,policy,budget_fraction,budget_bytes,retained_bytes,full_bytes,metadata_bytes,planning_s,structurally_recoverable,within_budget,status,exact,restore_s,replay_nodes,load_nodes,error
case00-rep0,digits,1797,logistic,parameters,deterministic,False,1,model_and_predictions,0,0,full_snapshot,0.5,1509889,3019778,3019778,9853,0.00013482399981512572,True,False,budget_exceeded,False,,0,0,not executed: budget/selection failure
case00-rep0,digits,1797,logistic,parameters,deterministic,False,1,model_and_predictions,0,1,full_snapshot,0.5,1509889,3019778,3019778,9853,0.00013482399981512572,True,False,budget_exceeded,False,,0,0,not executed: budget/selection failure
case00-rep0,digits,1797,logistic,parameters,deterministic,False,1,model_and_predictions,0,2,full_snapshot,0.5,1509889,3019778,3019778,9853,0.00013482399981512572,True,False,budget_exceeded,False,,0,0,not executed: budget/selection failure
case00-rep0,digits,1797,logistic,parameters,deterministic,False,1,model_and_predictions,0,3,full_snapshot,0.5,1509889,3019778,3019778,9853,0.00013482399981512572,True,False,budget_exceeded,False,,0,0,not executed: budget/selection failure
case00-rep0,digits,1797,logistic,parameters,deterministic,False,1,model_and_predictions,0,4,full_snapshot,0.5,1509889,3019778,3019778,9853,0.00013482399981512572,True,False,budget_exceeded,False,,0,0,not executed: budget/selection failure
case00-rep0,digits,1797,logistic,parameters,deterministic,False,1,model_and_predictions,0,0,recoverability_v2,0.2,603955,944560,3019778,9853,0.00011347100007697009,True,False,required_inputs_exceed_budget,False,,0,0,not executed: budget/selection failure
case00-rep0,digits,1797,logistic,parameters,deterministic,False,1,model_and_predictions,0,1,recoverability_v2,0.2,603955,944560,3019778,9853,0.00011347100007697009,True,False,required_inputs_exceed_budget,False,,0,0,not executed: budget/selection failure
case00-rep0,digits,1797,logistic,parameters,deterministic,False,1,model_and_predictions,0,2,recoverability_v2,0.2,603955,944560,3019778,9853,0.00011347100007697009,True,False,required_inputs_exceed_budget,False,,0,0,not executed: budget/selection failure
case00-rep0,digits,1797,logistic,parameters,deterministic,False,1,model_and_predictions,0,3,recoverability_v2,0.2,603955,944560,3019778,9853,0.00011347100007697009,True,False,required_inputs_exceed_budget,False,,0,0,not executed: budget/selection failure
case00-rep0,digits,1797,logistic,parameters,deterministic,False,1,model_and_predictions,0,4,recoverability_v2,0.2,603955,944560,3019778,9853,0.00011347100007697009,True,False,required_inputs_exceed_budget,False,,0,0,not executed: budget/selection failure
case00-rep0,digits,1797,logistic,parameters,deterministic,False,1,model_and_predictions,0,0,full_replay,0.5,1509889,944560,3019778,9853,0.00011626600007730303,True,True,ok,True,0.05654826399995727,7,2,
case00-rep0,digits,1797,logistic,parameters,deterministic,False,1,model_and_predictions,0,1,full_replay,0.5,1509889,944560,3019778,9853,0.00011626600007730303,True,True,ok,True,0.059896631999890815,7,2,
case00-rep0,digits,1797,logistic,parameters,deterministic,False,1,model_and_predictions,0,2,full_replay,0.5,1509889,944560,3019778,9853,0.00011626600007730303,True,True,ok,True,0.06490429600034986,7,2,
case00-rep0,digits,1797,logistic,parameters,deterministic,False,1,model_and_predictions,0,3,full_replay,0.5,1509889,944560,3019778,9853,0.00011626600007730303,True,True,ok,True,0.0657092520000333,7,2,
case00-rep0,digits,1797,logistic,parameters,deterministic,False,1,model_and_predictions,0,4,full_replay,0.5,1509889,944560,3019778,9853,0.00011626600007730303,True,True,ok,True,0.06925662000003285,7,2,
case00-rep0,digits,1797,logistic,parameters,deterministic,False,1,model_and_predictions,0,0,target_snapshots,0.2,603955,944560,3019778,9853,0.0001947939999809023,True,False,required_inputs_exceed_budget,False,,0,0,not executed: budget/selection failure
case00-rep0,digits,1797,logistic,parameters,deterministic,False,1,model_and_predictions,0,1,target_snapshots,0.2,603955,944560,3019778,9853,0.0001947939999809023,True,False,required_inputs_exceed_budget,False,,0,0,not executed: budget/selection failure
case00-rep0,digits,1797,logistic,parameters,deterministic,False,1,model_and_predictions,0,2,target_snapshots,0.2,603955,944560,3019778,9853,0.0001947939999809023,True,False,required_inputs_exceed_budget,False,,0,0,not executed: budget/selection failure
case00-rep0,digits,1797,logistic,parameters,deterministic,False,1,model_and_predictions,0,3,target_snapshots,0.2,603955,944560,3019778,9853,0.0001947939999809023,True,False,required_inputs_exceed_budget,False,,0,0,not executed: budget/selection failure
case00-rep0,digits,1797,logistic,parameters,deterministic,False,1,model_and_predictions,0,4,target_snapshots,0.2,603955,944560,3019778,9853,0.0001947939999809023,True,False,required_inputs_exceed_budget,False,,0,0,not executed: budget/selection failure
case00-rep0,digits,1797,logistic,parameters,deterministic,False,1,model_and_predictions,0,0,recoverability_v3,0.2,603955,944560,3019778,9853,0.0001114289998440654,True,False,required_inputs_exceed_budget,False,,0,0,not executed: budget/selection failure
case00-rep0,digits,1797,logistic,parameters,deterministic,False,1,model_and_predictions,0,1,recoverability_v3,0.2,603955,944560,3019778,9853,0.0001114289998440654,True,False,required_inputs_exceed_budget,False,,0,0,not executed: budget/selection failure
case00-rep0,digits,1797,logistic,parameters,deterministic,False,1,model_and_predictions,0,2,recoverability_v3,0.2,603955,944560,3019778,9853,0.0001114289998440654,True,False,required_inputs_exceed_budget,False,,0,0,not executed: budget/selection failure
case00-rep0,digits,1797,logistic,parameters,deterministic,False,1,model_and_predictions,0,3,recoverability_v3,0.2,603955,944560,3019778,9853,0.0001114289998440654,True,False,required_inputs_exceed_budget,False,,0,0,not executed: budget/selection failure
case00-rep0,digits,1797,logistic,parameters,deterministic,False,1,model_and_predictions,0,4,recoverability_v3,0.2,603955,944560,3019778,9853,0.0001114289998440654,True,False,required_inputs_exceed_budget,False,,0,0,not executed: budget/selection failure
case00-rep0,digits,1797,logistic,parameters,deterministic,False,1,model_and_predictions,0,0,full_replay,0.1,301977,944560,3019778,9853,0.00014385700023922254,True,False,required_inputs_exceed_budget,False,,0,0,not executed: budget/selection failure
case00-rep0,digits,1797,logistic,parameters,deterministic,False,1,model_and_predictions,0,1,full_replay,0.1,301977,944560,3019778,9853,0.00014385700023922254,True,False,required_inputs_exceed_budget,False,,0,0,not executed: budget/selection failure
case00-rep0,digits,1797,logistic,parameters,deterministic,False,1,model_and_predictions,0,2,full_replay,0.1,301977,944560,3019778,9853,0.00014385700023922254,True,False,required_inputs_exceed_budget,False,,0,0,not executed: budget/selection failure
case00-rep0,digits,1797,logistic,parameters,deterministic,False,1,model_and_predictions,0,3,full_replay,0.1,301977,944560,3019778,9853,0.00014385700023922254,True,False,required_inputs_exceed_budget,False,,0,0,not executed: budget/selection failure
case00-rep0,digits,1797,logistic,parameters,deterministic,False,1,model_and_predictions,0,4,full_replay,0.1,301977,944560,3019778,9853,0.00014385700023922254,True,False,required_inputs_exceed_budget,False,,0,0,not executed: budget/selection failure
case00-rep0,digits,1797,logistic,parameters,deterministic,False,1,model_and_predictions,0,0,full_replay,0.2,603955,944560,3019778,9853,0.00011458299968580832,True,False,required_inputs_exceed_budget,False,,0,0,not executed: budget/selection failure
case00-rep0,digits,1797,logistic,parameters,deterministic,False,1,model_and_predictions,0,1,full_replay,0.2,603955,944560,3019778,9853,0.00011458299968580832,True,False,required_inputs_exceed_budget,False,,0,0,not executed: budget/selection failure
case00-rep0,digits,1797,logistic,parameters,deterministic,False,1,model_and_predictions,0,2,full_replay,0.2,603955,944560,3019778,9853,0.00011458299968580832,True,False,required_inputs_exceed_budget,False,,0,0,not executed: budget/selection failure
case00-rep0,digits,1797,logistic,parameters,deterministic,False,1,model_and_predictions,0,3,full_replay,0.2,603955,944560,3019778,9853,0.00011458299968580832,True,False,required_inputs_exceed_budget,False,,0,0,not executed: budget/selection failure
case00-rep0,digits,1797,logistic,parameters,deterministic,False,1,model_and_predictions,0,4,full_replay,0.2,603955,944560,3019778,9853,0.00011458299968580832,True,False,required_inputs_exceed_budget,False,,0,0,not executed: budget/selection failure
case00-rep0,digits,1797,logistic,parameters,deterministic,False,1,model_and_predictions,0,0,full_snapshot,0.4,1207911,3019778,3019778,9853,0.0001245290000042587,True,False,budget_exceeded,False,,0,0,not executed: budget/selection failure
case00-rep0,digits,1797,logistic,parameters,deterministic,False,1,model_and_predictions,0,1,full_snapshot,0.4,1207911,3019778,3019778,9853,0.0001245290000042587,True,False,budget_exceeded,False,,0,0,not executed: budget/selection failure
case00-rep0,digits,1797,logistic,parameters,deterministic,False,1,model_and_predictions,0,2,full_snapshot,0.4,1207911,3019778,3019778,9853,0.0001245290000042587,True,False,budget_exceeded,False,,0,0,not executed: budget/selection failure
case00-rep0,digits,1797,logistic,parameters,deterministic,False,1,model_and_predictions,0,3,full_snapshot,0.4,1207911,3019778,3019778,9853,0.0001245290000042587,True,False,budget_exceeded,False,,0,0,not executed: budget/selection failure
case00-rep0,digits,1797,logistic,parameters,deterministic,False,1,model_and_predictions,0,4,full_snapshot,0.4,1207911,3019778,3019778,9853,0.0001245290000042587,True,False,budget_exceeded,False,,0,0,not executed: budget/selection failure
case00-rep0,digits,1797,logistic,parameters,deterministic,False,1,model_and_predictions,0,0,full_replay,1.0,3019778,944560,3019778,9853,0.00011378199997125193,True,True,ok,True,0.0560635829997409,7,2,
case00-rep0,digits,1797,logistic,parameters,deterministic,False,1,model_and_predictions,0,1,full_replay,1.0,3019778,944560,3019778,9853,0.00011378199997125193,True,True,ok,True,0.06114364499990188,7,2,
case00-rep0,digits,1797,logistic,parameters,deterministic,False,1,model_and_predictions,0,2,full_replay,1.0,3019778,944560,3019778,9853,0.00011378199997125193,True,True,ok,True,0.06505938999998762,7,2,
case00-rep0,digits,1797,logistic,parameters,deterministic,False,1,model_and_predictions,0,3,full_replay,1.0,3019778,944560,3019778,9853,0.00011378199997125193,True,True,ok,True,0.0629964539998582,7,2,
case00-rep0,digits,1797,logistic,parameters,deterministic,False,1,model_and_predictions,0,4,full_replay,1.0,3019778,944560,3019778,9853,0.00011378199997125193,True,True,ok,True,0.06424166499982675,7,2,
case00-rep0,digits,1797,logistic,parameters,deterministic,False,1,model_and_predictions,0,0,full_snapshot,1.0,3019778,3019778,3019778,9853,0.0002405340001132572,True,True,ok,True,0.00026984799978890806,0,2,
case00-rep0,digits,1797,logistic,parameters,deterministic,False,1,model_and_predictions,0,1,full_snapshot,1.0,3019778,3019778,3019778,9853,0.0002405340001132572,True,True,ok,True,0.0002613250003378198,0,2,
case00-rep0,digits,1797,logistic,parameters,deterministic,False,1,model_and_predictions,0,2,full_snapshot,1.0,3019778,3019778,3019778,9853,0.0002405340001132572,True,True,ok,True,0.00026925699967250694,0,2,
case00-rep0,digits,1797,logistic,parameters,deterministic,False,1,model_and_predictions,0,3,full_snapshot,1.0,3019778,3019778,3019778,9853,0.0002405340001132572,True,True,ok,True,0.0003580910001801385,0,2,
case00-rep0,digits,1797,logistic,parameters,deterministic,False,1,model_and_predictions,0,4,full_snapshot,1.0,3019778,3019778,3019778,9853,0.0002405340001132572,True,True,ok,True,0.0003148360001432593,0,2,
case00-rep0,digits,1797,logistic,parameters,deterministic,False,1,model_and_predictions,0,0,recoverability_v2,0.4,1207911,1163662,3019778,9853,0.0004494190002333198,True,True,ok,True,0.00032794499975352664,0,2,
case00-rep0,digits,1797,logistic,parameters,deterministic,False,1,model_and_predictions,0,1,recoverability_v2,0.4,1207911,1163662,3019778,9853,0.0004494190002333198,True,True,ok,True,0.00042312899995522457,0,2,
case00-rep0,digits,1797,logistic,parameters,deterministic,False,1,model_and_predictions,0,2,recoverability_v2,0.4,1207911,1163662,3019778,9853,0.0004494190002333198,True,True,ok,True,0.00026400900014778017,0,2,
case00-rep0,digits,1797,logistic,parameters,deterministic,False,1,model_and_predictions,0,3,recoverability_v2,0.4,1207911,1163662,3019778,9853,0.0004494190002333198,True,True,ok,True,0.0002645599997777026,0,2,
case00-rep0,digits,1797,logistic,parameters,deterministic,False,1,model_and_predictions,0,4,recoverability_v2,0.4,1207911,1163662,3019778,9853,0.0004494190002333198,True,True,ok,True,0.00027598699989539455,0,2,
case00-rep0,digits,1797,logistic,parameters,deterministic,False,1,model_and_predictions,0,0,recoverability_v2,0.5,1509889,1163662,3019778,9853,0.00023279199967873865,True,True,ok,True,0.00032190699994316674,0,2,
case00-rep0,digits,1797,logistic,parameters,deterministic,False,1,model_and_predictions,0,1,recoverability_v2,0.5,1509889,1163662,3019778,9853,0.00023279199967873865,True,True,ok,True,0.00025861099993562675,0,2,
case00-rep0,digits,1797,logistic,parameters,deterministic,False,1,model_and_predictions,0,2,recoverability_v2,0.5,1509889,1163662,3019778,9853,0.00023279199967873865,True,True,ok,True,0.0002889570000661479,0,2,
case00-rep0,digits,1797,logistic,parameters,deterministic,False,1,model_and_predictions,0,3,recoverability_v2,0.5,1509889,1163662,3019778,9853,0.00023279199967873865,True,True,ok,True,0.00025410400030523306,0,2,
case00-rep0,digits,1797,logistic,parameters,deterministic,False,1,model_and_predictions,0,4,recoverability_v2,0.5,1509889,1163662,3019778,9853,0.00023279199967873865,True,True,ok,True,0.00028671300015048473,0,2,
case00-rep0,digits,1797,logistic,parameters,deterministic,False,1,model_and_predictions,0,0,full_snapshot,0.3,905933,944560,3019778,9853,0.00019160000010742806,True,False,required_inputs_exceed_budget,False,,0,0,not executed: budget/selection failure
case00-rep0,digits,1797,logistic,parameters,deterministic,False,1,model_and_predictions,0,1,full_snapshot,0.3,905933,944560,3019778,9853,0.00019160000010742806,True,False,required_inputs_exceed_budget,False,,0,0,not executed: budget/selection failure
case00-rep0,digits,1797,logistic,parameters,deterministic,False,1,model_and_predictions,0,2,full_snapshot,0.3,905933,944560,3019778,9853,0.00019160000010742806,True,False,required_inputs_exceed_budget,False,,0,0,not executed: budget/selection failure
case00-rep0,digits,1797,logistic,parameters,deterministic,False,1,model_and_predictions,0,3,full_snapshot,0.3,905933,944560,3019778,9853,0.00019160000010742806,True,False,required_inputs_exceed_budget,False,,0,0,not executed: budget/selection failure
case00-rep0,digits,1797,logistic,parameters,deterministic,False,1,model_and_predictions,0,4,full_snapshot,0.3,905933,944560,3019778,9853,0.00019160000010742806,True,False,required_inputs_exceed_budget,False,,0,0,not executed: budget/selection failure
case00-rep0,digits,1797,logistic,parameters,deterministic,False,1,model_and_predictions,0,0,full_snapshot,0.1,301977,944560,3019778,9853,0.00011389200017219991,True,False,required_inputs_exceed_budget,False,,0,0,not executed: budget/selection failure
case00-rep0,digits,1797,logistic,parameters,deterministic,False,1,model_and_predictions,0,1,full_snapshot,0.1,301977,944560,3019778,9853,0.00011389200017219991,True,False,required_inputs_exceed_budget,False,,0,0,not executed: budget/selection failure
case00-rep0,digits,1797,logistic,parameters,deterministic,False,1,model_and_predictions,0,2,full_snapshot,0.1,301977,944560,3019778,9853,0.00011389200017219991,True,False,required_inputs_exceed_budget,False,,0,0,not executed: budget/selection failure
case00-rep0,digits,1797,logistic,parameters,deterministic,False,1,model_and_predictions,0,3,full_snapshot,0.1,301977,944560,3019778,9853,0.00011389200017219991,True,False,required_inputs_exceed_budget,False,,0,0,not executed: budget/selection failure
case00-rep0,digits,1797,logistic,parameters,deterministic,False,1,model_and_predictions,0,4,full_snapshot,0.1,301977,944560,3019778,9853,0.00011389200017219991,True,False,required_inputs_exceed_budget,False,,0,0,not executed: budget/selection failure
case00-rep0,digits,1797,logistic,parameters,deterministic,False,1,model_and_predictions,0,0,recoverability_v3,1.0,3019778,1163662,3019778,9853,0.00015614599988111877,True,True,ok,True,0.0002468119996592577,0,2,
case00-rep0,digits,1797,logistic,parameters,deterministic,False,1,model_and_predictions,0,1,recoverability_v3,1.0,3019778,1163662,3019778,9853,0.00015614599988111877,True,True,ok,True,0.0003790129999288183,0,2,
case00-rep0,digits,1797,logistic,parameters,deterministic,False,1,model_and_predictions,0,2,recoverability_v3,1.0,3019778,1163662,3019778,9853,0.00015614599988111877,True,True,ok,True,0.00030202700008885586,0,2,
case00-rep0,digits,1797,logistic,parameters,deterministic,False,1,model_and_predictions,0,3,recoverability_v3,1.0,3019778,1163662,3019778,9853,0.00015614599988111877,True,True,ok,True,0.0004021370000373281,0,2,
case00-rep0,digits,1797,logistic,parameters,deterministic,False,1,model_and_predictions,0,4,recoverability_v3,1.0,3019778,1163662,3019778,9853,0.00015614599988111877,True,True,ok,True,0.00033238199966945103,0,2,
case00-rep0,digits,1797,logistic,parameters,deterministic,False,1,model_and_predictions,0,0,target_snapshots,1.0,3019778,1163662,3019778,9853,0.00020574099971781834,True,True,ok,True,0.000435839000147098,0,2,
case00-rep0,digits,1797,logistic,parameters,deterministic,False,1,model_and_predictions,0,1,target_snapshots,1.0,3019778,1163662,3019778,9853,0.00020574099971781834,True,True,ok,True,0.0003077149999626272,0,2,
case00-rep0,digits,1797,logistic,parameters,deterministic,False,1,model_and_predictions,0,2,target_snapshots,1.0,3019778,1163662,3019778,9853,0.00020574099971781834,True,True,ok,True,0.0004500000000007276,0,2,
case00-rep0,digits,1797,logistic,parameters,deterministic,False,1,model_and_predictions,0,3,target_snapshots,1.0,3019778,1163662,3019778,9853,0.00020574099971781834,True,True,ok,True,0.0002771980002762575,0,2,
case00-rep0,digits,1797,logistic,parameters,deterministic,False,1,model_and_predictions,0,4,target_snapshots,1.0,3019778,1163662,3019778,9853,0.00020574099971781834,True,True,ok,True,0.0002911789997597225,0,2,
case00-rep0,digits,1797,logistic,parameters,deterministic,False,1,model_and_predictions,0,0,target_snapshots,0.1,301977,944560,3019778,9853,0.00040278899996337714,True,False,required_inputs_exceed_budget,False,,0,0,not executed: budget/selection failure
case00-rep0,digits,1797,logistic,parameters,deterministic,False,1,model_and_predictions,0,1,target_snapshots,0.1,301977,944560,3019778,9853,0.00040278899996337714,True,False,required_inputs_exceed_budget,False,,0,0,not executed: budget/selection failure
case00-rep0,digits,1797,logistic,parameters,deterministic,False,1,model_and_predictions,0,2,target_snapshots,0.1,301977,944560,3019778,9853,0.00040278899996337714,True,False,required_inputs_exceed_budget,False,,0,0,not executed: budget/selection failure
case00-rep0,digits,1797,logistic,parameters,deterministic,False,1,model_and_predictions,0,3,target_snapshots,0.1,301977,944560,3019778,9853,0.00040278899996337714,True,False,required_inputs_exceed_budget,False,,0,0,not executed: budget/selection failure
case00-rep0,digits,1797,logistic,parameters,deterministic,False,1,model_and_predictions,0,4,target_snapshots,0.1,301977,944560,3019778,9853,0.00040278899996337714,True,False,required_inputs_exceed_budget,False,,0,0,not executed: budget/selection failure
case00-rep0,digits,1797,logistic,parameters,deterministic,False,1,model_and_predictions,0,0,recoverability_v3,0.4,1207911,1163662,3019778,9853,0.00013420300001598662,True,True,ok,True,0.00025394400017830776,0,2,
case00-rep0,digits,1797,logistic,parameters,deterministic,False,1,model_and_predictions,0,1,recoverability_v3,0.4,1207911,1163662,3019778,9853,0.00013420300001598662,True,True,ok,True,0.0002581100002316816,0,2,
case00-rep0,digits,1797,logistic,parameters,deterministic,False,1,model_and_predictions,0,2,recoverability_v3,0.4,1207911,1163662,3019778,9853,0.00013420300001598662,True,True,ok,True,0.0002656510000633716,0,2,
case00-rep0,digits,1797,logistic,parameters,deterministic,False,1,model_and_predictions,0,3,recoverability_v3,0.4,1207911,1163662,3019778,9853,0.00013420300001598662,True,True,ok,True,0.0002889570000661479,0,2,
case00-rep0,digits,1797,logistic,parameters,deterministic,False,1,model_and_predictions,0,4,recoverability_v3,0.4,1207911,1163662,3019778,9853,0.00013420300001598662,True,True,ok,True,0.00030025300020497525,0,2,
case00-rep0,digits,1797,logistic,parameters,deterministic,False,1,model_and_predictions,0,0,target_snapshots,0.4,1207911,1163662,3019778,9853,0.0001940130000548379,True,True,ok,True,0.0002541139997447317,0,2,
case00-rep0,digits,1797,logistic,parameters,deterministic,False,1,model_and_predictions,0,1,target_snapshots,0.4,1207911,1163662,3019778,9853,0.0001940130000548379,True,True,ok,True,0.0002768280000964296,0,2,
case00-rep0,digits,1797,logistic,parameters,deterministic,False,1,model_and_predictions,0,2,target_snapshots,0.4,1207911,1163662,3019778,9853,0.0001940130000548379,True,True,ok,True,0.0002559660001679731,0,2,
case00-rep0,digits,1797,logistic,parameters,deterministic,False,1,model_and_predictions,0,3,target_snapshots,0.4,1207911,1163662,3019778,9853,0.0001940130000548379,True,True,ok,True,0.00039459599975089077,0,2,
case00-rep0,digits,1797,logistic,parameters,deterministic,False,1,model_and_predictions,0,4,target_snapshots,0.4,1207911,1163662,3019778,9853,0.0001940130000548379,True,True,ok,True,0.00026823500002137735,0,2,
case00-rep0,digits,1797,logistic,parameters,deterministic,False,1,model_and_predictions,0,0,recoverability_v2,0.1,301977,944560,3019778,9853,0.00021560499999395688,True,False,required_inputs_exceed_budget,False,,0,0,not executed: budget/selection failure
case00-rep0,digits,1797,logistic,parameters,deterministic,False,1,model_and_predictions,0,1,recoverability_v2,0.1,301977,944560,3019778,9853,0.00021560499999395688,True,False,required_inputs_exceed_budget,False,,0,0,not executed: budget/selection failure
case00-rep0,digits,1797,logistic,parameters,deterministic,False,1,model_and_predictions,0,2,recoverability_v2,0.1,301977,944560,3019778,9853,0.00021560499999395688,True,False,required_inputs_exceed_budget,False,,0,0,not executed: budget/selection failure
case00-rep0,digits,1797,logistic,parameters,deterministic,False,1,model_and_predictions,0,3,recoverability_v2,0.1,301977,944560,3019778,9853,0.00021560499999395688,True,False,required_inputs_exceed_budget,False,,0,0,not executed: budget/selection failure
case00-rep0,digits,1797,logistic,parameters,deterministic,False,1,model_and_predictions,0,4,recoverability_v2,0.1,301977,944560,3019778,9853,0.00021560499999395688,True,False,required_inputs_exceed_budget,False,,0,0,not executed: budget/selection failure
case00-rep0,digits,1797,logistic,parameters,deterministic,False,1,model_and_predictions,0,0,full_replay,0.4,1207911,944560,3019778,9853,0.00012732200002574245,True,True,ok,True,0.05758203599998524,7,2,
case00-rep0,digits,1797,logistic,parameters,deterministic,False,1,model_and_predictions,0,1,full_replay,0.4,1207911,944560,3019778,9853,0.00012732200002574245,True,True,ok,True,0.06020605899993825,7,2,
case00-rep0,digits,1797,logistic,parameters,deterministic,False,1,model_and_predictions,0,2,full_replay,0.4,1207911,944560,3019778,9853,0.00012732200002574245,True,True,ok,True,0.06815566700015552,7,2,
case00-rep0,digits,1797,logistic,parameters,deterministic,False,1,model_and_predictions,0,3,full_replay,0.4,1207911,944560,3019778,9853,0.00012732200002574245,True,True,ok,True,0.06743508799991105,7,2,
case00-rep0,digits,1797,logistic,parameters,deterministic,False,1,model_and_predictions,0,4,full_replay,0.4,1207911,944560,3019778,9853,0.00012732200002574245,True,True,ok,True,0.06975206800007072,7,2,
case00-rep0,digits,1797,logistic,parameters,deterministic,False,1,model_and_predictions,0,0,recoverability_v2,0.3,905933,944560,3019778,9853,0.00020428799962246558,True,False,required_inputs_exceed_budget,False,,0,0,not executed: budget/selection failure
case00-rep0,digits,1797,logistic,parameters,deterministic,False,1,model_and_predictions,0,1,recoverability_v2,0.3,905933,944560,3019778,9853,0.00020428799962246558,True,False,required_inputs_exceed_budget,False,,0,0,not executed: budget/selection failure
case00-rep0,digits,1797,logistic,parameters,deterministic,False,1,model_and_predictions,0,2,recoverability_v2,0.3,905933,944560,3019778,9853,0.00020428799962246558,True,False,required_inputs_exceed_budget,False,,0,0,not executed: budget/selection failure
case00-rep0,digits,1797,logistic,parameters,deterministic,False,1,model_and_predictions,0,3,recoverability_v2,0.3,905933,944560,3019778,9853,0.00020428799962246558,True,False,required_inputs_exceed_budget,False,,0,0,not executed: budget/selection failure
case00-rep0,digits,1797,logistic,parameters,deterministic,False,1,model_and_predictions,0,4,recoverability_v2,0.3,905933,944560,3019778,9853,0.00020428799962246558,True,False,required_inputs_exceed_budget,False,,0,0,not executed: budget/selection failure
case00-rep0,digits,1797,logistic,parameters,deterministic,False,1,model_and_predictions,0,0,full_replay,0.3,905933,944560,3019778,9853,0.00013252999997348525,True,False,required_inputs_exceed_budget,False,,0,0,not executed: budget/selection failure
case00-rep0,digits,1797,logistic,parameters,deterministic,False,1,model_and_predictions,0,1,full_replay,0.3,905933,944560,3019778,9853,0.00013252999997348525,True,False,required_inputs_exceed_budget,False,,0,0,not executed: budget/selection failure
case00-rep0,digits,1797,logistic,parameters,deterministic,False,1,model_and_predictions,0,2,full_replay,0.3,905933,944560,3019778,9853,0.00013252999997348525,True,False,required_inputs_exceed_budget,False,,0,0,not executed: budget/selection failure
case00-rep0,digits,1797,logistic,parameters,deterministic,False,1,model_and_predictions,0,3,full_replay,0.3,905933,944560,3019778,9853,0.00013252999997348525,True,False,required_inputs_exceed_budget,False,,0,0,not executed: budget/selection failure
case00-rep0,digits,1797,logistic,parameters,deterministic,False,1,model_and_predictions,0,4,full_replay,0.3,905933,944560,3019778,9853,0.00013252999997348525,True,False,required_inputs_exceed_budget,False,,0,0,not executed: budget/selection failure
case00-rep0,digits,1797,logistic,parameters,deterministic,False,1,model_and_predictions,0,0,target_snapshots,0.3,905933,944560,3019778,9853,0.00011150899990752805,True,False,required_inputs_exceed_budget,False,,0,0,not executed: budget/selection failure
case00-rep0,digits,1797,logistic,parameters,deterministic,False,1,model_and_predictions,0,1,target_snapshots,0.3,905933,944560,3019778,9853,0.00011150899990752805,True,False,required_inputs_exceed_budget,False,,0,0,not executed: budget/selection failure
case00-rep0,digits,1797,logistic,parameters,deterministic,False,1,model_and_predictions,0,2,target_snapshots,0.3,905933,944560,3019778,9853,0.00011150899990752805,True,False,required_inputs_exceed_budget,False,,0,0,not executed: budget/selection failure
case00-rep0,digits,1797,logistic,parameters,deterministic,False,1,model_and_predictions,0,3,target_snapshots,0.3,905933,944560,3019778,9853,0.00011150899990752805,True,False,required_inputs_exceed_budget,False,,0,0,not executed: budget/selection failure
case00-rep0,digits,1797,logistic,parameters,deterministic,False,1,model_and_predictions,0,4,target_snapshots,0.3,905933,944560,3019778,9853,0.00011150899990752805,True,False,required_inputs_exceed_budget,False,,0,0,not executed: budget/selection failure
case00-rep0,digits,1797,logistic,parameters,deterministic,False,1,model_and_predictions,0,0,target_snapshots,0.5,1509889,1163662,3019778,9853,0.00011549400005606003,True,True,ok,True,0.00037068000028739334,0,2,
case00-rep0,digits,1797,logistic,parameters,deterministic,False,1,model_and_predictions,0,1,target_snapshots,0.5,1509889,1163662,3019778,9853,0.00011549400005606003,True,True,ok,True,0.0002951360002043657,0,2,
case00-rep0,digits,1797,logistic,parameters,deterministic,False,1,model_and_predictions,0,2,target_snapshots,0.5,1509889,1163662,3019778,9853,0.00011549400005606003,True,True,ok,True,0.00025480499971308745,0,2,
case00-rep0,digits,1797,logistic,parameters,deterministic,False,1,model_and_predictions,0,3,target_snapshots,0.5,1509889,1163662,3019778,9853,0.00011549400005606003,True,True,ok,True,0.00034413999992466415,0,2,
case00-rep0,digits,1797,logistic,parameters,deterministic,False,1,model_and_predictions,0,4,target_snapshots,0.5,1509889,1163662,3019778,9853,0.00011549400005606003,True,True,ok,True,0.0003683559998535202,0,2,
case00-rep0,digits,1797,logistic,parameters,deterministic,False,1,model_and_predictions,0,0,full_snapshot,0.2,603955,944560,3019778,9853,0.0003050210002584208,True,False,required_inputs_exceed_budget,False,,0,0,not executed: budget/selection failure
case00-rep0,digits,1797,logistic,parameters,deterministic,False,1,model_and_predictions,0,1,full_snapshot,0.2,603955,944560,3019778,9853,0.0003050210002584208,True,False,required_inputs_exceed_budget,False,,0,0,not executed: budget/selection failure
case00-rep0,digits,1797,logistic,parameters,deterministic,False,1,model_and_predictions,0,2,full_snapshot,0.2,603955,944560,3019778,9853,0.0003050210002584208,True,False,required_inputs_exceed_budget,False,,0,0,not executed: budget/selection failure
case00-rep0,digits,1797,logistic,parameters,deterministic,False,1,model_and_predictions,0,3,full_snapshot,0.2,603955,944560,3019778,9853,0.0003050210002584208,True,False,required_inputs_exceed_budget,False,,0,0,not executed: budget/selection failure
case00-rep0,digits,1797,logistic,parameters,deterministic,False,1,model_and_predictions,0,4,full_snapshot,0.2,603955,944560,3019778,9853,0.0003050210002584208,True,False,required_inputs_exceed_budget,False,,0,0,not executed: budget/selection failure
case00-rep0,digits,1797,logistic,parameters,deterministic,False,1,model_and_predictions,0,0,recoverability_v3,0.5,1509889,1163662,3019778,9853,0.00019955199968535453,True,True,ok,True,0.0002622160000100848,0,2,
case00-rep0,digits,1797,logistic,parameters,deterministic,False,1,model_and_predictions,0,1,recoverability_v3,0.5,1509889,1163662,3019778,9853,0.00019955199968535453,True,True,ok,True,0.00027624700032902183,0,2,
case00-rep0,digits,1797,logistic,parameters,deterministic,False,1,model_and_predictions,0,2,recoverability_v3,0.5,1509889,1163662,3019778,9853,0.00019955199968535453,True,True,ok,True,0.00027630700014924514,0,2,
case00-rep0,digits,1797,logistic,parameters,deterministic,False,1,model_and_predictions,0,3,recoverability_v3,0.5,1509889,1163662,3019778,9853,0.00019955199968535453,True,True,ok,True,0.00026692299979913514,0,2,
case00-rep0,digits,1797,logistic,parameters,deterministic,False,1,model_and_predictions,0,4,recoverability_v3,0.5,1509889,1163662,3019778,9853,0.00019955199968535453,True,True,ok,True,0.00026166499992541503,0,2,
case00-rep0,digits,1797,logistic,parameters,deterministic,False,1,model_and_predictions,0,0,recoverability_v2,1.0,3019778,1163662,3019778,9853,0.00023796000004949747,True,True,ok,True,0.00032184600013351883,0,2,
case00-rep0,digits,1797,logistic,parameters,deterministic,False,1,model_and_predictions,0,1,recoverability_v2,1.0,3019778,1163662,3019778,9853,0.00023796000004949747,True,True,ok,True,0.00032575200020801276,0,2,
case00-rep0,digits,1797,logistic,parameters,deterministic,False,1,model_and_predictions,0,2,recoverability_v2,1.0,3019778,1163662,3019778,9853,0.00023796000004949747,True,True,ok,True,0.00028449999990698416,0,2,
case00-rep0,digits,1797,logistic,parameters,deterministic,False,1,model_and_predictions,0,3,recoverability_v2,1.0,3019778,1163662,3019778,9853,0.00023796000004949747,True,True,ok,True,0.0003567590001694043,0,2,
case00-rep0,digits,1797,logistic,parameters,deterministic,False,1,model_and_predictions,0,4,recoverability_v2,1.0,3019778,1163662,3019778,9853,0.00023796000004949747,True,True,ok,True,0.0002530820001993561,0,2,
case00-rep0,digits,1797,logistic,parameters,deterministic,False,1,model_and_predictions,0,0,recoverability_v3,0.3,905933,944560,3019778,9853,0.000188103999789746,True,False,required_inputs_exceed_budget,False,,0,0,not executed: budget/selection failure
case00-rep0,digits,1797,logistic,parameters,deterministic,False,1,model_and_predictions,0,1,recoverability_v3,0.3,905933,944560,3019778,9853,0.000188103999789746,True,False,required_inputs_exceed_budget,False,,0,0,not executed: budget/selection failure
case00-rep0,digits,1797,logistic,parameters,deterministic,False,1,model_and_predictions,0,2,recoverability_v3,0.3,905933,944560,3019778,9853,0.000188103999789746,True,False,required_inputs_exceed_budget,False,,0,0,not executed: budget/selection failure
case00-rep0,digits,1797,logistic,parameters,deterministic,False,1,model_and_predictions,0,3,recoverability_v3,0.3,905933,944560,3019778,9853,0.000188103999789746,True,False,required_inputs_exceed_budget,False,,0,0,not executed: budget/selection failure
case00-rep0,digits,1797,logistic,parameters,deterministic,False,1,model_and_predictions,0,4,recoverability_v3,0.3,905933,944560,3019778,9853,0.000188103999789746,True,False,required_inputs_exceed_budget,False,,0,0,not executed: budget/selection failure
case00-rep0,digits,1797,logistic,parameters,deterministic,False,1,model_and_predictions,0,0,recoverability_v3,0.1,301977,944560,3019778,9853,0.00012156299999332987,True,False,required_inputs_exceed_budget,False,,0,0,not executed: budget/selection failure
case00-rep0,digits,1797,logistic,parameters,deterministic,False,1,model_and_predictions,0,1,recoverability_v3,0.1,301977,944560,3019778,9853,0.00012156299999332987,True,False,required_inputs_exceed_budget,False,,0,0,not executed: budget/selection failure
case00-rep0,digits,1797,logistic,parameters,deterministic,False,1,model_and_predictions,0,2,recoverability_v3,0.1,301977,944560,3019778,9853,0.00012156299999332987,True,False,required_inputs_exceed_budget,False,,0,0,not executed: budget/selection failure
case00-rep0,digits,1797,logistic,parameters,deterministic,False,1,model_and_predictions,0,3,recoverability_v3,0.1,301977,944560,3019778,9853,0.00012156299999332987,True,False,required_inputs_exceed_budget,False,,0,0,not executed: budget/selection failure
case00-rep0,digits,1797,logistic,parameters,deterministic,False,1,model_and_predictions,0,4,recoverability_v3,0.1,301977,944560,3019778,9853,0.00012156299999332987,True,False,required_inputs_exceed_budget,False,,0,0,not executed: budget/selection failure
case00-rep1,digits,1797,logistic,parameters,deterministic,False,1,model_and_predictions,1,0,full_snapshot,0.1,301977,944561,3019779,9854,0.0001355350000267208,True,False,required_inputs_exceed_budget,False,,0,0,not executed: budget/selection failure
case00-rep1,digits,1797,logistic,parameters,deterministic,False,1,model_and_predictions,1,1,full_snapshot,0.1,301977,944561,3019779,9854,0.0001355350000267208,True,False,required_inputs_exceed_budget,False,,0,0,not executed: budget/selection failure
case00-rep1,digits,1797,logistic,parameters,deterministic,False,1,model_and_predictions,1,2,full_snapshot,0.1,301977,944561,3019779,9854,0.0001355350000267208,True,False,required_inputs_exceed_budget,False,,0,0,not executed: budget/selection failure
case00-rep1,digits,1797,logistic,parameters,deterministic,False,1,model_and_predictions,1,3,full_snapshot,0.1,301977,944561,3019779,9854,0.0001355350000267208,True,False,required_inputs_exceed_budget,False,,0,0,not executed: budget/selection failure
case00-rep1,digits,1797,logistic,parameters,deterministic,False,1,model_and_predictions,1,4,full_snapshot,0.1,301977,944561,3019779,9854,0.0001355350000267208,True,False,required_inputs_exceed_budget,False,,0,0,not executed: budget/selection failure
case00-rep1,digits,1797,logistic,parameters,deterministic,False,1,model_and_predictions,1,0,recoverability_v3,0.5,1509889,1163663,3019779,9854,0.0001378080000904447,True,True,ok,True,0.00025417400001970236,0,2,
case00-rep1,digits,1797,logistic,parameters,deterministic,False,1,model_and_predictions,1,1,recoverability_v3,0.5,1509889,1163663,3019779,9854,0.0001378080000904447,True,True,ok,True,0.00026922600000034436,0,2,
case00-rep1,digits,1797,logistic,parameters,deterministic,False,1,model_and_predictions,1,2,recoverability_v3,0.5,1509889,1163663,3019779,9854,0.0001378080000904447,True,True,ok,True,0.00034140600018872647,0,2,
case00-rep1,digits,1797,logistic,parameters,deterministic,False,1,model_and_predictions,1,3,recoverability_v3,0.5,1509889,1163663,3019779,9854,0.0001378080000904447,True,True,ok,True,0.0002666219997990993,0,2,
case00-rep1,digits,1797,logistic,parameters,deterministic,False,1,model_and_predictions,1,4,recoverability_v3,0.5,1509889,1163663,3019779,9854,0.0001378080000904447,True,True,ok,True,0.00026575099991532625,0,2,
case00-rep1,digits,1797,logistic,parameters,deterministic,False,1,model_and_predictions,1,0,full_snapshot,0.3,905933,944561,3019779,9854,0.00036516099999062135,True,False,required_inputs_exceed_budget,False,,0,0,not executed: budget/selection failure
case00-rep1,digits,1797,logistic,parameters,deterministic,False,1,model_and_predictions,1,1,full_snapshot,0.3,905933,944561,3019779,9854,0.00036516099999062135,True,False,required_inputs_exceed_budget,False,,0,0,not executed: budget/selection failure
case00-rep1,digits,1797,logistic,parameters,deterministic,False,1,model_and_predictions,1,2,full_snapshot,0.3,905933,944561,3019779,9854,0.00036516099999062135,True,False,required_inputs_exceed_budget,False,,0,0,not executed: budget/selection failure
case00-rep1,digits,1797,logistic,parameters,deterministic,False,1,model_and_predictions,1,3,full_snapshot,0.3,905933,944561,3019779,9854,0.00036516099999062135,True,False,required_inputs_exceed_budget,False,,0,0,not executed: budget/selection failure
case00-rep1,digits,1797,logistic,parameters,deterministic,False,1,model_and_predictions,1,4,full_snapshot,0.3,905933,944561,3019779,9854,0.00036516099999062135,True,False,required_inputs_exceed_budget,False,,0,0,not executed: budget/selection failure
case00-rep1,digits,1797,logistic,parameters,deterministic,False,1,model_and_predictions,1,0,recoverability_v2,0.2,603955,944561,3019779,9854,0.0001869019997684518,True,False,required_inputs_exceed_budget,False,,0,0,not executed: budget/selection failure
case00-rep1,digits,1797,logistic,parameters,deterministic,False,1,model_and_predictions,1,1,recoverability_v2,0.2,603955,944561,3019779,9854,0.0001869019997684518,True,False,required_inputs_exceed_budget,False,,0,0,not executed: budget/selection failure
case00-rep1,digits,1797,logistic,parameters,deterministic,False,1,model_and_predictions,1,2,recoverability_v2,0.2,603955,944561,3019779,9854,0.0001869019997684518,True,False,required_inputs_exceed_budget,False,,0,0,not executed: budget/selection failure
case00-rep1,digits,1797,logistic,parameters,deterministic,False,1,model_and_predictions,1,3,recoverability_v2,0.2,603955,944561,3019779,9854,0.0001869019997684518,True,False,required_inputs_exceed_budget,False,,0,0,not executed: budget/selection failure
case00-rep1,digits,1797,logistic,parameters,deterministic,False,1,model_and_predictions,1,4,recoverability_v2,0.2,603955,944561,3019779,9854,0.0001869019997684518,True,False,required_inputs_exceed_budget,False,,0,0,not executed: budget/selection failure
case00-rep1,digits,1797,logistic,parameters,deterministic,False,1,model_and_predictions,1,0,full_replay,1.0,3019779,944561,3019779,9854,0.0001150040002357855,True,True,ok,True,0.06563789400024689,7,2,
case00-rep1,digits,1797,logistic,parameters,deterministic,False,1,model_and_predictions,1,1,full_replay,1.0,3019779,944561,3019779,9854,0.0001150040002357855,True,True,ok,True,0.0688377869996657,7,2,
case00-rep1,digits,1797,logistic,parameters,deterministic,False,1,model_and_predictions,1,2,full_replay,1.0,3019779,944561,3019779,9854,0.0001150040002357855,True,True,ok,True,0.07924745999980587,7,2,
case00-rep1,digits,1797,logistic,parameters,deterministic,False,1,model_and_predictions,1,3,full_replay,1.0,3019779,944561,3019779,9854,0.0001150040002357855,True,True,ok,True,0.10355558699984613,7,2,
case00-rep1,digits,1797,logistic,parameters,deterministic,False,1,model_and_predictions,1,4,full_replay,1.0,3019779,944561,3019779,9854,0.0001150040002357855,True,True,ok,True,0.08438907700019627,7,2,
case00-rep1,digits,1797,logistic,parameters,deterministic,False,1,model_and_predictions,1,0,full_snapshot,1.0,3019779,3019779,3019779,9854,0.0001988899998650595,True,True,ok,True,0.00027249200002188445,0,2,
case00-rep1,digits,1797,logistic,parameters,deterministic,False,1,model_and_predictions,1,1,full_snapshot,1.0,3019779,3019779,3019779,9854,0.0001988899998650595,True,True,ok,True,0.0002670429998943291,0,2,
case00-rep1,digits,1797,logistic,parameters,deterministic,False,1,model_and_predictions,1,2,full_snapshot,1.0,3019779,3019779,3019779,9854,0.0001988899998650595,True,True,ok,True,0.00026397800002087024,0,2,
case00-rep1,digits,1797,logistic,parameters,deterministic,False,1,model_and_predictions,1,3,full_snapshot,1.0,3019779,3019779,3019779,9854,0.0001988899998650595,True,True,ok,True,0.0003014649996657681,0,2,
case00-rep1,digits,1797,logistic,parameters,deterministic,False,1,model_and_predictions,1,4,full_snapshot,1.0,3019779,3019779,3019779,9854,0.0001988899998650595,True,True,ok,True,0.0002767890000541229,0,2,
case00-rep1,digits,1797,logistic,parameters,deterministic,False,1,model_and_predictions,1,0,target_snapshots,0.5,1509889,1163663,3019779,9854,0.00018910500011770637,True,True,ok,True,0.0003637189997789392,0,2,
case00-rep1,digits,1797,logistic,parameters,deterministic,False,1,model_and_predictions,1,1,target_snapshots,0.5,1509889,1163663,3019779,9854,0.00018910500011770637,True,True,ok,True,0.00026092400003108196,0,2,
case00-rep1,digits,1797,logistic,parameters,deterministic,False,1,model_and_predictions,1,2,target_snapshots,0.5,1509889,1163663,3019779,9854,0.00018910500011770637,True,True,ok,True,0.0002571489999354526,0,2,
case00-rep1,digits,1797,logistic,parameters,deterministic,False,1,model_and_predictions,1,3,target_snapshots,0.5,1509889,1163663,3019779,9854,0.00018910500011770637,True,True,ok,True,0.00026650300014807726,0,2,
case00-rep1,digits,1797,logistic,parameters,deterministic,False,1,model_and_predictions,1,4,target_snapshots,0.5,1509889,1163663,3019779,9854,0.00018910500011770637,True,True,ok,True,0.00025737900023159455,0,2,
case00-rep1,digits,1797,logistic,parameters,deterministic,False,1,model_and_predictions,1,0,recoverability_v2,0.3,905933,944561,3019779,9854,0.0002008229998864408,True,False,required_inputs_exceed_budget,False,,0,0,not executed: budget/selection failure
case00-rep1,digits,1797,logistic,parameters,deterministic,False,1,model_and_predictions,1,1,recoverability_v2,0.3,905933,944561,3019779,9854,0.0002008229998864408,True,False,required_inputs_exceed_budget,False,,0,0,not executed: budget/selection failure
case00-rep1,digits,1797,logistic,parameters,deterministic,False,1,model_and_predictions,1,2,recoverability_v2,0.3,905933,944561,3019779,9854,0.0002008229998864408,True,False,required_inputs_exceed_budget,False,,0,0,not executed: budget/selection failure
case00-rep1,digits,1797,logistic,parameters,deterministic,False,1,model_and_predictions,1,3,recoverability_v2,0.3,905933,944561,3019779,9854,0.0002008229998864408,True,False,required_inputs_exceed_budget,False,,0,0,not executed: budget/selection failure
case00-rep1,digits,1797,logistic,parameters,deterministic,False,1,model_and_predictions,1,4,recoverability_v2,0.3,905933,944561,3019779,9854,0.0002008229998864408,True,False,required_inputs_exceed_budget,False,,0,0,not executed: budget/selection failure
case00-rep1,digits,1797,logistic,parameters,deterministic,False,1,model_and_predictions,1,0,target_snapshots,0.3,905933,944561,3019779,9854,0.00014933600004951586,True,False,required_inputs_exceed_budget,False,,0,0,not executed: budget/selection failure
case00-rep1,digits,1797,logistic,parameters,deterministic,False,1,model_and_predictions,1,1,target_snapshots,0.3,905933,944561,3019779,9854,0.00014933600004951586,True,False,required_inputs_exceed_budget,False,,0,0,not executed: budget/selection failure
case00-rep1,digits,1797,logistic,parameters,deterministic,False,1,model_and_predictions,1,2,target_snapshots,0.3,905933,944561,3019779,9854,0.00014933600004951586,True,False,required_inputs_exceed_budget,False,,0,0,not executed: budget/selection failure
case00-rep1,digits,1797,logistic,parameters,deterministic,False,1,model_and_predictions,1,3,target_snapshots,0.3,905933,944561,3019779,9854,0.00014933600004951586,True,False,required_inputs_exceed_budget,False,,0,0,not executed: budget/selection failure
case00-rep1,digits,1797,logistic,parameters,deterministic,False,1,model_and_predictions,1,4,target_snapshots,0.3,905933,944561,3019779,9854,0.00014933600004951586,True,False,required_inputs_exceed_budget,False,,0,0,not executed: budget/selection failure
case00-rep1,digits,1797,logistic,parameters,deterministic,False,1,model_and_predictions,1,0,target_snapshots,0.1,301977,944561,3019779,9854,0.00017815899991546758,True,False,required_inputs_exceed_budget,False,,0,0,not executed: budget/selection failure
case00-rep1,digits,1797,logistic,parameters,deterministic,False,1,model_and_predictions,1,1,target_snapshots,0.1,301977,944561,3019779,9854,0.00017815899991546758,True,False,required_inputs_exceed_budget,False,,0,0,not executed: budget/selection failure
case00-rep1,digits,1797,logistic,parameters,deterministic,False,1,model_and_predictions,1,2,target_snapshots,0.1,301977,944561,3019779,9854,0.00017815899991546758,True,False,required_inputs_exceed_budget,False,,0,0,not executed: budget/selection failure
case00-rep1,digits,1797,logistic,parameters,deterministic,False,1,model_and_predictions,1,3,target_snapshots,0.1,301977,944561,3019779,9854,0.00017815899991546758,True,False,required_inputs_exceed_budget,False,,0,0,not executed: budget/selection failure
case00-rep1,digits,1797,logistic,parameters,deterministic,False,1,model_and_predictions,1,4,target_snapshots,0.1,301977,944561,3019779,9854,0.00017815899991546758,True,False,required_inputs_exceed_budget,False,,0,0,not executed: budget/selection failure
case00-rep1,digits,1797,logistic,parameters,deterministic,False,1,model_and_predictions,1,0,recoverability_v2,0.1,301977,944561,3019779,9854,0.0001288840003326186,True,False,required_inputs_exceed_budget,False,,0,0,not executed: budget/selection failure
case00-rep1,digits,1797,logistic,parameters,deterministic,False,1,model_and_predictions,1,1,recoverability_v2,0.1,301977,944561,3019779,9854,0.0001288840003326186,True,False,required_inputs_exceed_budget,False,,0,0,not executed: budget/selection failure
case00-rep1,digits,1797,logistic,parameters,deterministic,False,1,model_and_predictions,1,2,recoverability_v2,0.1,301977,944561,3019779,9854,0.0001288840003326186,True,False,required_inputs_exceed_budget,False,,0,0,not executed: budget/selection failure
case00-rep1,digits,1797,logistic,parameters,deterministic,False,1,model_and_predictions,1,3,recoverability_v2,0.1,301977,944561,3019779,9854,0.0001288840003326186,True,False,required_inputs_exceed_budget,False,,0,0,not executed: budget/selection failure
case00-rep1,digits,1797,logistic,parameters,deterministic,False,1,model_and_predictions,1,4,recoverability_v2,0.1,301977,944561,3019779,9854,0.0001288840003326186,True,False,required_inputs_exceed_budget,False,,0,0,not executed: budget/selection failure
case00-rep1,digits,1797,logistic,parameters,deterministic,False,1,model_and_predictions,1,0,recoverability_v3,0.1,301977,944561,3019779,9854,0.0001906980000967451,True,False,required_inputs_exceed_budget,False,,0,0,not executed: budget/selection failure
case00-rep1,digits,1797,logistic,parameters,deterministic,False,1,model_and_predictions,1,1,recoverability_v3,0.1,301977,944561,3019779,9854,0.0001906980000967451,True,False,required_inputs_exceed_budget,False,,0,0,not executed: budget/selection failure
case00-rep1,digits,1797,logistic,parameters,deterministic,False,1,model_and_predictions,1,2,recoverability_v3,0.1,301977,944561,3019779,9854,0.0001906980000967451,True,False,required_inputs_exceed_budget,False,,0,0,not executed: budget/selection failure
case00-rep1,digits,1797,logistic,parameters,deterministic,False,1,model_and_predictions,1,3,recoverability_v3,0.1,301977,944561,3019779,9854,0.0001906980000967451,True,False,required_inputs_exceed_budget,False,,0,0,not executed: budget/selection failure
case00-rep1,digits,1797,logistic,parameters,deterministic,False,1,model_and_predictions,1,4,recoverability_v3,0.1,301977,944561,3019779,9854,0.0001906980000967451,True,False,required_inputs_exceed_budget,False,,0,0,not executed: budget/selection failure
case00-rep1,digits,1797,logistic,parameters,deterministic,False,1,model_and_predictions,1,0,recoverability_v2,0.5,1509889,1163663,3019779,9854,0.0001341420002063387,True,True,ok,True,0.00028636300021389616,0,2,
case00-rep1,digits,1797,logistic,parameters,deterministic,False,1,model_and_predictions,1,1,recoverability_v2,0.5,1509889,1163663,3019779,9854,0.0001341420002063387,True,True,ok,True,0.00025700800006234203,0,2,
case00-rep1,digits,1797,logistic,parameters,deterministic,False,1,model_and_predictions,1,2,recoverability_v2,0.5,1509889,1163663,3019779,9854,0.0001341420002063387,True,True,ok,True,0.00026395900022180285,0,2,
case00-rep1,digits,1797,logistic,parameters,deterministic,False,1,model_and_predictions,1,3,recoverability_v2,0.5,1509889,1163663,3019779,9854,0.0001341420002063387,True,True,ok,True,0.00026658299975679256,0,2,
case00-rep1,digits,1797,logistic,parameters,deterministic,False,1,model_and_predictions,1,4,recoverability_v2,0.5,1509889,1163663,3019779,9854,0.0001341420002063387,True,True,ok,True,0.0002596720000838104,0,2,
case00-rep1,digits,1797,logistic,parameters,deterministic,False,1,model_and_predictions,1,0,recoverability_v3,1.0,3019779,1163663,3019779,9854,0.00021430299966596067,True,True,ok,True,0.00030386899970835657,0,2,
case00-rep1,digits,1797,logistic,parameters,deterministic,False,1,model_and_predictions,1,1,recoverability_v3,1.0,3019779,1163663,3019779,9854,0.00021430299966596067,True,True,ok,True,0.0003325519996906223,0,2,
case00-rep1,digits,1797,logistic,parameters,deterministic,False,1,model_and_predictions,1,2,recoverability_v3,1.0,3019779,1163663,3019779,9854,0.00021430299966596067,True,True,ok,True,0.00025279200008299085,0,2,
case00-rep1,digits,1797,logistic,parameters,deterministic,False,1,model_and_predictions,1,3,recoverability_v3,1.0,3019779,1163663,3019779,9854,0.00021430299966596067,True,True,ok,True,0.0002595119999568851,0,2,
case00-rep1,digits,1797,logistic,parameters,deterministic,False,1,model_and_predictions,1,4,recoverability_v3,1.0,3019779,1163663,3019779,9854,0.00021430299966596067,True,True,ok,True,0.00029776000019410276,0,2,
case00-rep1,digits,1797,logistic,parameters,deterministic,False,1,model_and_predictions,1,0,full_snapshot,0.2,603955,944561,3019779,9854,0.00019061800003328244,True,False,required_inputs_exceed_budget,False,,0,0,not executed: budget/selection failure
case00-rep1,digits,1797,logistic,parameters,deterministic,False,1,model_and_predictions,1,1,full_snapshot,0.2,603955,944561,3019779,9854,0.00019061800003328244,True,False,required_inputs_exceed_budget,False,,0,0,not executed: budget/selection failure
case00-rep1,digits,1797,logistic,parameters,deterministic,False,1,model_and_predictions,1,2,full_snapshot,0.2,603955,944561,3019779,9854,0.00019061800003328244,True,False,required_inputs_exceed_budget,False,,0,0,not executed: budget/selection failure
case00-rep1,digits,1797,logistic,parameters,deterministic,False,1,model_and_predictions,1,3,full_snapshot,0.2,603955,944561,3019779,9854,0.00019061800003328244,True,False,required_inputs_exceed_budget,False,,0,0,not executed: budget/selection failure
case00-rep1,digits,1797,logistic,parameters,deterministic,False,1,model_and_predictions,1,4,full_snapshot,0.2,603955,944561,3019779,9854,0.00019061800003328244,True,False,required_inputs_exceed_budget,False,,0,0,not executed: budget/selection failure
case00-rep1,digits,1797,logistic,parameters,deterministic,False,1,model_and_predictions,1,0,full_snapshot,0.5,1509889,3019779,3019779,9854,0.00012283600017326535,True,False,budget_exceeded,False,,0,0,not executed: budget/selection failure
case00-rep1,digits,1797,logistic,parameters,deterministic,False,1,model_and_predictions,1,1,full_snapshot,0.5,1509889,3019779,3019779,9854,0.00012283600017326535,True,False,budget_exceeded,False,,0,0,not executed: budget/selection failure
case00-rep1,digits,1797,logistic,parameters,deterministic,False,1,model_and_predictions,1,2,full_snapshot,0.5,1509889,3019779,3019779,9854,0.00012283600017326535,True,False,budget_exceeded,False,,0,0,not executed: budget/selection failure
case00-rep1,digits,1797,logistic,parameters,deterministic,False,1,model_and_predictions,1,3,full_snapshot,0.5,1509889,3019779,3019779,9854,0.00012283600017326535,True,False,budget_exceeded,False,,0,0,not executed: budget/selection failure
case00-rep1,digits,1797,logistic,parameters,deterministic,False,1,model_and_predictions,1,4,full_snapshot,0.5,1509889,3019779,3019779,9854,0.00012283600017326535,True,False,budget_exceeded,False,,0,0,not executed: budget/selection failure
case00-rep1,digits,1797,logistic,parameters,deterministic,False,1,model_and_predictions,1,0,full_snapshot,0.4,1207911,3019779,3019779,9854,0.00011813799983428908,True,False,budget_exceeded,False,,0,0,not executed: budget/selection failure
case00-rep1,digits,1797,logistic,parameters,deterministic,False,1,model_and_predictions,1,1,full_snapshot,0.4,1207911,3019779,3019779,9854,0.00011813799983428908,True,False,budget_exceeded,False,,0,0,not executed: budget/selection failure
case00-rep1,digits,1797,logistic,parameters,deterministic,False,1,model_and_predictions,1,2,full_snapshot,0.4,1207911,3019779,3019779,9854,0.00011813799983428908,True,False,budget_exceeded,False,,0,0,not executed: budget/selection failure
case00-rep1,digits,1797,logistic,parameters,deterministic,False,1,model_and_predictions,1,3,full_snapshot,0.4,1207911,3019779,3019779,9854,0.00011813799983428908,True,False,budget_exceeded,False,,0,0,not executed: budget/selection failure
case00-rep1,digits,1797,logistic,parameters,deterministic,False,1,model_and_predictions,1,4,full_snapshot,0.4,1207911,3019779,3019779,9854,0.00011813799983428908,True,False,budget_exceeded,False,,0,0,not executed: budget/selection failure
case00-rep1,digits,1797,logistic,parameters,deterministic,False,1,model_and_predictions,1,0,recoverability_v3,0.2,603955,944561,3019779,9854,0.00011613500009843847,True,False,required_inputs_exceed_budget,False,,0,0,not executed: budget/selection failure
case00-rep1,digits,1797,logistic,parameters,deterministic,False,1,model_and_predictions,1,1,recoverability_v3,0.2,603955,944561,3019779,9854,0.00011613500009843847,True,False,required_inputs_exceed_budget,False,,0,0,not executed: budget/selection failure
case00-rep1,digits,1797,logistic,parameters,deterministic,False,1,model_and_predictions,1,2,recoverability_v3,0.2,603955,944561,3019779,9854,0.00011613500009843847,True,False,required_inputs_exceed_budget,False,,0,0,not executed: budget/selection failure
case00-rep1,digits,1797,logistic,parameters,deterministic,False,1,model_and_predictions,1,3,recoverability_v3,0.2,603955,944561,3019779,9854,0.00011613500009843847,True,False,required_inputs_exceed_budget,False,,0,0,not executed: budget/selection failure
case00-rep1,digits,1797,logistic,parameters,deterministic,False,1,model_and_predictions,1,4,recoverability_v3,0.2,603955,944561,3019779,9854,0.00011613500009843847,True,False,required_inputs_exceed_budget,False,,0,0,not executed: budget/selection failure
case00-rep1,digits,1797,logistic,parameters,deterministic,False,1,model_and_predictions,1,0,target_snapshots,0.2,603955,944561,3019779,9854,0.00011396199988666922,True,False,required_inputs_exceed_budget,False,,0,0,not executed: budget/selection failure
case00-rep1,digits,1797,logistic,parameters,deterministic,False,1,model_and_predictions,1,1,target_snapshots,0.2,603955,944561,3019779,9854,0.00011396199988666922,True,False,required_inputs_exceed_budget,False,,0,0,not executed: budget/selection failure
case00-rep1,digits,1797,logistic,parameters,deterministic,False,1,model_and_predictions,1,2,target_snapshots,0.2,603955,944561,3019779,9854,0.00011396199988666922,True,False,required_inputs_exceed_budget,False,,0,0,not executed: budget/selection failure
case00-rep1,digits,1797,logistic,parameters,deterministic,False,1,model_and_predictions,1,3,target_snapshots,0.2,603955,944561,3019779,9854,0.00011396199988666922,True,False,required_inputs_exceed_budget,False,,0,0,not executed: budget/selection failure
case00-rep1,digits,1797,logistic,parameters,deterministic,False,1,model_and_predictions,1,4,target_snapshots,0.2,603955,944561,3019779,9854,0.00011396199988666922,True,False,required_inputs_exceed_budget,False,,0,0,not executed: budget/selection failure
case00-rep1,digits,1797,logistic,parameters,deterministic,False,1,model_and_predictions,1,0,recoverability_v3,0.4,1207911,1163663,3019779,9854,0.00013521400023819297,True,True,ok,True,0.0002854510003089672,0,2,
case00-rep1,digits,1797,logistic,parameters,deterministic,False,1,model_and_predictions,1,1,recoverability_v3,0.4,1207911,1163663,3019779,9854,0.00013521400023819297,True,True,ok,True,0.0002654909999364463,0,2,
case00-rep1,digits,1797,logistic,parameters,deterministic,False,1,model_and_predictions,1,2,recoverability_v3,0.4,1207911,1163663,3019779,9854,0.00013521400023819297,True,True,ok,True,0.00026065400015795603,0,2,
case00-rep1,digits,1797,logistic,parameters,deterministic,False,1,model_and_predictions,1,3,recoverability_v3,0.4,1207911,1163663,3019779,9854,0.00013521400023819297,True,True,ok,True,0.0003963290000683628,0,2,
case00-rep1,digits,1797,logistic,parameters,deterministic,False,1,model_and_predictions,1,4,recoverability_v3,0.4,1207911,1163663,3019779,9854,0.00013521400023819297,True,True,ok,True,0.00032261700016533723,0,2,
case00-rep1,digits,1797,logistic,parameters,deterministic,False,1,model_and_predictions,1,0,recoverability_v2,1.0,3019779,1163663,3019779,9854,0.00021475499988810043,True,True,ok,True,0.0002791010001601535,0,2,
case00-rep1,digits,1797,logistic,parameters,deterministic,False,1,model_and_predictions,1,1,recoverability_v2,1.0,3019779,1163663,3019779,9854,0.00021475499988810043,True,True,ok,True,0.001162194999778876,0,2,
case00-rep1,digits,1797,logistic,parameters,deterministic,False,1,model_and_predictions,1,2,recoverability_v2,1.0,3019779,1163663,3019779,9854,0.00021475499988810043,True,True,ok,True,0.00036863600007563946,0,2,
case00-rep1,digits,1797,logistic,parameters,deterministic,False,1,model_and_predictions,1,3,recoverability_v2,1.0,3019779,1163663,3019779,9854,0.00021475499988810043,True,True,ok,True,0.00026811499992618337,0,2,
case00-rep1,digits,1797,logistic,parameters,deterministic,False,1,model_and_predictions,1,4,recoverability_v2,1.0,3019779,1163663,3019779,9854,0.00021475499988810043,True,True,ok,True,0.00026845599995795055,0,2,
case00-rep1,digits,1797,logistic,parameters,deterministic,False,1,model_and_predictions,1,0,full_replay,0.4,1207911,944561,3019779,9854,0.00020092399972782005,True,True,ok,True,0.06743771200035553,7,2,
case00-rep1,digits,1797,logistic,parameters,deterministic,False,1,model_and_predictions,1,1,full_replay,0.4,1207911,944561,3019779,9854,0.00020092399972782005,True,True,ok,True,0.06695494299992788,7,2,
case00-rep1,digits,1797,logistic,parameters,deterministic,False,1,model_and_predictions,1,2,full_replay,0.4,1207911,944561,3019779,9854,0.00020092399972782005,True,True,ok,True,0.08066619400005948,7,2,
case00-rep1,digits,1797,logistic,parameters,deterministic,False,1,model_and_predictions,1,3,full_replay,0.4,1207911,944561,3019779,9854,0.00020092399972782005,True,True,ok,True,0.08871238700021422,7,2,
case00-rep1,digits,1797,logistic,parameters,deterministic,False,1,model_and_predictions,1,4,full_replay,0.4,1207911,944561,3019779,9854,0.00020092399972782005,True,True,ok,True,0.09070339500021873,7,2,
case00-rep1,digits,1797,logistic,parameters,deterministic,False,1,model_and_predictions,1,0,full_replay,0.5,1509889,944561,3019779,9854,0.00021055799970781663,True,True,ok,True,0.0736332599999514,7,2,
case00-rep1,digits,1797,logistic,parameters,deterministic,False,1,model_and_predictions,1,1,full_replay,0.5,1509889,944561,3019779,9854,0.00021055799970781663,True,True,ok,True,0.07576519000031112,7,2,
case00-rep1,digits,1797,logistic,parameters,deterministic,False,1,model_and_predictions,1,2,full_replay,0.5,1509889,944561,3019779,9854,0.00021055799970781663,True,True,ok,True,0.08894469800043225,7,2,
case00-rep1,digits,1797,logistic,parameters,deterministic,False,1,model_and_predictions,1,3,full_replay,0.5,1509889,944561,3019779,9854,0.00021055799970781663,True,True,ok,True,0.07743385200001285,7,2,
case00-rep1,digits,1797,logistic,parameters,deterministic,False,1,model_and_predictions,1,4,full_replay,0.5,1509889,944561,3019779,9854,0.00021055799970781663,True,True,ok,True,0.08152647299993987,7,2,
case00-rep1,digits,1797,logistic,parameters,deterministic,False,1,model_and_predictions,1,0,full_replay,0.1,301977,944561,3019779,9854,0.0003642410001702956,True,False,required_inputs_exceed_budget,False,,0,0,not executed: budget/selection failure
case00-rep1,digits,1797,logistic,parameters,deterministic,False,1,model_and_predictions,1,1,full_replay,0.1,301977,944561,3019779,9854,0.0003642410001702956,True,False,required_inputs_exceed_budget,False,,0,0,not executed: budget/selection failure
case00-rep1,digits,1797,logistic,parameters,deterministic,False,1,model_and_predictions,1,2,full_replay,0.1,301977,944561,3019779,9854,0.0003642410001702956,True,False,required_inputs_exceed_budget,False,,0,0,not executed: budget/selection failure
case00-rep1,digits,1797,logistic,parameters,deterministic,False,1,model_and_predictions,1,3,full_replay,0.1,301977,944561,3019779,9854,0.0003642410001702956,True,False,required_inputs_exceed_budget,False,,0,0,not executed: budget/selection failure
case00-rep1,digits,1797,logistic,parameters,deterministic,False,1,model_and_predictions,1,4,full_replay,0.1,301977,944561,3019779,9854,0.0003642410001702956,True,False,required_inputs_exceed_budget,False,,0,0,not executed: budget/selection failure
case00-rep1,digits,1797,logistic,parameters,deterministic,False,1,model_and_predictions,1,0,recoverability_v3,0.3,905933,944561,3019779,9854,0.00016784299987193663,True,False,required_inputs_exceed_budget,False,,0,0,not executed: budget/selection failure
case00-rep1,digits,1797,logistic,parameters,deterministic,False,1,model_and_predictions,1,1,recoverability_v3,0.3,905933,944561,3019779,9854,0.00016784299987193663,True,False,required_inputs_exceed_budget,False,,0,0,not executed: budget/selection failure
case00-rep1,digits,1797,logistic,parameters,deterministic,False,1,model_and_predictions,1,2,recoverability_v3,0.3,905933,944561,3019779,9854,0.00016784299987193663,True,False,required_inputs_exceed_budget,False,,0,0,not executed: budget/selection failure
case00-rep1,digits,1797,logistic,parameters,deterministic,False,1,model_and_predictions,1,3,recoverability_v3,0.3,905933,944561,3019779,9854,0.00016784299987193663,True,False,required_inputs_exceed_budget,False,,0,0,not executed: budget/selection failure
case00-rep1,digits,1797,logistic,parameters,deterministic,False,1,model_and_predictions,1,4,recoverability_v3,0.3,905933,944561,3019779,9854,0.00016784299987193663,True,False,required_inputs_exceed_budget,False,,0,0,not executed: budget/selection failure
case00-rep1,digits,1797,logistic,parameters,deterministic,False,1,model_and_predictions,1,0,full_replay,0.3,905933,944561,3019779,9854,0.00011203000030945987,True,False,required_inputs_exceed_budget,False,,0,0,not executed: budget/selection failure
case00-rep1,digits,1797,logistic,parameters,deterministic,False,1,model_and_predictions,1,1,full_replay,0.3,905933,944561,3019779,9854,0.00011203000030945987,True,False,required_inputs_exceed_budget,False,,0,0,not executed: budget/selection failure
case00-rep1,digits,1797,logistic,parameters,deterministic,False,1,model_and_predictions,1,2,full_replay,0.3,905933,944561,3019779,9854,0.00011203000030945987,True,False,required_inputs_exceed_budget,False,,0,0,not executed: budget/selection failure
case00-rep1,digits,1797,logistic,parameters,deterministic,False,1,model_and_predictions,1,3,full_replay,0.3,905933,944561,3019779,9854,0.00011203000030945987,True,False,required_inputs_exceed_budget,False,,0,0,not executed: budget/selection failure
case00-rep1,digits,1797,logistic,parameters,deterministic,False,1,model_and_predictions,1,4,full_replay,0.3,905933,944561,3019779,9854,0.00011203000030945987,True,False,required_inputs_exceed_budget,False,,0,0,not executed: budget/selection failure
case00-rep1,digits,1797,logistic,parameters,deterministic,False,1,model_and_predictions,1,0,target_snapshots,0.4,1207911,1163663,3019779,9854,0.00042958900030498626,True,True,ok,True,0.0003334339999128133,0,2,
case00-rep1,digits,1797,logistic,parameters,deterministic,False,1,model_and_predictions,1,1,target_snapshots,0.4,1207911,1163663,3019779,9854,0.00042958900030498626,True,True,ok,True,0.0002740139998422819,0,2,
case00-rep1,digits,1797,logistic,parameters,deterministic,False,1,model_and_predictions,1,2,target_snapshots,0.4,1207911,1163663,3019779,9854,0.00042958900030498626,True,True,ok,True,0.0002938630000244302,0,2,
case00-rep1,digits,1797,logistic,parameters,deterministic,False,1,model_and_predictions,1,3,target_snapshots,0.4,1207911,1163663,3019779,9854,0.00042958900030498626,True,True,ok,True,0.00030044400000406313,0,2,
case00-rep1,digits,1797,logistic,parameters,deterministic,False,1,model_and_predictions,1,4,target_snapshots,0.4,1207911,1163663,3019779,9854,0.00042958900030498626,True,True,ok,True,0.00026126400007342454,0,2,
case00-rep1,digits,1797,logistic,parameters,deterministic,False,1,model_and_predictions,1,0,full_replay,0.2,603955,944561,3019779,9854,0.00021823900033268728,True,False,required_inputs_exceed_budget,False,,0,0,not executed: budget/selection failure
case00-rep1,digits,1797,logistic,parameters,deterministic,False,1,model_and_predictions,1,1,full_replay,0.2,603955,944561,3019779,9854,0.00021823900033268728,True,False,required_inputs_exceed_budget,False,,0,0,not executed: budget/selection failure
case00-rep1,digits,1797,logistic,parameters,deterministic,False,1,model_and_predictions,1,2,full_replay,0.2,603955,944561,3019779,9854,0.00021823900033268728,True,False,required_inputs_exceed_budget,False,,0,0,not executed: budget/selection failure
case00-rep1,digits,1797,logistic,parameters,deterministic,False,1,model_and_predictions,1,3,full_replay,0.2,603955,944561,3019779,9854,0.00021823900033268728,True,False,required_inputs_exceed_budget,False,,0,0,not executed: budget/selection failure
case00-rep1,digits,1797,logistic,parameters,deterministic,False,1,model_and_predictions,1,4,full_replay,0.2,603955,944561,3019779,9854,0.00021823900033268728,True,False,required_inputs_exceed_budget,False,,0,0,not executed: budget/selection failure
case00-rep1,digits,1797,logistic,parameters,deterministic,False,1,model_and_predictions,1,0,target_snapshots,1.0,3019779,1163663,3019779,9854,0.00011672600021483959,True,True,ok,True,0.0002689259999897331,0,2,
case00-rep1,digits,1797,logistic,parameters,deterministic,False,1,model_and_predictions,1,1,target_snapshots,1.0,3019779,1163663,3019779,9854,0.00011672600021483959,True,True,ok,True,0.00042811699995581876,0,2,
case00-rep1,digits,1797,logistic,parameters,deterministic,False,1,model_and_predictions,1,2,target_snapshots,1.0,3019779,1163663,3019779,9854,0.00011672600021483959,True,True,ok,True,0.0002512800001568394,0,2,
case00-rep1,digits,1797,logistic,parameters,deterministic,False,1,model_and_predictions,1,3,target_snapshots,1.0,3019779,1163663,3019779,9854,0.00011672600021483959,True,True,ok,True,0.00027231200010646717,0,2,
case00-rep1,digits,1797,logistic,parameters,deterministic,False,1,model_and_predictions,1,4,target_snapshots,1.0,3019779,1163663,3019779,9854,0.00011672600021483959,True,True,ok,True,0.0002797229999487172,0,2,
case00-rep1,digits,1797,logistic,parameters,deterministic,False,1,model_and_predictions,1,0,recoverability_v2,0.4,1207911,1163663,3019779,9854,0.00020732299981318647,True,True,ok,True,0.00025671699995655217,0,2,
case00-rep1,digits,1797,logistic,parameters,deterministic,False,1,model_and_predictions,1,1,recoverability_v2,0.4,1207911,1163663,3019779,9854,0.00020732299981318647,True,True,ok,True,0.0005871459998161299,0,2,
case00-rep1,digits,1797,logistic,parameters,deterministic,False,1,model_and_predictions,1,2,recoverability_v2,0.4,1207911,1163663,3019779,9854,0.00020732299981318647,True,True,ok,True,0.0002777300001071126,0,2,
case00-rep1,digits,1797,logistic,parameters,deterministic,False,1,model_and_predictions,1,3,recoverability_v2,0.4,1207911,1163663,3019779,9854,0.00020732299981318647,True,True,ok,True,0.0002777100003186206,0,2,
case00-rep1,digits,1797,logistic,parameters,deterministic,False,1,model_and_predictions,1,4,recoverability_v2,0.4,1207911,1163663,3019779,9854,0.00020732299981318647,True,True,ok,True,0.00026551100017968565,0,2,
case00-rep2,digits,1797,logistic,parameters,deterministic,False,1,model_and_predictions,2,0,recoverability_v3,1.0,3019779,1163663,3019779,9854,0.0001569470000504225,True,True,ok,True,0.00028499000018200604,0,2,
case00-rep2,digits,1797,logistic,parameters,deterministic,False,1,model_and_predictions,2,1,recoverability_v3,1.0,3019779,1163663,3019779,9854,0.0001569470000504225,True,True,ok,True,0.0002548649999880581,0,2,
case00-rep2,digits,1797,logistic,parameters,deterministic,False,1,model_and_predictions,2,2,recoverability_v3,1.0,3019779,1163663,3019779,9854,0.0001569470000504225,True,True,ok,True,0.00025190999986079987,0,2,
case00-rep2,digits,1797,logistic,parameters,deterministic,False,1,model_and_predictions,2,3,recoverability_v3,1.0,3019779,1163663,3019779,9854,0.0001569470000504225,True,True,ok,True,0.00025164999988191994,0,2,
case00-rep2,digits,1797,logistic,parameters,deterministic,False,1,model_and_predictions,2,4,recoverability_v3,1.0,3019779,1163663,3019779,9854,0.0001569470000504225,True,True,ok,True,0.0003071040000577341,0,2,
case00-rep2,digits,1797,logistic,parameters,deterministic,False,1,model_and_predictions,2,0,full_snapshot,0.4,1207911,3019779,3019779,9854,0.0002031069998338353,True,False,budget_exceeded,False,,0,0,not executed: budget/selection failure
case00-rep2,digits,1797,logistic,parameters,deterministic,False,1,model_and_predictions,2,1,full_snapshot,0.4,1207911,3019779,3019779,9854,0.0002031069998338353,True,False,budget_exceeded,False,,0,0,not executed: budget/selection failure
case00-rep2,digits,1797,logistic,parameters,deterministic,False,1,model_and_predictions,2,2,full_snapshot,0.4,1207911,3019779,3019779,9854,0.0002031069998338353,True,False,budget_exceeded,False,,0,0,not executed: budget/selection failure
case00-rep2,digits,1797,logistic,parameters,deterministic,False,1,model_and_predictions,2,3,full_snapshot,0.4,1207911,3019779,3019779,9854,0.0002031069998338353,True,False,budget_exceeded,False,,0,0,not executed: budget/selection failure
case00-rep2,digits,1797,logistic,parameters,deterministic,False,1,model_and_predictions,2,4,full_snapshot,0.4,1207911,3019779,3019779,9854,0.0002031069998338353,True,False,budget_exceeded,False,,0,0,not executed: budget/selection failure
case00-rep2,digits,1797,logistic,parameters,deterministic,False,1,model_and_predictions,2,0,recoverability_v2,0.4,1207911,1163663,3019779,9854,0.00016148399981830153,True,True,ok,True,0.0002975190000142902,0,2,
case00-rep2,digits,1797,logistic,parameters,deterministic,False,1,model_and_predictions,2,1,recoverability_v2,0.4,1207911,1163663,3019779,9854,0.00016148399981830153,True,True,ok,True,0.00028136499986430863,0,2,
case00-rep2,digits,1797,logistic,parameters,deterministic,False,1,model_and_predictions,2,2,recoverability_v2,0.4,1207911,1163663,3019779,9854,0.00016148399981830153,True,True,ok,True,0.00031965299967851024,0,2,
case00-rep2,digits,1797,logistic,parameters,deterministic,False,1,model_and_predictions,2,3,recoverability_v2,0.4,1207911,1163663,3019779,9854,0.00016148399981830153,True,True,ok,True,0.00033777099997678306,0,2,
case00-rep2,digits,1797,logistic,parameters,deterministic,False,1,model_and_predictions,2,4,recoverability_v2,0.4,1207911,1163663,3019779,9854,0.00016148399981830153,True,True,ok,True,0.000301706000300328,0,2,
case00-rep2,digits,1797,logistic,parameters,deterministic,False,1,model_and_predictions,2,0,full_snapshot,0.3,905933,944561,3019779,9854,0.00019743899974855594,True,False,required_inputs_exceed_budget,False,,0,0,not executed: budget/selection failure
case00-rep2,digits,1797,logistic,parameters,deterministic,False,1,model_and_predictions,2,1,full_snapshot,0.3,905933,944561,3019779,9854,0.00019743899974855594,True,False,required_inputs_exceed_budget,False,,0,0,not executed: budget/selection failure
case00-rep2,digits,1797,logistic,parameters,deterministic,False,1,model_and_predictions,2,2,full_snapshot,0.3,905933,944561,3019779,9854,0.00019743899974855594,True,False,required_inputs_exceed_budget,False,,0,0,not executed: budget/selection failure
case00-rep2,digits,1797,logistic,parameters,deterministic,False,1,model_and_predictions,2,3,full_snapshot,0.3,905933,944561,3019779,9854,0.00019743899974855594,True,False,required_inputs_exceed_budget,False,,0,0,not executed: budget/selection failure
case00-rep2,digits,1797,logistic,parameters,deterministic,False,1,model_and_predictions,2,4,full_snapshot,0.3,905933,944561,3019779,9854,0.00019743899974855594,True,False,required_inputs_exceed_budget,False,,0,0,not executed: budget/selection failure
case00-rep2,digits,1797,logistic,parameters,deterministic,False,1,model_and_predictions,2,0,recoverability_v3,0.3,905933,944561,3019779,9854,0.00011680600027830224,True,False,required_inputs_exceed_budget,False,,0,0,not executed: budget/selection failure
case00-rep2,digits,1797,logistic,parameters,deterministic,False,1,model_and_predictions,2,1,recoverability_v3,0.3,905933,944561,3019779,9854,0.00011680600027830224,True,False,required_inputs_exceed_budget,False,,0,0,not executed: budget/selection failure
case00-rep2,digits,1797,logistic,parameters,deterministic,False,1,model_and_predictions,2,2,recoverability_v3,0.3,905933,944561,3019779,9854,0.00011680600027830224,True,False,required_inputs_exceed_budget,False,,0,0,not executed: budget/selection failure
case00-rep2,digits,1797,logistic,parameters,deterministic,False,1,model_and_predictions,2,3,recoverability_v3,0.3,905933,944561,3019779,9854,0.00011680600027830224,True,False,required_inputs_exceed_budget,False,,0,0,not executed: budget/selection failure
case00-rep2,digits,1797,logistic,parameters,deterministic,False,1,model_and_predictions,2,4,recoverability_v3,0.3,905933,944561,3019779,9854,0.00011680600027830224,True,False,required_inputs_exceed_budget,False,,0,0,not executed: budget/selection failure
case00-rep2,digits,1797,logistic,parameters,deterministic,False,1,model_and_predictions,2,0,full_snapshot,0.1,301977,944561,3019779,9854,0.0001148530000136816,True,False,required_inputs_exceed_budget,False,,0,0,not executed: budget/selection failure
case00-rep2,digits,1797,logistic,parameters,deterministic,False,1,model_and_predictions,2,1,full_snapshot,0.1,301977,944561,3019779,9854,0.0001148530000136816,True,False,required_inputs_exceed_budget,False,,0,0,not executed: budget/selection failure
case00-rep2,digits,1797,logistic,parameters,deterministic,False,1,model_and_predictions,2,2,full_snapshot,0.1,301977,944561,3019779,9854,0.0001148530000136816,True,False,required_inputs_exceed_budget,False,,0,0,not executed: budget/selection failure
case00-rep2,digits,1797,logistic,parameters,deterministic,False,1,model_and_predictions,2,3,full_snapshot,0.1,301977,944561,3019779,9854,0.0001148530000136816,True,False,required_inputs_exceed_budget,False,,0,0,not executed: budget/selection failure
case00-rep2,digits,1797,logistic,parameters,deterministic,False,1,model_and_predictions,2,4,full_snapshot,0.1,301977,944561,3019779,9854,0.0001148530000136816,True,False,required_inputs_exceed_budget,False,,0,0,not executed: budget/selection failure
case00-rep2,digits,1797,logistic,parameters,deterministic,False,1,model_and_predictions,2,0,recoverability_v3,0.5,1509889,1163663,3019779,9854,0.0001503570001659682,True,True,ok,True,0.0002885849999074708,0,2,
case00-rep2,digits,1797,logistic,parameters,deterministic,False,1,model_and_predictions,2,1,recoverability_v3,0.5,1509889,1163663,3019779,9854,0.0001503570001659682,True,True,ok,True,0.0002813050000440853,0,2,
case00-rep2,digits,1797,logistic,parameters,deterministic,False,1,model_and_predictions,2,2,recoverability_v3,0.5,1509889,1163663,3019779,9854,0.0001503570001659682,True,True,ok,True,0.0002782799997476104,0,2,
case00-rep2,digits,1797,logistic,parameters,deterministic,False,1,model_and_predictions,2,3,recoverability_v3,0.5,1509889,1163663,3019779,9854,0.0001503570001659682,True,True,ok,True,0.00027868100005434826,0,2,
case00-rep2,digits,1797,logistic,parameters,deterministic,False,1,model_and_predictions,2,4,recoverability_v3,0.5,1509889,1163663,3019779,9854,0.0001503570001659682,True,True,ok,True,0.00032345799991162494,0,2,
case00-rep2,digits,1797,logistic,parameters,deterministic,False,1,model_and_predictions,2,0,full_replay,0.4,1207911,944561,3019779,9854,0.0004513720000431931,True,True,ok,True,0.05894009800022104,7,2,
case00-rep2,digits,1797,logistic,parameters,deterministic,False,1,model_and_predictions,2,1,full_replay,0.4,1207911,944561,3019779,9854,0.0004513720000431931,True,True,ok,True,0.07192753000026642,7,2,
case00-rep2,digits,1797,logistic,parameters,deterministic,False,1,model_and_predictions,2,2,full_replay,0.4,1207911,944561,3019779,9854,0.0004513720000431931,True,True,ok,True,0.06765576299994791,7,2,
case00-rep2,digits,1797,logistic,parameters,deterministic,False,1,model_and_predictions,2,3,full_replay,0.4,1207911,944561,3019779,9854,0.0004513720000431931,True,True,ok,True,0.0698572989999775,7,2,
case00-rep2,digits,1797,logistic,parameters,deterministic,False,1,model_and_predictions,2,4,full_replay,0.4,1207911,944561,3019779,9854,0.0004513720000431931,True,True,ok,True,0.07261019599991414,7,2,
case00-rep2,digits,1797,logistic,parameters,deterministic,False,1,model_and_predictions,2,0,target_snapshots,0.1,301977,944561,3019779,9854,0.00022342700003719074,True,False,required_inputs_exceed_budget,False,,0,0,not executed: budget/selection failure
case00-rep2,digits,1797,logistic,parameters,deterministic,False,1,model_and_predictions,2,1,target_snapshots,0.1,301977,944561,3019779,9854,0.00022342700003719074,True,False,required_inputs_exceed_budget,False,,0,0,not executed: budget/selection failure
case00-rep2,digits,1797,logistic,parameters,deterministic,False,1,model_and_predictions,2,2,target_snapshots,0.1,301977,944561,3019779,9854,0.00022342700003719074,True,False,required_inputs_exceed_budget,False,,0,0,not executed: budget/selection failure
case00-rep2,digits,1797,logistic,parameters,deterministic,False,1,model_and_predictions,2,3,target_snapshots,0.1,301977,944561,3019779,9854,0.00022342700003719074,True,False,required_inputs_exceed_budget,False,,0,0,not executed: budget/selection failure
case00-rep2,digits,1797,logistic,parameters,deterministic,False,1,model_and_predictions,2,4,target_snapshots,0.1,301977,944561,3019779,9854,0.00022342700003719074,True,False,required_inputs_exceed_budget,False,,0,0,not executed: budget/selection failure
case00-rep2,digits,1797,logistic,parameters,deterministic,False,1,model_and_predictions,2,0,recoverability_v2,0.2,603955,944561,3019779,9854,0.00011513400022522546,True,False,required_inputs_exceed_budget,False,,0,0,not executed: budget/selection failure
case00-rep2,digits,1797,logistic,parameters,deterministic,False,1,model_and_predictions,2,1,recoverability_v2,0.2,603955,944561,3019779,9854,0.00011513400022522546,True,False,required_inputs_exceed_budget,False,,0,0,not executed: budget/selection failure
case00-rep2,digits,1797,logistic,parameters,deterministic,False,1,model_and_predictions,2,2,recoverability_v2,0.2,603955,944561,3019779,9854,0.00011513400022522546,True,False,required_inputs_exceed_budget,False,,0,0,not executed: budget/selection failure
case00-rep2,digits,1797,logistic,parameters,deterministic,False,1,model_and_predictions,2,3,recoverability_v2,0.2,603955,944561,3019779,9854,0.00011513400022522546,True,False,required_inputs_exceed_budget,False,,0,0,not executed: budget/selection failure
case00-rep2,digits,1797,logistic,parameters,deterministic,False,1,model_and_predictions,2,4,recoverability_v2,0.2,603955,944561,3019779,9854,0.00011513400022522546,True,False,required_inputs_exceed_budget,False,,0,0,not executed: budget/selection failure
case00-rep2,digits,1797,logistic,parameters,deterministic,False,1,model_and_predictions,2,0,recoverability_v2,0.1,301977,944561,3019779,9854,0.00011371199980203528,True,False,required_inputs_exceed_budget,False,,0,0,not executed: budget/selection failure
case00-rep2,digits,1797,logistic,parameters,deterministic,False,1,model_and_predictions,2,1,recoverability_v2,0.1,301977,944561,3019779,9854,0.00011371199980203528,True,False,required_inputs_exceed_budget,False,,0,0,not executed: budget/selection failure
case00-rep2,digits,1797,logistic,parameters,deterministic,False,1,model_and_predictions,2,2,recoverability_v2,0.1,301977,944561,3019779,9854,0.00011371199980203528,True,False,required_inputs_exceed_budget,False,,0,0,not executed: budget/selection failure
case00-rep2,digits,1797,logistic,parameters,deterministic,False,1,model_and_predictions,2,3,recoverability_v2,0.1,301977,944561,3019779,9854,0.00011371199980203528,True,False,required_inputs_exceed_budget,False,,0,0,not executed: budget/selection failure
case00-rep2,digits,1797,logistic,parameters,deterministic,False,1,model_and_predictions,2,4,recoverability_v2,0.1,301977,944561,3019779,9854,0.00011371199980203528,True,False,required_inputs_exceed_budget,False,,0,0,not executed: budget/selection failure
case00-rep2,digits,1797,logistic,parameters,deterministic,False,1,model_and_predictions,2,0,target_snapshots,0.2,603955,944561,3019779,9854,0.00015700700032539316,True,False,required_inputs_exceed_budget,False,,0,0,not executed: budget/selection failure
case00-rep2,digits,1797,logistic,parameters,deterministic,False,1,model_and_predictions,2,1,target_snapshots,0.2,603955,944561,3019779,9854,0.00015700700032539316,True,False,required_inputs_exceed_budget,False,,0,0,not executed: budget/selection failure
case00-rep2,digits,1797,logistic,parameters,deterministic,False,1,model_and_predictions,2,2,target_snapshots,0.2,603955,944561,3019779,9854,0.00015700700032539316,True,False,required_inputs_exceed_budget,False,,0,0,not executed: budget/selection failure
case00-rep2,digits,1797,logistic,parameters,deterministic,False,1,model_and_predictions,2,3,target_snapshots,0.2,603955,944561,3019779,9854,0.00015700700032539316,True,False,required_inputs_exceed_budget,False,,0,0,not executed: budget/selection failure
case00-rep2,digits,1797,logistic,parameters,deterministic,False,1,model_and_predictions,2,4,target_snapshots,0.2,603955,944561,3019779,9854,0.00015700700032539316,True,False,required_inputs_exceed_budget,False,,0,0,not executed: budget/selection failure
case00-rep2,digits,1797,logistic,parameters,deterministic,False,1,model_and_predictions,2,0,full_replay,0.2,603955,944561,3019779,9854,0.00011232999986532377,True,False,required_inputs_exceed_budget,False,,0,0,not executed: budget/selection failure
case00-rep2,digits,1797,logistic,parameters,deterministic,False,1,model_and_predictions,2,1,full_replay,0.2,603955,944561,3019779,9854,0.00011232999986532377,True,False,required_inputs_exceed_budget,False,,0,0,not executed: budget/selection failure
case00-rep2,digits,1797,logistic,parameters,deterministic,False,1,model_and_predictions,2,2,full_replay,0.2,603955,944561,3019779,9854,0.00011232999986532377,True,False,required_inputs_exceed_budget,False,,0,0,not executed: budget/selection failure
case00-rep2,digits,1797,logistic,parameters,deterministic,False,1,model_and_predictions,2,3,full_replay,0.2,603955,944561,3019779,9854,0.00011232999986532377,True,False,required_inputs_exceed_budget,False,,0,0,not executed: budget/selection failure
case00-rep2,digits,1797,logistic,parameters,deterministic,False,1,model_and_predictions,2,4,full_replay,0.2,603955,944561,3019779,9854,0.00011232999986532377,True,False,required_inputs_exceed_budget,False,,0,0,not executed: budget/selection failure
case00-rep2,digits,1797,logistic,parameters,deterministic,False,1,model_and_predictions,2,0,recoverability_v2,0.5,1509889,1163663,3019779,9854,0.00013397199973042007,True,True,ok,True,0.00027734900004361407,0,2,
case00-rep2,digits,1797,logistic,parameters,deterministic,False,1,model_and_predictions,2,1,recoverability_v2,0.5,1509889,1163663,3019779,9854,0.00013397199973042007,True,True,ok,True,0.00026430900015839143,0,2,
case00-rep2,digits,1797,logistic,parameters,deterministic,False,1,model_and_predictions,2,2,recoverability_v2,0.5,1509889,1163663,3019779,9854,0.00013397199973042007,True,True,ok,True,0.0002733030000854342,0,2,
case00-rep2,digits,1797,logistic,parameters,deterministic,False,1,model_and_predictions,2,3,recoverability_v2,0.5,1509889,1163663,3019779,9854,0.00013397199973042007,True,True,ok,True,0.000276627999937773,0,2,
case00-rep2,digits,1797,logistic,parameters,deterministic,False,1,model_and_predictions,2,4,recoverability_v2,0.5,1509889,1163663,3019779,9854,0.00013397199973042007,True,True,ok,True,0.0003000229999088333,0,2,
case00-rep2,digits,1797,logistic,parameters,deterministic,False,1,model_and_predictions,2,0,full_replay,1.0,3019779,944561,3019779,9854,0.00019797899994955515,True,True,ok,True,0.059825275000093825,7,2,
case00-rep2,digits,1797,logistic,parameters,deterministic,False,1,model_and_predictions,2,1,full_replay,1.0,3019779,944561,3019779,9854,0.00019797899994955515,True,True,ok,True,0.07045675299968934,7,2,
case00-rep2,digits,1797,logistic,parameters,deterministic,False,1,model_and_predictions,2,2,full_replay,1.0,3019779,944561,3019779,9854,0.00019797899994955515,True,True,ok,True,0.06188150099978884,7,2,
case00-rep2,digits,1797,logistic,parameters,deterministic,False,1,model_and_predictions,2,3,full_replay,1.0,3019779,944561,3019779,9854,0.00019797899994955515,True,True,ok,True,0.0680270340003517,7,2,
case00-rep2,digits,1797,logistic,parameters,deterministic,False,1,model_and_predictions,2,4,full_replay,1.0,3019779,944561,3019779,9854,0.00019797899994955515,True,True,ok,True,0.0707883549998769,7,2,
case00-rep2,digits,1797,logistic,parameters,deterministic,False,1,model_and_predictions,2,0,full_snapshot,0.5,1509889,3019779,3019779,9854,0.00020168499986539246,True,False,budget_exceeded,False,,0,0,not executed: budget/selection failure
case00-rep2,digits,1797,logistic,parameters,deterministic,False,1,model_and_predictions,2,1,full_snapshot,0.5,1509889,3019779,3019779,9854,0.00020168499986539246,True,False,budget_exceeded,False,,0,0,not executed: budget/selection failure
case00-rep2,digits,1797,logistic,parameters,deterministic,False,1,model_and_predictions,2,2,full_snapshot,0.5,1509889,3019779,3019779,9854,0.00020168499986539246,True,False,budget_exceeded,False,,0,0,not executed: budget/selection failure
case00-rep2,digits,1797,logistic,parameters,deterministic,False,1,model_and_predictions,2,3,full_snapshot,0.5,1509889,3019779,3019779,9854,0.00020168499986539246,True,False,budget_exceeded,False,,0,0,not executed: budget/selection failure
case00-rep2,digits,1797,logistic,parameters,deterministic,False,1,model_and_predictions,2,4,full_snapshot,0.5,1509889,3019779,3019779,9854,0.00020168499986539246,True,False,budget_exceeded,False,,0,0,not executed: budget/selection failure
case00-rep2,digits,1797,logistic,parameters,deterministic,False,1,model_and_predictions,2,0,full_replay,0.1,301977,944561,3019779,9854,0.00012830300011046347,True,False,required_inputs_exceed_budget,False,,0,0,not executed: budget/selection failure
case00-rep2,digits,1797,logistic,parameters,deterministic,False,1,model_and_predictions,2,1,full_replay,0.1,301977,944561,3019779,9854,0.00012830300011046347,True,False,required_inputs_exceed_budget,False,,0,0,not executed: budget/selection failure
case00-rep2,digits,1797,logistic,parameters,deterministic,False,1,model_and_predictions,2,2,full_replay,0.1,301977,944561,3019779,9854,0.00012830300011046347,True,False,required_inputs_exceed_budget,False,,0,0,not executed: budget/selection failure
case00-rep2,digits,1797,logistic,parameters,deterministic,False,1,model_and_predictions,2,3,full_replay,0.1,301977,944561,3019779,9854,0.00012830300011046347,True,False,required_inputs_exceed_budget,False,,0,0,not executed: budget/selection failure
case00-rep2,digits,1797,logistic,parameters,deterministic,False,1,model_and_predictions,2,4,full_replay,0.1,301977,944561,3019779,9854,0.00012830300011046347,True,False,required_inputs_exceed_budget,False,,0,0,not executed: budget/selection failure
case00-rep2,digits,1797,logistic,parameters,deterministic,False,1,model_and_predictions,2,0,recoverability_v2,0.3,905933,944561,3019779,9854,0.0001123600000028091,True,False,required_inputs_exceed_budget,False,,0,0,not executed: budget/selection failure
case00-rep2,digits,1797,logistic,parameters,deterministic,False,1,model_and_predictions,2,1,recoverability_v2,0.3,905933,944561,3019779,9854,0.0001123600000028091,True,False,required_inputs_exceed_budget,False,,0,0,not executed: budget/selection failure
case00-rep2,digits,1797,logistic,parameters,deterministic,False,1,model_and_predictions,2,2,recoverability_v2,0.3,905933,944561,3019779,9854,0.0001123600000028091,True,False,required_inputs_exceed_budget,False,,0,0,not executed: budget/selection failure
case00-rep2,digits,1797,logistic,parameters,deterministic,False,1,model_and_predictions,2,3,recoverability_v2,0.3,905933,944561,3019779,9854,0.0001123600000028091,True,False,required_inputs_exceed_budget,False,,0,0,not executed: budget/selection failure
case00-rep2,digits,1797,logistic,parameters,deterministic,False,1,model_and_predictions,2,4,recoverability_v2,0.3,905933,944561,3019779,9854,0.0001123600000028091,True,False,required_inputs_exceed_budget,False,,0,0,not executed: budget/selection failure
case00-rep2,digits,1797,logistic,parameters,deterministic,False,1,model_and_predictions,2,0,recoverability_v3,0.2,603955,944561,3019779,9854,0.0001118990003305953,True,False,required_inputs_exceed_budget,False,,0,0,not executed: budget/selection failure
case00-rep2,digits,1797,logistic,parameters,deterministic,False,1,model_and_predictions,2,1,recoverability_v3,0.2,603955,944561,3019779,9854,0.0001118990003305953,True,False,required_inputs_exceed_budget,False,,0,0,not executed: budget/selection failure
case00-rep2,digits,1797,logistic,parameters,deterministic,False,1,model_and_predictions,2,2,recoverability_v3,0.2,603955,944561,3019779,9854,0.0001118990003305953,True,False,required_inputs_exceed_budget,False,,0,0,not executed: budget/selection failure
case00-rep2,digits,1797,logistic,parameters,deterministic,False,1,model_and_predictions,2,3,recoverability_v3,0.2,603955,944561,3019779,9854,0.0001118990003305953,True,False,required_inputs_exceed_budget,False,,0,0,not executed: budget/selection failure
case00-rep2,digits,1797,logistic,parameters,deterministic,False,1,model_and_predictions,2,4,recoverability_v3,0.2,603955,944561,3019779,9854,0.0001118990003305953,True,False,required_inputs_exceed_budget,False,,0,0,not executed: budget/selection failure
case00-rep2,digits,1797,logistic,parameters,deterministic,False,1,model_and_predictions,2,0,target_snapshots,0.3,905933,944561,3019779,9854,0.00010855300024559256,True,False,required_inputs_exceed_budget,False,,0,0,not executed: budget/selection failure
case00-rep2,digits,1797,logistic,parameters,deterministic,False,1,model_and_predictions,2,1,target_snapshots,0.3,905933,944561,3019779,9854,0.00010855300024559256,True,False,required_inputs_exceed_budget,False,,0,0,not executed: budget/selection failure
case00-rep2,digits,1797,logistic,parameters,deterministic,False,1,model_and_predictions,2,2,target_snapshots,0.3,905933,944561,3019779,9854,0.00010855300024559256,True,False,required_inputs_exceed_budget,False,,0,0,not executed: budget/selection failure
case00-rep2,digits,1797,logistic,parameters,deterministic,False,1,model_and_predictions,2,3,target_snapshots,0.3,905933,944561,3019779,9854,0.00010855300024559256,True,False,required_inputs_exceed_budget,False,,0,0,not executed: budget/selection failure
case00-rep2,digits,1797,logistic,parameters,deterministic,False,1,model_and_predictions,2,4,target_snapshots,0.3,905933,944561,3019779,9854,0.00010855300024559256,True,False,required_inputs_exceed_budget,False,,0,0,not executed: budget/selection failure
case00-rep2,digits,1797,logistic,parameters,deterministic,False,1,model_and_predictions,2,0,full_snapshot,1.0,3019779,3019779,3019779,9854,0.0001156250000349246,True,True,ok,True,0.00026436899997861474,0,2,
case00-rep2,digits,1797,logistic,parameters,deterministic,False,1,model_and_predictions,2,1,full_snapshot,1.0,3019779,3019779,3019779,9854,0.0001156250000349246,True,True,ok,True,0.00034473100004106527,0,2,
case00-rep2,digits,1797,logistic,parameters,deterministic,False,1,model_and_predictions,2,2,full_snapshot,1.0,3019779,3019779,3019779,9854,0.0001156250000349246,True,True,ok,True,0.0002778899997792905,0,2,
case00-rep2,digits,1797,logistic,parameters,deterministic,False,1,model_and_predictions,2,3,full_snapshot,1.0,3019779,3019779,3019779,9854,0.0001156250000349246,True,True,ok,True,0.0002612250000311178,0,2,
case00-rep2,digits,1797,logistic,parameters,deterministic,False,1,model_and_predictions,2,4,full_snapshot,1.0,3019779,3019779,3019779,9854,0.0001156250000349246,True,True,ok,True,0.0002754460001597181,0,2,
case00-rep2,digits,1797,logistic,parameters,deterministic,False,1,model_and_predictions,2,0,target_snapshots,1.0,3019779,1163663,3019779,9854,0.00030783500005782116,True,True,ok,True,0.0002695170001061342,0,2,
case00-rep2,digits,1797,logistic,parameters,deterministic,False,1,model_and_predictions,2,1,target_snapshots,1.0,3019779,1163663,3019779,9854,0.00030783500005782116,True,True,ok,True,0.0002799829999275971,0,2,
case00-rep2,digits,1797,logistic,parameters,deterministic,False,1,model_and_predictions,2,2,target_snapshots,1.0,3019779,1163663,3019779,9854,0.00030783500005782116,True,True,ok,True,0.0002649599996402685,0,2,
case00-rep2,digits,1797,logistic,parameters,deterministic,False,1,model_and_predictions,2,3,target_snapshots,1.0,3019779,1163663,3019779,9854,0.00030783500005782116,True,True,ok,True,0.0002701479997995193,0,2,
case00-rep2,digits,1797,logistic,parameters,deterministic,False,1,model_and_predictions,2,4,target_snapshots,1.0,3019779,1163663,3019779,9854,0.00030783500005782116,True,True,ok,True,0.00026363799997852766,0,2,
case00-rep2,digits,1797,logistic,parameters,deterministic,False,1,model_and_predictions,2,0,recoverability_v2,1.0,3019779,1163663,3019779,9854,0.00020849500015174272,True,True,ok,True,0.000870024000050762,0,2,
case00-rep2,digits,1797,logistic,parameters,deterministic,False,1,model_and_predictions,2,1,recoverability_v2,1.0,3019779,1163663,3019779,9854,0.00020849500015174272,True,True,ok,True,0.0002692769999157463,0,2,
case00-rep2,digits,1797,logistic,parameters,deterministic,False,1,model_and_predictions,2,2,recoverability_v2,1.0,3019779,1163663,3019779,9854,0.00020849500015174272,True,True,ok,True,0.0002968680000776658,0,2,
case00-rep2,digits,1797,logistic,parameters,deterministic,False,1,model_and_predictions,2,3,recoverability_v2,1.0,3019779,1163663,3019779,9854,0.00020849500015174272,True,True,ok,True,0.0002661019998413394,0,2,
case00-rep2,digits,1797,logistic,parameters,deterministic,False,1,model_and_predictions,2,4,recoverability_v2,1.0,3019779,1163663,3019779,9854,0.00020849500015174272,True,True,ok,True,0.0002685859999473905,0,2,
case00-rep2,digits,1797,logistic,parameters,deterministic,False,1,model_and_predictions,2,0,target_snapshots,0.5,1509889,1163663,3019779,9854,0.00020405799978107098,True,True,ok,True,0.00026817500020115403,0,2,
case00-rep2,digits,1797,logistic,parameters,deterministic,False,1,model_and_predictions,2,1,target_snapshots,0.5,1509889,1163663,3019779,9854,0.00020405799978107098,True,True,ok,True,0.0003074750002269866,0,2,
case00-rep2,digits,1797,logistic,parameters,deterministic,False,1,model_and_predictions,2,2,target_snapshots,0.5,1509889,1163663,3019779,9854,0.00020405799978107098,True,True,ok,True,0.00027659799980028765,0,2,
case00-rep2,digits,1797,logistic,parameters,deterministic,False,1,model_and_predictions,2,3,target_snapshots,0.5,1509889,1163663,3019779,9854,0.00020405799978107098,True,True,ok,True,0.0002743340000961325,0,2,
case00-rep2,digits,1797,logistic,parameters,deterministic,False,1,model_and_predictions,2,4,target_snapshots,0.5,1509889,1163663,3019779,9854,0.00020405799978107098,True,True,ok,True,0.00026418900006319745,0,2,
case00-rep2,digits,1797,logistic,parameters,deterministic,False,1,model_and_predictions,2,0,target_snapshots,0.4,1207911,1163663,3019779,9854,0.0002866230001927761,True,True,ok,True,0.0002511689999664668,0,2,
case00-rep2,digits,1797,logistic,parameters,deterministic,False,1,model_and_predictions,2,1,target_snapshots,0.4,1207911,1163663,3019779,9854,0.0002866230001927761,True,True,ok,True,0.00036030499995831633,0,2,
case00-rep2,digits,1797,logistic,parameters,deterministic,False,1,model_and_predictions,2,2,target_snapshots,0.4,1207911,1163663,3019779,9854,0.0002866230001927761,True,True,ok,True,0.0002555860000938992,0,2,
case00-rep2,digits,1797,logistic,parameters,deterministic,False,1,model_and_predictions,2,3,target_snapshots,0.4,1207911,1163663,3019779,9854,0.0002866230001927761,True,True,ok,True,0.0002590919998510799,0,2,
case00-rep2,digits,1797,logistic,parameters,deterministic,False,1,model_and_predictions,2,4,target_snapshots,0.4,1207911,1163663,3019779,9854,0.0002866230001927761,True,True,ok,True,0.00028006299999105977,0,2,
case00-rep2,digits,1797,logistic,parameters,deterministic,False,1,model_and_predictions,2,0,full_snapshot,0.2,603955,944561,3019779,9854,0.0002512099999876227,True,False,required_inputs_exceed_budget,False,,0,0,not executed: budget/selection failure
case00-rep2,digits,1797,logistic,parameters,deterministic,False,1,model_and_predictions,2,1,full_snapshot,0.2,603955,944561,3019779,9854,0.0002512099999876227,True,False,required_inputs_exceed_budget,False,,0,0,not executed: budget/selection failure
case00-rep2,digits,1797,logistic,parameters,deterministic,False,1,model_and_predictions,2,2,full_snapshot,0.2,603955,944561,3019779,9854,0.0002512099999876227,True,False,required_inputs_exceed_budget,False,,0,0,not executed: budget/selection failure
case00-rep2,digits,1797,logistic,parameters,deterministic,False,1,model_and_predictions,2,3,full_snapshot,0.2,603955,944561,3019779,9854,0.0002512099999876227,True,False,required_inputs_exceed_budget,False,,0,0,not executed: budget/selection failure
case00-rep2,digits,1797,logistic,parameters,deterministic,False,1,model_and_predictions,2,4,full_snapshot,0.2,603955,944561,3019779,9854,0.0002512099999876227,True,False,required_inputs_exceed_budget,False,,0,0,not executed: budget/selection failure
case00-rep2,digits,1797,logistic,parameters,deterministic,False,1,model_and_predictions,2,0,full_replay,0.3,905933,944561,3019779,9854,0.000114522999865585,True,False,required_inputs_exceed_budget,False,,0,0,not executed: budget/selection failure
case00-rep2,digits,1797,logistic,parameters,deterministic,False,1,model_and_predictions,2,1,full_replay,0.3,905933,944561,3019779,9854,0.000114522999865585,True,False,required_inputs_exceed_budget,False,,0,0,not executed: budget/selection failure
case00-rep2,digits,1797,logistic,parameters,deterministic,False,1,model_and_predictions,2,2,full_replay,0.3,905933,944561,3019779,9854,0.000114522999865585,True,False,required_inputs_exceed_budget,False,,0,0,not executed: budget/selection failure
case00-rep2,digits,1797,logistic,parameters,deterministic,False,1,model_and_predictions,2,3,full_replay,0.3,905933,944561,3019779,9854,0.000114522999865585,True,False,required_inputs_exceed_budget,False,,0,0,not executed: budget/selection failure
case00-rep2,digits,1797,logistic,parameters,deterministic,False,1,model_and_predictions,2,4,full_replay,0.3,905933,944561,3019779,9854,0.000114522999865585,True,False,required_inputs_exceed_budget,False,,0,0,not executed: budget/selection failure
case00-rep2,digits,1797,logistic,parameters,deterministic,False,1,model_and_predictions,2,0,recoverability_v3,0.4,1207911,1163663,3019779,9854,0.00012788399999408284,True,True,ok,True,0.00027363300023353077,0,2,
case00-rep2,digits,1797,logistic,parameters,deterministic,False,1,model_and_predictions,2,1,recoverability_v3,0.4,1207911,1163663,3019779,9854,0.00012788399999408284,True,True,ok,True,0.0002904189996115747,0,2,
case00-rep2,digits,1797,logistic,parameters,deterministic,False,1,model_and_predictions,2,2,recoverability_v3,0.4,1207911,1163663,3019779,9854,0.00012788399999408284,True,True,ok,True,0.00025168999991365126,0,2,
case00-rep2,digits,1797,logistic,parameters,deterministic,False,1,model_and_predictions,2,3,recoverability_v3,0.4,1207911,1163663,3019779,9854,0.00012788399999408284,True,True,ok,True,0.0002621769999677781,0,2,
case00-rep2,digits,1797,logistic,parameters,deterministic,False,1,model_and_predictions,2,4,recoverability_v3,0.4,1207911,1163663,3019779,9854,0.00012788399999408284,True,True,ok,True,0.00027947199987465865,0,2,
case00-rep2,digits,1797,logistic,parameters,deterministic,False,1,model_and_predictions,2,0,full_replay,0.5,1509889,944561,3019779,9854,0.00018947600028695888,True,True,ok,True,0.058818613999847,7,2,
case00-rep2,digits,1797,logistic,parameters,deterministic,False,1,model_and_predictions,2,1,full_replay,0.5,1509889,944561,3019779,9854,0.00018947600028695888,True,True,ok,True,0.06164766800020516,7,2,
case00-rep2,digits,1797,logistic,parameters,deterministic,False,1,model_and_predictions,2,2,full_replay,0.5,1509889,944561,3019779,9854,0.00018947600028695888,True,True,ok,True,0.06457016199965437,7,2,
case00-rep2,digits,1797,logistic,parameters,deterministic,False,1,model_and_predictions,2,3,full_replay,0.5,1509889,944561,3019779,9854,0.00018947600028695888,True,True,ok,True,0.06309532499972192,7,2,
case00-rep2,digits,1797,logistic,parameters,deterministic,False,1,model_and_predictions,2,4,full_replay,0.5,1509889,944561,3019779,9854,0.00018947600028695888,True,True,ok,True,0.08461679199990613,7,2,
case00-rep2,digits,1797,logistic,parameters,deterministic,False,1,model_and_predictions,2,0,recoverability_v3,0.1,301977,944561,3019779,9854,0.00020036299974890426,True,False,required_inputs_exceed_budget,False,,0,0,not executed: budget/selection failure
case00-rep2,digits,1797,logistic,parameters,deterministic,False,1,model_and_predictions,2,1,recoverability_v3,0.1,301977,944561,3019779,9854,0.00020036299974890426,True,False,required_inputs_exceed_budget,False,,0,0,not executed: budget/selection failure
case00-rep2,digits,1797,logistic,parameters,deterministic,False,1,model_and_predictions,2,2,recoverability_v3,0.1,301977,944561,3019779,9854,0.00020036299974890426,True,False,required_inputs_exceed_budget,False,,0,0,not executed: budget/selection failure
case00-rep2,digits,1797,logistic,parameters,deterministic,False,1,model_and_predictions,2,3,recoverability_v3,0.1,301977,944561,3019779,9854,0.00020036299974890426,True,False,required_inputs_exceed_budget,False,,0,0,not executed: budget/selection failure
case00-rep2,digits,1797,logistic,parameters,deterministic,False,1,model_and_predictions,2,4,recoverability_v3,0.1,301977,944561,3019779,9854,0.00020036299974890426,True,False,required_inputs_exceed_budget,False,,0,0,not executed: budget/selection failure
case01-rep0,digits,1797,forest,parameters,deterministic,False,1,model_and_predictions,0,0,full_snapshot,0.1,966194,9661949,9661949,9852,0.0002859520000129123,True,False,budget_exceeded,False,,0,0,not executed: budget/selection failure
case01-rep0,digits,1797,forest,parameters,deterministic,False,1,model_and_predictions,0,1,full_snapshot,0.1,966194,9661949,9661949,9852,0.0002859520000129123,True,False,budget_exceeded,False,,0,0,not executed: budget/selection failure
case01-rep0,digits,1797,forest,parameters,deterministic,False,1,model_and_predictions,0,2,full_snapshot,0.1,966194,9661949,9661949,9852,0.0002859520000129123,True,False,budget_exceeded,False,,0,0,not executed: budget/selection failure
case01-rep0,digits,1797,forest,parameters,deterministic,False,1,model_and_predictions,0,3,full_snapshot,0.1,966194,9661949,9661949,9852,0.0002859520000129123,True,False,budget_exceeded,False,,0,0,not executed: budget/selection failure
case01-rep0,digits,1797,forest,parameters,deterministic,False,1,model_and_predictions,0,4,full_snapshot,0.1,966194,9661949,9661949,9852,0.0002859520000129123,True,False,budget_exceeded,False,,0,0,not executed: budget/selection failure
case01-rep0,digits,1797,forest,parameters,deterministic,False,1,model_and_predictions,0,0,recoverability_v3,0.5,4830974,4811031,9661949,9852,0.008034385999962979,True,True,ok,True,0.005000432999622717,0,2,
case01-rep0,digits,1797,forest,parameters,deterministic,False,1,model_and_predictions,0,1,recoverability_v3,0.5,4830974,4811031,9661949,9852,0.008034385999962979,True,True,ok,True,0.006526577999920846,0,2,
case01-rep0,digits,1797,forest,parameters,deterministic,False,1,model_and_predictions,0,2,recoverability_v3,0.5,4830974,4811031,9661949,9852,0.008034385999962979,True,True,ok,True,0.07026498899995204,5,4,
case01-rep0,digits,1797,forest,parameters,deterministic,False,1,model_and_predictions,0,3,recoverability_v3,0.5,4830974,4811031,9661949,9852,0.008034385999962979,True,True,ok,True,0.0076751929996135,0,2,
case01-rep0,digits,1797,forest,parameters,deterministic,False,1,model_and_predictions,0,4,recoverability_v3,0.5,4830974,4811031,9661949,9852,0.008034385999962979,True,True,ok,True,0.08054205799999181,5,4,
case01-rep0,digits,1797,forest,parameters,deterministic,False,1,model_and_predictions,0,0,full_snapshot,0.3,2898584,9661949,9661949,9852,0.0005241410003691271,True,False,budget_exceeded,False,,0,0,not executed: budget/selection failure
case01-rep0,digits,1797,forest,parameters,deterministic,False,1,model_and_predictions,0,1,full_snapshot,0.3,2898584,9661949,9661949,9852,0.0005241410003691271,True,False,budget_exceeded,False,,0,0,not executed: budget/selection failure
case01-rep0,digits,1797,forest,parameters,deterministic,False,1,model_and_predictions,0,2,full_snapshot,0.3,2898584,9661949,9661949,9852,0.0005241410003691271,True,False,budget_exceeded,False,,0,0,not executed: budget/selection failure
case01-rep0,digits,1797,forest,parameters,deterministic,False,1,model_and_predictions,0,3,full_snapshot,0.3,2898584,9661949,9661949,9852,0.0005241410003691271,True,False,budget_exceeded,False,,0,0,not executed: budget/selection failure
case01-rep0,digits,1797,forest,parameters,deterministic,False,1,model_and_predictions,0,4,full_snapshot,0.3,2898584,9661949,9661949,9852,0.0005241410003691271,True,False,budget_exceeded,False,,0,0,not executed: budget/selection failure
case01-rep0,digits,1797,forest,parameters,deterministic,False,1,model_and_predictions,0,0,recoverability_v2,0.2,1932389,1140919,9661949,9852,0.008164041999862093,True,True,ok,True,0.05856494099998599,4,5,
case01-rep0,digits,1797,forest,parameters,deterministic,False,1,model_and_predictions,0,1,recoverability_v2,0.2,1932389,1140919,9661949,9852,0.008164041999862093,True,True,ok,True,0.06899772999986453,4,5,
case01-rep0,digits,1797,forest,parameters,deterministic,False,1,model_and_predictions,0,2,recoverability_v2,0.2,1932389,1140919,9661949,9852,0.008164041999862093,True,True,ok,True,0.0686881869996796,4,5,
case01-rep0,digits,1797,forest,parameters,deterministic,False,1,model_and_predictions,0,3,recoverability_v2,0.2,1932389,1140919,9661949,9852,0.008164041999862093,True,True,ok,True,0.07970117700006085,4,5,
case01-rep0,digits,1797,forest,parameters,deterministic,False,1,model_and_predictions,0,4,recoverability_v2,0.2,1932389,1140919,9661949,9852,0.008164041999862093,True,True,ok,True,0.08562150999978257,4,5,
case01-rep0,digits,1797,forest,parameters,deterministic,False,1,model_and_predictions,0,0,full_replay,1.0,9661949,944559,9661949,9852,0.0006265960000746418,True,True,ok,True,0.06611020900027142,7,2,
case01-rep0,digits,1797,forest,parameters,deterministic,False,1,model_and_predictions,0,1,full_replay,1.0,9661949,944559,9661949,9852,0.0006265960000746418,True,True,ok,True,0.07460286600007748,7,2,
case01-rep0,digits,1797,forest,parameters,deterministic,False,1,model_and_predictions,0,2,full_replay,1.0,9661949,944559,9661949,9852,0.0006265960000746418,True,True,ok,True,0.07313502399983918,7,2,
case01-rep0,digits,1797,forest,parameters,deterministic,False,1,model_and_predictions,0,3,full_replay,1.0,9661949,944559,9661949,9852,0.0006265960000746418,True,True,ok,True,0.07153653499972279,7,2,
case01-rep0,digits,1797,forest,parameters,deterministic,False,1,model_and_predictions,0,4,full_replay,1.0,9661949,944559,9661949,9852,0.0006265960000746418,True,True,ok,True,0.06944614699978047,7,2,
case01-rep0,digits,1797,forest,parameters,deterministic,False,1,model_and_predictions,0,0,full_snapshot,1.0,9661949,9661949,9661949,9852,0.0001951240001289989,True,True,ok,True,0.004471333999845228,0,2,
case01-rep0,digits,1797,forest,parameters,deterministic,False,1,model_and_predictions,0,1,full_snapshot,1.0,9661949,9661949,9661949,9852,0.0001951240001289989,True,True,ok,True,0.007275138999830233,0,2,
case01-rep0,digits,1797,forest,parameters,deterministic,False,1,model_and_predictions,0,2,full_snapshot,1.0,9661949,9661949,9661949,9852,0.0001951240001289989,True,True,ok,True,0.009492078000221227,0,2,
case01-rep0,digits,1797,forest,parameters,deterministic,False,1,model_and_predictions,0,3,full_snapshot,1.0,9661949,9661949,9661949,9852,0.0001951240001289989,True,True,ok,True,0.006534639999699721,0,2,
case01-rep0,digits,1797,forest,parameters,deterministic,False,1,model_and_predictions,0,4,full_snapshot,1.0,9661949,9661949,9661949,9852,0.0001951240001289989,True,True,ok,True,0.007571867000024213,0,2,
case01-rep0,digits,1797,forest,parameters,deterministic,False,1,model_and_predictions,0,0,target_snapshots,0.5,4830974,7805833,9661949,9852,0.00024377799991270876,True,False,budget_exceeded,False,,0,0,not executed: budget/selection failure
case01-rep0,digits,1797,forest,parameters,deterministic,False,1,model_and_predictions,0,1,target_snapshots,0.5,4830974,7805833,9661949,9852,0.00024377799991270876,True,False,budget_exceeded,False,,0,0,not executed: budget/selection failure
case01-rep0,digits,1797,forest,parameters,deterministic,False,1,model_and_predictions,0,2,target_snapshots,0.5,4830974,7805833,9661949,9852,0.00024377799991270876,True,False,budget_exceeded,False,,0,0,not executed: budget/selection failure
case01-rep0,digits,1797,forest,parameters,deterministic,False,1,model_and_predictions,0,3,target_snapshots,0.5,4830974,7805833,9661949,9852,0.00024377799991270876,True,False,budget_exceeded,False,,0,0,not executed: budget/selection failure
case01-rep0,digits,1797,forest,parameters,deterministic,False,1,model_and_predictions,0,4,target_snapshots,0.5,4830974,7805833,9661949,9852,0.00024377799991270876,True,False,budget_exceeded,False,,0,0,not executed: budget/selection failure
case01-rep0,digits,1797,forest,parameters,deterministic,False,1,model_and_predictions,0,0,recoverability_v2,0.3,2898584,2631357,9661949,9852,0.013657499000146345,True,True,ok,True,0.06444834800004173,4,5,
case01-rep0,digits,1797,forest,parameters,deterministic,False,1,model_and_predictions,0,1,recoverability_v2,0.3,2898584,2631357,9661949,9852,0.013657499000146345,True,True,ok,True,0.06784669200033022,4,5,
case01-rep0,digits,1797,forest,parameters,deterministic,False,1,model_and_predictions,0,2,recoverability_v2,0.3,2898584,2631357,9661949,9852,0.013657499000146345,True,True,ok,True,0.07467262099999061,4,5,
case01-rep0,digits,1797,forest,parameters,deterministic,False,1,model_and_predictions,0,3,recoverability_v2,0.3,2898584,2631357,9661949,9852,0.013657499000146345,True,True,ok,True,0.0065042850001191255,0,2,
case01-rep0,digits,1797,forest,parameters,deterministic,False,1,model_and_predictions,0,4,recoverability_v2,0.3,2898584,2631357,9661949,9852,0.013657499000146345,True,True,ok,True,0.06652740800018364,4,5,
case01-rep0,digits,1797,forest,parameters,deterministic,False,1,model_and_predictions,0,0,target_snapshots,0.3,2898584,7805833,9661949,9852,0.00023568599999634898,True,False,budget_exceeded,False,,0,0,not executed: budget/selection failure
case01-rep0,digits,1797,forest,parameters,deterministic,False,1,model_and_predictions,0,1,target_snapshots,0.3,2898584,7805833,9661949,9852,0.00023568599999634898,True,False,budget_exceeded,False,,0,0,not executed: budget/selection failure
case01-rep0,digits,1797,forest,parameters,deterministic,False,1,model_and_predictions,0,2,target_snapshots,0.3,2898584,7805833,9661949,9852,0.00023568599999634898,True,False,budget_exceeded,False,,0,0,not executed: budget/selection failure
case01-rep0,digits,1797,forest,parameters,deterministic,False,1,model_and_predictions,0,3,target_snapshots,0.3,2898584,7805833,9661949,9852,0.00023568599999634898,True,False,budget_exceeded,False,,0,0,not executed: budget/selection failure
case01-rep0,digits,1797,forest,parameters,deterministic,False,1,model_and_predictions,0,4,target_snapshots,0.3,2898584,7805833,9661949,9852,0.00023568599999634898,True,False,budget_exceeded,False,,0,0,not executed: budget/selection failure
case01-rep0,digits,1797,forest,parameters,deterministic,False,1,model_and_predictions,0,0,target_snapshots,0.1,966194,7805833,9661949,9852,0.00018258600039189332,True,False,budget_exceeded,False,,0,0,not executed: budget/selection failure
case01-rep0,digits,1797,forest,parameters,deterministic,False,1,model_and_predictions,0,1,target_snapshots,0.1,966194,7805833,9661949,9852,0.00018258600039189332,True,False,budget_exceeded,False,,0,0,not executed: budget/selection failure
case01-rep0,digits,1797,forest,parameters,deterministic,False,1,model_and_predictions,0,2,target_snapshots,0.1,966194,7805833,9661949,9852,0.00018258600039189332,True,False,budget_exceeded,False,,0,0,not executed: budget/selection failure
case01-rep0,digits,1797,forest,parameters,deterministic,False,1,model_and_predictions,0,3,target_snapshots,0.1,966194,7805833,9661949,9852,0.00018258600039189332,True,False,budget_exceeded,False,,0,0,not executed: budget/selection failure
case01-rep0,digits,1797,forest,parameters,deterministic,False,1,model_and_predictions,0,4,target_snapshots,0.1,966194,7805833,9661949,9852,0.00018258600039189332,True,False,budget_exceeded,False,,0,0,not executed: budget/selection failure
case01-rep0,digits,1797,forest,parameters,deterministic,False,1,model_and_predictions,0,0,recoverability_v2,0.1,966194,960269,9661949,9852,0.0025424499999644468,True,True,ok,True,0.061088623000159714,5,4,
case01-rep0,digits,1797,forest,parameters,deterministic,False,1,model_and_predictions,0,1,recoverability_v2,0.1,966194,960269,9661949,9852,0.0025424499999644468,True,True,ok,True,0.0687077219999992,5,4,
case01-rep0,digits,1797,forest,parameters,deterministic,False,1,model_and_predictions,0,2,recoverability_v2,0.1,966194,960269,9661949,9852,0.0025424499999644468,True,True,ok,True,0.06681291999984751,5,4,
case01-rep0,digits,1797,forest,parameters,deterministic,False,1,model_and_predictions,0,3,recoverability_v2,0.1,966194,960269,9661949,9852,0.0025424499999644468,True,True,ok,True,0.07684381199987911,5,4,
case01-rep0,digits,1797,forest,parameters,deterministic,False,1,model_and_predictions,0,4,recoverability_v2,0.1,966194,960269,9661949,9852,0.0025424499999644468,True,True,ok,True,0.06763859700004105,5,4,
case01-rep0,digits,1797,forest,parameters,deterministic,False,1,model_and_predictions,0,0,recoverability_v3,0.1,966194,960269,9661949,9852,0.0027028230001633347,True,True,ok,True,0.06025672699979623,5,4,
case01-rep0,digits,1797,forest,parameters,deterministic,False,1,model_and_predictions,0,1,recoverability_v3,0.1,966194,960269,9661949,9852,0.0027028230001633347,True,True,ok,True,0.062419953999778954,5,4,
case01-rep0,digits,1797,forest,parameters,deterministic,False,1,model_and_predictions,0,2,recoverability_v3,0.1,966194,960269,9661949,9852,0.0027028230001633347,True,True,ok,True,0.06351134299984551,5,4,
case01-rep0,digits,1797,forest,parameters,deterministic,False,1,model_and_predictions,0,3,recoverability_v3,0.1,966194,960269,9661949,9852,0.0027028230001633347,True,True,ok,True,0.06824039599996468,5,4,
case01-rep0,digits,1797,forest,parameters,deterministic,False,1,model_and_predictions,0,4,recoverability_v3,0.1,966194,960269,9661949,9852,0.0027028230001633347,True,True,ok,True,0.06701506499985044,5,4,
case01-rep0,digits,1797,forest,parameters,deterministic,False,1,model_and_predictions,0,0,recoverability_v2,0.5,4830974,4811031,9661949,9852,0.005510743999820988,True,True,ok,True,0.004812549999769544,0,2,
case01-rep0,digits,1797,forest,parameters,deterministic,False,1,model_and_predictions,0,1,recoverability_v2,0.5,4830974,4811031,9661949,9852,0.005510743999820988,True,True,ok,True,0.005988164999962464,0,2,
case01-rep0,digits,1797,forest,parameters,deterministic,False,1,model_and_predictions,0,2,recoverability_v2,0.5,4830974,4811031,9661949,9852,0.005510743999820988,True,True,ok,True,0.0637450560002435,5,4,
case01-rep0,digits,1797,forest,parameters,deterministic,False,1,model_and_predictions,0,3,recoverability_v2,0.5,4830974,4811031,9661949,9852,0.005510743999820988,True,True,ok,True,0.006041025000286027,0,2,
case01-rep0,digits,1797,forest,parameters,deterministic,False,1,model_and_predictions,0,4,recoverability_v2,0.5,4830974,4811031,9661949,9852,0.005510743999820988,True,True,ok,True,0.06688092300009885,5,4,
case01-rep0,digits,1797,forest,parameters,deterministic,False,1,model_and_predictions,0,0,recoverability_v3,1.0,9661949,7805833,9661949,9852,0.00038270799996098503,True,True,ok,True,0.005230029999893304,0,2,
case01-rep0,digits,1797,forest,parameters,deterministic,False,1,model_and_predictions,0,1,recoverability_v3,1.0,9661949,7805833,9661949,9852,0.00038270799996098503,True,True,ok,True,0.005539267000131076,0,2,
case01-rep0,digits,1797,forest,parameters,deterministic,False,1,model_and_predictions,0,2,recoverability_v3,1.0,9661949,7805833,9661949,9852,0.00038270799996098503,True,True,ok,True,0.0060767790000682,0,2,
case01-rep0,digits,1797,forest,parameters,deterministic,False,1,model_and_predictions,0,3,recoverability_v3,1.0,9661949,7805833,9661949,9852,0.00038270799996098503,True,True,ok,True,0.0062903110001570894,0,2,
case01-rep0,digits,1797,forest,parameters,deterministic,False,1,model_and_predictions,0,4,recoverability_v3,1.0,9661949,7805833,9661949,9852,0.00038270799996098503,True,True,ok,True,0.006849465999948734,0,2,
case01-rep0,digits,1797,forest,parameters,deterministic,False,1,model_and_predictions,0,0,full_snapshot,0.2,1932389,9661949,9661949,9852,0.00024299699998664437,True,False,budget_exceeded,False,,0,0,not executed: budget/selection failure
case01-rep0,digits,1797,forest,parameters,deterministic,False,1,model_and_predictions,0,1,full_snapshot,0.2,1932389,9661949,9661949,9852,0.00024299699998664437,True,False,budget_exceeded,False,,0,0,not executed: budget/selection failure
case01-rep0,digits,1797,forest,parameters,deterministic,False,1,model_and_predictions,0,2,full_snapshot,0.2,1932389,9661949,9661949,9852,0.00024299699998664437,True,False,budget_exceeded,False,,0,0,not executed: budget/selection failure
case01-rep0,digits,1797,forest,parameters,deterministic,False,1,model_and_predictions,0,3,full_snapshot,0.2,1932389,9661949,9661949,9852,0.00024299699998664437,True,False,budget_exceeded,False,,0,0,not executed: budget/selection failure
case01-rep0,digits,1797,forest,parameters,deterministic,False,1,model_and_predictions,0,4,full_snapshot,0.2,1932389,9661949,9661949,9852,0.00024299699998664437,True,False,budget_exceeded,False,,0,0,not executed: budget/selection failure
case01-rep0,digits,1797,forest,parameters,deterministic,False,1,model_and_predictions,0,0,full_snapshot,0.5,4830974,9661949,9661949,9852,0.00011655599973892095,True,False,budget_exceeded,False,,0,0,not executed: budget/selection failure
case01-rep0,digits,1797,forest,parameters,deterministic,False,1,model_and_predictions,0,1,full_snapshot,0.5,4830974,9661949,9661949,9852,0.00011655599973892095,True,False,budget_exceeded,False,,0,0,not executed: budget/selection failure
case01-rep0,digits,1797,forest,parameters,deterministic,False,1,model_and_predictions,0,2,full_snapshot,0.5,4830974,9661949,9661949,9852,0.00011655599973892095,True,False,budget_exceeded,False,,0,0,not executed: budget/selection failure
case01-rep0,digits,1797,forest,parameters,deterministic,False,1,model_and_predictions,0,3,full_snapshot,0.5,4830974,9661949,9661949,9852,0.00011655599973892095,True,False,budget_exceeded,False,,0,0,not executed: budget/selection failure
case01-rep0,digits,1797,forest,parameters,deterministic,False,1,model_and_predictions,0,4,full_snapshot,0.5,4830974,9661949,9661949,9852,0.00011655599973892095,True,False,budget_exceeded,False,,0,0,not executed: budget/selection failure
case01-rep0,digits,1797,forest,parameters,deterministic,False,1,model_and_predictions,0,0,full_snapshot,0.4,3864779,9661949,9661949,9852,0.00011500399978103815,True,False,budget_exceeded,False,,0,0,not executed: budget/selection failure
case01-rep0,digits,1797,forest,parameters,deterministic,False,1,model_and_predictions,0,1,full_snapshot,0.4,3864779,9661949,9661949,9852,0.00011500399978103815,True,False,budget_exceeded,False,,0,0,not executed: budget/selection failure
case01-rep0,digits,1797,forest,parameters,deterministic,False,1,model_and_predictions,0,2,full_snapshot,0.4,3864779,9661949,9661949,9852,0.00011500399978103815,True,False,budget_exceeded,False,,0,0,not executed: budget/selection failure
case01-rep0,digits,1797,forest,parameters,deterministic,False,1,model_and_predictions,0,3,full_snapshot,0.4,3864779,9661949,9661949,9852,0.00011500399978103815,True,False,budget_exceeded,False,,0,0,not executed: budget/selection failure
case01-rep0,digits,1797,forest,parameters,deterministic,False,1,model_and_predictions,0,4,full_snapshot,0.4,3864779,9661949,9661949,9852,0.00011500399978103815,True,False,budget_exceeded,False,,0,0,not executed: budget/selection failure
case01-rep0,digits,1797,forest,parameters,deterministic,False,1,model_and_predictions,0,0,recoverability_v3,0.2,1932389,1140919,9661949,9852,0.0065067989999079145,True,True,ok,True,0.058039097000346374,4,5,
case01-rep0,digits,1797,forest,parameters,deterministic,False,1,model_and_predictions,0,1,recoverability_v3,0.2,1932389,1140919,9661949,9852,0.0065067989999079145,True,True,ok,True,0.06456029799983298,4,5,
case01-rep0,digits,1797,forest,parameters,deterministic,False,1,model_and_predictions,0,2,recoverability_v3,0.2,1932389,1140919,9661949,9852,0.0065067989999079145,True,True,ok,True,0.06764843200016912,4,5,
case01-rep0,digits,1797,forest,parameters,deterministic,False,1,model_and_predictions,0,3,recoverability_v3,0.2,1932389,1140919,9661949,9852,0.0065067989999079145,True,True,ok,True,0.06561829500014937,4,5,
case01-rep0,digits,1797,forest,parameters,deterministic,False,1,model_and_predictions,0,4,recoverability_v3,0.2,1932389,1140919,9661949,9852,0.0065067989999079145,True,True,ok,True,0.07340263300011429,4,5,
case01-rep0,digits,1797,forest,parameters,deterministic,False,1,model_and_predictions,0,0,target_snapshots,0.2,1932389,7805833,9661949,9852,0.00021554600016315817,True,False,budget_exceeded,False,,0,0,not executed: budget/selection failure
case01-rep0,digits,1797,forest,parameters,deterministic,False,1,model_and_predictions,0,1,target_snapshots,0.2,1932389,7805833,9661949,9852,0.00021554600016315817,True,False,budget_exceeded,False,,0,0,not executed: budget/selection failure
case01-rep0,digits,1797,forest,parameters,deterministic,False,1,model_and_predictions,0,2,target_snapshots,0.2,1932389,7805833,9661949,9852,0.00021554600016315817,True,False,budget_exceeded,False,,0,0,not executed: budget/selection failure
case01-rep0,digits,1797,forest,parameters,deterministic,False,1,model_and_predictions,0,3,target_snapshots,0.2,1932389,7805833,9661949,9852,0.00021554600016315817,True,False,budget_exceeded,False,,0,0,not executed: budget/selection failure
case01-rep0,digits,1797,forest,parameters,deterministic,False,1,model_and_predictions,0,4,target_snapshots,0.2,1932389,7805833,9661949,9852,0.00021554600016315817,True,False,budget_exceeded,False,,0,0,not executed: budget/selection failure
case01-rep0,digits,1797,forest,parameters,deterministic,False,1,model_and_predictions,0,0,recoverability_v3,0.4,3864779,3642886,9661949,9852,0.0063188250001076085,True,True,ok,True,0.004934322999815777,0,2,
case01-rep0,digits,1797,forest,parameters,deterministic,False,1,model_and_predictions,0,1,recoverability_v3,0.4,3864779,3642886,9661949,9852,0.0063188250001076085,True,True,ok,True,0.06430204800017236,4,5,
case01-rep0,digits,1797,forest,parameters,deterministic,False,1,model_and_predictions,0,2,recoverability_v3,0.4,3864779,3642886,9661949,9852,0.0063188250001076085,True,True,ok,True,0.06491195800026617,4,5,
case01-rep0,digits,1797,forest,parameters,deterministic,False,1,model_and_predictions,0,3,recoverability_v3,0.4,3864779,3642886,9661949,9852,0.0063188250001076085,True,True,ok,True,0.007429672999933246,0,2,
case01-rep0,digits,1797,forest,parameters,deterministic,False,1,model_and_predictions,0,4,recoverability_v3,0.4,3864779,3642886,9661949,9852,0.0063188250001076085,True,True,ok,True,0.06916785700013861,4,5,
case01-rep0,digits,1797,forest,parameters,deterministic,False,1,model_and_predictions,0,0,recoverability_v2,1.0,9661949,7805833,9661949,9852,0.00020995699969716952,True,True,ok,True,0.005131770999923901,0,2,
case01-rep0,digits,1797,forest,parameters,deterministic,False,1,model_and_predictions,0,1,recoverability_v2,1.0,9661949,7805833,9661949,9852,0.00020995699969716952,True,True,ok,True,0.005941173999872262,0,2,
case01-rep0,digits,1797,forest,parameters,deterministic,False,1,model_and_predictions,0,2,recoverability_v2,1.0,9661949,7805833,9661949,9852,0.00020995699969716952,True,True,ok,True,0.006026743999882456,0,2,
case01-rep0,digits,1797,forest,parameters,deterministic,False,1,model_and_predictions,0,3,recoverability_v2,1.0,9661949,7805833,9661949,9852,0.00020995699969716952,True,True,ok,True,0.007319766000364325,0,2,
case01-rep0,digits,1797,forest,parameters,deterministic,False,1,model_and_predictions,0,4,recoverability_v2,1.0,9661949,7805833,9661949,9852,0.00020995699969716952,True,True,ok,True,0.011108700000022509,0,2,
case01-rep0,digits,1797,forest,parameters,deterministic,False,1,model_and_predictions,0,0,full_replay,0.4,3864779,944559,9661949,9852,0.0002102979997289367,True,True,ok,True,0.06660729000032006,7,2,
case01-rep0,digits,1797,forest,parameters,deterministic,False,1,model_and_predictions,0,1,full_replay,0.4,3864779,944559,9661949,9852,0.0002102979997289367,True,True,ok,True,0.06649824400028592,7,2,
case01-rep0,digits,1797,forest,parameters,deterministic,False,1,model_and_predictions,0,2,full_replay,0.4,3864779,944559,9661949,9852,0.0002102979997289367,True,True,ok,True,0.06575039499966806,7,2,
case01-rep0,digits,1797,forest,parameters,deterministic,False,1,model_and_predictions,0,3,full_replay,0.4,3864779,944559,9661949,9852,0.0002102979997289367,True,True,ok,True,0.06954717999997229,7,2,
case01-rep0,digits,1797,forest,parameters,deterministic,False,1,model_and_predictions,0,4,full_replay,0.4,3864779,944559,9661949,9852,0.0002102979997289367,True,True,ok,True,0.06827011599989419,7,2,
case01-rep0,digits,1797,forest,parameters,deterministic,False,1,model_and_predictions,0,0,full_replay,0.5,4830974,944559,9661949,9852,0.00021816000025864923,True,True,ok,True,0.06114334600033544,7,2,
case01-rep0,digits,1797,forest,parameters,deterministic,False,1,model_and_predictions,0,1,full_replay,0.5,4830974,944559,9661949,9852,0.00021816000025864923,True,True,ok,True,0.06733616099973005,7,2,
case01-rep0,digits,1797,forest,parameters,deterministic,False,1,model_and_predictions,0,2,full_replay,0.5,4830974,944559,9661949,9852,0.00021816000025864923,True,True,ok,True,0.06420597199985423,7,2,
case01-rep0,digits,1797,forest,parameters,deterministic,False,1,model_and_predictions,0,3,full_replay,0.5,4830974,944559,9661949,9852,0.00021816000025864923,True,True,ok,True,0.06828097800007527,7,2,
case01-rep0,digits,1797,forest,parameters,deterministic,False,1,model_and_predictions,0,4,full_replay,0.5,4830974,944559,9661949,9852,0.00021816000025864923,True,True,ok,True,0.07492574400021113,7,2,
case01-rep0,digits,1797,forest,parameters,deterministic,False,1,model_and_predictions,0,0,full_replay,0.1,966194,944559,9661949,9852,0.00022135499966680072,True,True,ok,True,0.059954900999855454,7,2,
case01-rep0,digits,1797,forest,parameters,deterministic,False,1,model_and_predictions,0,1,full_replay,0.1,966194,944559,9661949,9852,0.00022135499966680072,True,True,ok,True,0.06620415099996535,7,2,
case01-rep0,digits,1797,forest,parameters,deterministic,False,1,model_and_predictions,0,2,full_replay,0.1,966194,944559,9661949,9852,0.00022135499966680072,True,True,ok,True,0.06643690200007768,7,2,
case01-rep0,digits,1797,forest,parameters,deterministic,False,1,model_and_predictions,0,3,full_replay,0.1,966194,944559,9661949,9852,0.00022135499966680072,True,True,ok,True,0.0663404269998864,7,2,
case01-rep0,digits,1797,forest,parameters,deterministic,False,1,model_and_predictions,0,4,full_replay,0.1,966194,944559,9661949,9852,0.00022135499966680072,True,True,ok,True,0.0726288350001596,7,2,
case01-rep0,digits,1797,forest,parameters,deterministic,False,1,model_and_predictions,0,0,recoverability_v3,0.3,2898584,2631357,9661949,9852,0.014032565999968938,True,True,ok,True,0.06717959299976428,4,5,
case01-rep0,digits,1797,forest,parameters,deterministic,False,1,model_and_predictions,0,1,recoverability_v3,0.3,2898584,2631357,9661949,9852,0.014032565999968938,True,True,ok,True,0.07395367599974634,4,5,
case01-rep0,digits,1797,forest,parameters,deterministic,False,1,model_and_predictions,0,2,recoverability_v3,0.3,2898584,2631357,9661949,9852,0.014032565999968938,True,True,ok,True,0.0666827039999589,4,5,
case01-rep0,digits,1797,forest,parameters,deterministic,False,1,model_and_predictions,0,3,recoverability_v3,0.3,2898584,2631357,9661949,9852,0.014032565999968938,True,True,ok,True,0.00678549899976133,0,2,
case01-rep0,digits,1797,forest,parameters,deterministic,False,1,model_and_predictions,0,4,recoverability_v3,0.3,2898584,2631357,9661949,9852,0.014032565999968938,True,True,ok,True,0.06740211999976964,4,5,
case01-rep0,digits,1797,forest,parameters,deterministic,False,1,model_and_predictions,0,0,full_replay,0.3,2898584,944559,9661949,9852,0.00020499999982348527,True,True,ok,True,0.06364876999987246,7,2,
case01-rep0,digits,1797,forest,parameters,deterministic,False,1,model_and_predictions,0,1,full_replay,0.3,2898584,944559,9661949,9852,0.00020499999982348527,True,True,ok,True,0.06900467500008745,7,2,
case01-rep0,digits,1797,forest,parameters,deterministic,False,1,model_and_predictions,0,2,full_replay,0.3,2898584,944559,9661949,9852,0.00020499999982348527,True,True,ok,True,0.06760908300020674,7,2,
case01-rep0,digits,1797,forest,parameters,deterministic,False,1,model_and_predictions,0,3,full_replay,0.3,2898584,944559,9661949,9852,0.00020499999982348527,True,True,ok,True,0.07353102700017189,7,2,
case01-rep0,digits,1797,forest,parameters,deterministic,False,1,model_and_predictions,0,4,full_replay,0.3,2898584,944559,9661949,9852,0.00020499999982348527,True,True,ok,True,0.0665311840002687,7,2,
case01-rep0,digits,1797,forest,parameters,deterministic,False,1,model_and_predictions,0,0,target_snapshots,0.4,3864779,7805833,9661949,9852,0.0003778099999180995,True,False,budget_exceeded,False,,0,0,not executed: budget/selection failure
case01-rep0,digits,1797,forest,parameters,deterministic,False,1,model_and_predictions,0,1,target_snapshots,0.4,3864779,7805833,9661949,9852,0.0003778099999180995,True,False,budget_exceeded,False,,0,0,not executed: budget/selection failure
case01-rep0,digits,1797,forest,parameters,deterministic,False,1,model_and_predictions,0,2,target_snapshots,0.4,3864779,7805833,9661949,9852,0.0003778099999180995,True,False,budget_exceeded,False,,0,0,not executed: budget/selection failure
case01-rep0,digits,1797,forest,parameters,deterministic,False,1,model_and_predictions,0,3,target_snapshots,0.4,3864779,7805833,9661949,9852,0.0003778099999180995,True,False,budget_exceeded,False,,0,0,not executed: budget/selection failure
case01-rep0,digits,1797,forest,parameters,deterministic,False,1,model_and_predictions,0,4,target_snapshots,0.4,3864779,7805833,9661949,9852,0.0003778099999180995,True,False,budget_exceeded,False,,0,0,not executed: budget/selection failure
case01-rep0,digits,1797,forest,parameters,deterministic,False,1,model_and_predictions,0,0,full_replay,0.2,1932389,944559,9661949,9852,0.0001162349999503931,True,True,ok,True,0.06126003300005323,7,2,
case01-rep0,digits,1797,forest,parameters,deterministic,False,1,model_and_predictions,0,1,full_replay,0.2,1932389,944559,9661949,9852,0.0001162349999503931,True,True,ok,True,0.06445403699990493,7,2,
case01-rep0,digits,1797,forest,parameters,deterministic,False,1,model_and_predictions,0,2,full_replay,0.2,1932389,944559,9661949,9852,0.0001162349999503931,True,True,ok,True,0.06495514400012325,7,2,
case01-rep0,digits,1797,forest,parameters,deterministic,False,1,model_and_predictions,0,3,full_replay,0.2,1932389,944559,9661949,9852,0.0001162349999503931,True,True,ok,True,0.06527028000027713,7,2,
case01-rep0,digits,1797,forest,parameters,deterministic,False,1,model_and_predictions,0,4,full_replay,0.2,1932389,944559,9661949,9852,0.0001162349999503931,True,True,ok,True,0.06712367899990568,7,2,
case01-rep0,digits,1797,forest,parameters,deterministic,False,1,model_and_predictions,0,0,target_snapshots,1.0,9661949,7805833,9661949,9852,0.000229146000037872,True,True,ok,True,0.004746269999941433,0,2,
case01-rep0,digits,1797,forest,parameters,deterministic,False,1,model_and_predictions,0,1,target_snapshots,1.0,9661949,7805833,9661949,9852,0.000229146000037872,True,True,ok,True,0.006262379999952827,0,2,
case01-rep0,digits,1797,forest,parameters,deterministic,False,1,model_and_predictions,0,2,target_snapshots,1.0,9661949,7805833,9661949,9852,0.000229146000037872,True,True,ok,True,0.006035336000422831,0,2,
case01-rep0,digits,1797,forest,parameters,deterministic,False,1,model_and_predictions,0,3,target_snapshots,1.0,9661949,7805833,9661949,9852,0.000229146000037872,True,True,ok,True,0.006933111999842367,0,2,
case01-rep0,digits,1797,forest,parameters,deterministic,False,1,model_and_predictions,0,4,target_snapshots,1.0,9661949,7805833,9661949,9852,0.000229146000037872,True,True,ok,True,0.006999392999659904,0,2,
case01-rep0,digits,1797,forest,parameters,deterministic,False,1,model_and_predictions,0,0,recoverability_v2,0.4,3864779,3642886,9661949,9852,0.006206515000030777,True,True,ok,True,0.004970818000401778,0,2,
case01-rep0,digits,1797,forest,parameters,deterministic,False,1,model_and_predictions,0,1,recoverability_v2,0.4,3864779,3642886,9661949,9852,0.006206515000030777,True,True,ok,True,0.06425876200000857,4,5,
case01-rep0,digits,1797,forest,parameters,deterministic,False,1,model_and_predictions,0,2,recoverability_v2,0.4,3864779,3642886,9661949,9852,0.006206515000030777,True,True,ok,True,0.06276912199973594,4,5,
case01-rep0,digits,1797,forest,parameters,deterministic,False,1,model_and_predictions,0,3,recoverability_v2,0.4,3864779,3642886,9661949,9852,0.006206515000030777,True,True,ok,True,0.00642699799982438,0,2,
case01-rep0,digits,1797,forest,parameters,deterministic,False,1,model_and_predictions,0,4,recoverability_v2,0.4,3864779,3642886,9661949,9852,0.006206515000030777,True,True,ok,True,0.06394303500019305,4,5,
case01-rep1,digits,1797,forest,parameters,deterministic,False,1,model_and_predictions,1,0,recoverability_v3,1.0,9652030,7795914,9652030,9860,0.00015480399997613858,True,True,ok,True,0.017861804999938613,0,2,
case01-rep1,digits,1797,forest,parameters,deterministic,False,1,model_and_predictions,1,1,recoverability_v3,1.0,9652030,7795914,9652030,9860,0.00015480399997613858,True,True,ok,True,0.006122517999756383,0,2,
case01-rep1,digits,1797,forest,parameters,deterministic,False,1,model_and_predictions,1,2,recoverability_v3,1.0,9652030,7795914,9652030,9860,0.00015480399997613858,True,True,ok,True,0.006573889999799576,0,2,
case01-rep1,digits,1797,forest,parameters,deterministic,False,1,model_and_predictions,1,3,recoverability_v3,1.0,9652030,7795914,9652030,9860,0.00015480399997613858,True,True,ok,True,0.006492686999990838,0,2,
case01-rep1,digits,1797,forest,parameters,deterministic,False,1,model_and_predictions,1,4,recoverability_v3,1.0,9652030,7795914,9652030,9860,0.00015480399997613858,True,True,ok,True,0.006591385999854538,0,2,
case01-rep1,digits,1797,forest,parameters,deterministic,False,1,model_and_predictions,1,0,full_snapshot,0.4,3860812,9652030,9652030,9860,0.00023181999995358638,True,False,budget_exceeded,False,,0,0,not executed: budget/selection failure
case01-rep1,digits,1797,forest,parameters,deterministic,False,1,model_and_predictions,1,1,full_snapshot,0.4,3860812,9652030,9652030,9860,0.00023181999995358638,True,False,budget_exceeded,False,,0,0,not executed: budget/selection failure
case01-rep1,digits,1797,forest,parameters,deterministic,False,1,model_and_predictions,1,2,full_snapshot,0.4,3860812,9652030,9652030,9860,0.00023181999995358638,True,False,budget_exceeded,False,,0,0,not executed: budget/selection failure
case01-rep1,digits,1797,forest,parameters,deterministic,False,1,model_and_predictions,1,3,full_snapshot,0.4,3860812,9652030,9652030,9860,0.00023181999995358638,True,False,budget_exceeded,False,,0,0,not executed: budget/selection failure
case01-rep1,digits,1797,forest,parameters,deterministic,False,1,model_and_predictions,1,4,full_snapshot,0.4,3860812,9652030,9652030,9860,0.00023181999995358638,True,False,budget_exceeded,False,,0,0,not executed: budget/selection failure
case01-rep1,digits,1797,forest,parameters,deterministic,False,1,model_and_predictions,1,0,recoverability_v2,0.4,3860812,3521588,9652030,9860,0.009538438000163296,True,True,ok,True,0.004710664999947767,0,2,
case01-rep1,digits,1797,forest,parameters,deterministic,False,1,model_and_predictions,1,1,recoverability_v2,0.4,3860812,3521588,9652030,9860,0.009538438000163296,True,True,ok,True,0.06391369099992517,4,5,
case01-rep1,digits,1797,forest,parameters,deterministic,False,1,model_and_predictions,1,2,recoverability_v2,0.4,3860812,3521588,9652030,9860,0.009538438000163296,True,True,ok,True,0.006391463999989355,0,2,
case01-rep1,digits,1797,forest,parameters,deterministic,False,1,model_and_predictions,1,3,recoverability_v2,0.4,3860812,3521588,9652030,9860,0.009538438000163296,True,True,ok,True,0.06500879499981238,4,5,
case01-rep1,digits,1797,forest,parameters,deterministic,False,1,model_and_predictions,1,4,recoverability_v2,0.4,3860812,3521588,9652030,9860,0.009538438000163296,True,True,ok,True,0.06276902299987341,4,5,
case01-rep1,digits,1797,forest,parameters,deterministic,False,1,model_and_predictions,1,0,full_snapshot,0.3,2895609,9652030,9652030,9860,0.0002534420000301907,True,False,budget_exceeded,False,,0,0,not executed: budget/selection failure
case01-rep1,digits,1797,forest,parameters,deterministic,False,1,model_and_predictions,1,1,full_snapshot,0.3,2895609,9652030,9652030,9860,0.0002534420000301907,True,False,budget_exceeded,False,,0,0,not executed: budget/selection failure
case01-rep1,digits,1797,forest,parameters,deterministic,False,1,model_and_predictions,1,2,full_snapshot,0.3,2895609,9652030,9652030,9860,0.0002534420000301907,True,False,budget_exceeded,False,,0,0,not executed: budget/selection failure
case01-rep1,digits,1797,forest,parameters,deterministic,False,1,model_and_predictions,1,3,full_snapshot,0.3,2895609,9652030,9652030,9860,0.0002534420000301907,True,False,budget_exceeded,False,,0,0,not executed: budget/selection failure
case01-rep1,digits,1797,forest,parameters,deterministic,False,1,model_and_predictions,1,4,full_snapshot,0.3,2895609,9652030,9652030,9860,0.0002534420000301907,True,False,budget_exceeded,False,,0,0,not executed: budget/selection failure
case01-rep1,digits,1797,forest,parameters,deterministic,False,1,model_and_predictions,1,0,recoverability_v3,0.3,2895609,2534610,9652030,9860,0.006706630000280711,True,True,ok,True,0.05744259599987345,4,5,
case01-rep1,digits,1797,forest,parameters,deterministic,False,1,model_and_predictions,1,1,recoverability_v3,0.3,2895609,2534610,9652030,9860,0.006706630000280711,True,True,ok,True,0.08016026999985115,4,5,
case01-rep1,digits,1797,forest,parameters,deterministic,False,1,model_and_predictions,1,2,recoverability_v3,0.3,2895609,2534610,9652030,9860,0.006706630000280711,True,True,ok,True,0.006606018000184122,0,2,
case01-rep1,digits,1797,forest,parameters,deterministic,False,1,model_and_predictions,1,3,recoverability_v3,0.3,2895609,2534610,9652030,9860,0.006706630000280711,True,True,ok,True,0.06960280399971452,4,5,
case01-rep1,digits,1797,forest,parameters,deterministic,False,1,model_and_predictions,1,4,recoverability_v3,0.3,2895609,2534610,9652030,9860,0.006706630000280711,True,True,ok,True,0.06750519600018379,4,5,
case01-rep1,digits,1797,forest,parameters,deterministic,False,1,model_and_predictions,1,0,full_snapshot,0.1,965203,9652030,9652030,9860,0.00048487200001545716,True,False,budget_exceeded,False,,0,0,not executed: budget/selection failure
case01-rep1,digits,1797,forest,parameters,deterministic,False,1,model_and_predictions,1,1,full_snapshot,0.1,965203,9652030,9652030,9860,0.00048487200001545716,True,False,budget_exceeded,False,,0,0,not executed: budget/selection failure
case01-rep1,digits,1797,forest,parameters,deterministic,False,1,model_and_predictions,1,2,full_snapshot,0.1,965203,9652030,9652030,9860,0.00048487200001545716,True,False,budget_exceeded,False,,0,0,not executed: budget/selection failure
case01-rep1,digits,1797,forest,parameters,deterministic,False,1,model_and_predictions,1,3,full_snapshot,0.1,965203,9652030,9652030,9860,0.00048487200001545716,True,False,budget_exceeded,False,,0,0,not executed: budget/selection failure
case01-rep1,digits,1797,forest,parameters,deterministic,False,1,model_and_predictions,1,4,full_snapshot,0.1,965203,9652030,9652030,9860,0.00048487200001545716,True,False,budget_exceeded,False,,0,0,not executed: budget/selection failure
case01-rep1,digits,1797,forest,parameters,deterministic,False,1,model_and_predictions,1,0,recoverability_v3,0.5,4826015,4756226,9652030,9860,0.004833201000110421,True,True,ok,True,0.0047484130000157165,0,2,
case01-rep1,digits,1797,forest,parameters,deterministic,False,1,model_and_predictions,1,1,recoverability_v3,0.5,4826015,4756226,9652030,9860,0.004833201000110421,True,True,ok,True,0.00659054500010825,0,2,
case01-rep1,digits,1797,forest,parameters,deterministic,False,1,model_and_predictions,1,2,recoverability_v3,0.5,4826015,4756226,9652030,9860,0.004833201000110421,True,True,ok,True,0.005978320999929565,0,2,
case01-rep1,digits,1797,forest,parameters,deterministic,False,1,model_and_predictions,1,3,recoverability_v3,0.5,4826015,4756226,9652030,9860,0.004833201000110421,True,True,ok,True,0.0667108850002478,4,5,
case01-rep1,digits,1797,forest,parameters,deterministic,False,1,model_and_predictions,1,4,recoverability_v3,0.5,4826015,4756226,9652030,9860,0.004833201000110421,True,True,ok,True,0.06976635999990322,4,5,
case01-rep1,digits,1797,forest,parameters,deterministic,False,1,model_and_predictions,1,0,full_replay,0.4,3860812,944567,9652030,9860,0.00020396800027810968,True,True,ok,True,0.06419819999973697,7,2,
case01-rep1,digits,1797,forest,parameters,deterministic,False,1,model_and_predictions,1,1,full_replay,0.4,3860812,944567,9652030,9860,0.00020396800027810968,True,True,ok,True,0.0690014249998967,7,2,
case01-rep1,digits,1797,forest,parameters,deterministic,False,1,model_and_predictions,1,2,full_replay,0.4,3860812,944567,9652030,9860,0.00020396800027810968,True,True,ok,True,0.06926888899988626,7,2,
case01-rep1,digits,1797,forest,parameters,deterministic,False,1,model_and_predictions,1,3,full_replay,0.4,3860812,944567,9652030,9860,0.00020396800027810968,True,True,ok,True,0.07033860499996081,7,2,
case01-rep1,digits,1797,forest,parameters,deterministic,False,1,model_and_predictions,1,4,full_replay,0.4,3860812,944567,9652030,9860,0.00020396800027810968,True,True,ok,True,0.07115348599973004,7,2,
case01-rep1,digits,1797,forest,parameters,deterministic,False,1,model_and_predictions,1,0,target_snapshots,0.1,965203,7795914,9652030,9860,0.00019810900039374246,True,False,budget_exceeded,False,,0,0,not executed: budget/selection failure
case01-rep1,digits,1797,forest,parameters,deterministic,False,1,model_and_predictions,1,1,target_snapshots,0.1,965203,7795914,9652030,9860,0.00019810900039374246,True,False,budget_exceeded,False,,0,0,not executed: budget/selection failure
case01-rep1,digits,1797,forest,parameters,deterministic,False,1,model_and_predictions,1,2,target_snapshots,0.1,965203,7795914,9652030,9860,0.00019810900039374246,True,False,budget_exceeded,False,,0,0,not executed: budget/selection failure
case01-rep1,digits,1797,forest,parameters,deterministic,False,1,model_and_predictions,1,3,target_snapshots,0.1,965203,7795914,9652030,9860,0.00019810900039374246,True,False,budget_exceeded,False,,0,0,not executed: budget/selection failure
case01-rep1,digits,1797,forest,parameters,deterministic,False,1,model_and_predictions,1,4,target_snapshots,0.1,965203,7795914,9652030,9860,0.00019810900039374246,True,False,budget_exceeded,False,,0,0,not executed: budget/selection failure
case01-rep1,digits,1797,forest,parameters,deterministic,False,1,model_and_predictions,1,0,recoverability_v2,0.2,1930406,1140927,9652030,9860,0.005334927999683714,True,True,ok,True,0.06421972199996162,4,5,
case01-rep1,digits,1797,forest,parameters,deterministic,False,1,model_and_predictions,1,1,recoverability_v2,0.2,1930406,1140927,9652030,9860,0.005334927999683714,True,True,ok,True,0.06522470099980637,4,5,
case01-rep1,digits,1797,forest,parameters,deterministic,False,1,model_and_predictions,1,2,recoverability_v2,0.2,1930406,1140927,9652030,9860,0.005334927999683714,True,True,ok,True,0.06808826599990425,4,5,
case01-rep1,digits,1797,forest,parameters,deterministic,False,1,model_and_predictions,1,3,recoverability_v2,0.2,1930406,1140927,9652030,9860,0.005334927999683714,True,True,ok,True,0.07147006399964084,4,5,
case01-rep1,digits,1797,forest,parameters,deterministic,False,1,model_and_predictions,1,4,recoverability_v2,0.2,1930406,1140927,9652030,9860,0.005334927999683714,True,True,ok,True,0.07430637300012677,4,5,
case01-rep1,digits,1797,forest,parameters,deterministic,False,1,model_and_predictions,1,0,recoverability_v2,0.1,965203,960277,9652030,9860,0.002915543999733927,True,True,ok,True,0.06660741899986533,5,4,
case01-rep1,digits,1797,forest,parameters,deterministic,False,1,model_and_predictions,1,1,recoverability_v2,0.1,965203,960277,9652030,9860,0.002915543999733927,True,True,ok,True,0.06319013800020912,5,4,
case01-rep1,digits,1797,forest,parameters,deterministic,False,1,model_and_predictions,1,2,recoverability_v2,0.1,965203,960277,9652030,9860,0.002915543999733927,True,True,ok,True,0.06474340400018264,5,4,
case01-rep1,digits,1797,forest,parameters,deterministic,False,1,model_and_predictions,1,3,recoverability_v2,0.1,965203,960277,9652030,9860,0.002915543999733927,True,True,ok,True,0.07005929200022365,5,4,
case01-rep1,digits,1797,forest,parameters,deterministic,False,1,model_and_predictions,1,4,recoverability_v2,0.1,965203,960277,9652030,9860,0.002915543999733927,True,True,ok,True,0.06674510699986058,5,4,
case01-rep1,digits,1797,forest,parameters,deterministic,False,1,model_and_predictions,1,0,target_snapshots,0.2,1930406,7795914,9652030,9860,0.00024267600019811653,True,False,budget_exceeded,False,,0,0,not executed: budget/selection failure
case01-rep1,digits,1797,forest,parameters,deterministic,False,1,model_and_predictions,1,1,target_snapshots,0.2,1930406,7795914,9652030,9860,0.00024267600019811653,True,False,budget_exceeded,False,,0,0,not executed: budget/selection failure
case01-rep1,digits,1797,forest,parameters,deterministic,False,1,model_and_predictions,1,2,target_snapshots,0.2,1930406,7795914,9652030,9860,0.00024267600019811653,True,False,budget_exceeded,False,,0,0,not executed: budget/selection failure
case01-rep1,digits,1797,forest,parameters,deterministic,False,1,model_and_predictions,1,3,target_snapshots,0.2,1930406,7795914,9652030,9860,0.00024267600019811653,True,False,budget_exceeded,False,,0,0,not executed: budget/selection failure
case01-rep1,digits,1797,forest,parameters,deterministic,False,1,model_and_predictions,1,4,target_snapshots,0.2,1930406,7795914,9652030,9860,0.00024267600019811653,True,False,budget_exceeded,False,,0,0,not executed: budget/selection failure
case01-rep1,digits,1797,forest,parameters,deterministic,False,1,model_and_predictions,1,0,full_replay,0.2,1930406,944567,9652030,9860,0.00011718700034180074,True,True,ok,True,0.06012924300011946,7,2,
case01-rep1,digits,1797,forest,parameters,deterministic,False,1,model_and_predictions,1,1,full_replay,0.2,1930406,944567,9652030,9860,0.00011718700034180074,True,True,ok,True,0.0654372220001278,7,2,
case01-rep1,digits,1797,forest,parameters,deterministic,False,1,model_and_predictions,1,2,full_replay,0.2,1930406,944567,9652030,9860,0.00011718700034180074,True,True,ok,True,0.06930045699982657,7,2,
case01-rep1,digits,1797,forest,parameters,deterministic,False,1,model_and_predictions,1,3,full_replay,0.2,1930406,944567,9652030,9860,0.00011718700034180074,True,True,ok,True,0.07077836899998147,7,2,
case01-rep1,digits,1797,forest,parameters,deterministic,False,1,model_and_predictions,1,4,full_replay,0.2,1930406,944567,9652030,9860,0.00011718700034180074,True,True,ok,True,0.06845192499986297,7,2,
case01-rep1,digits,1797,forest,parameters,deterministic,False,1,model_and_predictions,1,0,recoverability_v2,0.5,4826015,4756226,9652030,9860,0.004509510999923805,True,True,ok,True,0.0063822199999776785,0,2,
case01-rep1,digits,1797,forest,parameters,deterministic,False,1,model_and_predictions,1,1,recoverability_v2,0.5,4826015,4756226,9652030,9860,0.004509510999923805,True,True,ok,True,0.009396313000252121,0,2,
case01-rep1,digits,1797,forest,parameters,deterministic,False,1,model_and_predictions,1,2,recoverability_v2,0.5,4826015,4756226,9652030,9860,0.004509510999923805,True,True,ok,True,0.007425145999604865,0,2,
case01-rep1,digits,1797,forest,parameters,deterministic,False,1,model_and_predictions,1,3,recoverability_v2,0.5,4826015,4756226,9652030,9860,0.004509510999923805,True,True,ok,True,0.07150846299964542,4,5,
case01-rep1,digits,1797,forest,parameters,deterministic,False,1,model_and_predictions,1,4,recoverability_v2,0.5,4826015,4756226,9652030,9860,0.004509510999923805,True,True,ok,True,0.07460438799989788,4,5,
case01-rep1,digits,1797,forest,parameters,deterministic,False,1,model_and_predictions,1,0,full_replay,1.0,9652030,944567,9652030,9860,0.00020725400008814177,True,True,ok,True,0.0713438729999325,7,2,
case01-rep1,digits,1797,forest,parameters,deterministic,False,1,model_and_predictions,1,1,full_replay,1.0,9652030,944567,9652030,9860,0.00020725400008814177,True,True,ok,True,0.06657704300005207,7,2,
case01-rep1,digits,1797,forest,parameters,deterministic,False,1,model_and_predictions,1,2,full_replay,1.0,9652030,944567,9652030,9860,0.00020725400008814177,True,True,ok,True,0.06535978500005513,7,2,
case01-rep1,digits,1797,forest,parameters,deterministic,False,1,model_and_predictions,1,3,full_replay,1.0,9652030,944567,9652030,9860,0.00020725400008814177,True,True,ok,True,0.06732371099997181,7,2,
case01-rep1,digits,1797,forest,parameters,deterministic,False,1,model_and_predictions,1,4,full_replay,1.0,9652030,944567,9652030,9860,0.00020725400008814177,True,True,ok,True,0.07298567299994829,7,2,
case01-rep1,digits,1797,forest,parameters,deterministic,False,1,model_and_predictions,1,0,full_snapshot,0.5,4826015,9652030,9652030,9860,0.0002677550000953488,True,False,budget_exceeded,False,,0,0,not executed: budget/selection failure
case01-rep1,digits,1797,forest,parameters,deterministic,False,1,model_and_predictions,1,1,full_snapshot,0.5,4826015,9652030,9652030,9860,0.0002677550000953488,True,False,budget_exceeded,False,,0,0,not executed: budget/selection failure
case01-rep1,digits,1797,forest,parameters,deterministic,False,1,model_and_predictions,1,2,full_snapshot,0.5,4826015,9652030,9652030,9860,0.0002677550000953488,True,False,budget_exceeded,False,,0,0,not executed: budget/selection failure
case01-rep1,digits,1797,forest,parameters,deterministic,False,1,model_and_predictions,1,3,full_snapshot,0.5,4826015,9652030,9652030,9860,0.0002677550000953488,True,False,budget_exceeded,False,,0,0,not executed: budget/selection failure
case01-rep1,digits,1797,forest,parameters,deterministic,False,1,model_and_predictions,1,4,full_snapshot,0.5,4826015,9652030,9652030,9860,0.0002677550000953488,True,False,budget_exceeded,False,,0,0,not executed: budget/selection failure
case01-rep1,digits,1797,forest,parameters,deterministic,False,1,model_and_predictions,1,0,full_replay,0.1,965203,944567,9652030,9860,0.00011782800038417918,True,True,ok,True,0.06051735000028202,7,2,
case01-rep1,digits,1797,forest,parameters,deterministic,False,1,model_and_predictions,1,1,full_replay,0.1,965203,944567,9652030,9860,0.00011782800038417918,True,True,ok,True,0.0654861749999327,7,2,
case01-rep1,digits,1797,forest,parameters,deterministic,False,1,model_and_predictions,1,2,full_replay,0.1,965203,944567,9652030,9860,0.00011782800038417918,True,True,ok,True,0.06575830700012375,7,2,
case01-rep1,digits,1797,forest,parameters,deterministic,False,1,model_and_predictions,1,3,full_replay,0.1,965203,944567,9652030,9860,0.00011782800038417918,True,True,ok,True,0.06802434900009757,7,2,
case01-rep1,digits,1797,forest,parameters,deterministic,False,1,model_and_predictions,1,4,full_replay,0.1,965203,944567,9652030,9860,0.00011782800038417918,True,True,ok,True,0.07319088299982468,7,2,
case01-rep1,digits,1797,forest,parameters,deterministic,False,1,model_and_predictions,1,0,recoverability_v2,0.3,2895609,2534610,9652030,9860,0.00686157500012996,True,True,ok,True,0.06333901200014225,4,5,
case01-rep1,digits,1797,forest,parameters,deterministic,False,1,model_and_predictions,1,1,recoverability_v2,0.3,2895609,2534610,9652030,9860,0.00686157500012996,True,True,ok,True,0.0754044570003316,4,5,
case01-rep1,digits,1797,forest,parameters,deterministic,False,1,model_and_predictions,1,2,recoverability_v2,0.3,2895609,2534610,9652030,9860,0.00686157500012996,True,True,ok,True,0.006675834000361647,0,2,
case01-rep1,digits,1797,forest,parameters,deterministic,False,1,model_and_predictions,1,3,recoverability_v2,0.3,2895609,2534610,9652030,9860,0.00686157500012996,True,True,ok,True,0.06485098600023775,4,5,
case01-rep1,digits,1797,forest,parameters,deterministic,False,1,model_and_predictions,1,4,recoverability_v2,0.3,2895609,2534610,9652030,9860,0.00686157500012996,True,True,ok,True,0.0685861280003337,4,5,
case01-rep1,digits,1797,forest,parameters,deterministic,False,1,model_and_predictions,1,0,recoverability_v3,0.2,1930406,1140927,9652030,9860,0.006319716000234621,True,True,ok,True,0.061661478000132774,4,5,
case01-rep1,digits,1797,forest,parameters,deterministic,False,1,model_and_predictions,1,1,recoverability_v3,0.2,1930406,1140927,9652030,9860,0.006319716000234621,True,True,ok,True,0.060934309999993275,4,5,
case01-rep1,digits,1797,forest,parameters,deterministic,False,1,model_and_predictions,1,2,recoverability_v3,0.2,1930406,1140927,9652030,9860,0.006319716000234621,True,True,ok,True,0.06167099200001758,4,5,
case01-rep1,digits,1797,forest,parameters,deterministic,False,1,model_and_predictions,1,3,recoverability_v3,0.2,1930406,1140927,9652030,9860,0.006319716000234621,True,True,ok,True,0.0633600840001236,4,5,
case01-rep1,digits,1797,forest,parameters,deterministic,False,1,model_and_predictions,1,4,recoverability_v3,0.2,1930406,1140927,9652030,9860,0.006319716000234621,True,True,ok,True,0.06756878099986352,4,5,
case01-rep1,digits,1797,forest,parameters,deterministic,False,1,model_and_predictions,1,0,target_snapshots,0.3,2895609,7795914,9652030,9860,0.00029069899983369396,True,False,budget_exceeded,False,,0,0,not executed: budget/selection failure
case01-rep1,digits,1797,forest,parameters,deterministic,False,1,model_and_predictions,1,1,target_snapshots,0.3,2895609,7795914,9652030,9860,0.00029069899983369396,True,False,budget_exceeded,False,,0,0,not executed: budget/selection failure
case01-rep1,digits,1797,forest,parameters,deterministic,False,1,model_and_predictions,1,2,target_snapshots,0.3,2895609,7795914,9652030,9860,0.00029069899983369396,True,False,budget_exceeded,False,,0,0,not executed: budget/selection failure
case01-rep1,digits,1797,forest,parameters,deterministic,False,1,model_and_predictions,1,3,target_snapshots,0.3,2895609,7795914,9652030,9860,0.00029069899983369396,True,False,budget_exceeded,False,,0,0,not executed: budget/selection failure
case01-rep1,digits,1797,forest,parameters,deterministic,False,1,model_and_predictions,1,4,target_snapshots,0.3,2895609,7795914,9652030,9860,0.00029069899983369396,True,False,budget_exceeded,False,,0,0,not executed: budget/selection failure
case01-rep1,digits,1797,forest,parameters,deterministic,False,1,model_and_predictions,1,0,full_snapshot,1.0,9652030,9652030,9652030,9860,0.00011628499987637042,True,True,ok,True,0.004599006999796984,0,2,
case01-rep1,digits,1797,forest,parameters,deterministic,False,1,model_and_predictions,1,1,full_snapshot,1.0,9652030,9652030,9652030,9860,0.00011628499987637042,True,True,ok,True,0.0071366299998771865,0,2,
case01-rep1,digits,1797,forest,parameters,deterministic,False,1,model_and_predictions,1,2,full_snapshot,1.0,9652030,9652030,9652030,9860,0.00011628499987637042,True,True,ok,True,0.00616424999998344,0,2,
case01-rep1,digits,1797,forest,parameters,deterministic,False,1,model_and_predictions,1,3,full_snapshot,1.0,9652030,9652030,9652030,9860,0.00011628499987637042,True,True,ok,True,0.006878730000153155,0,2,
case01-rep1,digits,1797,forest,parameters,deterministic,False,1,model_and_predictions,1,4,full_snapshot,1.0,9652030,9652030,9652030,9860,0.00011628499987637042,True,True,ok,True,0.010412708999865572,0,2,
case01-rep1,digits,1797,forest,parameters,deterministic,False,1,model_and_predictions,1,0,target_snapshots,1.0,9652030,7795914,9652030,9860,0.0002727420001065184,True,True,ok,True,0.005481860000145389,0,2,
case01-rep1,digits,1797,forest,parameters,deterministic,False,1,model_and_predictions,1,1,target_snapshots,1.0,9652030,7795914,9652030,9860,0.0002727420001065184,True,True,ok,True,0.006648532000326668,0,2,
case01-rep1,digits,1797,forest,parameters,deterministic,False,1,model_and_predictions,1,2,target_snapshots,1.0,9652030,7795914,9652030,9860,0.0002727420001065184,True,True,ok,True,0.0060543949998645985,0,2,
case01-rep1,digits,1797,forest,parameters,deterministic,False,1,model_and_predictions,1,3,target_snapshots,1.0,9652030,7795914,9652030,9860,0.0002727420001065184,True,True,ok,True,0.0065533979995962,0,2,
case01-rep1,digits,1797,forest,parameters,deterministic,False,1,model_and_predictions,1,4,target_snapshots,1.0,9652030,7795914,9652030,9860,0.0002727420001065184,True,True,ok,True,0.006770656000298914,0,2,
case01-rep1,digits,1797,forest,parameters,deterministic,False,1,model_and_predictions,1,0,recoverability_v2,1.0,9652030,7795914,9652030,9860,0.00021431300001495401,True,True,ok,True,0.004769394000049942,0,2,
case01-rep1,digits,1797,forest,parameters,deterministic,False,1,model_and_predictions,1,1,recoverability_v2,1.0,9652030,7795914,9652030,9860,0.00021431300001495401,True,True,ok,True,0.00550937200023327,0,2,
case01-rep1,digits,1797,forest,parameters,deterministic,False,1,model_and_predictions,1,2,recoverability_v2,1.0,9652030,7795914,9652030,9860,0.00021431300001495401,True,True,ok,True,0.006298593999872537,0,2,
case01-rep1,digits,1797,forest,parameters,deterministic,False,1,model_and_predictions,1,3,recoverability_v2,1.0,9652030,7795914,9652030,9860,0.00021431300001495401,True,True,ok,True,0.006485256000360096,0,2,
case01-rep1,digits,1797,forest,parameters,deterministic,False,1,model_and_predictions,1,4,recoverability_v2,1.0,9652030,7795914,9652030,9860,0.00021431300001495401,True,True,ok,True,0.006655031999798666,0,2,
case01-rep1,digits,1797,forest,parameters,deterministic,False,1,model_and_predictions,1,0,target_snapshots,0.5,4826015,7795914,9652030,9860,0.0001989900001717615,True,False,budget_exceeded,False,,0,0,not executed: budget/selection failure
case01-rep1,digits,1797,forest,parameters,deterministic,False,1,model_and_predictions,1,1,target_snapshots,0.5,4826015,7795914,9652030,9860,0.0001989900001717615,True,False,budget_exceeded,False,,0,0,not executed: budget/selection failure
case01-rep1,digits,1797,forest,parameters,deterministic,False,1,model_and_predictions,1,2,target_snapshots,0.5,4826015,7795914,9652030,9860,0.0001989900001717615,True,False,budget_exceeded,False,,0,0,not executed: budget/selection failure
case01-rep1,digits,1797,forest,parameters,deterministic,False,1,model_and_predictions,1,3,target_snapshots,0.5,4826015,7795914,9652030,9860,0.0001989900001717615,True,False,budget_exceeded,False,,0,0,not executed: budget/selection failure
case01-rep1,digits,1797,forest,parameters,deterministic,False,1,model_and_predictions,1,4,target_snapshots,0.5,4826015,7795914,9652030,9860,0.0001989900001717615,True,False,budget_exceeded,False,,0,0,not executed: budget/selection failure
case01-rep1,digits,1797,forest,parameters,deterministic,False,1,model_and_predictions,1,0,target_snapshots,0.4,3860812,7795914,9652030,9860,0.00013429299997369526,True,False,budget_exceeded,False,,0,0,not executed: budget/selection failure
case01-rep1,digits,1797,forest,parameters,deterministic,False,1,model_and_predictions,1,1,target_snapshots,0.4,3860812,7795914,9652030,9860,0.00013429299997369526,True,False,budget_exceeded,False,,0,0,not executed: budget/selection failure
case01-rep1,digits,1797,forest,parameters,deterministic,False,1,model_and_predictions,1,2,target_snapshots,0.4,3860812,7795914,9652030,9860,0.00013429299997369526,True,False,budget_exceeded,False,,0,0,not executed: budget/selection failure
case01-rep1,digits,1797,forest,parameters,deterministic,False,1,model_and_predictions,1,3,target_snapshots,0.4,3860812,7795914,9652030,9860,0.00013429299997369526,True,False,budget_exceeded,False,,0,0,not executed: budget/selection failure
case01-rep1,digits,1797,forest,parameters,deterministic,False,1,model_and_predictions,1,4,target_snapshots,0.4,3860812,7795914,9652030,9860,0.00013429299997369526,True,False,budget_exceeded,False,,0,0,not executed: budget/selection failure
case01-rep1,digits,1797,forest,parameters,deterministic,False,1,model_and_predictions,1,0,full_snapshot,0.2,1930406,9652030,9652030,9860,0.00011676599979182356,True,False,budget_exceeded,False,,0,0,not executed: budget/selection failure
case01-rep1,digits,1797,forest,parameters,deterministic,False,1,model_and_predictions,1,1,full_snapshot,0.2,1930406,9652030,9652030,9860,0.00011676599979182356,True,False,budget_exceeded,False,,0,0,not executed: budget/selection failure
case01-rep1,digits,1797,forest,parameters,deterministic,False,1,model_and_predictions,1,2,full_snapshot,0.2,1930406,9652030,9652030,9860,0.00011676599979182356,True,False,budget_exceeded,False,,0,0,not executed: budget/selection failure
case01-rep1,digits,1797,forest,parameters,deterministic,False,1,model_and_predictions,1,3,full_snapshot,0.2,1930406,9652030,9652030,9860,0.00011676599979182356,True,False,budget_exceeded,False,,0,0,not executed: budget/selection failure
case01-rep1,digits,1797,forest,parameters,deterministic,False,1,model_and_predictions,1,4,full_snapshot,0.2,1930406,9652030,9652030,9860,0.00011676599979182356,True,False,budget_exceeded,False,,0,0,not executed: budget/selection failure
case01-rep1,digits,1797,forest,parameters,deterministic,False,1,model_and_predictions,1,0,full_replay,0.3,2895609,944567,9652030,9860,0.00011413199990784051,True,True,ok,True,0.06217402300035246,7,2,
case01-rep1,digits,1797,forest,parameters,deterministic,False,1,model_and_predictions,1,1,full_replay,0.3,2895609,944567,9652030,9860,0.00011413199990784051,True,True,ok,True,0.0733547009999711,7,2,
case01-rep1,digits,1797,forest,parameters,deterministic,False,1,model_and_predictions,1,2,full_replay,0.3,2895609,944567,9652030,9860,0.00011413199990784051,True,True,ok,True,0.06643878499971834,7,2,
case01-rep1,digits,1797,forest,parameters,deterministic,False,1,model_and_predictions,1,3,full_replay,0.3,2895609,944567,9652030,9860,0.00011413199990784051,True,True,ok,True,0.06880881400002181,7,2,
case01-rep1,digits,1797,forest,parameters,deterministic,False,1,model_and_predictions,1,4,full_replay,0.3,2895609,944567,9652030,9860,0.00011413199990784051,True,True,ok,True,0.06725364600015382,7,2,
case01-rep1,digits,1797,forest,parameters,deterministic,False,1,model_and_predictions,1,0,recoverability_v3,0.4,3860812,3521588,9652030,9860,0.012513251000200398,True,True,ok,True,0.004771437999806949,0,2,
case01-rep1,digits,1797,forest,parameters,deterministic,False,1,model_and_predictions,1,1,recoverability_v3,0.4,3860812,3521588,9652030,9860,0.012513251000200398,True,True,ok,True,0.06534212699989439,4,5,
case01-rep1,digits,1797,forest,parameters,deterministic,False,1,model_and_predictions,1,2,recoverability_v3,0.4,3860812,3521588,9652030,9860,0.012513251000200398,True,True,ok,True,0.00626647499984756,0,2,
case01-rep1,digits,1797,forest,parameters,deterministic,False,1,model_and_predictions,1,3,recoverability_v3,0.4,3860812,3521588,9652030,9860,0.012513251000200398,True,True,ok,True,0.06454083800008448,4,5,
case01-rep1,digits,1797,forest,parameters,deterministic,False,1,model_and_predictions,1,4,recoverability_v3,0.4,3860812,3521588,9652030,9860,0.012513251000200398,True,True,ok,True,0.06621269400011442,4,5,
case01-rep1,digits,1797,forest,parameters,deterministic,False,1,model_and_predictions,1,0,full_replay,0.5,4826015,944567,9652030,9860,0.00025083900027311756,True,True,ok,True,0.06531821199996557,7,2,
case01-rep1,digits,1797,forest,parameters,deterministic,False,1,model_and_predictions,1,1,full_replay,0.5,4826015,944567,9652030,9860,0.00025083900027311756,True,True,ok,True,0.06672812099986913,7,2,
case01-rep1,digits,1797,forest,parameters,deterministic,False,1,model_and_predictions,1,2,full_replay,0.5,4826015,944567,9652030,9860,0.00025083900027311756,True,True,ok,True,0.0736618749997433,7,2,
case01-rep1,digits,1797,forest,parameters,deterministic,False,1,model_and_predictions,1,3,full_replay,0.5,4826015,944567,9652030,9860,0.00025083900027311756,True,True,ok,True,0.06613007799978732,7,2,
case01-rep1,digits,1797,forest,parameters,deterministic,False,1,model_and_predictions,1,4,full_replay,0.5,4826015,944567,9652030,9860,0.00025083900027311756,True,True,ok,True,0.07993904600016322,7,2,
case01-rep1,digits,1797,forest,parameters,deterministic,False,1,model_and_predictions,1,0,recoverability_v3,0.1,965203,960277,9652030,9860,0.0028217520002726815,True,True,ok,True,0.06754266699999789,5,4,
case01-rep1,digits,1797,forest,parameters,deterministic,False,1,model_and_predictions,1,1,recoverability_v3,0.1,965203,960277,9652030,9860,0.0028217520002726815,True,True,ok,True,0.06677652500002296,5,4,
case01-rep1,digits,1797,forest,parameters,deterministic,False,1,model_and_predictions,1,2,recoverability_v3,0.1,965203,960277,9652030,9860,0.0028217520002726815,True,True,ok,True,0.06756170099970404,5,4,
case01-rep1,digits,1797,forest,parameters,deterministic,False,1,model_and_predictions,1,3,recoverability_v3,0.1,965203,960277,9652030,9860,0.0028217520002726815,True,True,ok,True,0.07128021699963938,5,4,
case01-rep1,digits,1797,forest,parameters,deterministic,False,1,model_and_predictions,1,4,recoverability_v3,0.1,965203,960277,9652030,9860,0.0028217520002726815,True,True,ok,True,0.06928888899983576,5,4,
case01-rep2,digits,1797,forest,parameters,deterministic,False,1,model_and_predictions,2,0,recoverability_v2,0.2,1916501,1140922,9582505,9855,0.005600249000053736,True,True,ok,True,0.05771436699978949,4,5,
case01-rep2,digits,1797,forest,parameters,deterministic,False,1,model_and_predictions,2,1,recoverability_v2,0.2,1916501,1140922,9582505,9855,0.005600249000053736,True,True,ok,True,0.06270052699983353,4,5,
case01-rep2,digits,1797,forest,parameters,deterministic,False,1,model_and_predictions,2,2,recoverability_v2,0.2,1916501,1140922,9582505,9855,0.005600249000053736,True,True,ok,True,0.06369766399984655,4,5,
case01-rep2,digits,1797,forest,parameters,deterministic,False,1,model_and_predictions,2,3,recoverability_v2,0.2,1916501,1140922,9582505,9855,0.005600249000053736,True,True,ok,True,0.06725533299959352,4,5,
case01-rep2,digits,1797,forest,parameters,deterministic,False,1,model_and_predictions,2,4,recoverability_v2,0.2,1916501,1140922,9582505,9855,0.005600249000053736,True,True,ok,True,0.06478299299988066,4,5,
case01-rep2,digits,1797,forest,parameters,deterministic,False,1,model_and_predictions,2,0,recoverability_v3,0.5,4791252,4790841,9582505,9855,0.006611705999603146,True,True,ok,True,0.004387776999919879,0,2,
case01-rep2,digits,1797,forest,parameters,deterministic,False,1,model_and_predictions,2,1,recoverability_v3,0.5,4791252,4790841,9582505,9855,0.006611705999603146,True,True,ok,True,0.0051294479999342,0,2,
case01-rep2,digits,1797,forest,parameters,deterministic,False,1,model_and_predictions,2,2,recoverability_v3,0.5,4791252,4790841,9582505,9855,0.006611705999603146,True,True,ok,True,0.06123878900007185,5,4,
case01-rep2,digits,1797,forest,parameters,deterministic,False,1,model_and_predictions,2,3,recoverability_v3,0.5,4791252,4790841,9582505,9855,0.006611705999603146,True,True,ok,True,0.006259896000301524,0,2,
case01-rep2,digits,1797,forest,parameters,deterministic,False,1,model_and_predictions,2,4,recoverability_v3,0.5,4791252,4790841,9582505,9855,0.006611705999603146,True,True,ok,True,0.061723011000140104,5,4,
case01-rep2,digits,1797,forest,parameters,deterministic,False,1,model_and_predictions,2,0,full_replay,0.3,2874751,944562,9582505,9855,0.0003049099996133009,True,True,ok,True,0.0592340719999811,7,2,
case01-rep2,digits,1797,forest,parameters,deterministic,False,1,model_and_predictions,2,1,full_replay,0.3,2874751,944562,9582505,9855,0.0003049099996133009,True,True,ok,True,0.062101863999942,7,2,
case01-rep2,digits,1797,forest,parameters,deterministic,False,1,model_and_predictions,2,2,full_replay,0.3,2874751,944562,9582505,9855,0.0003049099996133009,True,True,ok,True,0.06381634299987127,7,2,
case01-rep2,digits,1797,forest,parameters,deterministic,False,1,model_and_predictions,2,3,full_replay,0.3,2874751,944562,9582505,9855,0.0003049099996133009,True,True,ok,True,0.06507532500017987,7,2,
case01-rep2,digits,1797,forest,parameters,deterministic,False,1,model_and_predictions,2,4,full_replay,0.3,2874751,944562,9582505,9855,0.0003049099996133009,True,True,ok,True,0.0651176689998465,7,2,
case01-rep2,digits,1797,forest,parameters,deterministic,False,1,model_and_predictions,2,0,recoverability_v2,0.3,2874751,2631373,9582505,9855,0.007774843999868608,True,True,ok,True,0.056847936999929516,4,5,
case01-rep2,digits,1797,forest,parameters,deterministic,False,1,model_and_predictions,2,1,recoverability_v2,0.3,2874751,2631373,9582505,9855,0.007774843999868608,True,True,ok,True,0.06027946099993642,4,5,
case01-rep2,digits,1797,forest,parameters,deterministic,False,1,model_and_predictions,2,2,recoverability_v2,0.3,2874751,2631373,9582505,9855,0.007774843999868608,True,True,ok,True,0.06359447800014095,4,5,
case01-rep2,digits,1797,forest,parameters,deterministic,False,1,model_and_predictions,2,3,recoverability_v2,0.3,2874751,2631373,9582505,9855,0.007774843999868608,True,True,ok,True,0.006592247000298812,0,2,
case01-rep2,digits,1797,forest,parameters,deterministic,False,1,model_and_predictions,2,4,recoverability_v2,0.3,2874751,2631373,9582505,9855,0.007774843999868608,True,True,ok,True,0.06552573499993741,4,5,
case01-rep2,digits,1797,forest,parameters,deterministic,False,1,model_and_predictions,2,0,recoverability_v3,0.1,958250,945740,9582505,9855,0.002475939999840193,True,True,ok,True,0.060263215999839304,6,3,
case01-rep2,digits,1797,forest,parameters,deterministic,False,1,model_and_predictions,2,1,recoverability_v3,0.1,958250,945740,9582505,9855,0.002475939999840193,True,True,ok,True,0.06467086299971925,6,3,
case01-rep2,digits,1797,forest,parameters,deterministic,False,1,model_and_predictions,2,2,recoverability_v3,0.1,958250,945740,9582505,9855,0.002475939999840193,True,True,ok,True,0.06484381500013114,6,3,
case01-rep2,digits,1797,forest,parameters,deterministic,False,1,model_and_predictions,2,3,recoverability_v3,0.1,958250,945740,9582505,9855,0.002475939999840193,True,True,ok,True,0.06656679800016718,6,3,
case01-rep2,digits,1797,forest,parameters,deterministic,False,1,model_and_predictions,2,4,recoverability_v3,0.1,958250,945740,9582505,9855,0.002475939999840193,True,True,ok,True,0.06605356199997914,6,3,
case01-rep2,digits,1797,forest,parameters,deterministic,False,1,model_and_predictions,2,0,target_snapshots,0.2,1916501,7726389,9582505,9855,0.00020641200035242946,True,False,budget_exceeded,False,,0,0,not executed: budget/selection failure
case01-rep2,digits,1797,forest,parameters,deterministic,False,1,model_and_predictions,2,1,target_snapshots,0.2,1916501,7726389,9582505,9855,0.00020641200035242946,True,False,budget_exceeded,False,,0,0,not executed: budget/selection failure
case01-rep2,digits,1797,forest,parameters,deterministic,False,1,model_and_predictions,2,2,target_snapshots,0.2,1916501,7726389,9582505,9855,0.00020641200035242946,True,False,budget_exceeded,False,,0,0,not executed: budget/selection failure
case01-rep2,digits,1797,forest,parameters,deterministic,False,1,model_and_predictions,2,3,target_snapshots,0.2,1916501,7726389,9582505,9855,0.00020641200035242946,True,False,budget_exceeded,False,,0,0,not executed: budget/selection failure
case01-rep2,digits,1797,forest,parameters,deterministic,False,1,model_and_predictions,2,4,target_snapshots,0.2,1916501,7726389,9582505,9855,0.00020641200035242946,True,False,budget_exceeded,False,,0,0,not executed: budget/selection failure
case01-rep2,digits,1797,forest,parameters,deterministic,False,1,model_and_predictions,2,0,full_snapshot,0.2,1916501,9582505,9582505,9855,0.00022529100033352734,True,False,budget_exceeded,False,,0,0,not executed: budget/selection failure
case01-rep2,digits,1797,forest,parameters,deterministic,False,1,model_and_predictions,2,1,full_snapshot,0.2,1916501,9582505,9582505,9855,0.00022529100033352734,True,False,budget_exceeded,False,,0,0,not executed: budget/selection failure
case01-rep2,digits,1797,forest,parameters,deterministic,False,1,model_and_predictions,2,2,full_snapshot,0.2,1916501,9582505,9582505,9855,0.00022529100033352734,True,False,budget_exceeded,False,,0,0,not executed: budget/selection failure
case01-rep2,digits,1797,forest,parameters,deterministic,False,1,model_and_predictions,2,3,full_snapshot,0.2,1916501,9582505,9582505,9855,0.00022529100033352734,True,False,budget_exceeded,False,,0,0,not executed: budget/selection failure
case01-rep2,digits,1797,forest,parameters,deterministic,False,1,model_and_predictions,2,4,full_snapshot,0.2,1916501,9582505,9582505,9855,0.00022529100033352734,True,False,budget_exceeded,False,,0,0,not executed: budget/selection failure
case01-rep2,digits,1797,forest,parameters,deterministic,False,1,model_and_predictions,2,0,recoverability_v2,0.4,3833002,3828787,9582505,9855,0.05293753199975981,True,True,ok,True,0.059496999999737454,4,5,
case01-rep2,digits,1797,forest,parameters,deterministic,False,1,model_and_predictions,2,1,recoverability_v2,0.4,3833002,3828787,9582505,9855,0.05293753199975981,True,True,ok,True,0.005943517000105203,0,2,
case01-rep2,digits,1797,forest,parameters,deterministic,False,1,model_and_predictions,2,2,recoverability_v2,0.4,3833002,3828787,9582505,9855,0.05293753199975981,True,True,ok,True,0.06548624600009134,4,5,
case01-rep2,digits,1797,forest,parameters,deterministic,False,1,model_and_predictions,2,3,recoverability_v2,0.4,3833002,3828787,9582505,9855,0.05293753199975981,True,True,ok,True,0.006558435999977519,0,2,
case01-rep2,digits,1797,forest,parameters,deterministic,False,1,model_and_predictions,2,4,recoverability_v2,0.4,3833002,3828787,9582505,9855,0.05293753199975981,True,True,ok,True,0.06521922199999608,4,5,
case01-rep2,digits,1797,forest,parameters,deterministic,False,1,model_and_predictions,2,0,full_replay,0.5,4791252,944562,9582505,9855,0.0001953350001713261,True,True,ok,True,0.06060185800015461,7,2,
case01-rep2,digits,1797,forest,parameters,deterministic,False,1,model_and_predictions,2,1,full_replay,0.5,4791252,944562,9582505,9855,0.0001953350001713261,True,True,ok,True,0.0628585459999158,7,2,
case01-rep2,digits,1797,forest,parameters,deterministic,False,1,model_and_predictions,2,2,full_replay,0.5,4791252,944562,9582505,9855,0.0001953350001713261,True,True,ok,True,0.06581539199987674,7,2,
case01-rep2,digits,1797,forest,parameters,deterministic,False,1,model_and_predictions,2,3,full_replay,0.5,4791252,944562,9582505,9855,0.0001953350001713261,True,True,ok,True,0.07358506899981876,7,2,
case01-rep2,digits,1797,forest,parameters,deterministic,False,1,model_and_predictions,2,4,full_replay,0.5,4791252,944562,9582505,9855,0.0001953350001713261,True,True,ok,True,0.07165317099997992,7,2,
case01-rep2,digits,1797,forest,parameters,deterministic,False,1,model_and_predictions,2,0,target_snapshots,0.4,3833002,7726389,9582505,9855,0.00020747300004586577,True,False,budget_exceeded,False,,0,0,not executed: budget/selection failure
case01-rep2,digits,1797,forest,parameters,deterministic,False,1,model_and_predictions,2,1,target_snapshots,0.4,3833002,7726389,9582505,9855,0.00020747300004586577,True,False,budget_exceeded,False,,0,0,not executed: budget/selection failure
case01-rep2,digits,1797,forest,parameters,deterministic,False,1,model_and_predictions,2,2,target_snapshots,0.4,3833002,7726389,9582505,9855,0.00020747300004586577,True,False,budget_exceeded,False,,0,0,not executed: budget/selection failure
case01-rep2,digits,1797,forest,parameters,deterministic,False,1,model_and_predictions,2,3,target_snapshots,0.4,3833002,7726389,9582505,9855,0.00020747300004586577,True,False,budget_exceeded,False,,0,0,not executed: budget/selection failure
case01-rep2,digits,1797,forest,parameters,deterministic,False,1,model_and_predictions,2,4,target_snapshots,0.4,3833002,7726389,9582505,9855,0.00020747300004586577,True,False,budget_exceeded,False,,0,0,not executed: budget/selection failure
case01-rep2,digits,1797,forest,parameters,deterministic,False,1,model_and_predictions,2,0,full_snapshot,0.1,958250,9582505,9582505,9855,0.00011400199991840054,True,False,budget_exceeded,False,,0,0,not executed: budget/selection failure
case01-rep2,digits,1797,forest,parameters,deterministic,False,1,model_and_predictions,2,1,full_snapshot,0.1,958250,9582505,9582505,9855,0.00011400199991840054,True,False,budget_exceeded,False,,0,0,not executed: budget/selection failure
case01-rep2,digits,1797,forest,parameters,deterministic,False,1,model_and_predictions,2,2,full_snapshot,0.1,958250,9582505,9582505,9855,0.00011400199991840054,True,False,budget_exceeded,False,,0,0,not executed: budget/selection failure
case01-rep2,digits,1797,forest,parameters,deterministic,False,1,model_and_predictions,2,3,full_snapshot,0.1,958250,9582505,9582505,9855,0.00011400199991840054,True,False,budget_exceeded,False,,0,0,not executed: budget/selection failure
case01-rep2,digits,1797,forest,parameters,deterministic,False,1,model_and_predictions,2,4,full_snapshot,0.1,958250,9582505,9582505,9855,0.00011400199991840054,True,False,budget_exceeded,False,,0,0,not executed: budget/selection failure
case01-rep2,digits,1797,forest,parameters,deterministic,False,1,model_and_predictions,2,0,recoverability_v3,0.2,1916501,1140922,9582505,9855,0.010215549999884388,True,True,ok,True,0.06103329000006852,4,5,
case01-rep2,digits,1797,forest,parameters,deterministic,False,1,model_and_predictions,2,1,recoverability_v3,0.2,1916501,1140922,9582505,9855,0.010215549999884388,True,True,ok,True,0.0665193370000452,4,5,
case01-rep2,digits,1797,forest,parameters,deterministic,False,1,model_and_predictions,2,2,recoverability_v3,0.2,1916501,1140922,9582505,9855,0.010215549999884388,True,True,ok,True,0.07084164500020051,4,5,
case01-rep2,digits,1797,forest,parameters,deterministic,False,1,model_and_predictions,2,3,recoverability_v3,0.2,1916501,1140922,9582505,9855,0.010215549999884388,True,True,ok,True,0.06500116300003356,4,5,
case01-rep2,digits,1797,forest,parameters,deterministic,False,1,model_and_predictions,2,4,recoverability_v3,0.2,1916501,1140922,9582505,9855,0.010215549999884388,True,True,ok,True,0.0657250459998977,4,5,
case01-rep2,digits,1797,forest,parameters,deterministic,False,1,model_and_predictions,2,0,full_replay,0.4,3833002,944562,9582505,9855,0.000200143000256503,True,True,ok,True,0.06095287800008009,7,2,
case01-rep2,digits,1797,forest,parameters,deterministic,False,1,model_and_predictions,2,1,full_replay,0.4,3833002,944562,9582505,9855,0.000200143000256503,True,True,ok,True,0.0646793969999635,7,2,
case01-rep2,digits,1797,forest,parameters,deterministic,False,1,model_and_predictions,2,2,full_replay,0.4,3833002,944562,9582505,9855,0.000200143000256503,True,True,ok,True,0.0680128720000539,7,2,
case01-rep2,digits,1797,forest,parameters,deterministic,False,1,model_and_predictions,2,3,full_replay,0.4,3833002,944562,9582505,9855,0.000200143000256503,True,True,ok,True,0.0701073259997429,7,2,
case01-rep2,digits,1797,forest,parameters,deterministic,False,1,model_and_predictions,2,4,full_replay,0.4,3833002,944562,9582505,9855,0.000200143000256503,True,True,ok,True,0.06891860999985511,7,2,
case01-rep2,digits,1797,forest,parameters,deterministic,False,1,model_and_predictions,2,0,full_snapshot,1.0,9582505,9582505,9582505,9855,0.00020055300001331489,True,True,ok,True,0.004502021000007517,0,2,
case01-rep2,digits,1797,forest,parameters,deterministic,False,1,model_and_predictions,2,1,full_snapshot,1.0,9582505,9582505,9582505,9855,0.00020055300001331489,True,True,ok,True,0.005375920000005863,0,2,
case01-rep2,digits,1797,forest,parameters,deterministic,False,1,model_and_predictions,2,2,full_snapshot,1.0,9582505,9582505,9582505,9855,0.00020055300001331489,True,True,ok,True,0.006843306000064331,0,2,
case01-rep2,digits,1797,forest,parameters,deterministic,False,1,model_and_predictions,2,3,full_snapshot,1.0,9582505,9582505,9582505,9855,0.00020055300001331489,True,True,ok,True,0.0067323890002626285,0,2,
case01-rep2,digits,1797,forest,parameters,deterministic,False,1,model_and_predictions,2,4,full_snapshot,1.0,9582505,9582505,9582505,9855,0.00020055300001331489,True,True,ok,True,0.007076909000261367,0,2,
case01-rep2,digits,1797,forest,parameters,deterministic,False,1,model_and_predictions,2,0,full_replay,0.1,958250,944562,9582505,9855,0.0002014650003729912,True,True,ok,True,0.06177438900022025,7,2,
case01-rep2,digits,1797,forest,parameters,deterministic,False,1,model_and_predictions,2,1,full_replay,0.1,958250,944562,9582505,9855,0.0002014650003729912,True,True,ok,True,0.06648024699961752,7,2,
case01-rep2,digits,1797,forest,parameters,deterministic,False,1,model_and_predictions,2,2,full_replay,0.1,958250,944562,9582505,9855,0.0002014650003729912,True,True,ok,True,0.07506535499987876,7,2,
case01-rep2,digits,1797,forest,parameters,deterministic,False,1,model_and_predictions,2,3,full_replay,0.1,958250,944562,9582505,9855,0.0002014650003729912,True,True,ok,True,0.07045321199984755,7,2,
case01-rep2,digits,1797,forest,parameters,deterministic,False,1,model_and_predictions,2,4,full_replay,0.1,958250,944562,9582505,9855,0.0002014650003729912,True,True,ok,True,0.0717851790000168,7,2,
case01-rep2,digits,1797,forest,parameters,deterministic,False,1,model_and_predictions,2,0,full_snapshot,0.4,3833002,9582505,9582505,9855,0.00019724699996004347,True,False,budget_exceeded,False,,0,0,not executed: budget/selection failure
case01-rep2,digits,1797,forest,parameters,deterministic,False,1,model_and_predictions,2,1,full_snapshot,0.4,3833002,9582505,9582505,9855,0.00019724699996004347,True,False,budget_exceeded,False,,0,0,not executed: budget/selection failure
case01-rep2,digits,1797,forest,parameters,deterministic,False,1,model_and_predictions,2,2,full_snapshot,0.4,3833002,9582505,9582505,9855,0.00019724699996004347,True,False,budget_exceeded,False,,0,0,not executed: budget/selection failure
case01-rep2,digits,1797,forest,parameters,deterministic,False,1,model_and_predictions,2,3,full_snapshot,0.4,3833002,9582505,9582505,9855,0.00019724699996004347,True,False,budget_exceeded,False,,0,0,not executed: budget/selection failure
case01-rep2,digits,1797,forest,parameters,deterministic,False,1,model_and_predictions,2,4,full_snapshot,0.4,3833002,9582505,9582505,9855,0.00019724699996004347,True,False,budget_exceeded,False,,0,0,not executed: budget/selection failure
case01-rep2,digits,1797,forest,parameters,deterministic,False,1,model_and_predictions,2,0,full_snapshot,0.5,4791252,9582505,9582505,9855,0.00011721700002453872,True,False,budget_exceeded,False,,0,0,not executed: budget/selection failure
case01-rep2,digits,1797,forest,parameters,deterministic,False,1,model_and_predictions,2,1,full_snapshot,0.5,4791252,9582505,9582505,9855,0.00011721700002453872,True,False,budget_exceeded,False,,0,0,not executed: budget/selection failure
case01-rep2,digits,1797,forest,parameters,deterministic,False,1,model_and_predictions,2,2,full_snapshot,0.5,4791252,9582505,9582505,9855,0.00011721700002453872,True,False,budget_exceeded,False,,0,0,not executed: budget/selection failure
case01-rep2,digits,1797,forest,parameters,deterministic,False,1,model_and_predictions,2,3,full_snapshot,0.5,4791252,9582505,9582505,9855,0.00011721700002453872,True,False,budget_exceeded,False,,0,0,not executed: budget/selection failure
case01-rep2,digits,1797,forest,parameters,deterministic,False,1,model_and_predictions,2,4,full_snapshot,0.5,4791252,9582505,9582505,9855,0.00011721700002453872,True,False,budget_exceeded,False,,0,0,not executed: budget/selection failure
case01-rep2,digits,1797,forest,parameters,deterministic,False,1,model_and_predictions,2,0,full_snapshot,0.3,2874751,9582505,9582505,9855,0.00012628100012079813,True,False,budget_exceeded,False,,0,0,not executed: budget/selection failure
case01-rep2,digits,1797,forest,parameters,deterministic,False,1,model_and_predictions,2,1,full_snapshot,0.3,2874751,9582505,9582505,9855,0.00012628100012079813,True,False,budget_exceeded,False,,0,0,not executed: budget/selection failure
case01-rep2,digits,1797,forest,parameters,deterministic,False,1,model_and_predictions,2,2,full_snapshot,0.3,2874751,9582505,9582505,9855,0.00012628100012079813,True,False,budget_exceeded,False,,0,0,not executed: budget/selection failure
case01-rep2,digits,1797,forest,parameters,deterministic,False,1,model_and_predictions,2,3,full_snapshot,0.3,2874751,9582505,9582505,9855,0.00012628100012079813,True,False,budget_exceeded,False,,0,0,not executed: budget/selection failure
case01-rep2,digits,1797,forest,parameters,deterministic,False,1,model_and_predictions,2,4,full_snapshot,0.3,2874751,9582505,9582505,9855,0.00012628100012079813,True,False,budget_exceeded,False,,0,0,not executed: budget/selection failure
case01-rep2,digits,1797,forest,parameters,deterministic,False,1,model_and_predictions,2,0,recoverability_v2,1.0,9582505,7726389,9582505,9855,0.0001357749997623614,True,True,ok,True,0.005297031000282004,0,2,
case01-rep2,digits,1797,forest,parameters,deterministic,False,1,model_and_predictions,2,1,recoverability_v2,1.0,9582505,7726389,9582505,9855,0.0001357749997623614,True,True,ok,True,0.005483101999743667,0,2,
case01-rep2,digits,1797,forest,parameters,deterministic,False,1,model_and_predictions,2,2,recoverability_v2,1.0,9582505,7726389,9582505,9855,0.0001357749997623614,True,True,ok,True,0.006265964000249369,0,2,
case01-rep2,digits,1797,forest,parameters,deterministic,False,1,model_and_predictions,2,3,recoverability_v2,1.0,9582505,7726389,9582505,9855,0.0001357749997623614,True,True,ok,True,0.006701353000153176,0,2,
case01-rep2,digits,1797,forest,parameters,deterministic,False,1,model_and_predictions,2,4,recoverability_v2,1.0,9582505,7726389,9582505,9855,0.0001357749997623614,True,True,ok,True,0.007336041000144178,0,2,
case01-rep2,digits,1797,forest,parameters,deterministic,False,1,model_and_predictions,2,0,target_snapshots,0.3,2874751,7726389,9582505,9855,0.0002923110000665474,True,False,budget_exceeded,False,,0,0,not executed: budget/selection failure
case01-rep2,digits,1797,forest,parameters,deterministic,False,1,model_and_predictions,2,1,target_snapshots,0.3,2874751,7726389,9582505,9855,0.0002923110000665474,True,False,budget_exceeded,False,,0,0,not executed: budget/selection failure
case01-rep2,digits,1797,forest,parameters,deterministic,False,1,model_and_predictions,2,2,target_snapshots,0.3,2874751,7726389,9582505,9855,0.0002923110000665474,True,False,budget_exceeded,False,,0,0,not executed: budget/selection failure
case01-rep2,digits,1797,forest,parameters,deterministic,False,1,model_and_predictions,2,3,target_snapshots,0.3,2874751,7726389,9582505,9855,0.0002923110000665474,True,False,budget_exceeded,False,,0,0,not executed: budget/selection failure
case01-rep2,digits,1797,forest,parameters,deterministic,False,1,model_and_predictions,2,4,target_snapshots,0.3,2874751,7726389,9582505,9855,0.0002923110000665474,True,False,budget_exceeded,False,,0,0,not executed: budget/selection failure
case01-rep2,digits,1797,forest,parameters,deterministic,False,1,model_and_predictions,2,0,recoverability_v2,0.1,958250,945740,9582505,9855,0.0028550530000757135,True,True,ok,True,0.0611665900000844,6,3,
case01-rep2,digits,1797,forest,parameters,deterministic,False,1,model_and_predictions,2,1,recoverability_v2,0.1,958250,945740,9582505,9855,0.0028550530000757135,True,True,ok,True,0.06449851299976217,6,3,
case01-rep2,digits,1797,forest,parameters,deterministic,False,1,model_and_predictions,2,2,recoverability_v2,0.1,958250,945740,9582505,9855,0.0028550530000757135,True,True,ok,True,0.06747132400005285,6,3,
case01-rep2,digits,1797,forest,parameters,deterministic,False,1,model_and_predictions,2,3,recoverability_v2,0.1,958250,945740,9582505,9855,0.0028550530000757135,True,True,ok,True,0.06992607099982706,6,3,
case01-rep2,digits,1797,forest,parameters,deterministic,False,1,model_and_predictions,2,4,recoverability_v2,0.1,958250,945740,9582505,9855,0.0028550530000757135,True,True,ok,True,0.07113579899987599,6,3,
case01-rep2,digits,1797,forest,parameters,deterministic,False,1,model_and_predictions,2,0,recoverability_v3,0.4,3833002,3828787,9582505,9855,0.021092128999953275,True,True,ok,True,0.08012893299974166,4,5,
case01-rep2,digits,1797,forest,parameters,deterministic,False,1,model_and_predictions,2,1,recoverability_v3,0.4,3833002,3828787,9582505,9855,0.021092128999953275,True,True,ok,True,0.006825890000072832,0,2,
case01-rep2,digits,1797,forest,parameters,deterministic,False,1,model_and_predictions,2,2,recoverability_v3,0.4,3833002,3828787,9582505,9855,0.021092128999953275,True,True,ok,True,0.07636030999992727,4,5,
case01-rep2,digits,1797,forest,parameters,deterministic,False,1,model_and_predictions,2,3,recoverability_v3,0.4,3833002,3828787,9582505,9855,0.021092128999953275,True,True,ok,True,0.007264613000188547,0,2,
case01-rep2,digits,1797,forest,parameters,deterministic,False,1,model_and_predictions,2,4,recoverability_v3,0.4,3833002,3828787,9582505,9855,0.021092128999953275,True,True,ok,True,0.07193368399975952,4,5,
case01-rep2,digits,1797,forest,parameters,deterministic,False,1,model_and_predictions,2,0,target_snapshots,0.1,958250,7726389,9582505,9855,0.0002171979999729956,True,False,budget_exceeded,False,,0,0,not executed: budget/selection failure
case01-rep2,digits,1797,forest,parameters,deterministic,False,1,model_and_predictions,2,1,target_snapshots,0.1,958250,7726389,9582505,9855,0.0002171979999729956,True,False,budget_exceeded,False,,0,0,not executed: budget/selection failure
case01-rep2,digits,1797,forest,parameters,deterministic,False,1,model_and_predictions,2,2,target_snapshots,0.1,958250,7726389,9582505,9855,0.0002171979999729956,True,False,budget_exceeded,False,,0,0,not executed: budget/selection failure
case01-rep2,digits,1797,forest,parameters,deterministic,False,1,model_and_predictions,2,3,target_snapshots,0.1,958250,7726389,9582505,9855,0.0002171979999729956,True,False,budget_exceeded,False,,0,0,not executed: budget/selection failure
case01-rep2,digits,1797,forest,parameters,deterministic,False,1,model_and_predictions,2,4,target_snapshots,0.1,958250,7726389,9582505,9855,0.0002171979999729956,True,False,budget_exceeded,False,,0,0,not executed: budget/selection failure
case01-rep2,digits,1797,forest,parameters,deterministic,False,1,model_and_predictions,2,0,full_replay,1.0,9582505,944562,9582505,9855,0.00011665600004562293,True,True,ok,True,0.06597729600025559,7,2,
case01-rep2,digits,1797,forest,parameters,deterministic,False,1,model_and_predictions,2,1,full_replay,1.0,9582505,944562,9582505,9855,0.00011665600004562293,True,True,ok,True,0.06809554599976764,7,2,
case01-rep2,digits,1797,forest,parameters,deterministic,False,1,model_and_predictions,2,2,full_replay,1.0,9582505,944562,9582505,9855,0.00011665600004562293,True,True,ok,True,0.0756721610000568,7,2,
case01-rep2,digits,1797,forest,parameters,deterministic,False,1,model_and_predictions,2,3,full_replay,1.0,9582505,944562,9582505,9855,0.00011665600004562293,True,True,ok,True,0.07508389199983867,7,2,
case01-rep2,digits,1797,forest,parameters,deterministic,False,1,model_and_predictions,2,4,full_replay,1.0,9582505,944562,9582505,9855,0.00011665600004562293,True,True,ok,True,0.08748762200002602,7,2,
case01-rep2,digits,1797,forest,parameters,deterministic,False,1,model_and_predictions,2,0,full_replay,0.2,1916501,944562,9582505,9855,0.00020531000018308987,True,True,ok,True,0.08820734400023866,7,2,
case01-rep2,digits,1797,forest,parameters,deterministic,False,1,model_and_predictions,2,1,full_replay,0.2,1916501,944562,9582505,9855,0.00020531000018308987,True,True,ok,True,0.06282560600038778,7,2,
case01-rep2,digits,1797,forest,parameters,deterministic,False,1,model_and_predictions,2,2,full_replay,0.2,1916501,944562,9582505,9855,0.00020531000018308987,True,True,ok,True,0.08344593099991471,7,2,
case01-rep2,digits,1797,forest,parameters,deterministic,False,1,model_and_predictions,2,3,full_replay,0.2,1916501,944562,9582505,9855,0.00020531000018308987,True,True,ok,True,0.0705380750000586,7,2,
case01-rep2,digits,1797,forest,parameters,deterministic,False,1,model_and_predictions,2,4,full_replay,0.2,1916501,944562,9582505,9855,0.00020531000018308987,True,True,ok,True,0.06921366500000659,7,2,
case01-rep2,digits,1797,forest,parameters,deterministic,False,1,model_and_predictions,2,0,target_snapshots,1.0,9582505,7726389,9582505,9855,0.00031094999985725735,True,True,ok,True,0.005065271000148641,0,2,
case01-rep2,digits,1797,forest,parameters,deterministic,False,1,model_and_predictions,2,1,target_snapshots,1.0,9582505,7726389,9582505,9855,0.00031094999985725735,True,True,ok,True,0.0054854549998708535,0,2,
case01-rep2,digits,1797,forest,parameters,deterministic,False,1,model_and_predictions,2,2,target_snapshots,1.0,9582505,7726389,9582505,9855,0.00031094999985725735,True,True,ok,True,0.006251853999856394,0,2,
case01-rep2,digits,1797,forest,parameters,deterministic,False,1,model_and_predictions,2,3,target_snapshots,1.0,9582505,7726389,9582505,9855,0.00031094999985725735,True,True,ok,True,0.010446368999964761,0,2,
case01-rep2,digits,1797,forest,parameters,deterministic,False,1,model_and_predictions,2,4,target_snapshots,1.0,9582505,7726389,9582505,9855,0.00031094999985725735,True,True,ok,True,0.007596704000206955,0,2,
case01-rep2,digits,1797,forest,parameters,deterministic,False,1,model_and_predictions,2,0,recoverability_v3,1.0,9582505,7726389,9582505,9855,0.0002561969999987923,True,True,ok,True,0.004704194999703759,0,2,
case01-rep2,digits,1797,forest,parameters,deterministic,False,1,model_and_predictions,2,1,recoverability_v3,1.0,9582505,7726389,9582505,9855,0.0002561969999987923,True,True,ok,True,0.006010608999986289,0,2,
case01-rep2,digits,1797,forest,parameters,deterministic,False,1,model_and_predictions,2,2,recoverability_v3,1.0,9582505,7726389,9582505,9855,0.0002561969999987923,True,True,ok,True,0.006857779000256414,0,2,
case01-rep2,digits,1797,forest,parameters,deterministic,False,1,model_and_predictions,2,3,recoverability_v3,1.0,9582505,7726389,9582505,9855,0.0002561969999987923,True,True,ok,True,0.007090759999755392,0,2,
case01-rep2,digits,1797,forest,parameters,deterministic,False,1,model_and_predictions,2,4,recoverability_v3,1.0,9582505,7726389,9582505,9855,0.0002561969999987923,True,True,ok,True,0.006772920000003069,0,2,
case01-rep2,digits,1797,forest,parameters,deterministic,False,1,model_and_predictions,2,0,recoverability_v2,0.5,4791252,4790841,9582505,9855,0.005948023999735597,True,True,ok,True,0.005514649999895482,0,2,
case01-rep2,digits,1797,forest,parameters,deterministic,False,1,model_and_predictions,2,1,recoverability_v2,0.5,4791252,4790841,9582505,9855,0.005948023999735597,True,True,ok,True,0.006987916000070982,0,2,
case01-rep2,digits,1797,forest,parameters,deterministic,False,1,model_and_predictions,2,2,recoverability_v2,0.5,4791252,4790841,9582505,9855,0.005948023999735597,True,True,ok,True,0.07603555900004721,5,4,
case01-rep2,digits,1797,forest,parameters,deterministic,False,1,model_and_predictions,2,3,recoverability_v2,0.5,4791252,4790841,9582505,9855,0.005948023999735597,True,True,ok,True,0.006803816999763512,0,2,
case01-rep2,digits,1797,forest,parameters,deterministic,False,1,model_and_predictions,2,4,recoverability_v2,0.5,4791252,4790841,9582505,9855,0.005948023999735597,True,True,ok,True,0.07281754799987539,5,4,
case01-rep2,digits,1797,forest,parameters,deterministic,False,1,model_and_predictions,2,0,recoverability_v3,0.3,2874751,2631373,9582505,9855,0.009887775000152033,True,True,ok,True,0.06243737900013002,4,5,
case01-rep2,digits,1797,forest,parameters,deterministic,False,1,model_and_predictions,2,1,recoverability_v3,0.3,2874751,2631373,9582505,9855,0.009887775000152033,True,True,ok,True,0.07257927799992103,4,5,
case01-rep2,digits,1797,forest,parameters,deterministic,False,1,model_and_predictions,2,2,recoverability_v3,0.3,2874751,2631373,9582505,9855,0.009887775000152033,True,True,ok,True,0.06357121300015933,4,5,
case01-rep2,digits,1797,forest,parameters,deterministic,False,1,model_and_predictions,2,3,recoverability_v3,0.3,2874751,2631373,9582505,9855,0.009887775000152033,True,True,ok,True,0.00661827700014328,0,2,
case01-rep2,digits,1797,forest,parameters,deterministic,False,1,model_and_predictions,2,4,recoverability_v3,0.3,2874751,2631373,9582505,9855,0.009887775000152033,True,True,ok,True,0.06470817000035822,4,5,
case01-rep2,digits,1797,forest,parameters,deterministic,False,1,model_and_predictions,2,0,target_snapshots,0.5,4791252,7726389,9582505,9855,0.00021147000006749295,True,False,budget_exceeded,False,,0,0,not executed: budget/selection failure
case01-rep2,digits,1797,forest,parameters,deterministic,False,1,model_and_predictions,2,1,target_snapshots,0.5,4791252,7726389,9582505,9855,0.00021147000006749295,True,False,budget_exceeded,False,,0,0,not executed: budget/selection failure
case01-rep2,digits,1797,forest,parameters,deterministic,False,1,model_and_predictions,2,2,target_snapshots,0.5,4791252,7726389,9582505,9855,0.00021147000006749295,True,False,budget_exceeded,False,,0,0,not executed: budget/selection failure
case01-rep2,digits,1797,forest,parameters,deterministic,False,1,model_and_predictions,2,3,target_snapshots,0.5,4791252,7726389,9582505,9855,0.00021147000006749295,True,False,budget_exceeded,False,,0,0,not executed: budget/selection failure
case01-rep2,digits,1797,forest,parameters,deterministic,False,1,model_and_predictions,2,4,target_snapshots,0.5,4791252,7726389,9582505,9855,0.00021147000006749295,True,False,budget_exceeded,False,,0,0,not executed: budget/selection failure
case02-rep0,wine,178,logistic,parameters,deterministic,False,1,model_and_predictions,0,0,recoverability_v3,1.0,80927,41705,80927,9851,0.00015322199988077045,True,True,ok,True,0.0002862320002350316,0,2,
case02-rep0,wine,178,logistic,parameters,deterministic,False,1,model_and_predictions,0,1,recoverability_v3,1.0,80927,41705,80927,9851,0.00015322199988077045,True,True,ok,True,0.00023090799959391006,0,2,
case02-rep0,wine,178,logistic,parameters,deterministic,False,1,model_and_predictions,0,2,recoverability_v3,1.0,80927,41705,80927,9851,0.00015322199988077045,True,True,ok,True,0.0004181809999863617,0,2,
case02-rep0,wine,178,logistic,parameters,deterministic,False,1,model_and_predictions,0,3,recoverability_v3,1.0,80927,41705,80927,9851,0.00015322199988077045,True,True,ok,True,0.0002641089999997348,0,2,
case02-rep0,wine,178,logistic,parameters,deterministic,False,1,model_and_predictions,0,4,recoverability_v3,1.0,80927,41705,80927,9851,0.00015322199988077045,True,True,ok,True,0.00022241600026973174,0,2,
case02-rep0,wine,178,logistic,parameters,deterministic,False,1,model_and_predictions,0,0,full_snapshot,0.4,32370,80927,80927,9851,0.00021335199971872498,True,False,budget_exceeded,False,,0,0,not executed: budget/selection failure
case02-rep0,wine,178,logistic,parameters,deterministic,False,1,model_and_predictions,0,1,full_snapshot,0.4,32370,80927,80927,9851,0.00021335199971872498,True,False,budget_exceeded,False,,0,0,not executed: budget/selection failure
case02-rep0,wine,178,logistic,parameters,deterministic,False,1,model_and_predictions,0,2,full_snapshot,0.4,32370,80927,80927,9851,0.00021335199971872498,True,False,budget_exceeded,False,,0,0,not executed: budget/selection failure
case02-rep0,wine,178,logistic,parameters,deterministic,False,1,model_and_predictions,0,3,full_snapshot,0.4,32370,80927,80927,9851,0.00021335199971872498,True,False,budget_exceeded,False,,0,0,not executed: budget/selection failure
case02-rep0,wine,178,logistic,parameters,deterministic,False,1,model_and_predictions,0,4,full_snapshot,0.4,32370,80927,80927,9851,0.00021335199971872498,True,False,budget_exceeded,False,,0,0,not executed: budget/selection failure
case02-rep0,wine,178,logistic,parameters,deterministic,False,1,model_and_predictions,0,0,recoverability_v2,0.4,32370,32289,80927,9851,0.004037427999719512,True,True,ok,True,0.002371882000261394,6,2,
case02-rep0,wine,178,logistic,parameters,deterministic,False,1,model_and_predictions,0,1,recoverability_v2,0.4,32370,32289,80927,9851,0.004037427999719512,True,True,ok,True,0.006680650999896898,7,2,
case02-rep0,wine,178,logistic,parameters,deterministic,False,1,model_and_predictions,0,2,recoverability_v2,0.4,32370,32289,80927,9851,0.004037427999719512,True,True,ok,True,0.007130480000341777,7,2,
case02-rep0,wine,178,logistic,parameters,deterministic,False,1,model_and_predictions,0,3,recoverability_v2,0.4,32370,32289,80927,9851,0.004037427999719512,True,True,ok,True,0.006112562999987858,7,2,
case02-rep0,wine,178,logistic,parameters,deterministic,False,1,model_and_predictions,0,4,recoverability_v2,0.4,32370,32289,80927,9851,0.004037427999719512,True,True,ok,True,0.002207855000051495,6,2,
case02-rep0,wine,178,logistic,parameters,deterministic,False,1,model_and_predictions,0,0,full_snapshot,0.3,24278,30043,80927,9851,0.00024936599993452546,True,False,required_inputs_exceed_budget,False,,0,0,not executed: budget/selection failure
case02-rep0,wine,178,logistic,parameters,deterministic,False,1,model_and_predictions,0,1,full_snapshot,0.3,24278,30043,80927,9851,0.00024936599993452546,True,False,required_inputs_exceed_budget,False,,0,0,not executed: budget/selection failure
case02-rep0,wine,178,logistic,parameters,deterministic,False,1,model_and_predictions,0,2,full_snapshot,0.3,24278,30043,80927,9851,0.00024936599993452546,True,False,required_inputs_exceed_budget,False,,0,0,not executed: budget/selection failure
case02-rep0,wine,178,logistic,parameters,deterministic,False,1,model_and_predictions,0,3,full_snapshot,0.3,24278,30043,80927,9851,0.00024936599993452546,True,False,required_inputs_exceed_budget,False,,0,0,not executed: budget/selection failure
case02-rep0,wine,178,logistic,parameters,deterministic,False,1,model_and_predictions,0,4,full_snapshot,0.3,24278,30043,80927,9851,0.00024936599993452546,True,False,required_inputs_exceed_budget,False,,0,0,not executed: budget/selection failure
case02-rep0,wine,178,logistic,parameters,deterministic,False,1,model_and_predictions,0,0,recoverability_v3,0.3,24278,30043,80927,9851,0.00011899899982381612,True,False,required_inputs_exceed_budget,False,,0,0,not executed: budget/selection failure
case02-rep0,wine,178,logistic,parameters,deterministic,False,1,model_and_predictions,0,1,recoverability_v3,0.3,24278,30043,80927,9851,0.00011899899982381612,True,False,required_inputs_exceed_budget,False,,0,0,not executed: budget/selection failure
case02-rep0,wine,178,logistic,parameters,deterministic,False,1,model_and_predictions,0,2,recoverability_v3,0.3,24278,30043,80927,9851,0.00011899899982381612,True,False,required_inputs_exceed_budget,False,,0,0,not executed: budget/selection failure
case02-rep0,wine,178,logistic,parameters,deterministic,False,1,model_and_predictions,0,3,recoverability_v3,0.3,24278,30043,80927,9851,0.00011899899982381612,True,False,required_inputs_exceed_budget,False,,0,0,not executed: budget/selection failure
case02-rep0,wine,178,logistic,parameters,deterministic,False,1,model_and_predictions,0,4,recoverability_v3,0.3,24278,30043,80927,9851,0.00011899899982381612,True,False,required_inputs_exceed_budget,False,,0,0,not executed: budget/selection failure
case02-rep0,wine,178,logistic,parameters,deterministic,False,1,model_and_predictions,0,0,full_snapshot,0.1,8092,30043,80927,9851,0.00011968099988735048,True,False,required_inputs_exceed_budget,False,,0,0,not executed: budget/selection failure
case02-rep0,wine,178,logistic,parameters,deterministic,False,1,model_and_predictions,0,1,full_snapshot,0.1,8092,30043,80927,9851,0.00011968099988735048,True,False,required_inputs_exceed_budget,False,,0,0,not executed: budget/selection failure
case02-rep0,wine,178,logistic,parameters,deterministic,False,1,model_and_predictions,0,2,full_snapshot,0.1,8092,30043,80927,9851,0.00011968099988735048,True,False,required_inputs_exceed_budget,False,,0,0,not executed: budget/selection failure
case02-rep0,wine,178,logistic,parameters,deterministic,False,1,model_and_predictions,0,3,full_snapshot,0.1,8092,30043,80927,9851,0.00011968099988735048,True,False,required_inputs_exceed_budget,False,,0,0,not executed: budget/selection failure
case02-rep0,wine,178,logistic,parameters,deterministic,False,1,model_and_predictions,0,4,full_snapshot,0.1,8092,30043,80927,9851,0.00011968099988735048,True,False,required_inputs_exceed_budget,False,,0,0,not executed: budget/selection failure
case02-rep0,wine,178,logistic,parameters,deterministic,False,1,model_and_predictions,0,0,recoverability_v3,0.5,40463,40018,80927,9851,0.007417053999688505,True,True,ok,True,0.0002863129998331715,0,2,
case02-rep0,wine,178,logistic,parameters,deterministic,False,1,model_and_predictions,0,1,recoverability_v3,0.5,40463,40018,80927,9851,0.007417053999688505,True,True,ok,True,0.0010232350000478618,4,4,
case02-rep0,wine,178,logistic,parameters,deterministic,False,1,model_and_predictions,0,2,recoverability_v3,0.5,40463,40018,80927,9851,0.007417053999688505,True,True,ok,True,0.0010370869999860588,4,4,
case02-rep0,wine,178,logistic,parameters,deterministic,False,1,model_and_predictions,0,3,recoverability_v3,0.5,40463,40018,80927,9851,0.007417053999688505,True,True,ok,True,0.0011077529998146929,4,4,
case02-rep0,wine,178,logistic,parameters,deterministic,False,1,model_and_predictions,0,4,recoverability_v3,0.5,40463,40018,80927,9851,0.007417053999688505,True,True,ok,True,0.0002380000000812288,0,2,
case02-rep0,wine,178,logistic,parameters,deterministic,False,1,model_and_predictions,0,0,full_replay,0.4,32370,30043,80927,9851,0.00023897099981695646,True,True,ok,True,0.005894382999940717,7,2,
case02-rep0,wine,178,logistic,parameters,deterministic,False,1,model_and_predictions,0,1,full_replay,0.4,32370,30043,80927,9851,0.00023897099981695646,True,True,ok,True,0.0061689279996244295,7,2,
case02-rep0,wine,178,logistic,parameters,deterministic,False,1,model_and_predictions,0,2,full_replay,0.4,32370,30043,80927,9851,0.00023897099981695646,True,True,ok,True,0.006876175999877887,7,2,
case02-rep0,wine,178,logistic,parameters,deterministic,False,1,model_and_predictions,0,3,full_replay,0.4,32370,30043,80927,9851,0.00023897099981695646,True,True,ok,True,0.005196178999995027,7,2,
case02-rep0,wine,178,logistic,parameters,deterministic,False,1,model_and_predictions,0,4,full_replay,0.4,32370,30043,80927,9851,0.00023897099981695646,True,True,ok,True,0.006160315000215633,7,2,
case02-rep0,wine,178,logistic,parameters,deterministic,False,1,model_and_predictions,0,0,target_snapshots,0.1,8092,30043,80927,9851,0.00022554999986823532,True,False,required_inputs_exceed_budget,False,,0,0,not executed: budget/selection failure
case02-rep0,wine,178,logistic,parameters,deterministic,False,1,model_and_predictions,0,1,target_snapshots,0.1,8092,30043,80927,9851,0.00022554999986823532,True,False,required_inputs_exceed_budget,False,,0,0,not executed: budget/selection failure
case02-rep0,wine,178,logistic,parameters,deterministic,False,1,model_and_predictions,0,2,target_snapshots,0.1,8092,30043,80927,9851,0.00022554999986823532,True,False,required_inputs_exceed_budget,False,,0,0,not executed: budget/selection failure
case02-rep0,wine,178,logistic,parameters,deterministic,False,1,model_and_predictions,0,3,target_snapshots,0.1,8092,30043,80927,9851,0.00022554999986823532,True,False,required_inputs_exceed_budget,False,,0,0,not executed: budget/selection failure
case02-rep0,wine,178,logistic,parameters,deterministic,False,1,model_and_predictions,0,4,target_snapshots,0.1,8092,30043,80927,9851,0.00022554999986823532,True,False,required_inputs_exceed_budget,False,,0,0,not executed: budget/selection failure
case02-rep0,wine,178,logistic,parameters,deterministic,False,1,model_and_predictions,0,0,recoverability_v2,0.2,16185,30043,80927,9851,0.0003211750004084024,True,False,required_inputs_exceed_budget,False,,0,0,not executed: budget/selection failure
case02-rep0,wine,178,logistic,parameters,deterministic,False,1,model_and_predictions,0,1,recoverability_v2,0.2,16185,30043,80927,9851,0.0003211750004084024,True,False,required_inputs_exceed_budget,False,,0,0,not executed: budget/selection failure
case02-rep0,wine,178,logistic,parameters,deterministic,False,1,model_and_predictions,0,2,recoverability_v2,0.2,16185,30043,80927,9851,0.0003211750004084024,True,False,required_inputs_exceed_budget,False,,0,0,not executed: budget/selection failure
case02-rep0,wine,178,logistic,parameters,deterministic,False,1,model_and_predictions,0,3,recoverability_v2,0.2,16185,30043,80927,9851,0.0003211750004084024,True,False,required_inputs_exceed_budget,False,,0,0,not executed: budget/selection failure
case02-rep0,wine,178,logistic,parameters,deterministic,False,1,model_and_predictions,0,4,recoverability_v2,0.2,16185,30043,80927,9851,0.0003211750004084024,True,False,required_inputs_exceed_budget,False,,0,0,not executed: budget/selection failure
case02-rep0,wine,178,logistic,parameters,deterministic,False,1,model_and_predictions,0,0,recoverability_v2,0.1,8092,30043,80927,9851,0.0004821890001949214,True,False,required_inputs_exceed_budget,False,,0,0,not executed: budget/selection failure
case02-rep0,wine,178,logistic,parameters,deterministic,False,1,model_and_predictions,0,1,recoverability_v2,0.1,8092,30043,80927,9851,0.0004821890001949214,True,False,required_inputs_exceed_budget,False,,0,0,not executed: budget/selection failure
case02-rep0,wine,178,logistic,parameters,deterministic,False,1,model_and_predictions,0,2,recoverability_v2,0.1,8092,30043,80927,9851,0.0004821890001949214,True,False,required_inputs_exceed_budget,False,,0,0,not executed: budget/selection failure
case02-rep0,wine,178,logistic,parameters,deterministic,False,1,model_and_predictions,0,3,recoverability_v2,0.1,8092,30043,80927,9851,0.0004821890001949214,True,False,required_inputs_exceed_budget,False,,0,0,not executed: budget/selection failure
case02-rep0,wine,178,logistic,parameters,deterministic,False,1,model_and_predictions,0,4,recoverability_v2,0.1,8092,30043,80927,9851,0.0004821890001949214,True,False,required_inputs_exceed_budget,False,,0,0,not executed: budget/selection failure
case02-rep0,wine,178,logistic,parameters,deterministic,False,1,model_and_predictions,0,0,target_snapshots,0.2,16185,30043,80927,9851,0.00021457399998325855,True,False,required_inputs_exceed_budget,False,,0,0,not executed: budget/selection failure
case02-rep0,wine,178,logistic,parameters,deterministic,False,1,model_and_predictions,0,1,target_snapshots,0.2,16185,30043,80927,9851,0.00021457399998325855,True,False,required_inputs_exceed_budget,False,,0,0,not executed: budget/selection failure
case02-rep0,wine,178,logistic,parameters,deterministic,False,1,model_and_predictions,0,2,target_snapshots,0.2,16185,30043,80927,9851,0.00021457399998325855,True,False,required_inputs_exceed_budget,False,,0,0,not executed: budget/selection failure
case02-rep0,wine,178,logistic,parameters,deterministic,False,1,model_and_predictions,0,3,target_snapshots,0.2,16185,30043,80927,9851,0.00021457399998325855,True,False,required_inputs_exceed_budget,False,,0,0,not executed: budget/selection failure
case02-rep0,wine,178,logistic,parameters,deterministic,False,1,model_and_predictions,0,4,target_snapshots,0.2,16185,30043,80927,9851,0.00021457399998325855,True,False,required_inputs_exceed_budget,False,,0,0,not executed: budget/selection failure
case02-rep0,wine,178,logistic,parameters,deterministic,False,1,model_and_predictions,0,0,full_replay,0.2,16185,30043,80927,9851,0.0001249189999725786,True,False,required_inputs_exceed_budget,False,,0,0,not executed: budget/selection failure
case02-rep0,wine,178,logistic,parameters,deterministic,False,1,model_and_predictions,0,1,full_replay,0.2,16185,30043,80927,9851,0.0001249189999725786,True,False,required_inputs_exceed_budget,False,,0,0,not executed: budget/selection failure
case02-rep0,wine,178,logistic,parameters,deterministic,False,1,model_and_predictions,0,2,full_replay,0.2,16185,30043,80927,9851,0.0001249189999725786,True,False,required_inputs_exceed_budget,False,,0,0,not executed: budget/selection failure
case02-rep0,wine,178,logistic,parameters,deterministic,False,1,model_and_predictions,0,3,full_replay,0.2,16185,30043,80927,9851,0.0001249189999725786,True,False,required_inputs_exceed_budget,False,,0,0,not executed: budget/selection failure
case02-rep0,wine,178,logistic,parameters,deterministic,False,1,model_and_predictions,0,4,full_replay,0.2,16185,30043,80927,9851,0.0001249189999725786,True,False,required_inputs_exceed_budget,False,,0,0,not executed: budget/selection failure
case02-rep0,wine,178,logistic,parameters,deterministic,False,1,model_and_predictions,0,0,recoverability_v2,0.5,40463,40018,80927,9851,0.008308499999657215,True,True,ok,True,0.0002707390003706678,0,2,
case02-rep0,wine,178,logistic,parameters,deterministic,False,1,model_and_predictions,0,1,recoverability_v2,0.5,40463,40018,80927,9851,0.008308499999657215,True,True,ok,True,0.001099189999877126,4,4,
case02-rep0,wine,178,logistic,parameters,deterministic,False,1,model_and_predictions,0,2,recoverability_v2,0.5,40463,40018,80927,9851,0.008308499999657215,True,True,ok,True,0.0013500790000762208,4,4,
case02-rep0,wine,178,logistic,parameters,deterministic,False,1,model_and_predictions,0,3,recoverability_v2,0.5,40463,40018,80927,9851,0.008308499999657215,True,True,ok,True,0.0008406500001001405,4,4,
case02-rep0,wine,178,logistic,parameters,deterministic,False,1,model_and_predictions,0,4,recoverability_v2,0.5,40463,40018,80927,9851,0.008308499999657215,True,True,ok,True,0.0002296970001225418,0,2,
case02-rep0,wine,178,logistic,parameters,deterministic,False,1,model_and_predictions,0,0,full_replay,1.0,80927,30043,80927,9851,0.00028015300040351576,True,True,ok,True,0.0054993859998830885,7,2,
case02-rep0,wine,178,logistic,parameters,deterministic,False,1,model_and_predictions,0,1,full_replay,1.0,80927,30043,80927,9851,0.00028015300040351576,True,True,ok,True,0.004928825000206416,7,2,
case02-rep0,wine,178,logistic,parameters,deterministic,False,1,model_and_predictions,0,2,full_replay,1.0,80927,30043,80927,9851,0.00028015300040351576,True,True,ok,True,0.0047738109997226275,7,2,
case02-rep0,wine,178,logistic,parameters,deterministic,False,1,model_and_predictions,0,3,full_replay,1.0,80927,30043,80927,9851,0.00028015300040351576,True,True,ok,True,0.004953201999796875,7,2,
case02-rep0,wine,178,logistic,parameters,deterministic,False,1,model_and_predictions,0,4,full_replay,1.0,80927,30043,80927,9851,0.00028015300040351576,True,True,ok,True,0.005009937000068021,7,2,
case02-rep0,wine,178,logistic,parameters,deterministic,False,1,model_and_predictions,0,0,full_snapshot,0.5,40463,80927,80927,9851,0.00019491500006552087,True,False,budget_exceeded,False,,0,0,not executed: budget/selection failure
case02-rep0,wine,178,logistic,parameters,deterministic,False,1,model_and_predictions,0,1,full_snapshot,0.5,40463,80927,80927,9851,0.00019491500006552087,True,False,budget_exceeded,False,,0,0,not executed: budget/selection failure
case02-rep0,wine,178,logistic,parameters,deterministic,False,1,model_and_predictions,0,2,full_snapshot,0.5,40463,80927,80927,9851,0.00019491500006552087,True,False,budget_exceeded,False,,0,0,not executed: budget/selection failure
case02-rep0,wine,178,logistic,parameters,deterministic,False,1,model_and_predictions,0,3,full_snapshot,0.5,40463,80927,80927,9851,0.00019491500006552087,True,False,budget_exceeded,False,,0,0,not executed: budget/selection failure
case02-rep0,wine,178,logistic,parameters,deterministic,False,1,model_and_predictions,0,4,full_snapshot,0.5,40463,80927,80927,9851,0.00019491500006552087,True,False,budget_exceeded,False,,0,0,not executed: budget/selection failure
case02-rep0,wine,178,logistic,parameters,deterministic,False,1,model_and_predictions,0,0,full_replay,0.1,8092,30043,80927,9851,0.0001373269997202442,True,False,required_inputs_exceed_budget,False,,0,0,not executed: budget/selection failure
case02-rep0,wine,178,logistic,parameters,deterministic,False,1,model_and_predictions,0,1,full_replay,0.1,8092,30043,80927,9851,0.0001373269997202442,True,False,required_inputs_exceed_budget,False,,0,0,not executed: budget/selection failure
case02-rep0,wine,178,logistic,parameters,deterministic,False,1,model_and_predictions,0,2,full_replay,0.1,8092,30043,80927,9851,0.0001373269997202442,True,False,required_inputs_exceed_budget,False,,0,0,not executed: budget/selection failure
case02-rep0,wine,178,logistic,parameters,deterministic,False,1,model_and_predictions,0,3,full_replay,0.1,8092,30043,80927,9851,0.0001373269997202442,True,False,required_inputs_exceed_budget,False,,0,0,not executed: budget/selection failure
case02-rep0,wine,178,logistic,parameters,deterministic,False,1,model_and_predictions,0,4,full_replay,0.1,8092,30043,80927,9851,0.0001373269997202442,True,False,required_inputs_exceed_budget,False,,0,0,not executed: budget/selection failure
case02-rep0,wine,178,logistic,parameters,deterministic,False,1,model_and_predictions,0,0,recoverability_v2,0.3,24278,30043,80927,9851,0.00018980599998030812,True,False,required_inputs_exceed_budget,False,,0,0,not executed: budget/selection failure
case02-rep0,wine,178,logistic,parameters,deterministic,False,1,model_and_predictions,0,1,recoverability_v2,0.3,24278,30043,80927,9851,0.00018980599998030812,True,False,required_inputs_exceed_budget,False,,0,0,not executed: budget/selection failure
case02-rep0,wine,178,logistic,parameters,deterministic,False,1,model_and_predictions,0,2,recoverability_v2,0.3,24278,30043,80927,9851,0.00018980599998030812,True,False,required_inputs_exceed_budget,False,,0,0,not executed: budget/selection failure
case02-rep0,wine,178,logistic,parameters,deterministic,False,1,model_and_predictions,0,3,recoverability_v2,0.3,24278,30043,80927,9851,0.00018980599998030812,True,False,required_inputs_exceed_budget,False,,0,0,not executed: budget/selection failure
case02-rep0,wine,178,logistic,parameters,deterministic,False,1,model_and_predictions,0,4,recoverability_v2,0.3,24278,30043,80927,9851,0.00018980599998030812,True,False,required_inputs_exceed_budget,False,,0,0,not executed: budget/selection failure
case02-rep0,wine,178,logistic,parameters,deterministic,False,1,model_and_predictions,0,0,recoverability_v3,0.2,16185,30043,80927,9851,0.00012348700010988978,True,False,required_inputs_exceed_budget,False,,0,0,not executed: budget/selection failure
case02-rep0,wine,178,logistic,parameters,deterministic,False,1,model_and_predictions,0,1,recoverability_v3,0.2,16185,30043,80927,9851,0.00012348700010988978,True,False,required_inputs_exceed_budget,False,,0,0,not executed: budget/selection failure
case02-rep0,wine,178,logistic,parameters,deterministic,False,1,model_and_predictions,0,2,recoverability_v3,0.2,16185,30043,80927,9851,0.00012348700010988978,True,False,required_inputs_exceed_budget,False,,0,0,not executed: budget/selection failure
case02-rep0,wine,178,logistic,parameters,deterministic,False,1,model_and_predictions,0,3,recoverability_v3,0.2,16185,30043,80927,9851,0.00012348700010988978,True,False,required_inputs_exceed_budget,False,,0,0,not executed: budget/selection failure
case02-rep0,wine,178,logistic,parameters,deterministic,False,1,model_and_predictions,0,4,recoverability_v3,0.2,16185,30043,80927,9851,0.00012348700010988978,True,False,required_inputs_exceed_budget,False,,0,0,not executed: budget/selection failure
case02-rep0,wine,178,logistic,parameters,deterministic,False,1,model_and_predictions,0,0,target_snapshots,0.3,24278,30043,80927,9851,0.00013620599975183723,True,False,required_inputs_exceed_budget,False,,0,0,not executed: budget/selection failure
case02-rep0,wine,178,logistic,parameters,deterministic,False,1,model_and_predictions,0,1,target_snapshots,0.3,24278,30043,80927,9851,0.00013620599975183723,True,False,required_inputs_exceed_budget,False,,0,0,not executed: budget/selection failure
case02-rep0,wine,178,logistic,parameters,deterministic,False,1,model_and_predictions,0,2,target_snapshots,0.3,24278,30043,80927,9851,0.00013620599975183723,True,False,required_inputs_exceed_budget,False,,0,0,not executed: budget/selection failure
case02-rep0,wine,178,logistic,parameters,deterministic,False,1,model_and_predictions,0,3,target_snapshots,0.3,24278,30043,80927,9851,0.00013620599975183723,True,False,required_inputs_exceed_budget,False,,0,0,not executed: budget/selection failure
case02-rep0,wine,178,logistic,parameters,deterministic,False,1,model_and_predictions,0,4,target_snapshots,0.3,24278,30043,80927,9851,0.00013620599975183723,True,False,required_inputs_exceed_budget,False,,0,0,not executed: budget/selection failure
case02-rep0,wine,178,logistic,parameters,deterministic,False,1,model_and_predictions,0,0,full_snapshot,1.0,80927,80927,80927,9851,0.00011930999971809797,True,True,ok,True,0.00022118500010037678,0,2,
case02-rep0,wine,178,logistic,parameters,deterministic,False,1,model_and_predictions,0,1,full_snapshot,1.0,80927,80927,80927,9851,0.00011930999971809797,True,True,ok,True,0.00021699800026908633,0,2,
case02-rep0,wine,178,logistic,parameters,deterministic,False,1,model_and_predictions,0,2,full_snapshot,1.0,80927,80927,80927,9851,0.00011930999971809797,True,True,ok,True,0.0002442990003146406,0,2,
case02-rep0,wine,178,logistic,parameters,deterministic,False,1,model_and_predictions,0,3,full_snapshot,1.0,80927,80927,80927,9851,0.00011930999971809797,True,True,ok,True,0.0003077350002058665,0,2,
case02-rep0,wine,178,logistic,parameters,deterministic,False,1,model_and_predictions,0,4,full_snapshot,1.0,80927,80927,80927,9851,0.00011930999971809797,True,True,ok,True,0.0002190510003856616,0,2,
case02-rep0,wine,178,logistic,parameters,deterministic,False,1,model_and_predictions,0,0,target_snapshots,1.0,80927,41705,80927,9851,0.000253373000305146,True,True,ok,True,0.0002672540003914037,0,2,
case02-rep0,wine,178,logistic,parameters,deterministic,False,1,model_and_predictions,0,1,target_snapshots,1.0,80927,41705,80927,9851,0.000253373000305146,True,True,ok,True,0.00022675299987895414,0,2,
case02-rep0,wine,178,logistic,parameters,deterministic,False,1,model_and_predictions,0,2,target_snapshots,1.0,80927,41705,80927,9851,0.000253373000305146,True,True,ok,True,0.00023972199960553553,0,2,
case02-rep0,wine,178,logistic,parameters,deterministic,False,1,model_and_predictions,0,3,target_snapshots,1.0,80927,41705,80927,9851,0.000253373000305146,True,True,ok,True,0.00024390799990214873,0,2,
case02-rep0,wine,178,logistic,parameters,deterministic,False,1,model_and_predictions,0,4,target_snapshots,1.0,80927,41705,80927,9851,0.000253373000305146,True,True,ok,True,0.00026964699964082683,0,2,
case02-rep0,wine,178,logistic,parameters,deterministic,False,1,model_and_predictions,0,0,recoverability_v2,1.0,80927,41705,80927,9851,0.00024328800009243423,True,True,ok,True,0.00022390799995264388,0,2,
case02-rep0,wine,178,logistic,parameters,deterministic,False,1,model_and_predictions,0,1,recoverability_v2,1.0,80927,41705,80927,9851,0.00024328800009243423,True,True,ok,True,0.00020344799986560247,0,2,
case02-rep0,wine,178,logistic,parameters,deterministic,False,1,model_and_predictions,0,2,recoverability_v2,1.0,80927,41705,80927,9851,0.00024328800009243423,True,True,ok,True,0.0027795480000349926,0,2,
case02-rep0,wine,178,logistic,parameters,deterministic,False,1,model_and_predictions,0,3,recoverability_v2,1.0,80927,41705,80927,9851,0.00024328800009243423,True,True,ok,True,0.000226262000069255,0,2,
case02-rep0,wine,178,logistic,parameters,deterministic,False,1,model_and_predictions,0,4,recoverability_v2,1.0,80927,41705,80927,9851,0.00024328800009243423,True,True,ok,True,0.00022315699970931746,0,2,
case02-rep0,wine,178,logistic,parameters,deterministic,False,1,model_and_predictions,0,0,target_snapshots,0.5,40463,41705,80927,9851,0.00032765500009190873,True,False,budget_exceeded,False,,0,0,not executed: budget/selection failure
case02-rep0,wine,178,logistic,parameters,deterministic,False,1,model_and_predictions,0,1,target_snapshots,0.5,40463,41705,80927,9851,0.00032765500009190873,True,False,budget_exceeded,False,,0,0,not executed: budget/selection failure
case02-rep0,wine,178,logistic,parameters,deterministic,False,1,model_and_predictions,0,2,target_snapshots,0.5,40463,41705,80927,9851,0.00032765500009190873,True,False,budget_exceeded,False,,0,0,not executed: budget/selection failure
case02-rep0,wine,178,logistic,parameters,deterministic,False,1,model_and_predictions,0,3,target_snapshots,0.5,40463,41705,80927,9851,0.00032765500009190873,True,False,budget_exceeded,False,,0,0,not executed: budget/selection failure
case02-rep0,wine,178,logistic,parameters,deterministic,False,1,model_and_predictions,0,4,target_snapshots,0.5,40463,41705,80927,9851,0.00032765500009190873,True,False,budget_exceeded,False,,0,0,not executed: budget/selection failure
case02-rep0,wine,178,logistic,parameters,deterministic,False,1,model_and_predictions,0,0,target_snapshots,0.4,32370,41705,80927,9851,0.00012229499998284155,True,False,budget_exceeded,False,,0,0,not executed: budget/selection failure
case02-rep0,wine,178,logistic,parameters,deterministic,False,1,model_and_predictions,0,1,target_snapshots,0.4,32370,41705,80927,9851,0.00012229499998284155,True,False,budget_exceeded,False,,0,0,not executed: budget/selection failure
case02-rep0,wine,178,logistic,parameters,deterministic,False,1,model_and_predictions,0,2,target_snapshots,0.4,32370,41705,80927,9851,0.00012229499998284155,True,False,budget_exceeded,False,,0,0,not executed: budget/selection failure
case02-rep0,wine,178,logistic,parameters,deterministic,False,1,model_and_predictions,0,3,target_snapshots,0.4,32370,41705,80927,9851,0.00012229499998284155,True,False,budget_exceeded,False,,0,0,not executed: budget/selection failure
case02-rep0,wine,178,logistic,parameters,deterministic,False,1,model_and_predictions,0,4,target_snapshots,0.4,32370,41705,80927,9851,0.00012229499998284155,True,False,budget_exceeded,False,,0,0,not executed: budget/selection failure
case02-rep0,wine,178,logistic,parameters,deterministic,False,1,model_and_predictions,0,0,full_snapshot,0.2,16185,30043,80927,9851,0.00011581499984458787,True,False,required_inputs_exceed_budget,False,,0,0,not executed: budget/selection failure
case02-rep0,wine,178,logistic,parameters,deterministic,False,1,model_and_predictions,0,1,full_snapshot,0.2,16185,30043,80927,9851,0.00011581499984458787,True,False,required_inputs_exceed_budget,False,,0,0,not executed: budget/selection failure
case02-rep0,wine,178,logistic,parameters,deterministic,False,1,model_and_predictions,0,2,full_snapshot,0.2,16185,30043,80927,9851,0.00011581499984458787,True,False,required_inputs_exceed_budget,False,,0,0,not executed: budget/selection failure
case02-rep0,wine,178,logistic,parameters,deterministic,False,1,model_and_predictions,0,3,full_snapshot,0.2,16185,30043,80927,9851,0.00011581499984458787,True,False,required_inputs_exceed_budget,False,,0,0,not executed: budget/selection failure
case02-rep0,wine,178,logistic,parameters,deterministic,False,1,model_and_predictions,0,4,full_snapshot,0.2,16185,30043,80927,9851,0.00011581499984458787,True,False,required_inputs_exceed_budget,False,,0,0,not executed: budget/selection failure
case02-rep0,wine,178,logistic,parameters,deterministic,False,1,model_and_predictions,0,0,full_replay,0.3,24278,30043,80927,9851,0.00011471300012999563,True,False,required_inputs_exceed_budget,False,,0,0,not executed: budget/selection failure
case02-rep0,wine,178,logistic,parameters,deterministic,False,1,model_and_predictions,0,1,full_replay,0.3,24278,30043,80927,9851,0.00011471300012999563,True,False,required_inputs_exceed_budget,False,,0,0,not executed: budget/selection failure
case02-rep0,wine,178,logistic,parameters,deterministic,False,1,model_and_predictions,0,2,full_replay,0.3,24278,30043,80927,9851,0.00011471300012999563,True,False,required_inputs_exceed_budget,False,,0,0,not executed: budget/selection failure
case02-rep0,wine,178,logistic,parameters,deterministic,False,1,model_and_predictions,0,3,full_replay,0.3,24278,30043,80927,9851,0.00011471300012999563,True,False,required_inputs_exceed_budget,False,,0,0,not executed: budget/selection failure
case02-rep0,wine,178,logistic,parameters,deterministic,False,1,model_and_predictions,0,4,full_replay,0.3,24278,30043,80927,9851,0.00011471300012999563,True,False,required_inputs_exceed_budget,False,,0,0,not executed: budget/selection failure
case02-rep0,wine,178,logistic,parameters,deterministic,False,1,model_and_predictions,0,0,recoverability_v3,0.4,32370,32289,80927,9851,0.004432225000073231,True,True,ok,True,0.0016917849998208112,6,2,
case02-rep0,wine,178,logistic,parameters,deterministic,False,1,model_and_predictions,0,1,recoverability_v3,0.4,32370,32289,80927,9851,0.004432225000073231,True,True,ok,True,0.004737896999813529,7,2,
case02-rep0,wine,178,logistic,parameters,deterministic,False,1,model_and_predictions,0,2,recoverability_v3,0.4,32370,32289,80927,9851,0.004432225000073231,True,True,ok,True,0.004756534000080137,7,2,
case02-rep0,wine,178,logistic,parameters,deterministic,False,1,model_and_predictions,0,3,recoverability_v3,0.4,32370,32289,80927,9851,0.004432225000073231,True,True,ok,True,0.004790575999777502,7,2,
case02-rep0,wine,178,logistic,parameters,deterministic,False,1,model_and_predictions,0,4,recoverability_v3,0.4,32370,32289,80927,9851,0.004432225000073231,True,True,ok,True,0.002029655999649549,6,2,
case02-rep0,wine,178,logistic,parameters,deterministic,False,1,model_and_predictions,0,0,full_replay,0.5,40463,30043,80927,9851,0.00020300699998188065,True,True,ok,True,0.004605454999818903,7,2,
case02-rep0,wine,178,logistic,parameters,deterministic,False,1,model_and_predictions,0,1,full_replay,0.5,40463,30043,80927,9851,0.00020300699998188065,True,True,ok,True,0.004977688000053604,7,2,
case02-rep0,wine,178,logistic,parameters,deterministic,False,1,model_and_predictions,0,2,full_replay,0.5,40463,30043,80927,9851,0.00020300699998188065,True,True,ok,True,0.004641890999664611,7,2,
case02-rep0,wine,178,logistic,parameters,deterministic,False,1,model_and_predictions,0,3,full_replay,0.5,40463,30043,80927,9851,0.00020300699998188065,True,True,ok,True,0.004943155000091792,7,2,
case02-rep0,wine,178,logistic,parameters,deterministic,False,1,model_and_predictions,0,4,full_replay,0.5,40463,30043,80927,9851,0.00020300699998188065,True,True,ok,True,0.004972900999746344,7,2,
case02-rep0,wine,178,logistic,parameters,deterministic,False,1,model_and_predictions,0,0,recoverability_v3,0.1,8092,30043,80927,9851,0.00026542099976722966,True,False,required_inputs_exceed_budget,False,,0,0,not executed: budget/selection failure
case02-rep0,wine,178,logistic,parameters,deterministic,False,1,model_and_predictions,0,1,recoverability_v3,0.1,8092,30043,80927,9851,0.00026542099976722966,True,False,required_inputs_exceed_budget,False,,0,0,not executed: budget/selection failure
case02-rep0,wine,178,logistic,parameters,deterministic,False,1,model_and_predictions,0,2,recoverability_v3,0.1,8092,30043,80927,9851,0.00026542099976722966,True,False,required_inputs_exceed_budget,False,,0,0,not executed: budget/selection failure
case02-rep0,wine,178,logistic,parameters,deterministic,False,1,model_and_predictions,0,3,recoverability_v3,0.1,8092,30043,80927,9851,0.00026542099976722966,True,False,required_inputs_exceed_budget,False,,0,0,not executed: budget/selection failure
case02-rep0,wine,178,logistic,parameters,deterministic,False,1,model_and_predictions,0,4,recoverability_v3,0.1,8092,30043,80927,9851,0.00026542099976722966,True,False,required_inputs_exceed_budget,False,,0,0,not executed: budget/selection failure
case02-rep1,wine,178,logistic,parameters,deterministic,False,1,model_and_predictions,1,0,recoverability_v2,0.2,16185,30045,80929,9853,0.00012783300007868093,True,False,required_inputs_exceed_budget,False,,0,0,not executed: budget/selection failure
case02-rep1,wine,178,logistic,parameters,deterministic,False,1,model_and_predictions,1,1,recoverability_v2,0.2,16185,30045,80929,9853,0.00012783300007868093,True,False,required_inputs_exceed_budget,False,,0,0,not executed: budget/selection failure
case02-rep1,wine,178,logistic,parameters,deterministic,False,1,model_and_predictions,1,2,recoverability_v2,0.2,16185,30045,80929,9853,0.00012783300007868093,True,False,required_inputs_exceed_budget,False,,0,0,not executed: budget/selection failure
case02-rep1,wine,178,logistic,parameters,deterministic,False,1,model_and_predictions,1,3,recoverability_v2,0.2,16185,30045,80929,9853,0.00012783300007868093,True,False,required_inputs_exceed_budget,False,,0,0,not executed: budget/selection failure
case02-rep1,wine,178,logistic,parameters,deterministic,False,1,model_and_predictions,1,4,recoverability_v2,0.2,16185,30045,80929,9853,0.00012783300007868093,True,False,required_inputs_exceed_budget,False,,0,0,not executed: budget/selection failure
case02-rep1,wine,178,logistic,parameters,deterministic,False,1,model_and_predictions,1,0,recoverability_v3,0.5,40464,40020,80929,9853,0.0073598150001998874,True,True,ok,True,0.00025633699988247827,0,2,
case02-rep1,wine,178,logistic,parameters,deterministic,False,1,model_and_predictions,1,1,recoverability_v3,0.5,40464,40020,80929,9853,0.0073598150001998874,True,True,ok,True,0.0008385670003008272,4,4,
case02-rep1,wine,178,logistic,parameters,deterministic,False,1,model_and_predictions,1,2,recoverability_v3,0.5,40464,40020,80929,9853,0.0073598150001998874,True,True,ok,True,0.0008079509998424328,4,4,
case02-rep1,wine,178,logistic,parameters,deterministic,False,1,model_and_predictions,1,3,recoverability_v3,0.5,40464,40020,80929,9853,0.0073598150001998874,True,True,ok,True,0.00021669699981430313,0,2,
case02-rep1,wine,178,logistic,parameters,deterministic,False,1,model_and_predictions,1,4,recoverability_v3,0.5,40464,40020,80929,9853,0.0073598150001998874,True,True,ok,True,0.0009403900003235321,4,4,
case02-rep1,wine,178,logistic,parameters,deterministic,False,1,model_and_predictions,1,0,full_replay,0.3,24278,30045,80929,9853,0.00018302700027561514,True,False,required_inputs_exceed_budget,False,,0,0,not executed: budget/selection failure
case02-rep1,wine,178,logistic,parameters,deterministic,False,1,model_and_predictions,1,1,full_replay,0.3,24278,30045,80929,9853,0.00018302700027561514,True,False,required_inputs_exceed_budget,False,,0,0,not executed: budget/selection failure
case02-rep1,wine,178,logistic,parameters,deterministic,False,1,model_and_predictions,1,2,full_replay,0.3,24278,30045,80929,9853,0.00018302700027561514,True,False,required_inputs_exceed_budget,False,,0,0,not executed: budget/selection failure
case02-rep1,wine,178,logistic,parameters,deterministic,False,1,model_and_predictions,1,3,full_replay,0.3,24278,30045,80929,9853,0.00018302700027561514,True,False,required_inputs_exceed_budget,False,,0,0,not executed: budget/selection failure
case02-rep1,wine,178,logistic,parameters,deterministic,False,1,model_and_predictions,1,4,full_replay,0.3,24278,30045,80929,9853,0.00018302700027561514,True,False,required_inputs_exceed_budget,False,,0,0,not executed: budget/selection failure
case02-rep1,wine,178,logistic,parameters,deterministic,False,1,model_and_predictions,1,0,recoverability_v2,0.3,24278,30045,80929,9853,0.00011421199997130316,True,False,required_inputs_exceed_budget,False,,0,0,not executed: budget/selection failure
case02-rep1,wine,178,logistic,parameters,deterministic,False,1,model_and_predictions,1,1,recoverability_v2,0.3,24278,30045,80929,9853,0.00011421199997130316,True,False,required_inputs_exceed_budget,False,,0,0,not executed: budget/selection failure
case02-rep1,wine,178,logistic,parameters,deterministic,False,1,model_and_predictions,1,2,recoverability_v2,0.3,24278,30045,80929,9853,0.00011421199997130316,True,False,required_inputs_exceed_budget,False,,0,0,not executed: budget/selection failure
case02-rep1,wine,178,logistic,parameters,deterministic,False,1,model_and_predictions,1,3,recoverability_v2,0.3,24278,30045,80929,9853,0.00011421199997130316,True,False,required_inputs_exceed_budget,False,,0,0,not executed: budget/selection failure
case02-rep1,wine,178,logistic,parameters,deterministic,False,1,model_and_predictions,1,4,recoverability_v2,0.3,24278,30045,80929,9853,0.00011421199997130316,True,False,required_inputs_exceed_budget,False,,0,0,not executed: budget/selection failure
case02-rep1,wine,178,logistic,parameters,deterministic,False,1,model_and_predictions,1,0,recoverability_v3,0.1,8092,30045,80929,9853,0.00011394199964342988,True,False,required_inputs_exceed_budget,False,,0,0,not executed: budget/selection failure
case02-rep1,wine,178,logistic,parameters,deterministic,False,1,model_and_predictions,1,1,recoverability_v3,0.1,8092,30045,80929,9853,0.00011394199964342988,True,False,required_inputs_exceed_budget,False,,0,0,not executed: budget/selection failure
case02-rep1,wine,178,logistic,parameters,deterministic,False,1,model_and_predictions,1,2,recoverability_v3,0.1,8092,30045,80929,9853,0.00011394199964342988,True,False,required_inputs_exceed_budget,False,,0,0,not executed: budget/selection failure
case02-rep1,wine,178,logistic,parameters,deterministic,False,1,model_and_predictions,1,3,recoverability_v3,0.1,8092,30045,80929,9853,0.00011394199964342988,True,False,required_inputs_exceed_budget,False,,0,0,not executed: budget/selection failure
case02-rep1,wine,178,logistic,parameters,deterministic,False,1,model_and_predictions,1,4,recoverability_v3,0.1,8092,30045,80929,9853,0.00011394199964342988,True,False,required_inputs_exceed_budget,False,,0,0,not executed: budget/selection failure
case02-rep1,wine,178,logistic,parameters,deterministic,False,1,model_and_predictions,1,0,target_snapshots,0.2,16185,30045,80929,9853,0.00011422299985497375,True,False,required_inputs_exceed_budget,False,,0,0,not executed: budget/selection failure
case02-rep1,wine,178,logistic,parameters,deterministic,False,1,model_and_predictions,1,1,target_snapshots,0.2,16185,30045,80929,9853,0.00011422299985497375,True,False,required_inputs_exceed_budget,False,,0,0,not executed: budget/selection failure
case02-rep1,wine,178,logistic,parameters,deterministic,False,1,model_and_predictions,1,2,target_snapshots,0.2,16185,30045,80929,9853,0.00011422299985497375,True,False,required_inputs_exceed_budget,False,,0,0,not executed: budget/selection failure
case02-rep1,wine,178,logistic,parameters,deterministic,False,1,model_and_predictions,1,3,target_snapshots,0.2,16185,30045,80929,9853,0.00011422299985497375,True,False,required_inputs_exceed_budget,False,,0,0,not executed: budget/selection failure
case02-rep1,wine,178,logistic,parameters,deterministic,False,1,model_and_predictions,1,4,target_snapshots,0.2,16185,30045,80929,9853,0.00011422299985497375,True,False,required_inputs_exceed_budget,False,,0,0,not executed: budget/selection failure
case02-rep1,wine,178,logistic,parameters,deterministic,False,1,model_and_predictions,1,0,full_snapshot,0.2,16185,30045,80929,9853,0.00011222000011912314,True,False,required_inputs_exceed_budget,False,,0,0,not executed: budget/selection failure
case02-rep1,wine,178,logistic,parameters,deterministic,False,1,model_and_predictions,1,1,full_snapshot,0.2,16185,30045,80929,9853,0.00011222000011912314,True,False,required_inputs_exceed_budget,False,,0,0,not executed: budget/selection failure
case02-rep1,wine,178,logistic,parameters,deterministic,False,1,model_and_predictions,1,2,full_snapshot,0.2,16185,30045,80929,9853,0.00011222000011912314,True,False,required_inputs_exceed_budget,False,,0,0,not executed: budget/selection failure
case02-rep1,wine,178,logistic,parameters,deterministic,False,1,model_and_predictions,1,3,full_snapshot,0.2,16185,30045,80929,9853,0.00011222000011912314,True,False,required_inputs_exceed_budget,False,,0,0,not executed: budget/selection failure
case02-rep1,wine,178,logistic,parameters,deterministic,False,1,model_and_predictions,1,4,full_snapshot,0.2,16185,30045,80929,9853,0.00011222000011912314,True,False,required_inputs_exceed_budget,False,,0,0,not executed: budget/selection failure
case02-rep1,wine,178,logistic,parameters,deterministic,False,1,model_and_predictions,1,0,recoverability_v2,0.4,32371,32292,80929,9853,0.004040761999931419,True,True,ok,True,0.0019867609998982516,6,2,
case02-rep1,wine,178,logistic,parameters,deterministic,False,1,model_and_predictions,1,1,recoverability_v2,0.4,32371,32292,80929,9853,0.004040761999931419,True,True,ok,True,0.0045990650000931055,7,2,
case02-rep1,wine,178,logistic,parameters,deterministic,False,1,model_and_predictions,1,2,recoverability_v2,0.4,32371,32292,80929,9853,0.004040761999931419,True,True,ok,True,0.00480063999975755,7,2,
case02-rep1,wine,178,logistic,parameters,deterministic,False,1,model_and_predictions,1,3,recoverability_v2,0.4,32371,32292,80929,9853,0.004040761999931419,True,True,ok,True,0.0016216390004046843,6,2,
case02-rep1,wine,178,logistic,parameters,deterministic,False,1,model_and_predictions,1,4,recoverability_v2,0.4,32371,32292,80929,9853,0.004040761999931419,True,True,ok,True,0.00494171299988011,7,2,
case02-rep1,wine,178,logistic,parameters,deterministic,False,1,model_and_predictions,1,0,full_replay,0.5,40464,30045,80929,9853,0.00018449899971528794,True,True,ok,True,0.004308836999825871,7,2,
case02-rep1,wine,178,logistic,parameters,deterministic,False,1,model_and_predictions,1,1,full_replay,0.5,40464,30045,80929,9853,0.00018449899971528794,True,True,ok,True,0.00465087400016273,7,2,
case02-rep1,wine,178,logistic,parameters,deterministic,False,1,model_and_predictions,1,2,full_replay,0.5,40464,30045,80929,9853,0.00018449899971528794,True,True,ok,True,0.004822912999770779,7,2,
case02-rep1,wine,178,logistic,parameters,deterministic,False,1,model_and_predictions,1,3,full_replay,0.5,40464,30045,80929,9853,0.00018449899971528794,True,True,ok,True,0.005135746000178187,7,2,
case02-rep1,wine,178,logistic,parameters,deterministic,False,1,model_and_predictions,1,4,full_replay,0.5,40464,30045,80929,9853,0.00018449899971528794,True,True,ok,True,0.004831596999792964,7,2,
case02-rep1,wine,178,logistic,parameters,deterministic,False,1,model_and_predictions,1,0,target_snapshots,0.4,32371,41707,80929,9853,0.00018491999981051777,True,False,budget_exceeded,False,,0,0,not executed: budget/selection failure
case02-rep1,wine,178,logistic,parameters,deterministic,False,1,model_and_predictions,1,1,target_snapshots,0.4,32371,41707,80929,9853,0.00018491999981051777,True,False,budget_exceeded,False,,0,0,not executed: budget/selection failure
case02-rep1,wine,178,logistic,parameters,deterministic,False,1,model_and_predictions,1,2,target_snapshots,0.4,32371,41707,80929,9853,0.00018491999981051777,True,False,budget_exceeded,False,,0,0,not executed: budget/selection failure
case02-rep1,wine,178,logistic,parameters,deterministic,False,1,model_and_predictions,1,3,target_snapshots,0.4,32371,41707,80929,9853,0.00018491999981051777,True,False,budget_exceeded,False,,0,0,not executed: budget/selection failure
case02-rep1,wine,178,logistic,parameters,deterministic,False,1,model_and_predictions,1,4,target_snapshots,0.4,32371,41707,80929,9853,0.00018491999981051777,True,False,budget_exceeded,False,,0,0,not executed: budget/selection failure
case02-rep1,wine,178,logistic,parameters,deterministic,False,1,model_and_predictions,1,0,full_snapshot,0.1,8092,30045,80929,9853,0.00011550399995030602,True,False,required_inputs_exceed_budget,False,,0,0,not executed: budget/selection failure
case02-rep1,wine,178,logistic,parameters,deterministic,False,1,model_and_predictions,1,1,full_snapshot,0.1,8092,30045,80929,9853,0.00011550399995030602,True,False,required_inputs_exceed_budget,False,,0,0,not executed: budget/selection failure
case02-rep1,wine,178,logistic,parameters,deterministic,False,1,model_and_predictions,1,2,full_snapshot,0.1,8092,30045,80929,9853,0.00011550399995030602,True,False,required_inputs_exceed_budget,False,,0,0,not executed: budget/selection failure
case02-rep1,wine,178,logistic,parameters,deterministic,False,1,model_and_predictions,1,3,full_snapshot,0.1,8092,30045,80929,9853,0.00011550399995030602,True,False,required_inputs_exceed_budget,False,,0,0,not executed: budget/selection failure
case02-rep1,wine,178,logistic,parameters,deterministic,False,1,model_and_predictions,1,4,full_snapshot,0.1,8092,30045,80929,9853,0.00011550399995030602,True,False,required_inputs_exceed_budget,False,,0,0,not executed: budget/selection failure
case02-rep1,wine,178,logistic,parameters,deterministic,False,1,model_and_predictions,1,0,recoverability_v3,0.2,16185,30045,80929,9853,0.000169606000326894,True,False,required_inputs_exceed_budget,False,,0,0,not executed: budget/selection failure
case02-rep1,wine,178,logistic,parameters,deterministic,False,1,model_and_predictions,1,1,recoverability_v3,0.2,16185,30045,80929,9853,0.000169606000326894,True,False,required_inputs_exceed_budget,False,,0,0,not executed: budget/selection failure
case02-rep1,wine,178,logistic,parameters,deterministic,False,1,model_and_predictions,1,2,recoverability_v3,0.2,16185,30045,80929,9853,0.000169606000326894,True,False,required_inputs_exceed_budget,False,,0,0,not executed: budget/selection failure
case02-rep1,wine,178,logistic,parameters,deterministic,False,1,model_and_predictions,1,3,recoverability_v3,0.2,16185,30045,80929,9853,0.000169606000326894,True,False,required_inputs_exceed_budget,False,,0,0,not executed: budget/selection failure
case02-rep1,wine,178,logistic,parameters,deterministic,False,1,model_and_predictions,1,4,recoverability_v3,0.2,16185,30045,80929,9853,0.000169606000326894,True,False,required_inputs_exceed_budget,False,,0,0,not executed: budget/selection failure
case02-rep1,wine,178,logistic,parameters,deterministic,False,1,model_and_predictions,1,0,full_replay,0.4,32371,30045,80929,9853,0.00011341100025674677,True,True,ok,True,0.0044386240001585975,7,2,
case02-rep1,wine,178,logistic,parameters,deterministic,False,1,model_and_predictions,1,1,full_replay,0.4,32371,30045,80929,9853,0.00011341100025674677,True,True,ok,True,0.00442700599978707,7,2,
case02-rep1,wine,178,logistic,parameters,deterministic,False,1,model_and_predictions,1,2,full_replay,0.4,32371,30045,80929,9853,0.00011341100025674677,True,True,ok,True,0.0048612719997436216,7,2,
case02-rep1,wine,178,logistic,parameters,deterministic,False,1,model_and_predictions,1,3,full_replay,0.4,32371,30045,80929,9853,0.00011341100025674677,True,True,ok,True,0.005081244000393781,7,2,
case02-rep1,wine,178,logistic,parameters,deterministic,False,1,model_and_predictions,1,4,full_replay,0.4,32371,30045,80929,9853,0.00011341100025674677,True,True,ok,True,0.005723344000216457,7,2,
case02-rep1,wine,178,logistic,parameters,deterministic,False,1,model_and_predictions,1,0,full_snapshot,1.0,80929,80929,80929,9853,0.0002222260000053211,True,True,ok,True,0.0002586310001788661,0,2,
case02-rep1,wine,178,logistic,parameters,deterministic,False,1,model_and_predictions,1,1,full_snapshot,1.0,80929,80929,80929,9853,0.0002222260000053211,True,True,ok,True,0.00020896600017294986,0,2,
case02-rep1,wine,178,logistic,parameters,deterministic,False,1,model_and_predictions,1,2,full_snapshot,1.0,80929,80929,80929,9853,0.0002222260000053211,True,True,ok,True,0.00019429299982220982,0,2,
case02-rep1,wine,178,logistic,parameters,deterministic,False,1,model_and_predictions,1,3,full_snapshot,1.0,80929,80929,80929,9853,0.0002222260000053211,True,True,ok,True,0.00021414299999378272,0,2,
case02-rep1,wine,178,logistic,parameters,deterministic,False,1,model_and_predictions,1,4,full_snapshot,1.0,80929,80929,80929,9853,0.0002222260000053211,True,True,ok,True,0.00023686799977440387,0,2,
case02-rep1,wine,178,logistic,parameters,deterministic,False,1,model_and_predictions,1,0,full_replay,0.1,8092,30045,80929,9853,0.00019359199995960807,True,False,required_inputs_exceed_budget,False,,0,0,not executed: budget/selection failure
case02-rep1,wine,178,logistic,parameters,deterministic,False,1,model_and_predictions,1,1,full_replay,0.1,8092,30045,80929,9853,0.00019359199995960807,True,False,required_inputs_exceed_budget,False,,0,0,not executed: budget/selection failure
case02-rep1,wine,178,logistic,parameters,deterministic,False,1,model_and_predictions,1,2,full_replay,0.1,8092,30045,80929,9853,0.00019359199995960807,True,False,required_inputs_exceed_budget,False,,0,0,not executed: budget/selection failure
case02-rep1,wine,178,logistic,parameters,deterministic,False,1,model_and_predictions,1,3,full_replay,0.1,8092,30045,80929,9853,0.00019359199995960807,True,False,required_inputs_exceed_budget,False,,0,0,not executed: budget/selection failure
case02-rep1,wine,178,logistic,parameters,deterministic,False,1,model_and_predictions,1,4,full_replay,0.1,8092,30045,80929,9853,0.00019359199995960807,True,False,required_inputs_exceed_budget,False,,0,0,not executed: budget/selection failure
case02-rep1,wine,178,logistic,parameters,deterministic,False,1,model_and_predictions,1,0,full_snapshot,0.4,32371,80929,80929,9853,0.00013737700010096887,True,False,budget_exceeded,False,,0,0,not executed: budget/selection failure
case02-rep1,wine,178,logistic,parameters,deterministic,False,1,model_and_predictions,1,1,full_snapshot,0.4,32371,80929,80929,9853,0.00013737700010096887,True,False,budget_exceeded,False,,0,0,not executed: budget/selection failure
case02-rep1,wine,178,logistic,parameters,deterministic,False,1,model_and_predictions,1,2,full_snapshot,0.4,32371,80929,80929,9853,0.00013737700010096887,True,False,budget_exceeded,False,,0,0,not executed: budget/selection failure
case02-rep1,wine,178,logistic,parameters,deterministic,False,1,model_and_predictions,1,3,full_snapshot,0.4,32371,80929,80929,9853,0.00013737700010096887,True,False,budget_exceeded,False,,0,0,not executed: budget/selection failure
case02-rep1,wine,178,logistic,parameters,deterministic,False,1,model_and_predictions,1,4,full_snapshot,0.4,32371,80929,80929,9853,0.00013737700010096887,True,False,budget_exceeded,False,,0,0,not executed: budget/selection failure
case02-rep1,wine,178,logistic,parameters,deterministic,False,1,model_and_predictions,1,0,full_snapshot,0.5,40464,80929,80929,9853,0.00011543399978108937,True,False,budget_exceeded,False,,0,0,not executed: budget/selection failure
case02-rep1,wine,178,logistic,parameters,deterministic,False,1,model_and_predictions,1,1,full_snapshot,0.5,40464,80929,80929,9853,0.00011543399978108937,True,False,budget_exceeded,False,,0,0,not executed: budget/selection failure
case02-rep1,wine,178,logistic,parameters,deterministic,False,1,model_and_predictions,1,2,full_snapshot,0.5,40464,80929,80929,9853,0.00011543399978108937,True,False,budget_exceeded,False,,0,0,not executed: budget/selection failure
case02-rep1,wine,178,logistic,parameters,deterministic,False,1,model_and_predictions,1,3,full_snapshot,0.5,40464,80929,80929,9853,0.00011543399978108937,True,False,budget_exceeded,False,,0,0,not executed: budget/selection failure
case02-rep1,wine,178,logistic,parameters,deterministic,False,1,model_and_predictions,1,4,full_snapshot,0.5,40464,80929,80929,9853,0.00011543399978108937,True,False,budget_exceeded,False,,0,0,not executed: budget/selection failure
case02-rep1,wine,178,logistic,parameters,deterministic,False,1,model_and_predictions,1,0,full_snapshot,0.3,24278,30045,80929,9853,0.00011150899990752805,True,False,required_inputs_exceed_budget,False,,0,0,not executed: budget/selection failure
case02-rep1,wine,178,logistic,parameters,deterministic,False,1,model_and_predictions,1,1,full_snapshot,0.3,24278,30045,80929,9853,0.00011150899990752805,True,False,required_inputs_exceed_budget,False,,0,0,not executed: budget/selection failure
case02-rep1,wine,178,logistic,parameters,deterministic,False,1,model_and_predictions,1,2,full_snapshot,0.3,24278,30045,80929,9853,0.00011150899990752805,True,False,required_inputs_exceed_budget,False,,0,0,not executed: budget/selection failure
case02-rep1,wine,178,logistic,parameters,deterministic,False,1,model_and_predictions,1,3,full_snapshot,0.3,24278,30045,80929,9853,0.00011150899990752805,True,False,required_inputs_exceed_budget,False,,0,0,not executed: budget/selection failure
case02-rep1,wine,178,logistic,parameters,deterministic,False,1,model_and_predictions,1,4,full_snapshot,0.3,24278,30045,80929,9853,0.00011150899990752805,True,False,required_inputs_exceed_budget,False,,0,0,not executed: budget/selection failure
case02-rep1,wine,178,logistic,parameters,deterministic,False,1,model_and_predictions,1,0,recoverability_v2,1.0,80929,41707,80929,9853,0.00013440300017464324,True,True,ok,True,0.00019703799989656545,0,2,
case02-rep1,wine,178,logistic,parameters,deterministic,False,1,model_and_predictions,1,1,recoverability_v2,1.0,80929,41707,80929,9853,0.00013440300017464324,True,True,ok,True,0.0002094659998874704,0,2,
case02-rep1,wine,178,logistic,parameters,deterministic,False,1,model_and_predictions,1,2,recoverability_v2,1.0,80929,41707,80929,9853,0.00013440300017464324,True,True,ok,True,0.00020416799998201896,0,2,
case02-rep1,wine,178,logistic,parameters,deterministic,False,1,model_and_predictions,1,3,recoverability_v2,1.0,80929,41707,80929,9853,0.00013440300017464324,True,True,ok,True,0.000207674000193947,0,2,
case02-rep1,wine,178,logistic,parameters,deterministic,False,1,model_and_predictions,1,4,recoverability_v2,1.0,80929,41707,80929,9853,0.00013440300017464324,True,True,ok,True,0.0002025459998549195,0,2,
case02-rep1,wine,178,logistic,parameters,deterministic,False,1,model_and_predictions,1,0,target_snapshots,0.3,24278,30045,80929,9853,0.0002650100000209932,True,False,required_inputs_exceed_budget,False,,0,0,not executed: budget/selection failure
case02-rep1,wine,178,logistic,parameters,deterministic,False,1,model_and_predictions,1,1,target_snapshots,0.3,24278,30045,80929,9853,0.0002650100000209932,True,False,required_inputs_exceed_budget,False,,0,0,not executed: budget/selection failure
case02-rep1,wine,178,logistic,parameters,deterministic,False,1,model_and_predictions,1,2,target_snapshots,0.3,24278,30045,80929,9853,0.0002650100000209932,True,False,required_inputs_exceed_budget,False,,0,0,not executed: budget/selection failure
case02-rep1,wine,178,logistic,parameters,deterministic,False,1,model_and_predictions,1,3,target_snapshots,0.3,24278,30045,80929,9853,0.0002650100000209932,True,False,required_inputs_exceed_budget,False,,0,0,not executed: budget/selection failure
case02-rep1,wine,178,logistic,parameters,deterministic,False,1,model_and_predictions,1,4,target_snapshots,0.3,24278,30045,80929,9853,0.0002650100000209932,True,False,required_inputs_exceed_budget,False,,0,0,not executed: budget/selection failure
case02-rep1,wine,178,logistic,parameters,deterministic,False,1,model_and_predictions,1,0,recoverability_v2,0.1,8092,30045,80929,9853,0.00011488399968584417,True,False,required_inputs_exceed_budget,False,,0,0,not executed: budget/selection failure
case02-rep1,wine,178,logistic,parameters,deterministic,False,1,model_and_predictions,1,1,recoverability_v2,0.1,8092,30045,80929,9853,0.00011488399968584417,True,False,required_inputs_exceed_budget,False,,0,0,not executed: budget/selection failure
case02-rep1,wine,178,logistic,parameters,deterministic,False,1,model_and_predictions,1,2,recoverability_v2,0.1,8092,30045,80929,9853,0.00011488399968584417,True,False,required_inputs_exceed_budget,False,,0,0,not executed: budget/selection failure
case02-rep1,wine,178,logistic,parameters,deterministic,False,1,model_and_predictions,1,3,recoverability_v2,0.1,8092,30045,80929,9853,0.00011488399968584417,True,False,required_inputs_exceed_budget,False,,0,0,not executed: budget/selection failure
case02-rep1,wine,178,logistic,parameters,deterministic,False,1,model_and_predictions,1,4,recoverability_v2,0.1,8092,30045,80929,9853,0.00011488399968584417,True,False,required_inputs_exceed_budget,False,,0,0,not executed: budget/selection failure
case02-rep1,wine,178,logistic,parameters,deterministic,False,1,model_and_predictions,1,0,recoverability_v3,0.4,32371,32292,80929,9853,0.005173062999801914,True,True,ok,True,0.0017917960003615008,6,2,
case02-rep1,wine,178,logistic,parameters,deterministic,False,1,model_and_predictions,1,1,recoverability_v3,0.4,32371,32292,80929,9853,0.005173062999801914,True,True,ok,True,0.00532715500003178,7,2,
case02-rep1,wine,178,logistic,parameters,deterministic,False,1,model_and_predictions,1,2,recoverability_v3,0.4,32371,32292,80929,9853,0.005173062999801914,True,True,ok,True,0.004484843000227556,7,2,
case02-rep1,wine,178,logistic,parameters,deterministic,False,1,model_and_predictions,1,3,recoverability_v3,0.4,32371,32292,80929,9853,0.005173062999801914,True,True,ok,True,0.0015344970001933689,6,2,
case02-rep1,wine,178,logistic,parameters,deterministic,False,1,model_and_predictions,1,4,recoverability_v3,0.4,32371,32292,80929,9853,0.005173062999801914,True,True,ok,True,0.0051234070001555665,7,2,
case02-rep1,wine,178,logistic,parameters,deterministic,False,1,model_and_predictions,1,0,target_snapshots,0.1,8092,30045,80929,9853,0.0002372280000599858,True,False,required_inputs_exceed_budget,False,,0,0,not executed: budget/selection failure
case02-rep1,wine,178,logistic,parameters,deterministic,False,1,model_and_predictions,1,1,target_snapshots,0.1,8092,30045,80929,9853,0.0002372280000599858,True,False,required_inputs_exceed_budget,False,,0,0,not executed: budget/selection failure
case02-rep1,wine,178,logistic,parameters,deterministic,False,1,model_and_predictions,1,2,target_snapshots,0.1,8092,30045,80929,9853,0.0002372280000599858,True,False,required_inputs_exceed_budget,False,,0,0,not executed: budget/selection failure
case02-rep1,wine,178,logistic,parameters,deterministic,False,1,model_and_predictions,1,3,target_snapshots,0.1,8092,30045,80929,9853,0.0002372280000599858,True,False,required_inputs_exceed_budget,False,,0,0,not executed: budget/selection failure
case02-rep1,wine,178,logistic,parameters,deterministic,False,1,model_and_predictions,1,4,target_snapshots,0.1,8092,30045,80929,9853,0.0002372280000599858,True,False,required_inputs_exceed_budget,False,,0,0,not executed: budget/selection failure
case02-rep1,wine,178,logistic,parameters,deterministic,False,1,model_and_predictions,1,0,full_replay,1.0,80929,30045,80929,9853,0.00011299100015094155,True,True,ok,True,0.005105281000396644,7,2,
case02-rep1,wine,178,logistic,parameters,deterministic,False,1,model_and_predictions,1,1,full_replay,1.0,80929,30045,80929,9853,0.00011299100015094155,True,True,ok,True,0.00450764800007164,7,2,
case02-rep1,wine,178,logistic,parameters,deterministic,False,1,model_and_predictions,1,2,full_replay,1.0,80929,30045,80929,9853,0.00011299100015094155,True,True,ok,True,0.0046909850002521125,7,2,
case02-rep1,wine,178,logistic,parameters,deterministic,False,1,model_and_predictions,1,3,full_replay,1.0,80929,30045,80929,9853,0.00011299100015094155,True,True,ok,True,0.004909665000013774,7,2,
case02-rep1,wine,178,logistic,parameters,deterministic,False,1,model_and_predictions,1,4,full_replay,1.0,80929,30045,80929,9853,0.00011299100015094155,True,True,ok,True,0.005473275999975158,7,2,
case02-rep1,wine,178,logistic,parameters,deterministic,False,1,model_and_predictions,1,0,full_replay,0.2,16185,30045,80929,9853,0.0001875840002867335,True,False,required_inputs_exceed_budget,False,,0,0,not executed: budget/selection failure
case02-rep1,wine,178,logistic,parameters,deterministic,False,1,model_and_predictions,1,1,full_replay,0.2,16185,30045,80929,9853,0.0001875840002867335,True,False,required_inputs_exceed_budget,False,,0,0,not executed: budget/selection failure
case02-rep1,wine,178,logistic,parameters,deterministic,False,1,model_and_predictions,1,2,full_replay,0.2,16185,30045,80929,9853,0.0001875840002867335,True,False,required_inputs_exceed_budget,False,,0,0,not executed: budget/selection failure
case02-rep1,wine,178,logistic,parameters,deterministic,False,1,model_and_predictions,1,3,full_replay,0.2,16185,30045,80929,9853,0.0001875840002867335,True,False,required_inputs_exceed_budget,False,,0,0,not executed: budget/selection failure
case02-rep1,wine,178,logistic,parameters,deterministic,False,1,model_and_predictions,1,4,full_replay,0.2,16185,30045,80929,9853,0.0001875840002867335,True,False,required_inputs_exceed_budget,False,,0,0,not executed: budget/selection failure
case02-rep1,wine,178,logistic,parameters,deterministic,False,1,model_and_predictions,1,0,target_snapshots,1.0,80929,41707,80929,9853,0.00011735800035239663,True,True,ok,True,0.00026746399998955894,0,2,
case02-rep1,wine,178,logistic,parameters,deterministic,False,1,model_and_predictions,1,1,target_snapshots,1.0,80929,41707,80929,9853,0.00011735800035239663,True,True,ok,True,0.00022459899992099963,0,2,
case02-rep1,wine,178,logistic,parameters,deterministic,False,1,model_and_predictions,1,2,target_snapshots,1.0,80929,41707,80929,9853,0.00011735800035239663,True,True,ok,True,0.00021706799998355564,0,2,
case02-rep1,wine,178,logistic,parameters,deterministic,False,1,model_and_predictions,1,3,target_snapshots,1.0,80929,41707,80929,9853,0.00011735800035239663,True,True,ok,True,0.00021125900002516573,0,2,
case02-rep1,wine,178,logistic,parameters,deterministic,False,1,model_and_predictions,1,4,target_snapshots,1.0,80929,41707,80929,9853,0.00011735800035239663,True,True,ok,True,0.00022968699977354845,0,2,
case02-rep1,wine,178,logistic,parameters,deterministic,False,1,model_and_predictions,1,0,recoverability_v3,1.0,80929,41707,80929,9853,0.0003551770000740362,True,True,ok,True,0.00025705799998831935,0,2,
case02-rep1,wine,178,logistic,parameters,deterministic,False,1,model_and_predictions,1,1,recoverability_v3,1.0,80929,41707,80929,9853,0.0003551770000740362,True,True,ok,True,0.00034197600007246365,0,2,
case02-rep1,wine,178,logistic,parameters,deterministic,False,1,model_and_predictions,1,2,recoverability_v3,1.0,80929,41707,80929,9853,0.0003551770000740362,True,True,ok,True,0.0003170589998262585,0,2,
case02-rep1,wine,178,logistic,parameters,deterministic,False,1,model_and_predictions,1,3,recoverability_v3,1.0,80929,41707,80929,9853,0.0003551770000740362,True,True,ok,True,0.00027133000003232155,0,2,
case02-rep1,wine,178,logistic,parameters,deterministic,False,1,model_and_predictions,1,4,recoverability_v3,1.0,80929,41707,80929,9853,0.0003551770000740362,True,True,ok,True,0.00022025299995220848,0,2,
case02-rep1,wine,178,logistic,parameters,deterministic,False,1,model_and_predictions,1,0,recoverability_v2,0.5,40464,40020,80929,9853,0.007959803999710857,True,True,ok,True,0.00022018300023773918,0,2,
case02-rep1,wine,178,logistic,parameters,deterministic,False,1,model_and_predictions,1,1,recoverability_v2,0.5,40464,40020,80929,9853,0.007959803999710857,True,True,ok,True,0.0008322970002154761,4,4,
case02-rep1,wine,178,logistic,parameters,deterministic,False,1,model_and_predictions,1,2,recoverability_v2,0.5,40464,40020,80929,9853,0.007959803999710857,True,True,ok,True,0.0008569950000492099,4,4,
case02-rep1,wine,178,logistic,parameters,deterministic,False,1,model_and_predictions,1,3,recoverability_v2,0.5,40464,40020,80929,9853,0.007959803999710857,True,True,ok,True,0.00022114400007922086,0,2,
case02-rep1,wine,178,logistic,parameters,deterministic,False,1,model_and_predictions,1,4,recoverability_v2,0.5,40464,40020,80929,9853,0.007959803999710857,True,True,ok,True,0.0008772349997343554,4,4,
case02-rep1,wine,178,logistic,parameters,deterministic,False,1,model_and_predictions,1,0,recoverability_v3,0.3,24278,30045,80929,9853,0.00020528999993985053,True,False,required_inputs_exceed_budget,False,,0,0,not executed: budget/selection failure
case02-rep1,wine,178,logistic,parameters,deterministic,False,1,model_and_predictions,1,1,recoverability_v3,0.3,24278,30045,80929,9853,0.00020528999993985053,True,False,required_inputs_exceed_budget,False,,0,0,not executed: budget/selection failure
case02-rep1,wine,178,logistic,parameters,deterministic,False,1,model_and_predictions,1,2,recoverability_v3,0.3,24278,30045,80929,9853,0.00020528999993985053,True,False,required_inputs_exceed_budget,False,,0,0,not executed: budget/selection failure
case02-rep1,wine,178,logistic,parameters,deterministic,False,1,model_and_predictions,1,3,recoverability_v3,0.3,24278,30045,80929,9853,0.00020528999993985053,True,False,required_inputs_exceed_budget,False,,0,0,not executed: budget/selection failure
case02-rep1,wine,178,logistic,parameters,deterministic,False,1,model_and_predictions,1,4,recoverability_v3,0.3,24278,30045,80929,9853,0.00020528999993985053,True,False,required_inputs_exceed_budget,False,,0,0,not executed: budget/selection failure
case02-rep1,wine,178,logistic,parameters,deterministic,False,1,model_and_predictions,1,0,target_snapshots,0.5,40464,41707,80929,9853,0.00012079199996151146,True,False,budget_exceeded,False,,0,0,not executed: budget/selection failure
case02-rep1,wine,178,logistic,parameters,deterministic,False,1,model_and_predictions,1,1,target_snapshots,0.5,40464,41707,80929,9853,0.00012079199996151146,True,False,budget_exceeded,False,,0,0,not executed: budget/selection failure
case02-rep1,wine,178,logistic,parameters,deterministic,False,1,model_and_predictions,1,2,target_snapshots,0.5,40464,41707,80929,9853,0.00012079199996151146,True,False,budget_exceeded,False,,0,0,not executed: budget/selection failure
case02-rep1,wine,178,logistic,parameters,deterministic,False,1,model_and_predictions,1,3,target_snapshots,0.5,40464,41707,80929,9853,0.00012079199996151146,True,False,budget_exceeded,False,,0,0,not executed: budget/selection failure
case02-rep1,wine,178,logistic,parameters,deterministic,False,1,model_and_predictions,1,4,target_snapshots,0.5,40464,41707,80929,9853,0.00012079199996151146,True,False,budget_exceeded,False,,0,0,not executed: budget/selection failure
case02-rep2,wine,178,logistic,parameters,deterministic,False,1,model_and_predictions,2,0,recoverability_v3,0.2,16185,30042,80926,9850,0.00014889500016579404,True,False,required_inputs_exceed_budget,False,,0,0,not executed: budget/selection failure
case02-rep2,wine,178,logistic,parameters,deterministic,False,1,model_and_predictions,2,1,recoverability_v3,0.2,16185,30042,80926,9850,0.00014889500016579404,True,False,required_inputs_exceed_budget,False,,0,0,not executed: budget/selection failure
case02-rep2,wine,178,logistic,parameters,deterministic,False,1,model_and_predictions,2,2,recoverability_v3,0.2,16185,30042,80926,9850,0.00014889500016579404,True,False,required_inputs_exceed_budget,False,,0,0,not executed: budget/selection failure
case02-rep2,wine,178,logistic,parameters,deterministic,False,1,model_and_predictions,2,3,recoverability_v3,0.2,16185,30042,80926,9850,0.00014889500016579404,True,False,required_inputs_exceed_budget,False,,0,0,not executed: budget/selection failure
case02-rep2,wine,178,logistic,parameters,deterministic,False,1,model_and_predictions,2,4,recoverability_v3,0.2,16185,30042,80926,9850,0.00014889500016579404,True,False,required_inputs_exceed_budget,False,,0,0,not executed: budget/selection failure
case02-rep2,wine,178,logistic,parameters,deterministic,False,1,model_and_predictions,2,0,recoverability_v2,1.0,80926,41704,80926,9850,0.00013233999970907462,True,True,ok,True,0.0002326210001228901,0,2,
case02-rep2,wine,178,logistic,parameters,deterministic,False,1,model_and_predictions,2,1,recoverability_v2,1.0,80926,41704,80926,9850,0.00013233999970907462,True,True,ok,True,0.00021994200005792663,0,2,
case02-rep2,wine,178,logistic,parameters,deterministic,False,1,model_and_predictions,2,2,recoverability_v2,1.0,80926,41704,80926,9850,0.00013233999970907462,True,True,ok,True,0.0002154349999727856,0,2,
case02-rep2,wine,178,logistic,parameters,deterministic,False,1,model_and_predictions,2,3,recoverability_v2,1.0,80926,41704,80926,9850,0.00013233999970907462,True,True,ok,True,0.00028306700005487073,0,2,
case02-rep2,wine,178,logistic,parameters,deterministic,False,1,model_and_predictions,2,4,recoverability_v2,1.0,80926,41704,80926,9850,0.00013233999970907462,True,True,ok,True,0.0002403729999969073,0,2,
case02-rep2,wine,178,logistic,parameters,deterministic,False,1,model_and_predictions,2,0,recoverability_v2,0.3,24277,30042,80926,9850,0.00020567100000334904,True,False,required_inputs_exceed_budget,False,,0,0,not executed: budget/selection failure
case02-rep2,wine,178,logistic,parameters,deterministic,False,1,model_and_predictions,2,1,recoverability_v2,0.3,24277,30042,80926,9850,0.00020567100000334904,True,False,required_inputs_exceed_budget,False,,0,0,not executed: budget/selection failure
case02-rep2,wine,178,logistic,parameters,deterministic,False,1,model_and_predictions,2,2,recoverability_v2,0.3,24277,30042,80926,9850,0.00020567100000334904,True,False,required_inputs_exceed_budget,False,,0,0,not executed: budget/selection failure
case02-rep2,wine,178,logistic,parameters,deterministic,False,1,model_and_predictions,2,3,recoverability_v2,0.3,24277,30042,80926,9850,0.00020567100000334904,True,False,required_inputs_exceed_budget,False,,0,0,not executed: budget/selection failure
case02-rep2,wine,178,logistic,parameters,deterministic,False,1,model_and_predictions,2,4,recoverability_v2,0.3,24277,30042,80926,9850,0.00020567100000334904,True,False,required_inputs_exceed_budget,False,,0,0,not executed: budget/selection failure
case02-rep2,wine,178,logistic,parameters,deterministic,False,1,model_and_predictions,2,0,recoverability_v3,0.3,24277,30042,80926,9850,0.00011853900014102692,True,False,required_inputs_exceed_budget,False,,0,0,not executed: budget/selection failure
case02-rep2,wine,178,logistic,parameters,deterministic,False,1,model_and_predictions,2,1,recoverability_v3,0.3,24277,30042,80926,9850,0.00011853900014102692,True,False,required_inputs_exceed_budget,False,,0,0,not executed: budget/selection failure
case02-rep2,wine,178,logistic,parameters,deterministic,False,1,model_and_predictions,2,2,recoverability_v3,0.3,24277,30042,80926,9850,0.00011853900014102692,True,False,required_inputs_exceed_budget,False,,0,0,not executed: budget/selection failure
case02-rep2,wine,178,logistic,parameters,deterministic,False,1,model_and_predictions,2,3,recoverability_v3,0.3,24277,30042,80926,9850,0.00011853900014102692,True,False,required_inputs_exceed_budget,False,,0,0,not executed: budget/selection failure
case02-rep2,wine,178,logistic,parameters,deterministic,False,1,model_and_predictions,2,4,recoverability_v3,0.3,24277,30042,80926,9850,0.00011853900014102692,True,False,required_inputs_exceed_budget,False,,0,0,not executed: budget/selection failure
case02-rep2,wine,178,logistic,parameters,deterministic,False,1,model_and_predictions,2,0,full_snapshot,1.0,80926,80926,80926,9850,0.00018631199964147527,True,True,ok,True,0.00023817000010240008,0,2,
case02-rep2,wine,178,logistic,parameters,deterministic,False,1,model_and_predictions,2,1,full_snapshot,1.0,80926,80926,80926,9850,0.00018631199964147527,True,True,ok,True,0.0003176299996994203,0,2,
case02-rep2,wine,178,logistic,parameters,deterministic,False,1,model_and_predictions,2,2,full_snapshot,1.0,80926,80926,80926,9850,0.00018631199964147527,True,True,ok,True,0.00021917100002610823,0,2,
case02-rep2,wine,178,logistic,parameters,deterministic,False,1,model_and_predictions,2,3,full_snapshot,1.0,80926,80926,80926,9850,0.00018631199964147527,True,True,ok,True,0.00022365799986800994,0,2,
case02-rep2,wine,178,logistic,parameters,deterministic,False,1,model_and_predictions,2,4,full_snapshot,1.0,80926,80926,80926,9850,0.00018631199964147527,True,True,ok,True,0.0002567080000517308,0,2,
case02-rep2,wine,178,logistic,parameters,deterministic,False,1,model_and_predictions,2,0,target_snapshots,0.1,8092,30042,80926,9850,0.0002804430000651337,True,False,required_inputs_exceed_budget,False,,0,0,not executed: budget/selection failure
case02-rep2,wine,178,logistic,parameters,deterministic,False,1,model_and_predictions,2,1,target_snapshots,0.1,8092,30042,80926,9850,0.0002804430000651337,True,False,required_inputs_exceed_budget,False,,0,0,not executed: budget/selection failure
case02-rep2,wine,178,logistic,parameters,deterministic,False,1,model_and_predictions,2,2,target_snapshots,0.1,8092,30042,80926,9850,0.0002804430000651337,True,False,required_inputs_exceed_budget,False,,0,0,not executed: budget/selection failure
case02-rep2,wine,178,logistic,parameters,deterministic,False,1,model_and_predictions,2,3,target_snapshots,0.1,8092,30042,80926,9850,0.0002804430000651337,True,False,required_inputs_exceed_budget,False,,0,0,not executed: budget/selection failure
case02-rep2,wine,178,logistic,parameters,deterministic,False,1,model_and_predictions,2,4,target_snapshots,0.1,8092,30042,80926,9850,0.0002804430000651337,True,False,required_inputs_exceed_budget,False,,0,0,not executed: budget/selection failure
case02-rep2,wine,178,logistic,parameters,deterministic,False,1,model_and_predictions,2,0,recoverability_v2,0.2,16185,30042,80926,9850,0.00011518399969645543,True,False,required_inputs_exceed_budget,False,,0,0,not executed: budget/selection failure
case02-rep2,wine,178,logistic,parameters,deterministic,False,1,model_and_predictions,2,1,recoverability_v2,0.2,16185,30042,80926,9850,0.00011518399969645543,True,False,required_inputs_exceed_budget,False,,0,0,not executed: budget/selection failure
case02-rep2,wine,178,logistic,parameters,deterministic,False,1,model_and_predictions,2,2,recoverability_v2,0.2,16185,30042,80926,9850,0.00011518399969645543,True,False,required_inputs_exceed_budget,False,,0,0,not executed: budget/selection failure
case02-rep2,wine,178,logistic,parameters,deterministic,False,1,model_and_predictions,2,3,recoverability_v2,0.2,16185,30042,80926,9850,0.00011518399969645543,True,False,required_inputs_exceed_budget,False,,0,0,not executed: budget/selection failure
case02-rep2,wine,178,logistic,parameters,deterministic,False,1,model_and_predictions,2,4,recoverability_v2,0.2,16185,30042,80926,9850,0.00011518399969645543,True,False,required_inputs_exceed_budget,False,,0,0,not executed: budget/selection failure
case02-rep2,wine,178,logistic,parameters,deterministic,False,1,model_and_predictions,2,0,full_replay,0.4,32370,30042,80926,9850,0.00011650599981294363,True,True,ok,True,0.004809564999959548,7,2,
case02-rep2,wine,178,logistic,parameters,deterministic,False,1,model_and_predictions,2,1,full_replay,0.4,32370,30042,80926,9850,0.00011650599981294363,True,True,ok,True,0.005883397000161494,7,2,
case02-rep2,wine,178,logistic,parameters,deterministic,False,1,model_and_predictions,2,2,full_replay,0.4,32370,30042,80926,9850,0.00011650599981294363,True,True,ok,True,0.005187635999845952,7,2,
case02-rep2,wine,178,logistic,parameters,deterministic,False,1,model_and_predictions,2,3,full_replay,0.4,32370,30042,80926,9850,0.00011650599981294363,True,True,ok,True,0.004806319000181247,7,2,
case02-rep2,wine,178,logistic,parameters,deterministic,False,1,model_and_predictions,2,4,full_replay,0.4,32370,30042,80926,9850,0.00011650599981294363,True,True,ok,True,0.005128856999817799,7,2,
case02-rep2,wine,178,logistic,parameters,deterministic,False,1,model_and_predictions,2,0,full_snapshot,0.4,32370,80926,80926,9850,0.00018382700000074692,True,False,budget_exceeded,False,,0,0,not executed: budget/selection failure
case02-rep2,wine,178,logistic,parameters,deterministic,False,1,model_and_predictions,2,1,full_snapshot,0.4,32370,80926,80926,9850,0.00018382700000074692,True,False,budget_exceeded,False,,0,0,not executed: budget/selection failure
case02-rep2,wine,178,logistic,parameters,deterministic,False,1,model_and_predictions,2,2,full_snapshot,0.4,32370,80926,80926,9850,0.00018382700000074692,True,False,budget_exceeded,False,,0,0,not executed: budget/selection failure
case02-rep2,wine,178,logistic,parameters,deterministic,False,1,model_and_predictions,2,3,full_snapshot,0.4,32370,80926,80926,9850,0.00018382700000074692,True,False,budget_exceeded,False,,0,0,not executed: budget/selection failure
case02-rep2,wine,178,logistic,parameters,deterministic,False,1,model_and_predictions,2,4,full_snapshot,0.4,32370,80926,80926,9850,0.00018382700000074692,True,False,budget_exceeded,False,,0,0,not executed: budget/selection failure
case02-rep2,wine,178,logistic,parameters,deterministic,False,1,model_and_predictions,2,0,recoverability_v3,0.4,32370,32289,80926,9850,0.003502529999877879,True,True,ok,True,0.004576943999836658,7,2,
case02-rep2,wine,178,logistic,parameters,deterministic,False,1,model_and_predictions,2,1,recoverability_v3,0.4,32370,32289,80926,9850,0.003502529999877879,True,True,ok,True,0.004575070000100823,7,2,
case02-rep2,wine,178,logistic,parameters,deterministic,False,1,model_and_predictions,2,2,recoverability_v3,0.4,32370,32289,80926,9850,0.003502529999877879,True,True,ok,True,0.004887042000063957,7,2,
case02-rep2,wine,178,logistic,parameters,deterministic,False,1,model_and_predictions,2,3,recoverability_v3,0.4,32370,32289,80926,9850,0.003502529999877879,True,True,ok,True,0.0016706030000932515,6,2,
case02-rep2,wine,178,logistic,parameters,deterministic,False,1,model_and_predictions,2,4,recoverability_v3,0.4,32370,32289,80926,9850,0.003502529999877879,True,True,ok,True,0.0014804369998273614,6,2,
case02-rep2,wine,178,logistic,parameters,deterministic,False,1,model_and_predictions,2,0,full_replay,0.3,24277,30042,80926,9850,0.00020572099992932635,True,False,required_inputs_exceed_budget,False,,0,0,not executed: budget/selection failure
case02-rep2,wine,178,logistic,parameters,deterministic,False,1,model_and_predictions,2,1,full_replay,0.3,24277,30042,80926,9850,0.00020572099992932635,True,False,required_inputs_exceed_budget,False,,0,0,not executed: budget/selection failure
case02-rep2,wine,178,logistic,parameters,deterministic,False,1,model_and_predictions,2,2,full_replay,0.3,24277,30042,80926,9850,0.00020572099992932635,True,False,required_inputs_exceed_budget,False,,0,0,not executed: budget/selection failure
case02-rep2,wine,178,logistic,parameters,deterministic,False,1,model_and_predictions,2,3,full_replay,0.3,24277,30042,80926,9850,0.00020572099992932635,True,False,required_inputs_exceed_budget,False,,0,0,not executed: budget/selection failure
case02-rep2,wine,178,logistic,parameters,deterministic,False,1,model_and_predictions,2,4,full_replay,0.3,24277,30042,80926,9850,0.00020572099992932635,True,False,required_inputs_exceed_budget,False,,0,0,not executed: budget/selection failure
case02-rep2,wine,178,logistic,parameters,deterministic,False,1,model_and_predictions,2,0,recoverability_v2,0.4,32370,32289,80926,9850,0.0034488199999032076,True,True,ok,True,0.005083548000129667,7,2,
case02-rep2,wine,178,logistic,parameters,deterministic,False,1,model_and_predictions,2,1,recoverability_v2,0.4,32370,32289,80926,9850,0.0034488199999032076,True,True,ok,True,0.004577745000005962,7,2,
case02-rep2,wine,178,logistic,parameters,deterministic,False,1,model_and_predictions,2,2,recoverability_v2,0.4,32370,32289,80926,9850,0.0034488199999032076,True,True,ok,True,0.005242878999979439,7,2,
case02-rep2,wine,178,logistic,parameters,deterministic,False,1,model_and_predictions,2,3,recoverability_v2,0.4,32370,32289,80926,9850,0.0034488199999032076,True,True,ok,True,0.0015968620000421652,6,2,
case02-rep2,wine,178,logistic,parameters,deterministic,False,1,model_and_predictions,2,4,recoverability_v2,0.4,32370,32289,80926,9850,0.0034488199999032076,True,True,ok,True,0.0015259050001077412,6,2,
case02-rep2,wine,178,logistic,parameters,deterministic,False,1,model_and_predictions,2,0,full_replay,1.0,80926,30042,80926,9850,0.0001837170002545463,True,True,ok,True,0.004271963000064716,7,2,
case02-rep2,wine,178,logistic,parameters,deterministic,False,1,model_and_predictions,2,1,full_replay,1.0,80926,30042,80926,9850,0.0001837170002545463,True,True,ok,True,0.004889826000180619,7,2,
case02-rep2,wine,178,logistic,parameters,deterministic,False,1,model_and_predictions,2,2,full_replay,1.0,80926,30042,80926,9850,0.0001837170002545463,True,True,ok,True,0.005054345000189642,7,2,
case02-rep2,wine,178,logistic,parameters,deterministic,False,1,model_and_predictions,2,3,full_replay,1.0,80926,30042,80926,9850,0.0001837170002545463,True,True,ok,True,0.0048819739999999,7,2,
case02-rep2,wine,178,logistic,parameters,deterministic,False,1,model_and_predictions,2,4,full_replay,1.0,80926,30042,80926,9850,0.0001837170002545463,True,True,ok,True,0.004836905000047409,7,2,
case02-rep2,wine,178,logistic,parameters,deterministic,False,1,model_and_predictions,2,0,target_snapshots,0.5,40463,41704,80926,9850,0.00019110899984298158,True,False,budget_exceeded,False,,0,0,not executed: budget/selection failure
case02-rep2,wine,178,logistic,parameters,deterministic,False,1,model_and_predictions,2,1,target_snapshots,0.5,40463,41704,80926,9850,0.00019110899984298158,True,False,budget_exceeded,False,,0,0,not executed: budget/selection failure
case02-rep2,wine,178,logistic,parameters,deterministic,False,1,model_and_predictions,2,2,target_snapshots,0.5,40463,41704,80926,9850,0.00019110899984298158,True,False,budget_exceeded,False,,0,0,not executed: budget/selection failure
case02-rep2,wine,178,logistic,parameters,deterministic,False,1,model_and_predictions,2,3,target_snapshots,0.5,40463,41704,80926,9850,0.00019110899984298158,True,False,budget_exceeded,False,,0,0,not executed: budget/selection failure
case02-rep2,wine,178,logistic,parameters,deterministic,False,1,model_and_predictions,2,4,target_snapshots,0.5,40463,41704,80926,9850,0.00019110899984298158,True,False,budget_exceeded,False,,0,0,not executed: budget/selection failure
case02-rep2,wine,178,logistic,parameters,deterministic,False,1,model_and_predictions,2,0,full_replay,0.1,8092,30042,80926,9850,0.00011656700007733889,True,False,required_inputs_exceed_budget,False,,0,0,not executed: budget/selection failure
case02-rep2,wine,178,logistic,parameters,deterministic,False,1,model_and_predictions,2,1,full_replay,0.1,8092,30042,80926,9850,0.00011656700007733889,True,False,required_inputs_exceed_budget,False,,0,0,not executed: budget/selection failure
case02-rep2,wine,178,logistic,parameters,deterministic,False,1,model_and_predictions,2,2,full_replay,0.1,8092,30042,80926,9850,0.00011656700007733889,True,False,required_inputs_exceed_budget,False,,0,0,not executed: budget/selection failure
case02-rep2,wine,178,logistic,parameters,deterministic,False,1,model_and_predictions,2,3,full_replay,0.1,8092,30042,80926,9850,0.00011656700007733889,True,False,required_inputs_exceed_budget,False,,0,0,not executed: budget/selection failure
case02-rep2,wine,178,logistic,parameters,deterministic,False,1,model_and_predictions,2,4,full_replay,0.1,8092,30042,80926,9850,0.00011656700007733889,True,False,required_inputs_exceed_budget,False,,0,0,not executed: budget/selection failure
case02-rep2,wine,178,logistic,parameters,deterministic,False,1,model_and_predictions,2,0,target_snapshots,0.4,32370,41704,80926,9850,0.00011827899970739963,True,False,budget_exceeded,False,,0,0,not executed: budget/selection failure
case02-rep2,wine,178,logistic,parameters,deterministic,False,1,model_and_predictions,2,1,target_snapshots,0.4,32370,41704,80926,9850,0.00011827899970739963,True,False,budget_exceeded,False,,0,0,not executed: budget/selection failure
case02-rep2,wine,178,logistic,parameters,deterministic,False,1,model_and_predictions,2,2,target_snapshots,0.4,32370,41704,80926,9850,0.00011827899970739963,True,False,budget_exceeded,False,,0,0,not executed: budget/selection failure
case02-rep2,wine,178,logistic,parameters,deterministic,False,1,model_and_predictions,2,3,target_snapshots,0.4,32370,41704,80926,9850,0.00011827899970739963,True,False,budget_exceeded,False,,0,0,not executed: budget/selection failure
case02-rep2,wine,178,logistic,parameters,deterministic,False,1,model_and_predictions,2,4,target_snapshots,0.4,32370,41704,80926,9850,0.00011827899970739963,True,False,budget_exceeded,False,,0,0,not executed: budget/selection failure
case02-rep2,wine,178,logistic,parameters,deterministic,False,1,model_and_predictions,2,0,full_snapshot,0.5,40463,80926,80926,9850,0.00011640599996098899,True,False,budget_exceeded,False,,0,0,not executed: budget/selection failure
case02-rep2,wine,178,logistic,parameters,deterministic,False,1,model_and_predictions,2,1,full_snapshot,0.5,40463,80926,80926,9850,0.00011640599996098899,True,False,budget_exceeded,False,,0,0,not executed: budget/selection failure
case02-rep2,wine,178,logistic,parameters,deterministic,False,1,model_and_predictions,2,2,full_snapshot,0.5,40463,80926,80926,9850,0.00011640599996098899,True,False,budget_exceeded,False,,0,0,not executed: budget/selection failure
case02-rep2,wine,178,logistic,parameters,deterministic,False,1,model_and_predictions,2,3,full_snapshot,0.5,40463,80926,80926,9850,0.00011640599996098899,True,False,budget_exceeded,False,,0,0,not executed: budget/selection failure
case02-rep2,wine,178,logistic,parameters,deterministic,False,1,model_and_predictions,2,4,full_snapshot,0.5,40463,80926,80926,9850,0.00011640599996098899,True,False,budget_exceeded,False,,0,0,not executed: budget/selection failure
case02-rep2,wine,178,logistic,parameters,deterministic,False,1,model_and_predictions,2,0,recoverability_v2,0.1,8092,30042,80926,9850,0.00017611600014788564,True,False,required_inputs_exceed_budget,False,,0,0,not executed: budget/selection failure
case02-rep2,wine,178,logistic,parameters,deterministic,False,1,model_and_predictions,2,1,recoverability_v2,0.1,8092,30042,80926,9850,0.00017611600014788564,True,False,required_inputs_exceed_budget,False,,0,0,not executed: budget/selection failure
case02-rep2,wine,178,logistic,parameters,deterministic,False,1,model_and_predictions,2,2,recoverability_v2,0.1,8092,30042,80926,9850,0.00017611600014788564,True,False,required_inputs_exceed_budget,False,,0,0,not executed: budget/selection failure
case02-rep2,wine,178,logistic,parameters,deterministic,False,1,model_and_predictions,2,3,recoverability_v2,0.1,8092,30042,80926,9850,0.00017611600014788564,True,False,required_inputs_exceed_budget,False,,0,0,not executed: budget/selection failure
case02-rep2,wine,178,logistic,parameters,deterministic,False,1,model_and_predictions,2,4,recoverability_v2,0.1,8092,30042,80926,9850,0.00017611600014788564,True,False,required_inputs_exceed_budget,False,,0,0,not executed: budget/selection failure
case02-rep2,wine,178,logistic,parameters,deterministic,False,1,model_and_predictions,2,0,full_snapshot,0.2,16185,30042,80926,9850,0.00046014500003366265,True,False,required_inputs_exceed_budget,False,,0,0,not executed: budget/selection failure
case02-rep2,wine,178,logistic,parameters,deterministic,False,1,model_and_predictions,2,1,full_snapshot,0.2,16185,30042,80926,9850,0.00046014500003366265,True,False,required_inputs_exceed_budget,False,,0,0,not executed: budget/selection failure
case02-rep2,wine,178,logistic,parameters,deterministic,False,1,model_and_predictions,2,2,full_snapshot,0.2,16185,30042,80926,9850,0.00046014500003366265,True,False,required_inputs_exceed_budget,False,,0,0,not executed: budget/selection failure
case02-rep2,wine,178,logistic,parameters,deterministic,False,1,model_and_predictions,2,3,full_snapshot,0.2,16185,30042,80926,9850,0.00046014500003366265,True,False,required_inputs_exceed_budget,False,,0,0,not executed: budget/selection failure
case02-rep2,wine,178,logistic,parameters,deterministic,False,1,model_and_predictions,2,4,full_snapshot,0.2,16185,30042,80926,9850,0.00046014500003366265,True,False,required_inputs_exceed_budget,False,,0,0,not executed: budget/selection failure
case02-rep2,wine,178,logistic,parameters,deterministic,False,1,model_and_predictions,2,0,full_replay,0.5,40463,30042,80926,9850,0.00011518399969645543,True,True,ok,True,0.004785528999946109,7,2,
case02-rep2,wine,178,logistic,parameters,deterministic,False,1,model_and_predictions,2,1,full_replay,0.5,40463,30042,80926,9850,0.00011518399969645543,True,True,ok,True,0.004655792999983532,7,2,
case02-rep2,wine,178,logistic,parameters,deterministic,False,1,model_and_predictions,2,2,full_replay,0.5,40463,30042,80926,9850,0.00011518399969645543,True,True,ok,True,0.0051638999998431245,7,2,
case02-rep2,wine,178,logistic,parameters,deterministic,False,1,model_and_predictions,2,3,full_replay,0.5,40463,30042,80926,9850,0.00011518399969645543,True,True,ok,True,0.004948383999817452,7,2,
case02-rep2,wine,178,logistic,parameters,deterministic,False,1,model_and_predictions,2,4,full_replay,0.5,40463,30042,80926,9850,0.00011518399969645543,True,True,ok,True,0.00458558600030301,7,2,
case02-rep2,wine,178,logistic,parameters,deterministic,False,1,model_and_predictions,2,0,recoverability_v3,0.1,8092,30042,80926,9850,0.00017634699997870484,True,False,required_inputs_exceed_budget,False,,0,0,not executed: budget/selection failure
case02-rep2,wine,178,logistic,parameters,deterministic,False,1,model_and_predictions,2,1,recoverability_v3,0.1,8092,30042,80926,9850,0.00017634699997870484,True,False,required_inputs_exceed_budget,False,,0,0,not executed: budget/selection failure
case02-rep2,wine,178,logistic,parameters,deterministic,False,1,model_and_predictions,2,2,recoverability_v3,0.1,8092,30042,80926,9850,0.00017634699997870484,True,False,required_inputs_exceed_budget,False,,0,0,not executed: budget/selection failure
case02-rep2,wine,178,logistic,parameters,deterministic,False,1,model_and_predictions,2,3,recoverability_v3,0.1,8092,30042,80926,9850,0.00017634699997870484,True,False,required_inputs_exceed_budget,False,,0,0,not executed: budget/selection failure
case02-rep2,wine,178,logistic,parameters,deterministic,False,1,model_and_predictions,2,4,recoverability_v3,0.1,8092,30042,80926,9850,0.00017634699997870484,True,False,required_inputs_exceed_budget,False,,0,0,not executed: budget/selection failure
case02-rep2,wine,178,logistic,parameters,deterministic,False,1,model_and_predictions,2,0,recoverability_v3,1.0,80926,41704,80926,9850,0.00013533400033338694,True,True,ok,True,0.00021820000029038056,0,2,
case02-rep2,wine,178,logistic,parameters,deterministic,False,1,model_and_predictions,2,1,recoverability_v3,1.0,80926,41704,80926,9850,0.00013533400033338694,True,True,ok,True,0.00026160499965044437,0,2,
case02-rep2,wine,178,logistic,parameters,deterministic,False,1,model_and_predictions,2,2,recoverability_v3,1.0,80926,41704,80926,9850,0.00013533400033338694,True,True,ok,True,0.00022780400013289182,0,2,
case02-rep2,wine,178,logistic,parameters,deterministic,False,1,model_and_predictions,2,3,recoverability_v3,1.0,80926,41704,80926,9850,0.00013533400033338694,True,True,ok,True,0.0002053500002148212,0,2,
case02-rep2,wine,178,logistic,parameters,deterministic,False,1,model_and_predictions,2,4,recoverability_v3,1.0,80926,41704,80926,9850,0.00013533400033338694,True,True,ok,True,0.00022833499997432227,0,2,
case02-rep2,wine,178,logistic,parameters,deterministic,False,1,model_and_predictions,2,0,full_snapshot,0.3,24277,30042,80926,9850,0.00019122899993817555,True,False,required_inputs_exceed_budget,False,,0,0,not executed: budget/selection failure
case02-rep2,wine,178,logistic,parameters,deterministic,False,1,model_and_predictions,2,1,full_snapshot,0.3,24277,30042,80926,9850,0.00019122899993817555,True,False,required_inputs_exceed_budget,False,,0,0,not executed: budget/selection failure
case02-rep2,wine,178,logistic,parameters,deterministic,False,1,model_and_predictions,2,2,full_snapshot,0.3,24277,30042,80926,9850,0.00019122899993817555,True,False,required_inputs_exceed_budget,False,,0,0,not executed: budget/selection failure
case02-rep2,wine,178,logistic,parameters,deterministic,False,1,model_and_predictions,2,3,full_snapshot,0.3,24277,30042,80926,9850,0.00019122899993817555,True,False,required_inputs_exceed_budget,False,,0,0,not executed: budget/selection failure
case02-rep2,wine,178,logistic,parameters,deterministic,False,1,model_and_predictions,2,4,full_snapshot,0.3,24277,30042,80926,9850,0.00019122899993817555,True,False,required_inputs_exceed_budget,False,,0,0,not executed: budget/selection failure
case02-rep2,wine,178,logistic,parameters,deterministic,False,1,model_and_predictions,2,0,target_snapshots,0.3,24277,30042,80926,9850,0.00011810799969680374,True,False,required_inputs_exceed_budget,False,,0,0,not executed: budget/selection failure
case02-rep2,wine,178,logistic,parameters,deterministic,False,1,model_and_predictions,2,1,target_snapshots,0.3,24277,30042,80926,9850,0.00011810799969680374,True,False,required_inputs_exceed_budget,False,,0,0,not executed: budget/selection failure
case02-rep2,wine,178,logistic,parameters,deterministic,False,1,model_and_predictions,2,2,target_snapshots,0.3,24277,30042,80926,9850,0.00011810799969680374,True,False,required_inputs_exceed_budget,False,,0,0,not executed: budget/selection failure
case02-rep2,wine,178,logistic,parameters,deterministic,False,1,model_and_predictions,2,3,target_snapshots,0.3,24277,30042,80926,9850,0.00011810799969680374,True,False,required_inputs_exceed_budget,False,,0,0,not executed: budget/selection failure
case02-rep2,wine,178,logistic,parameters,deterministic,False,1,model_and_predictions,2,4,target_snapshots,0.3,24277,30042,80926,9850,0.00011810799969680374,True,False,required_inputs_exceed_budget,False,,0,0,not executed: budget/selection failure
case02-rep2,wine,178,logistic,parameters,deterministic,False,1,model_and_predictions,2,0,target_snapshots,0.2,16185,30042,80926,9850,0.00013100799969834043,True,False,required_inputs_exceed_budget,False,,0,0,not executed: budget/selection failure
case02-rep2,wine,178,logistic,parameters,deterministic,False,1,model_and_predictions,2,1,target_snapshots,0.2,16185,30042,80926,9850,0.00013100799969834043,True,False,required_inputs_exceed_budget,False,,0,0,not executed: budget/selection failure
case02-rep2,wine,178,logistic,parameters,deterministic,False,1,model_and_predictions,2,2,target_snapshots,0.2,16185,30042,80926,9850,0.00013100799969834043,True,False,required_inputs_exceed_budget,False,,0,0,not executed: budget/selection failure
case02-rep2,wine,178,logistic,parameters,deterministic,False,1,model_and_predictions,2,3,target_snapshots,0.2,16185,30042,80926,9850,0.00013100799969834043,True,False,required_inputs_exceed_budget,False,,0,0,not executed: budget/selection failure
case02-rep2,wine,178,logistic,parameters,deterministic,False,1,model_and_predictions,2,4,target_snapshots,0.2,16185,30042,80926,9850,0.00013100799969834043,True,False,required_inputs_exceed_budget,False,,0,0,not executed: budget/selection failure
case02-rep2,wine,178,logistic,parameters,deterministic,False,1,model_and_predictions,2,0,recoverability_v3,0.5,40463,40017,80926,9850,0.006186214000081236,True,True,ok,True,0.0008583859998907428,4,4,
case02-rep2,wine,178,logistic,parameters,deterministic,False,1,model_and_predictions,2,1,recoverability_v3,0.5,40463,40017,80926,9850,0.006186214000081236,True,True,ok,True,0.00021350299994082889,0,2,
case02-rep2,wine,178,logistic,parameters,deterministic,False,1,model_and_predictions,2,2,recoverability_v3,0.5,40463,40017,80926,9850,0.006186214000081236,True,True,ok,True,0.00020507899989752332,0,2,
case02-rep2,wine,178,logistic,parameters,deterministic,False,1,model_and_predictions,2,3,recoverability_v3,0.5,40463,40017,80926,9850,0.006186214000081236,True,True,ok,True,0.0008023420000426995,4,4,
case02-rep2,wine,178,logistic,parameters,deterministic,False,1,model_and_predictions,2,4,recoverability_v3,0.5,40463,40017,80926,9850,0.006186214000081236,True,True,ok,True,0.0009028040003613569,4,4,
case02-rep2,wine,178,logistic,parameters,deterministic,False,1,model_and_predictions,2,0,recoverability_v2,0.5,40463,40017,80926,9850,0.005806039999697532,True,True,ok,True,0.000815131000308611,4,4,
case02-rep2,wine,178,logistic,parameters,deterministic,False,1,model_and_predictions,2,1,recoverability_v2,0.5,40463,40017,80926,9850,0.005806039999697532,True,True,ok,True,0.00020515000005616457,0,2,
case02-rep2,wine,178,logistic,parameters,deterministic,False,1,model_and_predictions,2,2,recoverability_v2,0.5,40463,40017,80926,9850,0.005806039999697532,True,True,ok,True,0.00025016799963850644,0,2,
case02-rep2,wine,178,logistic,parameters,deterministic,False,1,model_and_predictions,2,3,recoverability_v2,0.5,40463,40017,80926,9850,0.005806039999697532,True,True,ok,True,0.000866909999786003,4,4,
case02-rep2,wine,178,logistic,parameters,deterministic,False,1,model_and_predictions,2,4,recoverability_v2,0.5,40463,40017,80926,9850,0.005806039999697532,True,True,ok,True,0.000837365000279533,4,4,
case02-rep2,wine,178,logistic,parameters,deterministic,False,1,model_and_predictions,2,0,full_replay,0.2,16185,30042,80926,9850,0.00019581600008677924,True,False,required_inputs_exceed_budget,False,,0,0,not executed: budget/selection failure
case02-rep2,wine,178,logistic,parameters,deterministic,False,1,model_and_predictions,2,1,full_replay,0.2,16185,30042,80926,9850,0.00019581600008677924,True,False,required_inputs_exceed_budget,False,,0,0,not executed: budget/selection failure
case02-rep2,wine,178,logistic,parameters,deterministic,False,1,model_and_predictions,2,2,full_replay,0.2,16185,30042,80926,9850,0.00019581600008677924,True,False,required_inputs_exceed_budget,False,,0,0,not executed: budget/selection failure
case02-rep2,wine,178,logistic,parameters,deterministic,False,1,model_and_predictions,2,3,full_replay,0.2,16185,30042,80926,9850,0.00019581600008677924,True,False,required_inputs_exceed_budget,False,,0,0,not executed: budget/selection failure
case02-rep2,wine,178,logistic,parameters,deterministic,False,1,model_and_predictions,2,4,full_replay,0.2,16185,30042,80926,9850,0.00019581600008677924,True,False,required_inputs_exceed_budget,False,,0,0,not executed: budget/selection failure
case02-rep2,wine,178,logistic,parameters,deterministic,False,1,model_and_predictions,2,0,target_snapshots,1.0,80926,41704,80926,9850,0.00011933100040550926,True,True,ok,True,0.00020097400010854471,0,2,
case02-rep2,wine,178,logistic,parameters,deterministic,False,1,model_and_predictions,2,1,target_snapshots,1.0,80926,41704,80926,9850,0.00011933100040550926,True,True,ok,True,0.00019981199966423446,0,2,
case02-rep2,wine,178,logistic,parameters,deterministic,False,1,model_and_predictions,2,2,target_snapshots,1.0,80926,41704,80926,9850,0.00011933100040550926,True,True,ok,True,0.00020226500009812298,0,2,
case02-rep2,wine,178,logistic,parameters,deterministic,False,1,model_and_predictions,2,3,target_snapshots,1.0,80926,41704,80926,9850,0.00011933100040550926,True,True,ok,True,0.00021408399970823666,0,2,
case02-rep2,wine,178,logistic,parameters,deterministic,False,1,model_and_predictions,2,4,target_snapshots,1.0,80926,41704,80926,9850,0.00011933100040550926,True,True,ok,True,0.00024144500002876157,0,2,
case02-rep2,wine,178,logistic,parameters,deterministic,False,1,model_and_predictions,2,0,full_snapshot,0.1,8092,30042,80926,9850,0.0002034670001194172,True,False,required_inputs_exceed_budget,False,,0,0,not executed: budget/selection failure
case02-rep2,wine,178,logistic,parameters,deterministic,False,1,model_and_predictions,2,1,full_snapshot,0.1,8092,30042,80926,9850,0.0002034670001194172,True,False,required_inputs_exceed_budget,False,,0,0,not executed: budget/selection failure
case02-rep2,wine,178,logistic,parameters,deterministic,False,1,model_and_predictions,2,2,full_snapshot,0.1,8092,30042,80926,9850,0.0002034670001194172,True,False,required_inputs_exceed_budget,False,,0,0,not executed: budget/selection failure
case02-rep2,wine,178,logistic,parameters,deterministic,False,1,model_and_predictions,2,3,full_snapshot,0.1,8092,30042,80926,9850,0.0002034670001194172,True,False,required_inputs_exceed_budget,False,,0,0,not executed: budget/selection failure
case02-rep2,wine,178,logistic,parameters,deterministic,False,1,model_and_predictions,2,4,full_snapshot,0.1,8092,30042,80926,9850,0.0002034670001194172,True,False,required_inputs_exceed_budget,False,,0,0,not executed: budget/selection failure
case03-rep0,wine,178,forest,parameters,deterministic,False,1,model_and_predictions,0,0,recoverability_v2,0.2,92638,51459,463192,9839,0.0035977049997200083,True,True,ok,True,0.020531552000193187,1,4,
case03-rep0,wine,178,forest,parameters,deterministic,False,1,model_and_predictions,0,1,recoverability_v2,0.2,92638,51459,463192,9839,0.0035977049997200083,True,True,ok,True,0.020598133000021335,1,4,
case03-rep0,wine,178,forest,parameters,deterministic,False,1,model_and_predictions,0,2,recoverability_v2,0.2,92638,51459,463192,9839,0.0035977049997200083,True,True,ok,True,0.020658335000007355,1,4,
case03-rep0,wine,178,forest,parameters,deterministic,False,1,model_and_predictions,0,3,recoverability_v2,0.2,92638,51459,463192,9839,0.0035977049997200083,True,True,ok,True,0.02019803800021691,1,4,
case03-rep0,wine,178,forest,parameters,deterministic,False,1,model_and_predictions,0,4,recoverability_v2,0.2,92638,51459,463192,9839,0.0035977049997200083,True,True,ok,True,0.01981119399988529,1,4,
case03-rep0,wine,178,forest,parameters,deterministic,False,1,model_and_predictions,0,0,recoverability_v3,0.5,231596,208546,463192,9839,0.004395478999867919,True,True,ok,True,0.001401646999966033,0,2,
case03-rep0,wine,178,forest,parameters,deterministic,False,1,model_and_predictions,0,1,recoverability_v3,0.5,231596,208546,463192,9839,0.004395478999867919,True,True,ok,True,0.02009658599990871,1,4,
case03-rep0,wine,178,forest,parameters,deterministic,False,1,model_and_predictions,0,2,recoverability_v3,0.5,231596,208546,463192,9839,0.004395478999867919,True,True,ok,True,0.020485553000071377,1,4,
case03-rep0,wine,178,forest,parameters,deterministic,False,1,model_and_predictions,0,3,recoverability_v3,0.5,231596,208546,463192,9839,0.004395478999867919,True,True,ok,True,0.0013833000002705376,0,2,
case03-rep0,wine,178,forest,parameters,deterministic,False,1,model_and_predictions,0,4,recoverability_v3,0.5,231596,208546,463192,9839,0.004395478999867919,True,True,ok,True,0.020437659999970492,1,4,
case03-rep0,wine,178,forest,parameters,deterministic,False,1,model_and_predictions,0,0,full_replay,0.3,138957,30031,463192,9839,0.00019637599962152308,True,True,ok,True,0.02347303600026862,7,2,
case03-rep0,wine,178,forest,parameters,deterministic,False,1,model_and_predictions,0,1,full_replay,0.3,138957,30031,463192,9839,0.00019637599962152308,True,True,ok,True,0.02243627000007109,7,2,
case03-rep0,wine,178,forest,parameters,deterministic,False,1,model_and_predictions,0,2,full_replay,0.3,138957,30031,463192,9839,0.00019637599962152308,True,True,ok,True,0.022477662000255805,7,2,
case03-rep0,wine,178,forest,parameters,deterministic,False,1,model_and_predictions,0,3,full_replay,0.3,138957,30031,463192,9839,0.00019637599962152308,True,True,ok,True,0.022248495999974693,7,2,
case03-rep0,wine,178,forest,parameters,deterministic,False,1,model_and_predictions,0,4,full_replay,0.3,138957,30031,463192,9839,0.00019637599962152308,True,True,ok,True,0.022325390999867523,7,2,
case03-rep0,wine,178,forest,parameters,deterministic,False,1,model_and_predictions,0,0,recoverability_v2,0.3,138957,129990,463192,9839,0.0039317589998972835,True,True,ok,True,0.0013763090000793454,0,2,
case03-rep0,wine,178,forest,parameters,deterministic,False,1,model_and_predictions,0,1,recoverability_v2,0.3,138957,129990,463192,9839,0.0039317589998972835,True,True,ok,True,0.020339462999800162,1,4,
case03-rep0,wine,178,forest,parameters,deterministic,False,1,model_and_predictions,0,2,recoverability_v2,0.3,138957,129990,463192,9839,0.0039317589998972835,True,True,ok,True,0.020059658999798557,1,4,
case03-rep0,wine,178,forest,parameters,deterministic,False,1,model_and_predictions,0,3,recoverability_v2,0.3,138957,129990,463192,9839,0.0039317589998972835,True,True,ok,True,0.019972468000105437,1,4,
case03-rep0,wine,178,forest,parameters,deterministic,False,1,model_and_predictions,0,4,recoverability_v2,0.3,138957,129990,463192,9839,0.0039317589998972835,True,True,ok,True,0.02047913400019752,1,4,
case03-rep0,wine,178,forest,parameters,deterministic,False,1,model_and_predictions,0,0,recoverability_v3,0.1,46319,33180,463192,9839,0.002367495999806124,True,True,ok,True,0.020344649999969988,4,5,
case03-rep0,wine,178,forest,parameters,deterministic,False,1,model_and_predictions,0,1,recoverability_v3,0.1,46319,33180,463192,9839,0.002367495999806124,True,True,ok,True,0.02045135099979234,4,5,
case03-rep0,wine,178,forest,parameters,deterministic,False,1,model_and_predictions,0,2,recoverability_v3,0.1,46319,33180,463192,9839,0.002367495999806124,True,True,ok,True,0.02057531900027243,4,5,
case03-rep0,wine,178,forest,parameters,deterministic,False,1,model_and_predictions,0,3,recoverability_v3,0.1,46319,33180,463192,9839,0.002367495999806124,True,True,ok,True,0.020725305000269145,4,5,
case03-rep0,wine,178,forest,parameters,deterministic,False,1,model_and_predictions,0,4,recoverability_v3,0.1,46319,33180,463192,9839,0.002367495999806124,True,True,ok,True,0.02146602399989206,4,5,
case03-rep0,wine,178,forest,parameters,deterministic,False,1,model_and_predictions,0,0,target_snapshots,0.2,92638,423970,463192,9839,0.00019660700036183698,True,False,budget_exceeded,False,,0,0,not executed: budget/selection failure
case03-rep0,wine,178,forest,parameters,deterministic,False,1,model_and_predictions,0,1,target_snapshots,0.2,92638,423970,463192,9839,0.00019660700036183698,True,False,budget_exceeded,False,,0,0,not executed: budget/selection failure
case03-rep0,wine,178,forest,parameters,deterministic,False,1,model_and_predictions,0,2,target_snapshots,0.2,92638,423970,463192,9839,0.00019660700036183698,True,False,budget_exceeded,False,,0,0,not executed: budget/selection failure
case03-rep0,wine,178,forest,parameters,deterministic,False,1,model_and_predictions,0,3,target_snapshots,0.2,92638,423970,463192,9839,0.00019660700036183698,True,False,budget_exceeded,False,,0,0,not executed: budget/selection failure
case03-rep0,wine,178,forest,parameters,deterministic,False,1,model_and_predictions,0,4,target_snapshots,0.2,92638,423970,463192,9839,0.00019660700036183698,True,False,budget_exceeded,False,,0,0,not executed: budget/selection failure
case03-rep0,wine,178,forest,parameters,deterministic,False,1,model_and_predictions,0,0,full_snapshot,0.2,92638,463192,463192,9839,0.00012061300003551878,True,False,budget_exceeded,False,,0,0,not executed: budget/selection failure
case03-rep0,wine,178,forest,parameters,deterministic,False,1,model_and_predictions,0,1,full_snapshot,0.2,92638,463192,463192,9839,0.00012061300003551878,True,False,budget_exceeded,False,,0,0,not executed: budget/selection failure
case03-rep0,wine,178,forest,parameters,deterministic,False,1,model_and_predictions,0,2,full_snapshot,0.2,92638,463192,463192,9839,0.00012061300003551878,True,False,budget_exceeded,False,,0,0,not executed: budget/selection failure
case03-rep0,wine,178,forest,parameters,deterministic,False,1,model_and_predictions,0,3,full_snapshot,0.2,92638,463192,463192,9839,0.00012061300003551878,True,False,budget_exceeded,False,,0,0,not executed: budget/selection failure
case03-rep0,wine,178,forest,parameters,deterministic,False,1,model_and_predictions,0,4,full_snapshot,0.2,92638,463192,463192,9839,0.00012061300003551878,True,False,budget_exceeded,False,,0,0,not executed: budget/selection failure
case03-rep0,wine,178,forest,parameters,deterministic,False,1,model_and_predictions,0,0,recoverability_v2,0.4,185276,129990,463192,9839,0.0046005990002413455,True,True,ok,True,0.0013799540001855348,0,2,
case03-rep0,wine,178,forest,parameters,deterministic,False,1,model_and_predictions,0,1,recoverability_v2,0.4,185276,129990,463192,9839,0.0046005990002413455,True,True,ok,True,0.021229403000234015,1,4,
case03-rep0,wine,178,forest,parameters,deterministic,False,1,model_and_predictions,0,2,recoverability_v2,0.4,185276,129990,463192,9839,0.0046005990002413455,True,True,ok,True,0.02135403199963548,1,4,
case03-rep0,wine,178,forest,parameters,deterministic,False,1,model_and_predictions,0,3,recoverability_v2,0.4,185276,129990,463192,9839,0.0046005990002413455,True,True,ok,True,0.02118313400023908,1,4,
case03-rep0,wine,178,forest,parameters,deterministic,False,1,model_and_predictions,0,4,recoverability_v2,0.4,185276,129990,463192,9839,0.0046005990002413455,True,True,ok,True,0.02063231200008886,1,4,
case03-rep0,wine,178,forest,parameters,deterministic,False,1,model_and_predictions,0,0,full_replay,0.5,231596,30031,463192,9839,0.00021558499975071754,True,True,ok,True,0.022206959999948594,7,2,
case03-rep0,wine,178,forest,parameters,deterministic,False,1,model_and_predictions,0,1,full_replay,0.5,231596,30031,463192,9839,0.00021558499975071754,True,True,ok,True,0.022066386999995302,7,2,
case03-rep0,wine,178,forest,parameters,deterministic,False,1,model_and_predictions,0,2,full_replay,0.5,231596,30031,463192,9839,0.00021558499975071754,True,True,ok,True,0.024046608000389824,7,2,
case03-rep0,wine,178,forest,parameters,deterministic,False,1,model_and_predictions,0,3,full_replay,0.5,231596,30031,463192,9839,0.00021558499975071754,True,True,ok,True,0.023109363000003214,7,2,
case03-rep0,wine,178,forest,parameters,deterministic,False,1,model_and_predictions,0,4,full_replay,0.5,231596,30031,463192,9839,0.00021558499975071754,True,True,ok,True,0.023138546000154747,7,2,
case03-rep0,wine,178,forest,parameters,deterministic,False,1,model_and_predictions,0,0,target_snapshots,0.4,185276,423970,463192,9839,0.0001872729999377043,True,False,budget_exceeded,False,,0,0,not executed: budget/selection failure
case03-rep0,wine,178,forest,parameters,deterministic,False,1,model_and_predictions,0,1,target_snapshots,0.4,185276,423970,463192,9839,0.0001872729999377043,True,False,budget_exceeded,False,,0,0,not executed: budget/selection failure
case03-rep0,wine,178,forest,parameters,deterministic,False,1,model_and_predictions,0,2,target_snapshots,0.4,185276,423970,463192,9839,0.0001872729999377043,True,False,budget_exceeded,False,,0,0,not executed: budget/selection failure
case03-rep0,wine,178,forest,parameters,deterministic,False,1,model_and_predictions,0,3,target_snapshots,0.4,185276,423970,463192,9839,0.0001872729999377043,True,False,budget_exceeded,False,,0,0,not executed: budget/selection failure
case03-rep0,wine,178,forest,parameters,deterministic,False,1,model_and_predictions,0,4,target_snapshots,0.4,185276,423970,463192,9839,0.0001872729999377043,True,False,budget_exceeded,False,,0,0,not executed: budget/selection failure
case03-rep0,wine,178,forest,parameters,deterministic,False,1,model_and_predictions,0,0,full_snapshot,0.1,46319,463192,463192,9839,0.0001167770001302415,True,False,budget_exceeded,False,,0,0,not executed: budget/selection failure
case03-rep0,wine,178,forest,parameters,deterministic,False,1,model_and_predictions,0,1,full_snapshot,0.1,46319,463192,463192,9839,0.0001167770001302415,True,False,budget_exceeded,False,,0,0,not executed: budget/selection failure
case03-rep0,wine,178,forest,parameters,deterministic,False,1,model_and_predictions,0,2,full_snapshot,0.1,46319,463192,463192,9839,0.0001167770001302415,True,False,budget_exceeded,False,,0,0,not executed: budget/selection failure
case03-rep0,wine,178,forest,parameters,deterministic,False,1,model_and_predictions,0,3,full_snapshot,0.1,46319,463192,463192,9839,0.0001167770001302415,True,False,budget_exceeded,False,,0,0,not executed: budget/selection failure
case03-rep0,wine,178,forest,parameters,deterministic,False,1,model_and_predictions,0,4,full_snapshot,0.1,46319,463192,463192,9839,0.0001167770001302415,True,False,budget_exceeded,False,,0,0,not executed: budget/selection failure
case03-rep0,wine,178,forest,parameters,deterministic,False,1,model_and_predictions,0,0,recoverability_v3,0.2,92638,51459,463192,9839,0.0035372629999983474,True,True,ok,True,0.02095476900012727,1,4,
case03-rep0,wine,178,forest,parameters,deterministic,False,1,model_and_predictions,0,1,recoverability_v3,0.2,92638,51459,463192,9839,0.0035372629999983474,True,True,ok,True,0.02045023599976048,1,4,
case03-rep0,wine,178,forest,parameters,deterministic,False,1,model_and_predictions,0,2,recoverability_v3,0.2,92638,51459,463192,9839,0.0035372629999983474,True,True,ok,True,0.021078374999888183,1,4,
case03-rep0,wine,178,forest,parameters,deterministic,False,1,model_and_predictions,0,3,recoverability_v3,0.2,92638,51459,463192,9839,0.0035372629999983474,True,True,ok,True,0.0222590780003884,1,4,
case03-rep0,wine,178,forest,parameters,deterministic,False,1,model_and_predictions,0,4,recoverability_v3,0.2,92638,51459,463192,9839,0.0035372629999983474,True,True,ok,True,0.021950681999896915,1,4,
case03-rep0,wine,178,forest,parameters,deterministic,False,1,model_and_predictions,0,0,full_replay,0.4,185276,30031,463192,9839,0.000196516999949381,True,True,ok,True,0.02302122999981293,7,2,
case03-rep0,wine,178,forest,parameters,deterministic,False,1,model_and_predictions,0,1,full_replay,0.4,185276,30031,463192,9839,0.000196516999949381,True,True,ok,True,0.022561525000128313,7,2,
case03-rep0,wine,178,forest,parameters,deterministic,False,1,model_and_predictions,0,2,full_replay,0.4,185276,30031,463192,9839,0.000196516999949381,True,True,ok,True,0.02333007600009296,7,2,
case03-rep0,wine,178,forest,parameters,deterministic,False,1,model_and_predictions,0,3,full_replay,0.4,185276,30031,463192,9839,0.000196516999949381,True,True,ok,True,0.022260871000071347,7,2,
case03-rep0,wine,178,forest,parameters,deterministic,False,1,model_and_predictions,0,4,full_replay,0.4,185276,30031,463192,9839,0.000196516999949381,True,True,ok,True,0.02310636800029897,7,2,
case03-rep0,wine,178,forest,parameters,deterministic,False,1,model_and_predictions,0,0,full_snapshot,1.0,463192,463192,463192,9839,0.0001893660000860109,True,True,ok,True,0.0022412749999602966,0,2,
case03-rep0,wine,178,forest,parameters,deterministic,False,1,model_and_predictions,0,1,full_snapshot,1.0,463192,463192,463192,9839,0.0001893660000860109,True,True,ok,True,0.0014835609999863664,0,2,
case03-rep0,wine,178,forest,parameters,deterministic,False,1,model_and_predictions,0,2,full_snapshot,1.0,463192,463192,463192,9839,0.0001893660000860109,True,True,ok,True,0.0014947479999136704,0,2,
case03-rep0,wine,178,forest,parameters,deterministic,False,1,model_and_predictions,0,3,full_snapshot,1.0,463192,463192,463192,9839,0.0001893660000860109,True,True,ok,True,0.0014351880004142004,0,2,
case03-rep0,wine,178,forest,parameters,deterministic,False,1,model_and_predictions,0,4,full_snapshot,1.0,463192,463192,463192,9839,0.0001893660000860109,True,True,ok,True,0.0015183730001808726,0,2,
case03-rep0,wine,178,forest,parameters,deterministic,False,1,model_and_predictions,0,0,full_replay,0.1,46319,30031,463192,9839,0.0001927009998325957,True,True,ok,True,0.022000808000029792,7,2,
case03-rep0,wine,178,forest,parameters,deterministic,False,1,model_and_predictions,0,1,full_replay,0.1,46319,30031,463192,9839,0.0001927009998325957,True,True,ok,True,0.022583969000152138,7,2,
case03-rep0,wine,178,forest,parameters,deterministic,False,1,model_and_predictions,0,2,full_replay,0.1,46319,30031,463192,9839,0.0001927009998325957,True,True,ok,True,0.0223528599999554,7,2,
case03-rep0,wine,178,forest,parameters,deterministic,False,1,model_and_predictions,0,3,full_replay,0.1,46319,30031,463192,9839,0.0001927009998325957,True,True,ok,True,0.023697341000115557,7,2,
case03-rep0,wine,178,forest,parameters,deterministic,False,1,model_and_predictions,0,4,full_replay,0.1,46319,30031,463192,9839,0.0001927009998325957,True,True,ok,True,0.027600725999946008,7,2,
case03-rep0,wine,178,forest,parameters,deterministic,False,1,model_and_predictions,0,0,full_snapshot,0.4,185276,463192,463192,9839,0.00019389199997021933,True,False,budget_exceeded,False,,0,0,not executed: budget/selection failure
case03-rep0,wine,178,forest,parameters,deterministic,False,1,model_and_predictions,0,1,full_snapshot,0.4,185276,463192,463192,9839,0.00019389199997021933,True,False,budget_exceeded,False,,0,0,not executed: budget/selection failure
case03-rep0,wine,178,forest,parameters,deterministic,False,1,model_and_predictions,0,2,full_snapshot,0.4,185276,463192,463192,9839,0.00019389199997021933,True,False,budget_exceeded,False,,0,0,not executed: budget/selection failure
case03-rep0,wine,178,forest,parameters,deterministic,False,1,model_and_predictions,0,3,full_snapshot,0.4,185276,463192,463192,9839,0.00019389199997021933,True,False,budget_exceeded,False,,0,0,not executed: budget/selection failure
case03-rep0,wine,178,forest,parameters,deterministic,False,1,model_and_predictions,0,4,full_snapshot,0.4,185276,463192,463192,9839,0.00019389199997021933,True,False,budget_exceeded,False,,0,0,not executed: budget/selection failure
case03-rep0,wine,178,forest,parameters,deterministic,False,1,model_and_predictions,0,0,full_snapshot,0.5,231596,463192,463192,9839,0.00011808899989773636,True,False,budget_exceeded,False,,0,0,not executed: budget/selection failure
case03-rep0,wine,178,forest,parameters,deterministic,False,1,model_and_predictions,0,1,full_snapshot,0.5,231596,463192,463192,9839,0.00011808899989773636,True,False,budget_exceeded,False,,0,0,not executed: budget/selection failure
case03-rep0,wine,178,forest,parameters,deterministic,False,1,model_and_predictions,0,2,full_snapshot,0.5,231596,463192,463192,9839,0.00011808899989773636,True,False,budget_exceeded,False,,0,0,not executed: budget/selection failure
case03-rep0,wine,178,forest,parameters,deterministic,False,1,model_and_predictions,0,3,full_snapshot,0.5,231596,463192,463192,9839,0.00011808899989773636,True,False,budget_exceeded,False,,0,0,not executed: budget/selection failure
case03-rep0,wine,178,forest,parameters,deterministic,False,1,model_and_predictions,0,4,full_snapshot,0.5,231596,463192,463192,9839,0.00011808899989773636,True,False,budget_exceeded,False,,0,0,not executed: budget/selection failure
case03-rep0,wine,178,forest,parameters,deterministic,False,1,model_and_predictions,0,0,full_snapshot,0.3,138957,463192,463192,9839,0.00017718799972499255,True,False,budget_exceeded,False,,0,0,not executed: budget/selection failure
case03-rep0,wine,178,forest,parameters,deterministic,False,1,model_and_predictions,0,1,full_snapshot,0.3,138957,463192,463192,9839,0.00017718799972499255,True,False,budget_exceeded,False,,0,0,not executed: budget/selection failure
case03-rep0,wine,178,forest,parameters,deterministic,False,1,model_and_predictions,0,2,full_snapshot,0.3,138957,463192,463192,9839,0.00017718799972499255,True,False,budget_exceeded,False,,0,0,not executed: budget/selection failure
case03-rep0,wine,178,forest,parameters,deterministic,False,1,model_and_predictions,0,3,full_snapshot,0.3,138957,463192,463192,9839,0.00017718799972499255,True,False,budget_exceeded,False,,0,0,not executed: budget/selection failure
case03-rep0,wine,178,forest,parameters,deterministic,False,1,model_and_predictions,0,4,full_snapshot,0.3,138957,463192,463192,9839,0.00017718799972499255,True,False,budget_exceeded,False,,0,0,not executed: budget/selection failure
case03-rep0,wine,178,forest,parameters,deterministic,False,1,model_and_predictions,0,0,recoverability_v2,1.0,463192,423970,463192,9839,0.00013683599991054507,True,True,ok,True,0.002217979999841191,0,2,
case03-rep0,wine,178,forest,parameters,deterministic,False,1,model_and_predictions,0,1,recoverability_v2,1.0,463192,423970,463192,9839,0.00013683599991054507,True,True,ok,True,0.0022941150000406196,0,2,
case03-rep0,wine,178,forest,parameters,deterministic,False,1,model_and_predictions,0,2,recoverability_v2,1.0,463192,423970,463192,9839,0.00013683599991054507,True,True,ok,True,0.001499695000347856,0,2,
case03-rep0,wine,178,forest,parameters,deterministic,False,1,model_and_predictions,0,3,recoverability_v2,1.0,463192,423970,463192,9839,0.00013683599991054507,True,True,ok,True,0.001839338000081625,0,2,
case03-rep0,wine,178,forest,parameters,deterministic,False,1,model_and_predictions,0,4,recoverability_v2,1.0,463192,423970,463192,9839,0.00013683599991054507,True,True,ok,True,0.0016329560003214283,0,2,
case03-rep0,wine,178,forest,parameters,deterministic,False,1,model_and_predictions,0,0,target_snapshots,0.3,138957,423970,463192,9839,0.00019919099986509536,True,False,budget_exceeded,False,,0,0,not executed: budget/selection failure
case03-rep0,wine,178,forest,parameters,deterministic,False,1,model_and_predictions,0,1,target_snapshots,0.3,138957,423970,463192,9839,0.00019919099986509536,True,False,budget_exceeded,False,,0,0,not executed: budget/selection failure
case03-rep0,wine,178,forest,parameters,deterministic,False,1,model_and_predictions,0,2,target_snapshots,0.3,138957,423970,463192,9839,0.00019919099986509536,True,False,budget_exceeded,False,,0,0,not executed: budget/selection failure
case03-rep0,wine,178,forest,parameters,deterministic,False,1,model_and_predictions,0,3,target_snapshots,0.3,138957,423970,463192,9839,0.00019919099986509536,True,False,budget_exceeded,False,,0,0,not executed: budget/selection failure
case03-rep0,wine,178,forest,parameters,deterministic,False,1,model_and_predictions,0,4,target_snapshots,0.3,138957,423970,463192,9839,0.00019919099986509536,True,False,budget_exceeded,False,,0,0,not executed: budget/selection failure
case03-rep0,wine,178,forest,parameters,deterministic,False,1,model_and_predictions,0,0,recoverability_v2,0.1,46319,33180,463192,9839,0.0026207890000478073,True,True,ok,True,0.022155601999656938,4,5,
case03-rep0,wine,178,forest,parameters,deterministic,False,1,model_and_predictions,0,1,recoverability_v2,0.1,46319,33180,463192,9839,0.0026207890000478073,True,True,ok,True,0.02056015199968897,4,5,
case03-rep0,wine,178,forest,parameters,deterministic,False,1,model_and_predictions,0,2,recoverability_v2,0.1,46319,33180,463192,9839,0.0026207890000478073,True,True,ok,True,0.02539030800016917,4,5,
case03-rep0,wine,178,forest,parameters,deterministic,False,1,model_and_predictions,0,3,recoverability_v2,0.1,46319,33180,463192,9839,0.0026207890000478073,True,True,ok,True,0.02103433899992524,4,5,
case03-rep0,wine,178,forest,parameters,deterministic,False,1,model_and_predictions,0,4,recoverability_v2,0.1,46319,33180,463192,9839,0.0026207890000478073,True,True,ok,True,0.044505676999961,4,5,
case03-rep0,wine,178,forest,parameters,deterministic,False,1,model_and_predictions,0,0,recoverability_v3,0.4,185276,129990,463192,9839,0.005203789999995934,True,True,ok,True,0.0037097830004313437,0,2,
case03-rep0,wine,178,forest,parameters,deterministic,False,1,model_and_predictions,0,1,recoverability_v3,0.4,185276,129990,463192,9839,0.005203789999995934,True,True,ok,True,0.02412196200020844,1,4,
case03-rep0,wine,178,forest,parameters,deterministic,False,1,model_and_predictions,0,2,recoverability_v3,0.4,185276,129990,463192,9839,0.005203789999995934,True,True,ok,True,0.021811322000303335,1,4,
case03-rep0,wine,178,forest,parameters,deterministic,False,1,model_and_predictions,0,3,recoverability_v3,0.4,185276,129990,463192,9839,0.005203789999995934,True,True,ok,True,0.03162586600001305,1,4,
case03-rep0,wine,178,forest,parameters,deterministic,False,1,model_and_predictions,0,4,recoverability_v3,0.4,185276,129990,463192,9839,0.005203789999995934,True,True,ok,True,0.023909839999760152,1,4,
case03-rep0,wine,178,forest,parameters,deterministic,False,1,model_and_predictions,0,0,target_snapshots,0.1,46319,423970,463192,9839,0.0001981289997274871,True,False,budget_exceeded,False,,0,0,not executed: budget/selection failure
case03-rep0,wine,178,forest,parameters,deterministic,False,1,model_and_predictions,0,1,target_snapshots,0.1,46319,423970,463192,9839,0.0001981289997274871,True,False,budget_exceeded,False,,0,0,not executed: budget/selection failure
case03-rep0,wine,178,forest,parameters,deterministic,False,1,model_and_predictions,0,2,target_snapshots,0.1,46319,423970,463192,9839,0.0001981289997274871,True,False,budget_exceeded,False,,0,0,not executed: budget/selection failure
case03-rep0,wine,178,forest,parameters,deterministic,False,1,model_and_predictions,0,3,target_snapshots,0.1,46319,423970,463192,9839,0.0001981289997274871,True,False,budget_exceeded,False,,0,0,not executed: budget/selection failure
case03-rep0,wine,178,forest,parameters,deterministic,False,1,model_and_predictions,0,4,target_snapshots,0.1,46319,423970,463192,9839,0.0001981289997274871,True,False,budget_exceeded,False,,0,0,not executed: budget/selection failure
case03-rep0,wine,178,forest,parameters,deterministic,False,1,model_and_predictions,0,0,full_replay,1.0,463192,30031,463192,9839,0.0001154639999185747,True,True,ok,True,0.031910810000226775,7,2,
case03-rep0,wine,178,forest,parameters,deterministic,False,1,model_and_predictions,0,1,full_replay,1.0,463192,30031,463192,9839,0.0001154639999185747,True,True,ok,True,0.0244870980000087,7,2,
case03-rep0,wine,178,forest,parameters,deterministic,False,1,model_and_predictions,0,2,full_replay,1.0,463192,30031,463192,9839,0.0001154639999185747,True,True,ok,True,0.026879200000166747,7,2,
case03-rep0,wine,178,forest,parameters,deterministic,False,1,model_and_predictions,0,3,full_replay,1.0,463192,30031,463192,9839,0.0001154639999185747,True,True,ok,True,0.02355091299978085,7,2,
case03-rep0,wine,178,forest,parameters,deterministic,False,1,model_and_predictions,0,4,full_replay,1.0,463192,30031,463192,9839,0.0001154639999185747,True,True,ok,True,0.022504623000259016,7,2,
case03-rep0,wine,178,forest,parameters,deterministic,False,1,model_and_predictions,0,0,full_replay,0.2,92638,30031,463192,9839,0.00018576000002212822,True,True,ok,True,0.023665015999995376,7,2,
case03-rep0,wine,178,forest,parameters,deterministic,False,1,model_and_predictions,0,1,full_replay,0.2,92638,30031,463192,9839,0.00018576000002212822,True,True,ok,True,0.023993502000394074,7,2,
case03-rep0,wine,178,forest,parameters,deterministic,False,1,model_and_predictions,0,2,full_replay,0.2,92638,30031,463192,9839,0.00018576000002212822,True,True,ok,True,0.025704976999804785,7,2,
case03-rep0,wine,178,forest,parameters,deterministic,False,1,model_and_predictions,0,3,full_replay,0.2,92638,30031,463192,9839,0.00018576000002212822,True,True,ok,True,0.022717724999893107,7,2,
case03-rep0,wine,178,forest,parameters,deterministic,False,1,model_and_predictions,0,4,full_replay,0.2,92638,30031,463192,9839,0.00018576000002212822,True,True,ok,True,0.022930184999950143,7,2,
case03-rep0,wine,178,forest,parameters,deterministic,False,1,model_and_predictions,0,0,target_snapshots,1.0,463192,423970,463192,9839,0.00021870000000490109,True,True,ok,True,0.001359593999950448,0,2,
case03-rep0,wine,178,forest,parameters,deterministic,False,1,model_and_predictions,0,1,target_snapshots,1.0,463192,423970,463192,9839,0.00021870000000490109,True,True,ok,True,0.0014972020003369835,0,2,
case03-rep0,wine,178,forest,parameters,deterministic,False,1,model_and_predictions,0,2,target_snapshots,1.0,463192,423970,463192,9839,0.00021870000000490109,True,True,ok,True,0.0014087780000409111,0,2,
case03-rep0,wine,178,forest,parameters,deterministic,False,1,model_and_predictions,0,3,target_snapshots,1.0,463192,423970,463192,9839,0.00021870000000490109,True,True,ok,True,0.0014009970000188332,0,2,
case03-rep0,wine,178,forest,parameters,deterministic,False,1,model_and_predictions,0,4,target_snapshots,1.0,463192,423970,463192,9839,0.00021870000000490109,True,True,ok,True,0.001885819000108313,0,2,
case03-rep0,wine,178,forest,parameters,deterministic,False,1,model_and_predictions,0,0,recoverability_v3,1.0,463192,423970,463192,9839,0.0002074139997603197,True,True,ok,True,0.0016397059998780605,0,2,
case03-rep0,wine,178,forest,parameters,deterministic,False,1,model_and_predictions,0,1,recoverability_v3,1.0,463192,423970,463192,9839,0.0002074139997603197,True,True,ok,True,0.0024305110000568675,0,2,
case03-rep0,wine,178,forest,parameters,deterministic,False,1,model_and_predictions,0,2,recoverability_v3,1.0,463192,423970,463192,9839,0.0002074139997603197,True,True,ok,True,0.0014156379997984914,0,2,
case03-rep0,wine,178,forest,parameters,deterministic,False,1,model_and_predictions,0,3,recoverability_v3,1.0,463192,423970,463192,9839,0.0002074139997603197,True,True,ok,True,0.001451733000067179,0,2,
case03-rep0,wine,178,forest,parameters,deterministic,False,1,model_and_predictions,0,4,recoverability_v3,1.0,463192,423970,463192,9839,0.0002074139997603197,True,True,ok,True,0.0013931539997429354,0,2,
case03-rep0,wine,178,forest,parameters,deterministic,False,1,model_and_predictions,0,0,recoverability_v2,0.5,231596,208546,463192,9839,0.004576062000069214,True,True,ok,True,0.0017806599998948514,0,2,
case03-rep0,wine,178,forest,parameters,deterministic,False,1,model_and_predictions,0,1,recoverability_v2,0.5,231596,208546,463192,9839,0.004576062000069214,True,True,ok,True,0.020548427999983687,1,4,
case03-rep0,wine,178,forest,parameters,deterministic,False,1,model_and_predictions,0,2,recoverability_v2,0.5,231596,208546,463192,9839,0.004576062000069214,True,True,ok,True,0.019798295000327926,1,4,
case03-rep0,wine,178,forest,parameters,deterministic,False,1,model_and_predictions,0,3,recoverability_v2,0.5,231596,208546,463192,9839,0.004576062000069214,True,True,ok,True,0.001603622000402538,0,2,
case03-rep0,wine,178,forest,parameters,deterministic,False,1,model_and_predictions,0,4,recoverability_v2,0.5,231596,208546,463192,9839,0.004576062000069214,True,True,ok,True,0.022372373000052903,1,4,
case03-rep0,wine,178,forest,parameters,deterministic,False,1,model_and_predictions,0,0,recoverability_v3,0.3,138957,129990,463192,9839,0.0049471719999019115,True,True,ok,True,0.0018850169999495847,0,2,
case03-rep0,wine,178,forest,parameters,deterministic,False,1,model_and_predictions,0,1,recoverability_v3,0.3,138957,129990,463192,9839,0.0049471719999019115,True,True,ok,True,0.023913871999866387,1,4,
case03-rep0,wine,178,forest,parameters,deterministic,False,1,model_and_predictions,0,2,recoverability_v3,0.3,138957,129990,463192,9839,0.0049471719999019115,True,True,ok,True,0.023184959999980492,1,4,
case03-rep0,wine,178,forest,parameters,deterministic,False,1,model_and_predictions,0,3,recoverability_v3,0.3,138957,129990,463192,9839,0.0049471719999019115,True,True,ok,True,0.022640378000232886,1,4,
case03-rep0,wine,178,forest,parameters,deterministic,False,1,model_and_predictions,0,4,recoverability_v3,0.3,138957,129990,463192,9839,0.0049471719999019115,True,True,ok,True,0.02201884899977813,1,4,
case03-rep0,wine,178,forest,parameters,deterministic,False,1,model_and_predictions,0,0,target_snapshots,0.5,231596,423970,463192,9839,0.00025433400014662766,True,False,budget_exceeded,False,,0,0,not executed: budget/selection failure
case03-rep0,wine,178,forest,parameters,deterministic,False,1,model_and_predictions,0,1,target_snapshots,0.5,231596,423970,463192,9839,0.00025433400014662766,True,False,budget_exceeded,False,,0,0,not executed: budget/selection failure
case03-rep0,wine,178,forest,parameters,deterministic,False,1,model_and_predictions,0,2,target_snapshots,0.5,231596,423970,463192,9839,0.00025433400014662766,True,False,budget_exceeded,False,,0,0,not executed: budget/selection failure
case03-rep0,wine,178,forest,parameters,deterministic,False,1,model_and_predictions,0,3,target_snapshots,0.5,231596,423970,463192,9839,0.00025433400014662766,True,False,budget_exceeded,False,,0,0,not executed: budget/selection failure
case03-rep0,wine,178,forest,parameters,deterministic,False,1,model_and_predictions,0,4,target_snapshots,0.5,231596,423970,463192,9839,0.00025433400014662766,True,False,budget_exceeded,False,,0,0,not executed: budget/selection failure
case03-rep1,wine,178,forest,parameters,deterministic,False,1,model_and_predictions,1,0,recoverability_v3,0.2,91953,51458,459766,9838,0.004141135000281793,True,True,ok,True,0.02345508799999152,1,4,
case03-rep1,wine,178,forest,parameters,deterministic,False,1,model_and_predictions,1,1,recoverability_v3,0.2,91953,51458,459766,9838,0.004141135000281793,True,True,ok,True,0.02229115999989517,1,4,
case03-rep1,wine,178,forest,parameters,deterministic,False,1,model_and_predictions,1,2,recoverability_v3,0.2,91953,51458,459766,9838,0.004141135000281793,True,True,ok,True,0.021920930999840493,1,4,
case03-rep1,wine,178,forest,parameters,deterministic,False,1,model_and_predictions,1,3,recoverability_v3,0.2,91953,51458,459766,9838,0.004141135000281793,True,True,ok,True,0.022768000999803917,1,4,
case03-rep1,wine,178,forest,parameters,deterministic,False,1,model_and_predictions,1,4,recoverability_v3,0.2,91953,51458,459766,9838,0.004141135000281793,True,True,ok,True,0.021771034999801486,1,4,
case03-rep1,wine,178,forest,parameters,deterministic,False,1,model_and_predictions,1,0,recoverability_v2,1.0,459766,420544,459766,9838,0.00020019299972773297,True,True,ok,True,0.0017915559997163655,0,2,
case03-rep1,wine,178,forest,parameters,deterministic,False,1,model_and_predictions,1,1,recoverability_v2,1.0,459766,420544,459766,9838,0.00020019299972773297,True,True,ok,True,0.0015098110002327303,0,2,
case03-rep1,wine,178,forest,parameters,deterministic,False,1,model_and_predictions,1,2,recoverability_v2,1.0,459766,420544,459766,9838,0.00020019299972773297,True,True,ok,True,0.0016324560001521604,0,2,
case03-rep1,wine,178,forest,parameters,deterministic,False,1,model_and_predictions,1,3,recoverability_v2,1.0,459766,420544,459766,9838,0.00020019299972773297,True,True,ok,True,0.0018560940002316784,0,2,
case03-rep1,wine,178,forest,parameters,deterministic,False,1,model_and_predictions,1,4,recoverability_v2,1.0,459766,420544,459766,9838,0.00020019299972773297,True,True,ok,True,0.001478003000102035,0,2,
case03-rep1,wine,178,forest,parameters,deterministic,False,1,model_and_predictions,1,0,recoverability_v2,0.3,137929,129329,459766,9838,0.01084817600030874,True,True,ok,True,0.02027200999964407,1,4,
case03-rep1,wine,178,forest,parameters,deterministic,False,1,model_and_predictions,1,1,recoverability_v2,0.3,137929,129329,459766,9838,0.01084817600030874,True,True,ok,True,0.019945036000081018,1,4,
case03-rep1,wine,178,forest,parameters,deterministic,False,1,model_and_predictions,1,2,recoverability_v2,0.3,137929,129329,459766,9838,0.01084817600030874,True,True,ok,True,0.019929993999994622,1,4,
case03-rep1,wine,178,forest,parameters,deterministic,False,1,model_and_predictions,1,3,recoverability_v2,0.3,137929,129329,459766,9838,0.01084817600030874,True,True,ok,True,0.0014964509996389097,0,2,
case03-rep1,wine,178,forest,parameters,deterministic,False,1,model_and_predictions,1,4,recoverability_v2,0.3,137929,129329,459766,9838,0.01084817600030874,True,True,ok,True,0.02029288199992152,1,4,
case03-rep1,wine,178,forest,parameters,deterministic,False,1,model_and_predictions,1,0,recoverability_v3,0.3,137929,129329,459766,9838,0.007529692999924009,True,True,ok,True,0.021560728000167728,1,4,
case03-rep1,wine,178,forest,parameters,deterministic,False,1,model_and_predictions,1,1,recoverability_v3,0.3,137929,129329,459766,9838,0.007529692999924009,True,True,ok,True,0.02041718899999978,1,4,
case03-rep1,wine,178,forest,parameters,deterministic,False,1,model_and_predictions,1,2,recoverability_v3,0.3,137929,129329,459766,9838,0.007529692999924009,True,True,ok,True,0.020246101999873645,1,4,
case03-rep1,wine,178,forest,parameters,deterministic,False,1,model_and_predictions,1,3,recoverability_v3,0.3,137929,129329,459766,9838,0.007529692999924009,True,True,ok,True,0.0015822499999558204,0,2,
case03-rep1,wine,178,forest,parameters,deterministic,False,1,model_and_predictions,1,4,recoverability_v3,0.3,137929,129329,459766,9838,0.007529692999924009,True,True,ok,True,0.02074518600011288,1,4,
case03-rep1,wine,178,forest,parameters,deterministic,False,1,model_and_predictions,1,0,full_snapshot,1.0,459766,459766,459766,9838,0.0002659320002749155,True,True,ok,True,0.0015702420000707207,0,2,
case03-rep1,wine,178,forest,parameters,deterministic,False,1,model_and_predictions,1,1,full_snapshot,1.0,459766,459766,459766,9838,0.0002659320002749155,True,True,ok,True,0.0015663359999962267,0,2,
case03-rep1,wine,178,forest,parameters,deterministic,False,1,model_and_predictions,1,2,full_snapshot,1.0,459766,459766,459766,9838,0.0002659320002749155,True,True,ok,True,0.001424020999820641,0,2,
case03-rep1,wine,178,forest,parameters,deterministic,False,1,model_and_predictions,1,3,full_snapshot,1.0,459766,459766,459766,9838,0.0002659320002749155,True,True,ok,True,0.0016519949999747041,0,2,
case03-rep1,wine,178,forest,parameters,deterministic,False,1,model_and_predictions,1,4,full_snapshot,1.0,459766,459766,459766,9838,0.0002659320002749155,True,True,ok,True,0.0013988129999233934,0,2,
case03-rep1,wine,178,forest,parameters,deterministic,False,1,model_and_predictions,1,0,target_snapshots,0.1,45976,420544,459766,9838,0.0001938529999279126,True,False,budget_exceeded,False,,0,0,not executed: budget/selection failure
case03-rep1,wine,178,forest,parameters,deterministic,False,1,model_and_predictions,1,1,target_snapshots,0.1,45976,420544,459766,9838,0.0001938529999279126,True,False,budget_exceeded,False,,0,0,not executed: budget/selection failure
case03-rep1,wine,178,forest,parameters,deterministic,False,1,model_and_predictions,1,2,target_snapshots,0.1,45976,420544,459766,9838,0.0001938529999279126,True,False,budget_exceeded,False,,0,0,not executed: budget/selection failure
case03-rep1,wine,178,forest,parameters,deterministic,False,1,model_and_predictions,1,3,target_snapshots,0.1,45976,420544,459766,9838,0.0001938529999279126,True,False,budget_exceeded,False,,0,0,not executed: budget/selection failure
case03-rep1,wine,178,forest,parameters,deterministic,False,1,model_and_predictions,1,4,target_snapshots,0.1,45976,420544,459766,9838,0.0001938529999279126,True,False,budget_exceeded,False,,0,0,not executed: budget/selection failure
case03-rep1,wine,178,forest,parameters,deterministic,False,1,model_and_predictions,1,0,recoverability_v2,0.2,91953,51458,459766,9838,0.003773038999952405,True,True,ok,True,0.022312062000310107,1,4,
case03-rep1,wine,178,forest,parameters,deterministic,False,1,model_and_predictions,1,1,recoverability_v2,0.2,91953,51458,459766,9838,0.003773038999952405,True,True,ok,True,0.020187532999898394,1,4,
case03-rep1,wine,178,forest,parameters,deterministic,False,1,model_and_predictions,1,2,recoverability_v2,0.2,91953,51458,459766,9838,0.003773038999952405,True,True,ok,True,0.02377343899979678,1,4,
case03-rep1,wine,178,forest,parameters,deterministic,False,1,model_and_predictions,1,3,recoverability_v2,0.2,91953,51458,459766,9838,0.003773038999952405,True,True,ok,True,0.02198220299987952,1,4,
case03-rep1,wine,178,forest,parameters,deterministic,False,1,model_and_predictions,1,4,recoverability_v2,0.2,91953,51458,459766,9838,0.003773038999952405,True,True,ok,True,0.021367805999943812,1,4,
case03-rep1,wine,178,forest,parameters,deterministic,False,1,model_and_predictions,1,0,full_replay,0.4,183906,30030,459766,9838,0.00030012299976078793,True,True,ok,True,0.02262789900032658,7,2,
case03-rep1,wine,178,forest,parameters,deterministic,False,1,model_and_predictions,1,1,full_replay,0.4,183906,30030,459766,9838,0.00030012299976078793,True,True,ok,True,0.024117158000080963,7,2,
case03-rep1,wine,178,forest,parameters,deterministic,False,1,model_and_predictions,1,2,full_replay,0.4,183906,30030,459766,9838,0.00030012299976078793,True,True,ok,True,0.02453743400019448,7,2,
case03-rep1,wine,178,forest,parameters,deterministic,False,1,model_and_predictions,1,3,full_replay,0.4,183906,30030,459766,9838,0.00030012299976078793,True,True,ok,True,0.042461222000383714,7,2,
case03-rep1,wine,178,forest,parameters,deterministic,False,1,model_and_predictions,1,4,full_replay,0.4,183906,30030,459766,9838,0.00030012299976078793,True,True,ok,True,0.024185697000120854,7,2,
case03-rep1,wine,178,forest,parameters,deterministic,False,1,model_and_predictions,1,0,full_snapshot,0.4,183906,459766,459766,9838,0.0001938729997164046,True,False,budget_exceeded,False,,0,0,not executed: budget/selection failure
case03-rep1,wine,178,forest,parameters,deterministic,False,1,model_and_predictions,1,1,full_snapshot,0.4,183906,459766,459766,9838,0.0001938729997164046,True,False,budget_exceeded,False,,0,0,not executed: budget/selection failure
case03-rep1,wine,178,forest,parameters,deterministic,False,1,model_and_predictions,1,2,full_snapshot,0.4,183906,459766,459766,9838,0.0001938729997164046,True,False,budget_exceeded,False,,0,0,not executed: budget/selection failure
case03-rep1,wine,178,forest,parameters,deterministic,False,1,model_and_predictions,1,3,full_snapshot,0.4,183906,459766,459766,9838,0.0001938729997164046,True,False,budget_exceeded,False,,0,0,not executed: budget/selection failure
case03-rep1,wine,178,forest,parameters,deterministic,False,1,model_and_predictions,1,4,full_snapshot,0.4,183906,459766,459766,9838,0.0001938729997164046,True,False,budget_exceeded,False,,0,0,not executed: budget/selection failure
case03-rep1,wine,178,forest,parameters,deterministic,False,1,model_and_predictions,1,0,recoverability_v3,0.4,183906,129329,459766,9838,0.006620439000016631,True,True,ok,True,0.02197338599989962,1,4,
case03-rep1,wine,178,forest,parameters,deterministic,False,1,model_and_predictions,1,1,recoverability_v3,0.4,183906,129329,459766,9838,0.006620439000016631,True,True,ok,True,0.022217423999791208,1,4,
case03-rep1,wine,178,forest,parameters,deterministic,False,1,model_and_predictions,1,2,recoverability_v3,0.4,183906,129329,459766,9838,0.006620439000016631,True,True,ok,True,0.022656507000192505,1,4,
case03-rep1,wine,178,forest,parameters,deterministic,False,1,model_and_predictions,1,3,recoverability_v3,0.4,183906,129329,459766,9838,0.006620439000016631,True,True,ok,True,0.0019993500000055064,0,2,
case03-rep1,wine,178,forest,parameters,deterministic,False,1,model_and_predictions,1,4,recoverability_v3,0.4,183906,129329,459766,9838,0.006620439000016631,True,True,ok,True,0.025487974000043323,1,4,
case03-rep1,wine,178,forest,parameters,deterministic,False,1,model_and_predictions,1,0,full_replay,0.3,137929,30030,459766,9838,0.0004856530003962689,True,True,ok,True,0.030836176999855525,7,2,
case03-rep1,wine,178,forest,parameters,deterministic,False,1,model_and_predictions,1,1,full_replay,0.3,137929,30030,459766,9838,0.0004856530003962689,True,True,ok,True,0.028989542000090296,7,2,
case03-rep1,wine,178,forest,parameters,deterministic,False,1,model_and_predictions,1,2,full_replay,0.3,137929,30030,459766,9838,0.0004856530003962689,True,True,ok,True,0.0277945070001806,7,2,
case03-rep1,wine,178,forest,parameters,deterministic,False,1,model_and_predictions,1,3,full_replay,0.3,137929,30030,459766,9838,0.0004856530003962689,True,True,ok,True,0.026308713000162243,7,2,
case03-rep1,wine,178,forest,parameters,deterministic,False,1,model_and_predictions,1,4,full_replay,0.3,137929,30030,459766,9838,0.0004856530003962689,True,True,ok,True,0.025776549000056548,7,2,
case03-rep1,wine,178,forest,parameters,deterministic,False,1,model_and_predictions,1,0,recoverability_v2,0.4,183906,129329,459766,9838,0.00654864100033592,True,True,ok,True,0.024590537999756634,1,4,
case03-rep1,wine,178,forest,parameters,deterministic,False,1,model_and_predictions,1,1,recoverability_v2,0.4,183906,129329,459766,9838,0.00654864100033592,True,True,ok,True,0.024004182999760815,1,4,
case03-rep1,wine,178,forest,parameters,deterministic,False,1,model_and_predictions,1,2,recoverability_v2,0.4,183906,129329,459766,9838,0.00654864100033592,True,True,ok,True,0.028345299999728013,1,4,
case03-rep1,wine,178,forest,parameters,deterministic,False,1,model_and_predictions,1,3,recoverability_v2,0.4,183906,129329,459766,9838,0.00654864100033592,True,True,ok,True,0.0026349099998697056,0,2,
case03-rep1,wine,178,forest,parameters,deterministic,False,1,model_and_predictions,1,4,recoverability_v2,0.4,183906,129329,459766,9838,0.00654864100033592,True,True,ok,True,0.025345628999730252,1,4,
case03-rep1,wine,178,forest,parameters,deterministic,False,1,model_and_predictions,1,0,full_replay,1.0,459766,30030,459766,9838,0.0003272339999966789,True,True,ok,True,0.03440031399986765,7,2,
case03-rep1,wine,178,forest,parameters,deterministic,False,1,model_and_predictions,1,1,full_replay,1.0,459766,30030,459766,9838,0.0003272339999966789,True,True,ok,True,0.027373721999992995,7,2,
case03-rep1,wine,178,forest,parameters,deterministic,False,1,model_and_predictions,1,2,full_replay,1.0,459766,30030,459766,9838,0.0003272339999966789,True,True,ok,True,0.03132406800023091,7,2,
case03-rep1,wine,178,forest,parameters,deterministic,False,1,model_and_predictions,1,3,full_replay,1.0,459766,30030,459766,9838,0.0003272339999966789,True,True,ok,True,0.03103239800020674,7,2,
case03-rep1,wine,178,forest,parameters,deterministic,False,1,model_and_predictions,1,4,full_replay,1.0,459766,30030,459766,9838,0.0003272339999966789,True,True,ok,True,0.023337756999808335,7,2,
case03-rep1,wine,178,forest,parameters,deterministic,False,1,model_and_predictions,1,0,target_snapshots,0.5,229883,420544,459766,9838,0.000376418000087142,True,False,budget_exceeded,False,,0,0,not executed: budget/selection failure
case03-rep1,wine,178,forest,parameters,deterministic,False,1,model_and_predictions,1,1,target_snapshots,0.5,229883,420544,459766,9838,0.000376418000087142,True,False,budget_exceeded,False,,0,0,not executed: budget/selection failure
case03-rep1,wine,178,forest,parameters,deterministic,False,1,model_and_predictions,1,2,target_snapshots,0.5,229883,420544,459766,9838,0.000376418000087142,True,False,budget_exceeded,False,,0,0,not executed: budget/selection failure
case03-rep1,wine,178,forest,parameters,deterministic,False,1,model_and_predictions,1,3,target_snapshots,0.5,229883,420544,459766,9838,0.000376418000087142,True,False,budget_exceeded,False,,0,0,not executed: budget/selection failure
case03-rep1,wine,178,forest,parameters,deterministic,False,1,model_and_predictions,1,4,target_snapshots,0.5,229883,420544,459766,9838,0.000376418000087142,True,False,budget_exceeded,False,,0,0,not executed: budget/selection failure
case03-rep1,wine,178,forest,parameters,deterministic,False,1,model_and_predictions,1,0,full_replay,0.1,45976,30030,459766,9838,0.00011663600025713095,True,True,ok,True,0.023472570000194537,7,2,
case03-rep1,wine,178,forest,parameters,deterministic,False,1,model_and_predictions,1,1,full_replay,0.1,45976,30030,459766,9838,0.00011663600025713095,True,True,ok,True,0.022218925999823114,7,2,
case03-rep1,wine,178,forest,parameters,deterministic,False,1,model_and_predictions,1,2,full_replay,0.1,45976,30030,459766,9838,0.00011663600025713095,True,True,ok,True,0.023388833999888448,7,2,
case03-rep1,wine,178,forest,parameters,deterministic,False,1,model_and_predictions,1,3,full_replay,0.1,45976,30030,459766,9838,0.00011663600025713095,True,True,ok,True,0.023401823999847693,7,2,
case03-rep1,wine,178,forest,parameters,deterministic,False,1,model_and_predictions,1,4,full_replay,0.1,45976,30030,459766,9838,0.00011663600025713095,True,True,ok,True,0.024851362999925186,7,2,
case03-rep1,wine,178,forest,parameters,deterministic,False,1,model_and_predictions,1,0,target_snapshots,0.4,183906,420544,459766,9838,0.00019420300031924853,True,False,budget_exceeded,False,,0,0,not executed: budget/selection failure
case03-rep1,wine,178,forest,parameters,deterministic,False,1,model_and_predictions,1,1,target_snapshots,0.4,183906,420544,459766,9838,0.00019420300031924853,True,False,budget_exceeded,False,,0,0,not executed: budget/selection failure
case03-rep1,wine,178,forest,parameters,deterministic,False,1,model_and_predictions,1,2,target_snapshots,0.4,183906,420544,459766,9838,0.00019420300031924853,True,False,budget_exceeded,False,,0,0,not executed: budget/selection failure
case03-rep1,wine,178,forest,parameters,deterministic,False,1,model_and_predictions,1,3,target_snapshots,0.4,183906,420544,459766,9838,0.00019420300031924853,True,False,budget_exceeded,False,,0,0,not executed: budget/selection failure
case03-rep1,wine,178,forest,parameters,deterministic,False,1,model_and_predictions,1,4,target_snapshots,0.4,183906,420544,459766,9838,0.00019420300031924853,True,False,budget_exceeded,False,,0,0,not executed: budget/selection failure
case03-rep1,wine,178,forest,parameters,deterministic,False,1,model_and_predictions,1,0,full_snapshot,0.5,229883,459766,459766,9838,0.00011811800004579709,True,False,budget_exceeded,False,,0,0,not executed: budget/selection failure
case03-rep1,wine,178,forest,parameters,deterministic,False,1,model_and_predictions,1,1,full_snapshot,0.5,229883,459766,459766,9838,0.00011811800004579709,True,False,budget_exceeded,False,,0,0,not executed: budget/selection failure
case03-rep1,wine,178,forest,parameters,deterministic,False,1,model_and_predictions,1,2,full_snapshot,0.5,229883,459766,459766,9838,0.00011811800004579709,True,False,budget_exceeded,False,,0,0,not executed: budget/selection failure
case03-rep1,wine,178,forest,parameters,deterministic,False,1,model_and_predictions,1,3,full_snapshot,0.5,229883,459766,459766,9838,0.00011811800004579709,True,False,budget_exceeded,False,,0,0,not executed: budget/selection failure
case03-rep1,wine,178,forest,parameters,deterministic,False,1,model_and_predictions,1,4,full_snapshot,0.5,229883,459766,459766,9838,0.00011811800004579709,True,False,budget_exceeded,False,,0,0,not executed: budget/selection failure
case03-rep1,wine,178,forest,parameters,deterministic,False,1,model_and_predictions,1,0,recoverability_v2,0.1,45976,33179,459766,9838,0.0024548379997213488,True,True,ok,True,0.021339348000310565,4,5,
case03-rep1,wine,178,forest,parameters,deterministic,False,1,model_and_predictions,1,1,recoverability_v2,0.1,45976,33179,459766,9838,0.0024548379997213488,True,True,ok,True,0.021124494000105187,4,5,
case03-rep1,wine,178,forest,parameters,deterministic,False,1,model_and_predictions,1,2,recoverability_v2,0.1,45976,33179,459766,9838,0.0024548379997213488,True,True,ok,True,0.022197233999577293,4,5,
case03-rep1,wine,178,forest,parameters,deterministic,False,1,model_and_predictions,1,3,recoverability_v2,0.1,45976,33179,459766,9838,0.0024548379997213488,True,True,ok,True,0.02305182500003866,4,5,
case03-rep1,wine,178,forest,parameters,deterministic,False,1,model_and_predictions,1,4,recoverability_v2,0.1,45976,33179,459766,9838,0.0024548379997213488,True,True,ok,True,0.021164713999951346,4,5,
case03-rep1,wine,178,forest,parameters,deterministic,False,1,model_and_predictions,1,0,full_snapshot,0.2,91953,459766,459766,9838,0.00020653199999287608,True,False,budget_exceeded,False,,0,0,not executed: budget/selection failure
case03-rep1,wine,178,forest,parameters,deterministic,False,1,model_and_predictions,1,1,full_snapshot,0.2,91953,459766,459766,9838,0.00020653199999287608,True,False,budget_exceeded,False,,0,0,not executed: budget/selection failure
case03-rep1,wine,178,forest,parameters,deterministic,False,1,model_and_predictions,1,2,full_snapshot,0.2,91953,459766,459766,9838,0.00020653199999287608,True,False,budget_exceeded,False,,0,0,not executed: budget/selection failure
case03-rep1,wine,178,forest,parameters,deterministic,False,1,model_and_predictions,1,3,full_snapshot,0.2,91953,459766,459766,9838,0.00020653199999287608,True,False,budget_exceeded,False,,0,0,not executed: budget/selection failure
case03-rep1,wine,178,forest,parameters,deterministic,False,1,model_and_predictions,1,4,full_snapshot,0.2,91953,459766,459766,9838,0.00020653199999287608,True,False,budget_exceeded,False,,0,0,not executed: budget/selection failure
case03-rep1,wine,178,forest,parameters,deterministic,False,1,model_and_predictions,1,0,full_replay,0.5,229883,30030,459766,9838,0.00013410300016403198,True,True,ok,True,0.024608815999727085,7,2,
case03-rep1,wine,178,forest,parameters,deterministic,False,1,model_and_predictions,1,1,full_replay,0.5,229883,30030,459766,9838,0.00013410300016403198,True,True,ok,True,0.02390925400004562,7,2,
case03-rep1,wine,178,forest,parameters,deterministic,False,1,model_and_predictions,1,2,full_replay,0.5,229883,30030,459766,9838,0.00013410300016403198,True,True,ok,True,0.02371924699991723,7,2,
case03-rep1,wine,178,forest,parameters,deterministic,False,1,model_and_predictions,1,3,full_replay,0.5,229883,30030,459766,9838,0.00013410300016403198,True,True,ok,True,0.03658991200018136,7,2,
case03-rep1,wine,178,forest,parameters,deterministic,False,1,model_and_predictions,1,4,full_replay,0.5,229883,30030,459766,9838,0.00013410300016403198,True,True,ok,True,0.027716664999843488,7,2,
case03-rep1,wine,178,forest,parameters,deterministic,False,1,model_and_predictions,1,0,recoverability_v3,0.1,45976,33179,459766,9838,0.00283208700011528,True,True,ok,True,0.026018665000265173,4,5,
case03-rep1,wine,178,forest,parameters,deterministic,False,1,model_and_predictions,1,1,recoverability_v3,0.1,45976,33179,459766,9838,0.00283208700011528,True,True,ok,True,0.025470962999861513,4,5,
case03-rep1,wine,178,forest,parameters,deterministic,False,1,model_and_predictions,1,2,recoverability_v3,0.1,45976,33179,459766,9838,0.00283208700011528,True,True,ok,True,0.057290113999897585,4,5,
case03-rep1,wine,178,forest,parameters,deterministic,False,1,model_and_predictions,1,3,recoverability_v3,0.1,45976,33179,459766,9838,0.00283208700011528,True,True,ok,True,0.022547717999714223,4,5,
case03-rep1,wine,178,forest,parameters,deterministic,False,1,model_and_predictions,1,4,recoverability_v3,0.1,45976,33179,459766,9838,0.00283208700011528,True,True,ok,True,0.026006080000115617,4,5,
case03-rep1,wine,178,forest,parameters,deterministic,False,1,model_and_predictions,1,0,recoverability_v3,1.0,459766,420544,459766,9838,0.00030339900013132137,True,True,ok,True,0.0016107329997794295,0,2,
case03-rep1,wine,178,forest,parameters,deterministic,False,1,model_and_predictions,1,1,recoverability_v3,1.0,459766,420544,459766,9838,0.00030339900013132137,True,True,ok,True,0.0015122340000743861,0,2,
case03-rep1,wine,178,forest,parameters,deterministic,False,1,model_and_predictions,1,2,recoverability_v3,1.0,459766,420544,459766,9838,0.00030339900013132137,True,True,ok,True,0.002343820000078267,0,2,
case03-rep1,wine,178,forest,parameters,deterministic,False,1,model_and_predictions,1,3,recoverability_v3,1.0,459766,420544,459766,9838,0.00030339900013132137,True,True,ok,True,0.004297701999803394,0,2,
case03-rep1,wine,178,forest,parameters,deterministic,False,1,model_and_predictions,1,4,recoverability_v3,1.0,459766,420544,459766,9838,0.00030339900013132137,True,True,ok,True,0.0016417500000898144,0,2,
case03-rep1,wine,178,forest,parameters,deterministic,False,1,model_and_predictions,1,0,full_snapshot,0.3,137929,459766,459766,9838,0.0002075239999612677,True,False,budget_exceeded,False,,0,0,not executed: budget/selection failure
case03-rep1,wine,178,forest,parameters,deterministic,False,1,model_and_predictions,1,1,full_snapshot,0.3,137929,459766,459766,9838,0.0002075239999612677,True,False,budget_exceeded,False,,0,0,not executed: budget/selection failure
case03-rep1,wine,178,forest,parameters,deterministic,False,1,model_and_predictions,1,2,full_snapshot,0.3,137929,459766,459766,9838,0.0002075239999612677,True,False,budget_exceeded,False,,0,0,not executed: budget/selection failure
case03-rep1,wine,178,forest,parameters,deterministic,False,1,model_and_predictions,1,3,full_snapshot,0.3,137929,459766,459766,9838,0.0002075239999612677,True,False,budget_exceeded,False,,0,0,not executed: budget/selection failure
case03-rep1,wine,178,forest,parameters,deterministic,False,1,model_and_predictions,1,4,full_snapshot,0.3,137929,459766,459766,9838,0.0002075239999612677,True,False,budget_exceeded,False,,0,0,not executed: budget/selection failure
case03-rep1,wine,178,forest,parameters,deterministic,False,1,model_and_predictions,1,0,target_snapshots,0.3,137929,420544,459766,9838,0.0001363259998470312,True,False,budget_exceeded,False,,0,0,not executed: budget/selection failure
case03-rep1,wine,178,forest,parameters,deterministic,False,1,model_and_predictions,1,1,target_snapshots,0.3,137929,420544,459766,9838,0.0001363259998470312,True,False,budget_exceeded,False,,0,0,not executed: budget/selection failure
case03-rep1,wine,178,forest,parameters,deterministic,False,1,model_and_predictions,1,2,target_snapshots,0.3,137929,420544,459766,9838,0.0001363259998470312,True,False,budget_exceeded,False,,0,0,not executed: budget/selection failure
case03-rep1,wine,178,forest,parameters,deterministic,False,1,model_and_predictions,1,3,target_snapshots,0.3,137929,420544,459766,9838,0.0001363259998470312,True,False,budget_exceeded,False,,0,0,not executed: budget/selection failure
case03-rep1,wine,178,forest,parameters,deterministic,False,1,model_and_predictions,1,4,target_snapshots,0.3,137929,420544,459766,9838,0.0001363259998470312,True,False,budget_exceeded,False,,0,0,not executed: budget/selection failure
case03-rep1,wine,178,forest,parameters,deterministic,False,1,model_and_predictions,1,0,target_snapshots,0.2,91953,420544,459766,9838,0.00011957000015172525,True,False,budget_exceeded,False,,0,0,not executed: budget/selection failure
case03-rep1,wine,178,forest,parameters,deterministic,False,1,model_and_predictions,1,1,target_snapshots,0.2,91953,420544,459766,9838,0.00011957000015172525,True,False,budget_exceeded,False,,0,0,not executed: budget/selection failure
case03-rep1,wine,178,forest,parameters,deterministic,False,1,model_and_predictions,1,2,target_snapshots,0.2,91953,420544,459766,9838,0.00011957000015172525,True,False,budget_exceeded,False,,0,0,not executed: budget/selection failure
case03-rep1,wine,178,forest,parameters,deterministic,False,1,model_and_predictions,1,3,target_snapshots,0.2,91953,420544,459766,9838,0.00011957000015172525,True,False,budget_exceeded,False,,0,0,not executed: budget/selection failure
case03-rep1,wine,178,forest,parameters,deterministic,False,1,model_and_predictions,1,4,target_snapshots,0.2,91953,420544,459766,9838,0.00011957000015172525,True,False,budget_exceeded,False,,0,0,not executed: budget/selection failure
case03-rep1,wine,178,forest,parameters,deterministic,False,1,model_and_predictions,1,0,recoverability_v3,0.5,229883,207200,459766,9838,0.004936076000376488,True,True,ok,True,0.03031004100012069,1,4,
case03-rep1,wine,178,forest,parameters,deterministic,False,1,model_and_predictions,1,1,recoverability_v3,0.5,229883,207200,459766,9838,0.004936076000376488,True,True,ok,True,0.02442901900030847,1,4,
case03-rep1,wine,178,forest,parameters,deterministic,False,1,model_and_predictions,1,2,recoverability_v3,0.5,229883,207200,459766,9838,0.004936076000376488,True,True,ok,True,0.002069526000013866,0,2,
case03-rep1,wine,178,forest,parameters,deterministic,False,1,model_and_predictions,1,3,recoverability_v3,0.5,229883,207200,459766,9838,0.004936076000376488,True,True,ok,True,0.0025760809999155754,0,2,
case03-rep1,wine,178,forest,parameters,deterministic,False,1,model_and_predictions,1,4,recoverability_v3,0.5,229883,207200,459766,9838,0.004936076000376488,True,True,ok,True,0.023941312999795628,1,4,
case03-rep1,wine,178,forest,parameters,deterministic,False,1,model_and_predictions,1,0,recoverability_v2,0.5,229883,207200,459766,9838,0.00410937600008765,True,True,ok,True,0.022500745999877836,1,4,
case03-rep1,wine,178,forest,parameters,deterministic,False,1,model_and_predictions,1,1,recoverability_v2,0.5,229883,207200,459766,9838,0.00410937600008765,True,True,ok,True,0.025275157000123727,1,4,
case03-rep1,wine,178,forest,parameters,deterministic,False,1,model_and_predictions,1,2,recoverability_v2,0.5,229883,207200,459766,9838,0.00410937600008765,True,True,ok,True,0.0016290010003103816,0,2,
case03-rep1,wine,178,forest,parameters,deterministic,False,1,model_and_predictions,1,3,recoverability_v2,0.5,229883,207200,459766,9838,0.00410937600008765,True,True,ok,True,0.0019046170000365237,0,2,
case03-rep1,wine,178,forest,parameters,deterministic,False,1,model_and_predictions,1,4,recoverability_v2,0.5,229883,207200,459766,9838,0.00410937600008765,True,True,ok,True,0.025457391999680112,1,4,
case03-rep1,wine,178,forest,parameters,deterministic,False,1,model_and_predictions,1,0,full_replay,0.2,91953,30030,459766,9838,0.0001921499997479259,True,True,ok,True,0.029658612000275753,7,2,
case03-rep1,wine,178,forest,parameters,deterministic,False,1,model_and_predictions,1,1,full_replay,0.2,91953,30030,459766,9838,0.0001921499997479259,True,True,ok,True,0.030515341999944212,7,2,
case03-rep1,wine,178,forest,parameters,deterministic,False,1,model_and_predictions,1,2,full_replay,0.2,91953,30030,459766,9838,0.0001921499997479259,True,True,ok,True,0.023893369000234088,7,2,
case03-rep1,wine,178,forest,parameters,deterministic,False,1,model_and_predictions,1,3,full_replay,0.2,91953,30030,459766,9838,0.0001921499997479259,True,True,ok,True,0.025785919000099966,7,2,
case03-rep1,wine,178,forest,parameters,deterministic,False,1,model_and_predictions,1,4,full_replay,0.2,91953,30030,459766,9838,0.0001921499997479259,True,True,ok,True,0.026608761999796116,7,2,
case03-rep1,wine,178,forest,parameters,deterministic,False,1,model_and_predictions,1,0,target_snapshots,1.0,459766,420544,459766,9838,0.0002845500002877088,True,True,ok,True,0.001395997999679821,0,2,
case03-rep1,wine,178,forest,parameters,deterministic,False,1,model_and_predictions,1,1,target_snapshots,1.0,459766,420544,459766,9838,0.0002845500002877088,True,True,ok,True,0.0017732280002746847,0,2,
case03-rep1,wine,178,forest,parameters,deterministic,False,1,model_and_predictions,1,2,target_snapshots,1.0,459766,420544,459766,9838,0.0002845500002877088,True,True,ok,True,0.0015673170000809478,0,2,
case03-rep1,wine,178,forest,parameters,deterministic,False,1,model_and_predictions,1,3,target_snapshots,1.0,459766,420544,459766,9838,0.0002845500002877088,True,True,ok,True,0.0020798609998564643,0,2,
case03-rep1,wine,178,forest,parameters,deterministic,False,1,model_and_predictions,1,4,target_snapshots,1.0,459766,420544,459766,9838,0.0002845500002877088,True,True,ok,True,0.002028113000051235,0,2,
case03-rep1,wine,178,forest,parameters,deterministic,False,1,model_and_predictions,1,0,full_snapshot,0.1,45976,459766,459766,9838,0.00020055300001331489,True,False,budget_exceeded,False,,0,0,not executed: budget/selection failure
case03-rep1,wine,178,forest,parameters,deterministic,False,1,model_and_predictions,1,1,full_snapshot,0.1,45976,459766,459766,9838,0.00020055300001331489,True,False,budget_exceeded,False,,0,0,not executed: budget/selection failure
case03-rep1,wine,178,forest,parameters,deterministic,False,1,model_and_predictions,1,2,full_snapshot,0.1,45976,459766,459766,9838,0.00020055300001331489,True,False,budget_exceeded,False,,0,0,not executed: budget/selection failure
case03-rep1,wine,178,forest,parameters,deterministic,False,1,model_and_predictions,1,3,full_snapshot,0.1,45976,459766,459766,9838,0.00020055300001331489,True,False,budget_exceeded,False,,0,0,not executed: budget/selection failure
case03-rep1,wine,178,forest,parameters,deterministic,False,1,model_and_predictions,1,4,full_snapshot,0.1,45976,459766,459766,9838,0.00020055300001331489,True,False,budget_exceeded,False,,0,0,not executed: budget/selection failure
case03-rep2,wine,178,forest,parameters,deterministic,False,1,model_and_predictions,2,0,recoverability_v3,0.3,142498,132378,474995,9842,0.004648512000130722,True,True,ok,True,0.021881551000205945,1,4,
case03-rep2,wine,178,forest,parameters,deterministic,False,1,model_and_predictions,2,1,recoverability_v3,0.3,142498,132378,474995,9842,0.004648512000130722,True,True,ok,True,0.02234113599979537,1,4,
case03-rep2,wine,178,forest,parameters,deterministic,False,1,model_and_predictions,2,2,recoverability_v3,0.3,142498,132378,474995,9842,0.004648512000130722,True,True,ok,True,0.026638015000116866,1,4,
case03-rep2,wine,178,forest,parameters,deterministic,False,1,model_and_predictions,2,3,recoverability_v3,0.3,142498,132378,474995,9842,0.004648512000130722,True,True,ok,True,0.023529490000328224,1,4,
case03-rep2,wine,178,forest,parameters,deterministic,False,1,model_and_predictions,2,4,recoverability_v3,0.3,142498,132378,474995,9842,0.004648512000130722,True,True,ok,True,0.0015222990000438585,0,2,
case03-rep2,wine,178,forest,parameters,deterministic,False,1,model_and_predictions,2,0,recoverability_v2,0.5,237497,213269,474995,9842,0.005114424000112194,True,True,ok,True,0.001396870000007766,0,2,
case03-rep2,wine,178,forest,parameters,deterministic,False,1,model_and_predictions,2,1,recoverability_v2,0.5,237497,213269,474995,9842,0.005114424000112194,True,True,ok,True,0.02450706599984187,1,4,
case03-rep2,wine,178,forest,parameters,deterministic,False,1,model_and_predictions,2,2,recoverability_v2,0.5,237497,213269,474995,9842,0.005114424000112194,True,True,ok,True,0.03811537199999293,1,4,
case03-rep2,wine,178,forest,parameters,deterministic,False,1,model_and_predictions,2,3,recoverability_v2,0.5,237497,213269,474995,9842,0.005114424000112194,True,True,ok,True,0.028349521000109235,1,4,
case03-rep2,wine,178,forest,parameters,deterministic,False,1,model_and_predictions,2,4,recoverability_v2,0.5,237497,213269,474995,9842,0.005114424000112194,True,True,ok,True,0.0024749280000833096,0,2,
case03-rep2,wine,178,forest,parameters,deterministic,False,1,model_and_predictions,2,0,recoverability_v2,0.2,94999,51462,474995,9842,0.0047840260003795265,True,True,ok,True,0.022751814999992348,1,4,
case03-rep2,wine,178,forest,parameters,deterministic,False,1,model_and_predictions,2,1,recoverability_v2,0.2,94999,51462,474995,9842,0.0047840260003795265,True,True,ok,True,0.021927450000021054,1,4,
case03-rep2,wine,178,forest,parameters,deterministic,False,1,model_and_predictions,2,2,recoverability_v2,0.2,94999,51462,474995,9842,0.0047840260003795265,True,True,ok,True,0.0399936680000792,1,4,
case03-rep2,wine,178,forest,parameters,deterministic,False,1,model_and_predictions,2,3,recoverability_v2,0.2,94999,51462,474995,9842,0.0047840260003795265,True,True,ok,True,0.029843427000287193,1,4,
case03-rep2,wine,178,forest,parameters,deterministic,False,1,model_and_predictions,2,4,recoverability_v2,0.2,94999,51462,474995,9842,0.0047840260003795265,True,True,ok,True,0.02947977699977855,1,4,
case03-rep2,wine,178,forest,parameters,deterministic,False,1,model_and_predictions,2,0,target_snapshots,0.2,94999,435773,474995,9842,0.00020007200009786175,True,False,budget_exceeded,False,,0,0,not executed: budget/selection failure
case03-rep2,wine,178,forest,parameters,deterministic,False,1,model_and_predictions,2,1,target_snapshots,0.2,94999,435773,474995,9842,0.00020007200009786175,True,False,budget_exceeded,False,,0,0,not executed: budget/selection failure
case03-rep2,wine,178,forest,parameters,deterministic,False,1,model_and_predictions,2,2,target_snapshots,0.2,94999,435773,474995,9842,0.00020007200009786175,True,False,budget_exceeded,False,,0,0,not executed: budget/selection failure
case03-rep2,wine,178,forest,parameters,deterministic,False,1,model_and_predictions,2,3,target_snapshots,0.2,94999,435773,474995,9842,0.00020007200009786175,True,False,budget_exceeded,False,,0,0,not executed: budget/selection failure
case03-rep2,wine,178,forest,parameters,deterministic,False,1,model_and_predictions,2,4,target_snapshots,0.2,94999,435773,474995,9842,0.00020007200009786175,True,False,budget_exceeded,False,,0,0,not executed: budget/selection failure
case03-rep2,wine,178,forest,parameters,deterministic,False,1,model_and_predictions,2,0,full_snapshot,0.5,237497,474995,474995,9842,0.00012057200001436286,True,False,budget_exceeded,False,,0,0,not executed: budget/selection failure
case03-rep2,wine,178,forest,parameters,deterministic,False,1,model_and_predictions,2,1,full_snapshot,0.5,237497,474995,474995,9842,0.00012057200001436286,True,False,budget_exceeded,False,,0,0,not executed: budget/selection failure
case03-rep2,wine,178,forest,parameters,deterministic,False,1,model_and_predictions,2,2,full_snapshot,0.5,237497,474995,474995,9842,0.00012057200001436286,True,False,budget_exceeded,False,,0,0,not executed: budget/selection failure
case03-rep2,wine,178,forest,parameters,deterministic,False,1,model_and_predictions,2,3,full_snapshot,0.5,237497,474995,474995,9842,0.00012057200001436286,True,False,budget_exceeded,False,,0,0,not executed: budget/selection failure
case03-rep2,wine,178,forest,parameters,deterministic,False,1,model_and_predictions,2,4,full_snapshot,0.5,237497,474995,474995,9842,0.00012057200001436286,True,False,budget_exceeded,False,,0,0,not executed: budget/selection failure
case03-rep2,wine,178,forest,parameters,deterministic,False,1,model_and_predictions,2,0,recoverability_v3,0.5,237497,213269,474995,9842,0.006343111000205681,True,True,ok,True,0.0016178539999600616,0,2,
case03-rep2,wine,178,forest,parameters,deterministic,False,1,model_and_predictions,2,1,recoverability_v3,0.5,237497,213269,474995,9842,0.006343111000205681,True,True,ok,True,0.037952686000153335,1,4,
case03-rep2,wine,178,forest,parameters,deterministic,False,1,model_and_predictions,2,2,recoverability_v3,0.5,237497,213269,474995,9842,0.006343111000205681,True,True,ok,True,0.023014861999854475,1,4,
case03-rep2,wine,178,forest,parameters,deterministic,False,1,model_and_predictions,2,3,recoverability_v3,0.5,237497,213269,474995,9842,0.006343111000205681,True,True,ok,True,0.023897655999917333,1,4,
case03-rep2,wine,178,forest,parameters,deterministic,False,1,model_and_predictions,2,4,recoverability_v3,0.5,237497,213269,474995,9842,0.006343111000205681,True,True,ok,True,0.001520036000329128,0,2,
case03-rep2,wine,178,forest,parameters,deterministic,False,1,model_and_predictions,2,0,recoverability_v3,0.1,47499,33183,474995,9842,0.0025470270002188045,True,True,ok,True,0.024161133999768936,4,5,
case03-rep2,wine,178,forest,parameters,deterministic,False,1,model_and_predictions,2,1,recoverability_v3,0.1,47499,33183,474995,9842,0.0025470270002188045,True,True,ok,True,0.0227963219999765,4,5,
case03-rep2,wine,178,forest,parameters,deterministic,False,1,model_and_predictions,2,2,recoverability_v3,0.1,47499,33183,474995,9842,0.0025470270002188045,True,True,ok,True,0.02346120799984419,4,5,
case03-rep2,wine,178,forest,parameters,deterministic,False,1,model_and_predictions,2,3,recoverability_v3,0.1,47499,33183,474995,9842,0.0025470270002188045,True,True,ok,True,0.030125703000067006,4,5,
case03-rep2,wine,178,forest,parameters,deterministic,False,1,model_and_predictions,2,4,recoverability_v3,0.1,47499,33183,474995,9842,0.0025470270002188045,True,True,ok,True,0.024555819999932282,4,5,
case03-rep2,wine,178,forest,parameters,deterministic,False,1,model_and_predictions,2,0,full_replay,0.5,237497,30034,474995,9842,0.00020716300014100852,True,True,ok,True,0.030924709999908373,7,2,
case03-rep2,wine,178,forest,parameters,deterministic,False,1,model_and_predictions,2,1,full_replay,0.5,237497,30034,474995,9842,0.00020716300014100852,True,True,ok,True,0.03241545899982157,7,2,
case03-rep2,wine,178,forest,parameters,deterministic,False,1,model_and_predictions,2,2,full_replay,0.5,237497,30034,474995,9842,0.00020716300014100852,True,True,ok,True,0.02735104000021238,7,2,
case03-rep2,wine,178,forest,parameters,deterministic,False,1,model_and_predictions,2,3,full_replay,0.5,237497,30034,474995,9842,0.00020716300014100852,True,True,ok,True,0.03676290999965204,7,2,
case03-rep2,wine,178,forest,parameters,deterministic,False,1,model_and_predictions,2,4,full_replay,0.5,237497,30034,474995,9842,0.00020716300014100852,True,True,ok,True,0.026514777000102185,7,2,
case03-rep2,wine,178,forest,parameters,deterministic,False,1,model_and_predictions,2,0,recoverability_v2,0.3,142498,132378,474995,9842,0.0047281510001084825,True,True,ok,True,0.023708147999968787,1,4,
case03-rep2,wine,178,forest,parameters,deterministic,False,1,model_and_predictions,2,1,recoverability_v2,0.3,142498,132378,474995,9842,0.0047281510001084825,True,True,ok,True,0.02425305999986449,1,4,
case03-rep2,wine,178,forest,parameters,deterministic,False,1,model_and_predictions,2,2,recoverability_v2,0.3,142498,132378,474995,9842,0.0047281510001084825,True,True,ok,True,0.022176896000019042,1,4,
case03-rep2,wine,178,forest,parameters,deterministic,False,1,model_and_predictions,2,3,recoverability_v2,0.3,142498,132378,474995,9842,0.0047281510001084825,True,True,ok,True,0.026786668000113423,1,4,
case03-rep2,wine,178,forest,parameters,deterministic,False,1,model_and_predictions,2,4,recoverability_v2,0.3,142498,132378,474995,9842,0.0047281510001084825,True,True,ok,True,0.0015556600001218612,0,2,
case03-rep2,wine,178,forest,parameters,deterministic,False,1,model_and_predictions,2,0,full_snapshot,0.4,189998,474995,474995,9842,0.00033147099975394667,True,False,budget_exceeded,False,,0,0,not executed: budget/selection failure
case03-rep2,wine,178,forest,parameters,deterministic,False,1,model_and_predictions,2,1,full_snapshot,0.4,189998,474995,474995,9842,0.00033147099975394667,True,False,budget_exceeded,False,,0,0,not executed: budget/selection failure
case03-rep2,wine,178,forest,parameters,deterministic,False,1,model_and_predictions,2,2,full_snapshot,0.4,189998,474995,474995,9842,0.00033147099975394667,True,False,budget_exceeded,False,,0,0,not executed: budget/selection failure
case03-rep2,wine,178,forest,parameters,deterministic,False,1,model_and_predictions,2,3,full_snapshot,0.4,189998,474995,474995,9842,0.00033147099975394667,True,False,budget_exceeded,False,,0,0,not executed: budget/selection failure
case03-rep2,wine,178,forest,parameters,deterministic,False,1,model_and_predictions,2,4,full_snapshot,0.4,189998,474995,474995,9842,0.00033147099975394667,True,False,budget_exceeded,False,,0,0,not executed: budget/selection failure
case03-rep2,wine,178,forest,parameters,deterministic,False,1,model_and_predictions,2,0,full_replay,0.2,94999,30034,474995,9842,0.00011815900006695301,True,True,ok,True,0.025720417000229645,7,2,
case03-rep2,wine,178,forest,parameters,deterministic,False,1,model_and_predictions,2,1,full_replay,0.2,94999,30034,474995,9842,0.00011815900006695301,True,True,ok,True,0.024561666999943554,7,2,
case03-rep2,wine,178,forest,parameters,deterministic,False,1,model_and_predictions,2,2,full_replay,0.2,94999,30034,474995,9842,0.00011815900006695301,True,True,ok,True,0.024390587999732816,7,2,
case03-rep2,wine,178,forest,parameters,deterministic,False,1,model_and_predictions,2,3,full_replay,0.2,94999,30034,474995,9842,0.00011815900006695301,True,True,ok,True,0.03687455299996145,7,2,
case03-rep2,wine,178,forest,parameters,deterministic,False,1,model_and_predictions,2,4,full_replay,0.2,94999,30034,474995,9842,0.00011815900006695301,True,True,ok,True,0.028552053999646887,7,2,
case03-rep2,wine,178,forest,parameters,deterministic,False,1,model_and_predictions,2,0,recoverability_v3,0.4,189998,132378,474995,9842,0.005112330999963888,True,True,ok,True,0.023444710000148916,1,4,
case03-rep2,wine,178,forest,parameters,deterministic,False,1,model_and_predictions,2,1,recoverability_v3,0.4,189998,132378,474995,9842,0.005112330999963888,True,True,ok,True,0.021024504999786586,1,4,
case03-rep2,wine,178,forest,parameters,deterministic,False,1,model_and_predictions,2,2,recoverability_v3,0.4,189998,132378,474995,9842,0.005112330999963888,True,True,ok,True,0.02602647900039301,1,4,
case03-rep2,wine,178,forest,parameters,deterministic,False,1,model_and_predictions,2,3,recoverability_v3,0.4,189998,132378,474995,9842,0.005112330999963888,True,True,ok,True,0.02308519799998976,1,4,
case03-rep2,wine,178,forest,parameters,deterministic,False,1,model_and_predictions,2,4,recoverability_v3,0.4,189998,132378,474995,9842,0.005112330999963888,True,True,ok,True,0.002096596000228601,0,2,
case03-rep2,wine,178,forest,parameters,deterministic,False,1,model_and_predictions,2,0,full_replay,0.1,47499,30034,474995,9842,0.00019966100035162526,True,True,ok,True,0.02264004400012709,7,2,
case03-rep2,wine,178,forest,parameters,deterministic,False,1,model_and_predictions,2,1,full_replay,0.1,47499,30034,474995,9842,0.00019966100035162526,True,True,ok,True,0.032332112999938545,7,2,
case03-rep2,wine,178,forest,parameters,deterministic,False,1,model_and_predictions,2,2,full_replay,0.1,47499,30034,474995,9842,0.00019966100035162526,True,True,ok,True,0.02334424799983026,7,2,
case03-rep2,wine,178,forest,parameters,deterministic,False,1,model_and_predictions,2,3,full_replay,0.1,47499,30034,474995,9842,0.00019966100035162526,True,True,ok,True,0.024877673999981198,7,2,
case03-rep2,wine,178,forest,parameters,deterministic,False,1,model_and_predictions,2,4,full_replay,0.1,47499,30034,474995,9842,0.00019966100035162526,True,True,ok,True,0.030023635999896214,7,2,
case03-rep2,wine,178,forest,parameters,deterministic,False,1,model_and_predictions,2,0,target_snapshots,0.1,47499,435773,474995,9842,0.00019952200000261655,True,False,budget_exceeded,False,,0,0,not executed: budget/selection failure
case03-rep2,wine,178,forest,parameters,deterministic,False,1,model_and_predictions,2,1,target_snapshots,0.1,47499,435773,474995,9842,0.00019952200000261655,True,False,budget_exceeded,False,,0,0,not executed: budget/selection failure
case03-rep2,wine,178,forest,parameters,deterministic,False,1,model_and_predictions,2,2,target_snapshots,0.1,47499,435773,474995,9842,0.00019952200000261655,True,False,budget_exceeded,False,,0,0,not executed: budget/selection failure
case03-rep2,wine,178,forest,parameters,deterministic,False,1,model_and_predictions,2,3,target_snapshots,0.1,47499,435773,474995,9842,0.00019952200000261655,True,False,budget_exceeded,False,,0,0,not executed: budget/selection failure
case03-rep2,wine,178,forest,parameters,deterministic,False,1,model_and_predictions,2,4,target_snapshots,0.1,47499,435773,474995,9842,0.00019952200000261655,True,False,budget_exceeded,False,,0,0,not executed: budget/selection failure
case03-rep2,wine,178,forest,parameters,deterministic,False,1,model_and_predictions,2,0,target_snapshots,0.3,142498,435773,474995,9842,0.0001192710001305386,True,False,budget_exceeded,False,,0,0,not executed: budget/selection failure
case03-rep2,wine,178,forest,parameters,deterministic,False,1,model_and_predictions,2,1,target_snapshots,0.3,142498,435773,474995,9842,0.0001192710001305386,True,False,budget_exceeded,False,,0,0,not executed: budget/selection failure
case03-rep2,wine,178,forest,parameters,deterministic,False,1,model_and_predictions,2,2,target_snapshots,0.3,142498,435773,474995,9842,0.0001192710001305386,True,False,budget_exceeded,False,,0,0,not executed: budget/selection failure
case03-rep2,wine,178,forest,parameters,deterministic,False,1,model_and_predictions,2,3,target_snapshots,0.3,142498,435773,474995,9842,0.0001192710001305386,True,False,budget_exceeded,False,,0,0,not executed: budget/selection failure
case03-rep2,wine,178,forest,parameters,deterministic,False,1,model_and_predictions,2,4,target_snapshots,0.3,142498,435773,474995,9842,0.0001192710001305386,True,False,budget_exceeded,False,,0,0,not executed: budget/selection failure
case03-rep2,wine,178,forest,parameters,deterministic,False,1,model_and_predictions,2,0,target_snapshots,0.4,189998,435773,474995,9842,0.00011594500028877519,True,False,budget_exceeded,False,,0,0,not executed: budget/selection failure
case03-rep2,wine,178,forest,parameters,deterministic,False,1,model_and_predictions,2,1,target_snapshots,0.4,189998,435773,474995,9842,0.00011594500028877519,True,False,budget_exceeded,False,,0,0,not executed: budget/selection failure
case03-rep2,wine,178,forest,parameters,deterministic,False,1,model_and_predictions,2,2,target_snapshots,0.4,189998,435773,474995,9842,0.00011594500028877519,True,False,budget_exceeded,False,,0,0,not executed: budget/selection failure
case03-rep2,wine,178,forest,parameters,deterministic,False,1,model_and_predictions,2,3,target_snapshots,0.4,189998,435773,474995,9842,0.00011594500028877519,True,False,budget_exceeded,False,,0,0,not executed: budget/selection failure
case03-rep2,wine,178,forest,parameters,deterministic,False,1,model_and_predictions,2,4,target_snapshots,0.4,189998,435773,474995,9842,0.00011594500028877519,True,False,budget_exceeded,False,,0,0,not executed: budget/selection failure
case03-rep2,wine,178,forest,parameters,deterministic,False,1,model_and_predictions,2,0,target_snapshots,1.0,474995,435773,474995,9842,0.00012037099986628164,True,True,ok,True,0.0014736660000380652,0,2,
case03-rep2,wine,178,forest,parameters,deterministic,False,1,model_and_predictions,2,1,target_snapshots,1.0,474995,435773,474995,9842,0.00012037099986628164,True,True,ok,True,0.0019073610001214547,0,2,
case03-rep2,wine,178,forest,parameters,deterministic,False,1,model_and_predictions,2,2,target_snapshots,1.0,474995,435773,474995,9842,0.00012037099986628164,True,True,ok,True,0.0039179269997475785,0,2,
case03-rep2,wine,178,forest,parameters,deterministic,False,1,model_and_predictions,2,3,target_snapshots,1.0,474995,435773,474995,9842,0.00012037099986628164,True,True,ok,True,0.0014480470003945811,0,2,
case03-rep2,wine,178,forest,parameters,deterministic,False,1,model_and_predictions,2,4,target_snapshots,1.0,474995,435773,474995,9842,0.00012037099986628164,True,True,ok,True,0.0016539580001335707,0,2,
case03-rep2,wine,178,forest,parameters,deterministic,False,1,model_and_predictions,2,0,full_snapshot,0.2,94999,474995,474995,9842,0.0002278339998156298,True,False,budget_exceeded,False,,0,0,not executed: budget/selection failure
case03-rep2,wine,178,forest,parameters,deterministic,False,1,model_and_predictions,2,1,full_snapshot,0.2,94999,474995,474995,9842,0.0002278339998156298,True,False,budget_exceeded,False,,0,0,not executed: budget/selection failure
case03-rep2,wine,178,forest,parameters,deterministic,False,1,model_and_predictions,2,2,full_snapshot,0.2,94999,474995,474995,9842,0.0002278339998156298,True,False,budget_exceeded,False,,0,0,not executed: budget/selection failure
case03-rep2,wine,178,forest,parameters,deterministic,False,1,model_and_predictions,2,3,full_snapshot,0.2,94999,474995,474995,9842,0.0002278339998156298,True,False,budget_exceeded,False,,0,0,not executed: budget/selection failure
case03-rep2,wine,178,forest,parameters,deterministic,False,1,model_and_predictions,2,4,full_snapshot,0.2,94999,474995,474995,9842,0.0002278339998156298,True,False,budget_exceeded,False,,0,0,not executed: budget/selection failure
case03-rep2,wine,178,forest,parameters,deterministic,False,1,model_and_predictions,2,0,target_snapshots,0.5,237497,435773,474995,9842,0.00011967999989792588,True,False,budget_exceeded,False,,0,0,not executed: budget/selection failure
case03-rep2,wine,178,forest,parameters,deterministic,False,1,model_and_predictions,2,1,target_snapshots,0.5,237497,435773,474995,9842,0.00011967999989792588,True,False,budget_exceeded,False,,0,0,not executed: budget/selection failure
case03-rep2,wine,178,forest,parameters,deterministic,False,1,model_and_predictions,2,2,target_snapshots,0.5,237497,435773,474995,9842,0.00011967999989792588,True,False,budget_exceeded,False,,0,0,not executed: budget/selection failure
case03-rep2,wine,178,forest,parameters,deterministic,False,1,model_and_predictions,2,3,target_snapshots,0.5,237497,435773,474995,9842,0.00011967999989792588,True,False,budget_exceeded,False,,0,0,not executed: budget/selection failure
case03-rep2,wine,178,forest,parameters,deterministic,False,1,model_and_predictions,2,4,target_snapshots,0.5,237497,435773,474995,9842,0.00011967999989792588,True,False,budget_exceeded,False,,0,0,not executed: budget/selection failure
case03-rep2,wine,178,forest,parameters,deterministic,False,1,model_and_predictions,2,0,full_snapshot,0.3,142498,474995,474995,9842,0.00012893499979327316,True,False,budget_exceeded,False,,0,0,not executed: budget/selection failure
case03-rep2,wine,178,forest,parameters,deterministic,False,1,model_and_predictions,2,1,full_snapshot,0.3,142498,474995,474995,9842,0.00012893499979327316,True,False,budget_exceeded,False,,0,0,not executed: budget/selection failure
case03-rep2,wine,178,forest,parameters,deterministic,False,1,model_and_predictions,2,2,full_snapshot,0.3,142498,474995,474995,9842,0.00012893499979327316,True,False,budget_exceeded,False,,0,0,not executed: budget/selection failure
case03-rep2,wine,178,forest,parameters,deterministic,False,1,model_and_predictions,2,3,full_snapshot,0.3,142498,474995,474995,9842,0.00012893499979327316,True,False,budget_exceeded,False,,0,0,not executed: budget/selection failure
case03-rep2,wine,178,forest,parameters,deterministic,False,1,model_and_predictions,2,4,full_snapshot,0.3,142498,474995,474995,9842,0.00012893499979327316,True,False,budget_exceeded,False,,0,0,not executed: budget/selection failure
case03-rep2,wine,178,forest,parameters,deterministic,False,1,model_and_predictions,2,0,full_replay,1.0,474995,30034,474995,9842,0.00011533499991855933,True,True,ok,True,0.02508745099976295,7,2,
case03-rep2,wine,178,forest,parameters,deterministic,False,1,model_and_predictions,2,1,full_replay,1.0,474995,30034,474995,9842,0.00011533499991855933,True,True,ok,True,0.025563639999745646,7,2,
case03-rep2,wine,178,forest,parameters,deterministic,False,1,model_and_predictions,2,2,full_replay,1.0,474995,30034,474995,9842,0.00011533499991855933,True,True,ok,True,0.026548107000053278,7,2,
case03-rep2,wine,178,forest,parameters,deterministic,False,1,model_and_predictions,2,3,full_replay,1.0,474995,30034,474995,9842,0.00011533499991855933,True,True,ok,True,0.030318851999709295,7,2,
case03-rep2,wine,178,forest,parameters,deterministic,False,1,model_and_predictions,2,4,full_replay,1.0,474995,30034,474995,9842,0.00011533499991855933,True,True,ok,True,0.033166985000207205,7,2,
case03-rep2,wine,178,forest,parameters,deterministic,False,1,model_and_predictions,2,0,full_replay,0.4,189998,30034,474995,9842,0.00025236100009351503,True,True,ok,True,0.027335827000115387,7,2,
case03-rep2,wine,178,forest,parameters,deterministic,False,1,model_and_predictions,2,1,full_replay,0.4,189998,30034,474995,9842,0.00025236100009351503,True,True,ok,True,0.02709572499998103,7,2,
case03-rep2,wine,178,forest,parameters,deterministic,False,1,model_and_predictions,2,2,full_replay,0.4,189998,30034,474995,9842,0.00025236100009351503,True,True,ok,True,0.024240392000137945,7,2,
case03-rep2,wine,178,forest,parameters,deterministic,False,1,model_and_predictions,2,3,full_replay,0.4,189998,30034,474995,9842,0.00025236100009351503,True,True,ok,True,0.02364007500000298,7,2,
case03-rep2,wine,178,forest,parameters,deterministic,False,1,model_and_predictions,2,4,full_replay,0.4,189998,30034,474995,9842,0.00025236100009351503,True,True,ok,True,0.024032109000017954,7,2,
case03-rep2,wine,178,forest,parameters,deterministic,False,1,model_and_predictions,2,0,recoverability_v3,0.2,94999,51462,474995,9842,0.004201354999622708,True,True,ok,True,0.02286185100001603,1,4,
case03-rep2,wine,178,forest,parameters,deterministic,False,1,model_and_predictions,2,1,recoverability_v3,0.2,94999,51462,474995,9842,0.004201354999622708,True,True,ok,True,0.021266781999656814,1,4,
case03-rep2,wine,178,forest,parameters,deterministic,False,1,model_and_predictions,2,2,recoverability_v3,0.2,94999,51462,474995,9842,0.004201354999622708,True,True,ok,True,0.021839346999968257,1,4,
case03-rep2,wine,178,forest,parameters,deterministic,False,1,model_and_predictions,2,3,recoverability_v3,0.2,94999,51462,474995,9842,0.004201354999622708,True,True,ok,True,0.029352745999858598,1,4,
case03-rep2,wine,178,forest,parameters,deterministic,False,1,model_and_predictions,2,4,recoverability_v3,0.2,94999,51462,474995,9842,0.004201354999622708,True,True,ok,True,0.02168654599972797,1,4,
case03-rep2,wine,178,forest,parameters,deterministic,False,1,model_and_predictions,2,0,full_snapshot,0.1,47499,474995,474995,9842,0.00019072799977948307,True,False,budget_exceeded,False,,0,0,not executed: budget/selection failure
case03-rep2,wine,178,forest,parameters,deterministic,False,1,model_and_predictions,2,1,full_snapshot,0.1,47499,474995,474995,9842,0.00019072799977948307,True,False,budget_exceeded,False,,0,0,not executed: budget/selection failure
case03-rep2,wine,178,forest,parameters,deterministic,False,1,model_and_predictions,2,2,full_snapshot,0.1,47499,474995,474995,9842,0.00019072799977948307,True,False,budget_exceeded,False,,0,0,not executed: budget/selection failure
case03-rep2,wine,178,forest,parameters,deterministic,False,1,model_and_predictions,2,3,full_snapshot,0.1,47499,474995,474995,9842,0.00019072799977948307,True,False,budget_exceeded,False,,0,0,not executed: budget/selection failure
case03-rep2,wine,178,forest,parameters,deterministic,False,1,model_and_predictions,2,4,full_snapshot,0.1,47499,474995,474995,9842,0.00019072799977948307,True,False,budget_exceeded,False,,0,0,not executed: budget/selection failure
case03-rep2,wine,178,forest,parameters,deterministic,False,1,model_and_predictions,2,0,recoverability_v2,0.1,47499,33183,474995,9842,0.0024260440000034578,True,True,ok,True,0.035554877999857126,4,5,
case03-rep2,wine,178,forest,parameters,deterministic,False,1,model_and_predictions,2,1,recoverability_v2,0.1,47499,33183,474995,9842,0.0024260440000034578,True,True,ok,True,0.025928413999736222,4,5,
case03-rep2,wine,178,forest,parameters,deterministic,False,1,model_and_predictions,2,2,recoverability_v2,0.1,47499,33183,474995,9842,0.0024260440000034578,True,True,ok,True,0.023495557999922312,4,5,
case03-rep2,wine,178,forest,parameters,deterministic,False,1,model_and_predictions,2,3,recoverability_v2,0.1,47499,33183,474995,9842,0.0024260440000034578,True,True,ok,True,0.026191339999968477,4,5,
case03-rep2,wine,178,forest,parameters,deterministic,False,1,model_and_predictions,2,4,recoverability_v2,0.1,47499,33183,474995,9842,0.0024260440000034578,True,True,ok,True,0.023196155999812618,4,5,
case03-rep2,wine,178,forest,parameters,deterministic,False,1,model_and_predictions,2,0,full_snapshot,1.0,474995,474995,474995,9842,0.0003636400001596485,True,True,ok,True,0.001607587999842508,0,2,
case03-rep2,wine,178,forest,parameters,deterministic,False,1,model_and_predictions,2,1,full_snapshot,1.0,474995,474995,474995,9842,0.0003636400001596485,True,True,ok,True,0.0014748869998584269,0,2,
case03-rep2,wine,178,forest,parameters,deterministic,False,1,model_and_predictions,2,2,full_snapshot,1.0,474995,474995,474995,9842,0.0003636400001596485,True,True,ok,True,0.001608529000350245,0,2,
case03-rep2,wine,178,forest,parameters,deterministic,False,1,model_and_predictions,2,3,full_snapshot,1.0,474995,474995,474995,9842,0.0003636400001596485,True,True,ok,True,0.0015208469999379304,0,2,
case03-rep2,wine,178,forest,parameters,deterministic,False,1,model_and_predictions,2,4,full_snapshot,1.0,474995,474995,474995,9842,0.0003636400001596485,True,True,ok,True,0.0015606070001012995,0,2,
case03-rep2,wine,178,forest,parameters,deterministic,False,1,model_and_predictions,2,0,recoverability_v3,1.0,474995,435773,474995,9842,0.0002693169999474776,True,True,ok,True,0.00152155900013895,0,2,
case03-rep2,wine,178,forest,parameters,deterministic,False,1,model_and_predictions,2,1,recoverability_v3,1.0,474995,435773,474995,9842,0.0002693169999474776,True,True,ok,True,0.0014351870004247758,0,2,
case03-rep2,wine,178,forest,parameters,deterministic,False,1,model_and_predictions,2,2,recoverability_v3,1.0,474995,435773,474995,9842,0.0002693169999474776,True,True,ok,True,0.0014660339998044947,0,2,
case03-rep2,wine,178,forest,parameters,deterministic,False,1,model_and_predictions,2,3,recoverability_v3,1.0,474995,435773,474995,9842,0.0002693169999474776,True,True,ok,True,0.0036973239998587815,0,2,
case03-rep2,wine,178,forest,parameters,deterministic,False,1,model_and_predictions,2,4,recoverability_v3,1.0,474995,435773,474995,9842,0.0002693169999474776,True,True,ok,True,0.0016021799997361086,0,2,
case03-rep2,wine,178,forest,parameters,deterministic,False,1,model_and_predictions,2,0,full_replay,0.3,142498,30034,474995,9842,0.00026870599958783714,True,True,ok,True,0.027460506999887002,7,2,
case03-rep2,wine,178,forest,parameters,deterministic,False,1,model_and_predictions,2,1,full_replay,0.3,142498,30034,474995,9842,0.00026870599958783714,True,True,ok,True,0.027127885000027163,7,2,
case03-rep2,wine,178,forest,parameters,deterministic,False,1,model_and_predictions,2,2,full_replay,0.3,142498,30034,474995,9842,0.00026870599958783714,True,True,ok,True,0.024741901000197686,7,2,
case03-rep2,wine,178,forest,parameters,deterministic,False,1,model_and_predictions,2,3,full_replay,0.3,142498,30034,474995,9842,0.00026870599958783714,True,True,ok,True,0.024031476999880397,7,2,
case03-rep2,wine,178,forest,parameters,deterministic,False,1,model_and_predictions,2,4,full_replay,0.3,142498,30034,474995,9842,0.00026870599958783714,True,True,ok,True,0.024762872999872343,7,2,
case03-rep2,wine,178,forest,parameters,deterministic,False,1,model_and_predictions,2,0,recoverability_v2,0.4,189998,132378,474995,9842,0.006367997999859654,True,True,ok,True,0.027133262999996077,1,4,
case03-rep2,wine,178,forest,parameters,deterministic,False,1,model_and_predictions,2,1,recoverability_v2,0.4,189998,132378,474995,9842,0.006367997999859654,True,True,ok,True,0.030104371000106767,1,4,
case03-rep2,wine,178,forest,parameters,deterministic,False,1,model_and_predictions,2,2,recoverability_v2,0.4,189998,132378,474995,9842,0.006367997999859654,True,True,ok,True,0.029486596999959147,1,4,
case03-rep2,wine,178,forest,parameters,deterministic,False,1,model_and_predictions,2,3,recoverability_v2,0.4,189998,132378,474995,9842,0.006367997999859654,True,True,ok,True,0.024164960000234714,1,4,
case03-rep2,wine,178,forest,parameters,deterministic,False,1,model_and_predictions,2,4,recoverability_v2,0.4,189998,132378,474995,9842,0.006367997999859654,True,True,ok,True,0.001536611000119592,0,2,
case03-rep2,wine,178,forest,parameters,deterministic,False,1,model_and_predictions,2,0,recoverability_v2,1.0,474995,435773,474995,9842,0.00022206600033314317,True,True,ok,True,0.002122806999977911,0,2,
case03-rep2,wine,178,forest,parameters,deterministic,False,1,model_and_predictions,2,1,recoverability_v2,1.0,474995,435773,474995,9842,0.00022206600033314317,True,True,ok,True,0.0014360189998114947,0,2,
case03-rep2,wine,178,forest,parameters,deterministic,False,1,model_and_predictions,2,2,recoverability_v2,1.0,474995,435773,474995,9842,0.00022206600033314317,True,True,ok,True,0.0020772269999724813,0,2,
case03-rep2,wine,178,forest,parameters,deterministic,False,1,model_and_predictions,2,3,recoverability_v2,1.0,474995,435773,474995,9842,0.00022206600033314317,True,True,ok,True,0.0017045849999703933,0,2,
case03-rep2,wine,178,forest,parameters,deterministic,False,1,model_and_predictions,2,4,recoverability_v2,1.0,474995,435773,474995,9842,0.00022206600033314317,True,True,ok,True,0.0019498050000947842,0,2,
case04-rep0,digits,1797,logistic,parameters,opaque,False,1,model_and_predictions,0,0,recoverability_v3,0.2,2262326,1168979,11311634,15170,0.00023159000011219177,True,True,ok,True,0.00028594200011866633,0,2,
case04-rep0,digits,1797,logistic,parameters,opaque,False,1,model_and_predictions,0,1,recoverability_v3,0.2,2262326,1168979,11311634,15170,0.00023159000011219177,True,True,ok,True,0.0002907989996856486,0,2,
case04-rep0,digits,1797,logistic,parameters,opaque,False,1,model_and_predictions,0,2,recoverability_v3,0.2,2262326,1168979,11311634,15170,0.00023159000011219177,True,True,ok,True,0.000305490999835456,0,2,
case04-rep0,digits,1797,logistic,parameters,opaque,False,1,model_and_predictions,0,3,recoverability_v3,0.2,2262326,1168979,11311634,15170,0.00023159000011219177,True,True,ok,True,0.0003145650002807088,0,2,
case04-rep0,digits,1797,logistic,parameters,opaque,False,1,model_and_predictions,0,4,recoverability_v3,0.2,2262326,1168979,11311634,15170,0.00023159000011219177,True,True,ok,True,0.0002596020003693411,0,2,
case04-rep0,digits,1797,logistic,parameters,opaque,False,1,model_and_predictions,0,0,recoverability_v2,1.0,11311634,1168979,11311634,15170,0.0003980719998253335,True,True,ok,True,0.00027267199993730173,0,2,
case04-rep0,digits,1797,logistic,parameters,opaque,False,1,model_and_predictions,0,1,recoverability_v2,1.0,11311634,1168979,11311634,15170,0.0003980719998253335,True,True,ok,True,0.00030419999984587776,0,2,
case04-rep0,digits,1797,logistic,parameters,opaque,False,1,model_and_predictions,0,2,recoverability_v2,1.0,11311634,1168979,11311634,15170,0.0003980719998253335,True,True,ok,True,0.00031514600004811655,0,2,
case04-rep0,digits,1797,logistic,parameters,opaque,False,1,model_and_predictions,0,3,recoverability_v2,1.0,11311634,1168979,11311634,15170,0.0003980719998253335,True,True,ok,True,0.0002579599999990023,0,2,
case04-rep0,digits,1797,logistic,parameters,opaque,False,1,model_and_predictions,0,4,recoverability_v2,1.0,11311634,1168979,11311634,15170,0.0003980719998253335,True,True,ok,True,0.0002731630002017482,0,2,
case04-rep0,digits,1797,logistic,parameters,opaque,False,1,model_and_predictions,0,0,recoverability_v2,0.3,3393490,1168979,11311634,15170,0.0003399629999876197,True,True,ok,True,0.0002605839999887394,0,2,
case04-rep0,digits,1797,logistic,parameters,opaque,False,1,model_and_predictions,0,1,recoverability_v2,0.3,3393490,1168979,11311634,15170,0.0003399629999876197,True,True,ok,True,0.0002645089998623007,0,2,
case04-rep0,digits,1797,logistic,parameters,opaque,False,1,model_and_predictions,0,2,recoverability_v2,0.3,3393490,1168979,11311634,15170,0.0003399629999876197,True,True,ok,True,0.0003229779999855964,0,2,
case04-rep0,digits,1797,logistic,parameters,opaque,False,1,model_and_predictions,0,3,recoverability_v2,0.3,3393490,1168979,11311634,15170,0.0003399629999876197,True,True,ok,True,0.00027945200008616666,0,2,
case04-rep0,digits,1797,logistic,parameters,opaque,False,1,model_and_predictions,0,4,recoverability_v2,0.3,3393490,1168979,11311634,15170,0.0003399629999876197,True,True,ok,True,0.00029514599964386434,0,2,
case04-rep0,digits,1797,logistic,parameters,opaque,False,1,model_and_predictions,0,0,recoverability_v3,0.3,3393490,1168979,11311634,15170,0.000433826000062254,True,True,ok,True,0.00025412400009372504,0,2,
case04-rep0,digits,1797,logistic,parameters,opaque,False,1,model_and_predictions,0,1,recoverability_v3,0.3,3393490,1168979,11311634,15170,0.000433826000062254,True,True,ok,True,0.0002626860000418674,0,2,
case04-rep0,digits,1797,logistic,parameters,opaque,False,1,model_and_predictions,0,2,recoverability_v3,0.3,3393490,1168979,11311634,15170,0.000433826000062254,True,True,ok,True,0.0002730119999796443,0,2,
case04-rep0,digits,1797,logistic,parameters,opaque,False,1,model_and_predictions,0,3,recoverability_v3,0.3,3393490,1168979,11311634,15170,0.000433826000062254,True,True,ok,True,0.000263678000010259,0,2,
case04-rep0,digits,1797,logistic,parameters,opaque,False,1,model_and_predictions,0,4,recoverability_v3,0.3,3393490,1168979,11311634,15170,0.000433826000062254,True,True,ok,True,0.0002587300000413961,0,2,
case04-rep0,digits,1797,logistic,parameters,opaque,False,1,model_and_predictions,0,0,full_snapshot,1.0,11311634,11311634,11311634,15170,0.00028826600009779213,True,True,ok,True,0.0002604530000098748,0,2,
case04-rep0,digits,1797,logistic,parameters,opaque,False,1,model_and_predictions,0,1,full_snapshot,1.0,11311634,11311634,11311634,15170,0.00028826600009779213,True,True,ok,True,0.0002769479997368762,0,2,
case04-rep0,digits,1797,logistic,parameters,opaque,False,1,model_and_predictions,0,2,full_snapshot,1.0,11311634,11311634,11311634,15170,0.00028826600009779213,True,True,ok,True,0.00029627799995068926,0,2,
case04-rep0,digits,1797,logistic,parameters,opaque,False,1,model_and_predictions,0,3,full_snapshot,1.0,11311634,11311634,11311634,15170,0.00028826600009779213,True,True,ok,True,0.0002549850000832521,0,2,
case04-rep0,digits,1797,logistic,parameters,opaque,False,1,model_and_predictions,0,4,full_snapshot,1.0,11311634,11311634,11311634,15170,0.00028826600009779213,True,True,ok,True,0.0002932630000032077,0,2,
case04-rep0,digits,1797,logistic,parameters,opaque,False,1,model_and_predictions,0,0,target_snapshots,0.1,1131163,1168979,11311634,15170,0.00031806100014364347,True,False,budget_exceeded,False,,0,0,not executed: budget/selection failure
case04-rep0,digits,1797,logistic,parameters,opaque,False,1,model_and_predictions,0,1,target_snapshots,0.1,1131163,1168979,11311634,15170,0.00031806100014364347,True,False,budget_exceeded,False,,0,0,not executed: budget/selection failure
case04-rep0,digits,1797,logistic,parameters,opaque,False,1,model_and_predictions,0,2,target_snapshots,0.1,1131163,1168979,11311634,15170,0.00031806100014364347,True,False,budget_exceeded,False,,0,0,not executed: budget/selection failure
case04-rep0,digits,1797,logistic,parameters,opaque,False,1,model_and_predictions,0,3,target_snapshots,0.1,1131163,1168979,11311634,15170,0.00031806100014364347,True,False,budget_exceeded,False,,0,0,not executed: budget/selection failure
case04-rep0,digits,1797,logistic,parameters,opaque,False,1,model_and_predictions,0,4,target_snapshots,0.1,1131163,1168979,11311634,15170,0.00031806100014364347,True,False,budget_exceeded,False,,0,0,not executed: budget/selection failure
case04-rep0,digits,1797,logistic,parameters,opaque,False,1,model_and_predictions,0,0,recoverability_v2,0.2,2262326,1168979,11311634,15170,0.0002055800000562158,True,True,ok,True,0.00026120400025320123,0,2,
case04-rep0,digits,1797,logistic,parameters,opaque,False,1,model_and_predictions,0,1,recoverability_v2,0.2,2262326,1168979,11311634,15170,0.0002055800000562158,True,True,ok,True,0.00027289199988445034,0,2,
case04-rep0,digits,1797,logistic,parameters,opaque,False,1,model_and_predictions,0,2,recoverability_v2,0.2,2262326,1168979,11311634,15170,0.0002055800000562158,True,True,ok,True,0.00035102000038023107,0,2,
case04-rep0,digits,1797,logistic,parameters,opaque,False,1,model_and_predictions,0,3,recoverability_v2,0.2,2262326,1168979,11311634,15170,0.0002055800000562158,True,True,ok,True,0.0002636690001054376,0,2,
case04-rep0,digits,1797,logistic,parameters,opaque,False,1,model_and_predictions,0,4,recoverability_v2,0.2,2262326,1168979,11311634,15170,0.0002055800000562158,True,True,ok,True,0.00025578599979780847,0,2,
case04-rep0,digits,1797,logistic,parameters,opaque,False,1,model_and_predictions,0,0,full_replay,0.4,4524653,949877,11311634,15170,0.00029119999999238644,False,True,restore_failed,False,0.00020201600000291364,0,0,No exact path for external_features: non-replayable artifact missing
case04-rep0,digits,1797,logistic,parameters,opaque,False,1,model_and_predictions,0,1,full_replay,0.4,4524653,949877,11311634,15170,0.00029119999999238644,False,True,restore_failed,False,9.644600004321546e-05,0,0,No exact path for external_features: non-replayable artifact missing
case04-rep0,digits,1797,logistic,parameters,opaque,False,1,model_and_predictions,0,2,full_replay,0.4,4524653,949877,11311634,15170,0.00029119999999238644,False,True,restore_failed,False,0.00010152400000151829,0,0,No exact path for external_features: non-replayable artifact missing
case04-rep0,digits,1797,logistic,parameters,opaque,False,1,model_and_predictions,0,3,full_replay,0.4,4524653,949877,11311634,15170,0.00029119999999238644,False,True,restore_failed,False,9.39820001804037e-05,0,0,No exact path for external_features: non-replayable artifact missing
case04-rep0,digits,1797,logistic,parameters,opaque,False,1,model_and_predictions,0,4,full_replay,0.4,4524653,949877,11311634,15170,0.00029119999999238644,False,True,restore_failed,False,9.80879999588069e-05,0,0,No exact path for external_features: non-replayable artifact missing
case04-rep0,digits,1797,logistic,parameters,opaque,False,1,model_and_predictions,0,0,full_snapshot,0.4,4524653,11311634,11311634,15170,0.0003022170003532665,True,False,budget_exceeded,False,,0,0,not executed: budget/selection failure
case04-rep0,digits,1797,logistic,parameters,opaque,False,1,model_and_predictions,0,1,full_snapshot,0.4,4524653,11311634,11311634,15170,0.0003022170003532665,True,False,budget_exceeded,False,,0,0,not executed: budget/selection failure
case04-rep0,digits,1797,logistic,parameters,opaque,False,1,model_and_predictions,0,2,full_snapshot,0.4,4524653,11311634,11311634,15170,0.0003022170003532665,True,False,budget_exceeded,False,,0,0,not executed: budget/selection failure
case04-rep0,digits,1797,logistic,parameters,opaque,False,1,model_and_predictions,0,3,full_snapshot,0.4,4524653,11311634,11311634,15170,0.0003022170003532665,True,False,budget_exceeded,False,,0,0,not executed: budget/selection failure
case04-rep0,digits,1797,logistic,parameters,opaque,False,1,model_and_predictions,0,4,full_snapshot,0.4,4524653,11311634,11311634,15170,0.0003022170003532665,True,False,budget_exceeded,False,,0,0,not executed: budget/selection failure
case04-rep0,digits,1797,logistic,parameters,opaque,False,1,model_and_predictions,0,0,recoverability_v3,0.4,4524653,1168979,11311634,15170,0.0002022460002990556,True,True,ok,True,0.0002885760000026494,0,2,
case04-rep0,digits,1797,logistic,parameters,opaque,False,1,model_and_predictions,0,1,recoverability_v3,0.4,4524653,1168979,11311634,15170,0.0002022460002990556,True,True,ok,True,0.0003651319998425606,0,2,
case04-rep0,digits,1797,logistic,parameters,opaque,False,1,model_and_predictions,0,2,recoverability_v3,0.4,4524653,1168979,11311634,15170,0.0002022460002990556,True,True,ok,True,0.0002955859999929089,0,2,
case04-rep0,digits,1797,logistic,parameters,opaque,False,1,model_and_predictions,0,3,recoverability_v3,0.4,4524653,1168979,11311634,15170,0.0002022460002990556,True,True,ok,True,0.00027534500031833886,0,2,
case04-rep0,digits,1797,logistic,parameters,opaque,False,1,model_and_predictions,0,4,recoverability_v3,0.4,4524653,1168979,11311634,15170,0.0002022460002990556,True,True,ok,True,0.00026016299989350955,0,2,
case04-rep0,digits,1797,logistic,parameters,opaque,False,1,model_and_predictions,0,0,full_replay,0.3,3393490,949877,11311634,15170,0.0002931629996965057,False,True,restore_failed,False,0.00010231400028715143,0,0,No exact path for external_features: non-replayable artifact missing
case04-rep0,digits,1797,logistic,parameters,opaque,False,1,model_and_predictions,0,1,full_replay,0.3,3393490,949877,11311634,15170,0.0002931629996965057,False,True,restore_failed,False,0.00012095299962311401,0,0,No exact path for external_features: non-replayable artifact missing
case04-rep0,digits,1797,logistic,parameters,opaque,False,1,model_and_predictions,0,2,full_replay,0.3,3393490,949877,11311634,15170,0.0002931629996965057,False,True,restore_failed,False,9.812799999053823e-05,0,0,No exact path for external_features: non-replayable artifact missing
case04-rep0,digits,1797,logistic,parameters,opaque,False,1,model_and_predictions,0,3,full_replay,0.3,3393490,949877,11311634,15170,0.0002931629996965057,False,True,restore_failed,False,0.0001004109999485081,0,0,No exact path for external_features: non-replayable artifact missing
case04-rep0,digits,1797,logistic,parameters,opaque,False,1,model_and_predictions,0,4,full_replay,0.3,3393490,949877,11311634,15170,0.0002931629996965057,False,True,restore_failed,False,9.907899993777392e-05,0,0,No exact path for external_features: non-replayable artifact missing
case04-rep0,digits,1797,logistic,parameters,opaque,False,1,model_and_predictions,0,0,recoverability_v2,0.4,4524653,1168979,11311634,15170,0.00039145199980339385,True,True,ok,True,0.0002732019997893076,0,2,
case04-rep0,digits,1797,logistic,parameters,opaque,False,1,model_and_predictions,0,1,recoverability_v2,0.4,4524653,1168979,11311634,15170,0.00039145199980339385,True,True,ok,True,0.00025549500014676596,0,2,
case04-rep0,digits,1797,logistic,parameters,opaque,False,1,model_and_predictions,0,2,recoverability_v2,0.4,4524653,1168979,11311634,15170,0.00039145199980339385,True,True,ok,True,0.0002638989999468322,0,2,
case04-rep0,digits,1797,logistic,parameters,opaque,False,1,model_and_predictions,0,3,recoverability_v2,0.4,4524653,1168979,11311634,15170,0.00039145199980339385,True,True,ok,True,0.0002910900002461858,0,2,
case04-rep0,digits,1797,logistic,parameters,opaque,False,1,model_and_predictions,0,4,recoverability_v2,0.4,4524653,1168979,11311634,15170,0.00039145199980339385,True,True,ok,True,0.0011223960000279476,0,2,
case04-rep0,digits,1797,logistic,parameters,opaque,False,1,model_and_predictions,0,0,full_replay,1.0,11311634,949877,11311634,15170,0.0005298200003380771,False,True,restore_failed,False,9.462299976803479e-05,0,0,No exact path for external_features: non-replayable artifact missing
case04-rep0,digits,1797,logistic,parameters,opaque,False,1,model_and_predictions,0,1,full_replay,1.0,11311634,949877,11311634,15170,0.0005298200003380771,False,True,restore_failed,False,9.532400008538389e-05,0,0,No exact path for external_features: non-replayable artifact missing
case04-rep0,digits,1797,logistic,parameters,opaque,False,1,model_and_predictions,0,2,full_replay,1.0,11311634,949877,11311634,15170,0.0005298200003380771,False,True,restore_failed,False,0.0001213630002894206,0,0,No exact path for external_features: non-replayable artifact missing
case04-rep0,digits,1797,logistic,parameters,opaque,False,1,model_and_predictions,0,3,full_replay,1.0,11311634,949877,11311634,15170,0.0005298200003380771,False,True,restore_failed,False,0.00013346200012165355,0,0,No exact path for external_features: non-replayable artifact missing
case04-rep0,digits,1797,logistic,parameters,opaque,False,1,model_and_predictions,0,4,full_replay,1.0,11311634,949877,11311634,15170,0.0005298200003380771,False,True,restore_failed,False,9.803800003282959e-05,0,0,No exact path for external_features: non-replayable artifact missing
case04-rep0,digits,1797,logistic,parameters,opaque,False,1,model_and_predictions,0,0,target_snapshots,0.5,5655817,1168979,11311634,15170,0.0004005750001851993,True,True,ok,True,0.0003943860001527355,0,2,
case04-rep0,digits,1797,logistic,parameters,opaque,False,1,model_and_predictions,0,1,target_snapshots,0.5,5655817,1168979,11311634,15170,0.0004005750001851993,True,True,ok,True,0.000286893000065902,0,2,
case04-rep0,digits,1797,logistic,parameters,opaque,False,1,model_and_predictions,0,2,target_snapshots,0.5,5655817,1168979,11311634,15170,0.0004005750001851993,True,True,ok,True,0.00025430400000914233,0,2,
case04-rep0,digits,1797,logistic,parameters,opaque,False,1,model_and_predictions,0,3,target_snapshots,0.5,5655817,1168979,11311634,15170,0.0004005750001851993,True,True,ok,True,0.0004868850001003011,0,2,
case04-rep0,digits,1797,logistic,parameters,opaque,False,1,model_and_predictions,0,4,target_snapshots,0.5,5655817,1168979,11311634,15170,0.0004005750001851993,True,True,ok,True,0.00044946800016987254,0,2,
case04-rep0,digits,1797,logistic,parameters,opaque,False,1,model_and_predictions,0,0,full_replay,0.1,1131163,949877,11311634,15170,0.0006423099998755788,False,True,restore_failed,False,0.00021235100030025933,0,0,No exact path for external_features: non-replayable artifact missing
case04-rep0,digits,1797,logistic,parameters,opaque,False,1,model_and_predictions,0,1,full_replay,0.1,1131163,949877,11311634,15170,0.0006423099998755788,False,True,restore_failed,False,9.634599973651348e-05,0,0,No exact path for external_features: non-replayable artifact missing
case04-rep0,digits,1797,logistic,parameters,opaque,False,1,model_and_predictions,0,2,full_replay,0.1,1131163,949877,11311634,15170,0.0006423099998755788,False,True,restore_failed,False,9.659600027589477e-05,0,0,No exact path for external_features: non-replayable artifact missing
case04-rep0,digits,1797,logistic,parameters,opaque,False,1,model_and_predictions,0,3,full_replay,0.1,1131163,949877,11311634,15170,0.0006423099998755788,False,True,restore_failed,False,9.761700039234711e-05,0,0,No exact path for external_features: non-replayable artifact missing
case04-rep0,digits,1797,logistic,parameters,opaque,False,1,model_and_predictions,0,4,full_replay,0.1,1131163,949877,11311634,15170,0.0006423099998755788,False,True,restore_failed,False,0.00010070200005429797,0,0,No exact path for external_features: non-replayable artifact missing
case04-rep0,digits,1797,logistic,parameters,opaque,False,1,model_and_predictions,0,0,target_snapshots,0.4,4524653,1168979,11311634,15170,0.000329727999996976,True,True,ok,True,0.0002674439997463196,0,2,
case04-rep0,digits,1797,logistic,parameters,opaque,False,1,model_and_predictions,0,1,target_snapshots,0.4,4524653,1168979,11311634,15170,0.000329727999996976,True,True,ok,True,0.00028986699999222765,0,2,
case04-rep0,digits,1797,logistic,parameters,opaque,False,1,model_and_predictions,0,2,target_snapshots,0.4,4524653,1168979,11311634,15170,0.000329727999996976,True,True,ok,True,0.0002644999999574793,0,2,
case04-rep0,digits,1797,logistic,parameters,opaque,False,1,model_and_predictions,0,3,target_snapshots,0.4,4524653,1168979,11311634,15170,0.000329727999996976,True,True,ok,True,0.00027883100028702756,0,2,
case04-rep0,digits,1797,logistic,parameters,opaque,False,1,model_and_predictions,0,4,target_snapshots,0.4,4524653,1168979,11311634,15170,0.000329727999996976,True,True,ok,True,0.00033001800011334126,0,2,
case04-rep0,digits,1797,logistic,parameters,opaque,False,1,model_and_predictions,0,0,full_snapshot,0.5,5655817,11311634,11311634,15170,0.00029419399970720406,True,False,budget_exceeded,False,,0,0,not executed: budget/selection failure
case04-rep0,digits,1797,logistic,parameters,opaque,False,1,model_and_predictions,0,1,full_snapshot,0.5,5655817,11311634,11311634,15170,0.00029419399970720406,True,False,budget_exceeded,False,,0,0,not executed: budget/selection failure
case04-rep0,digits,1797,logistic,parameters,opaque,False,1,model_and_predictions,0,2,full_snapshot,0.5,5655817,11311634,11311634,15170,0.00029419399970720406,True,False,budget_exceeded,False,,0,0,not executed: budget/selection failure
case04-rep0,digits,1797,logistic,parameters,opaque,False,1,model_and_predictions,0,3,full_snapshot,0.5,5655817,11311634,11311634,15170,0.00029419399970720406,True,False,budget_exceeded,False,,0,0,not executed: budget/selection failure
case04-rep0,digits,1797,logistic,parameters,opaque,False,1,model_and_predictions,0,4,full_snapshot,0.5,5655817,11311634,11311634,15170,0.00029419399970720406,True,False,budget_exceeded,False,,0,0,not executed: budget/selection failure
case04-rep0,digits,1797,logistic,parameters,opaque,False,1,model_and_predictions,0,0,recoverability_v2,0.1,1131163,949877,11311634,15170,0.002392493000115792,False,False,proven_infeasible,False,,0,0,not executed: budget/selection failure
case04-rep0,digits,1797,logistic,parameters,opaque,False,1,model_and_predictions,0,1,recoverability_v2,0.1,1131163,949877,11311634,15170,0.002392493000115792,False,False,proven_infeasible,False,,0,0,not executed: budget/selection failure
case04-rep0,digits,1797,logistic,parameters,opaque,False,1,model_and_predictions,0,2,recoverability_v2,0.1,1131163,949877,11311634,15170,0.002392493000115792,False,False,proven_infeasible,False,,0,0,not executed: budget/selection failure
case04-rep0,digits,1797,logistic,parameters,opaque,False,1,model_and_predictions,0,3,recoverability_v2,0.1,1131163,949877,11311634,15170,0.002392493000115792,False,False,proven_infeasible,False,,0,0,not executed: budget/selection failure
case04-rep0,digits,1797,logistic,parameters,opaque,False,1,model_and_predictions,0,4,recoverability_v2,0.1,1131163,949877,11311634,15170,0.002392493000115792,False,False,proven_infeasible,False,,0,0,not executed: budget/selection failure
case04-rep0,digits,1797,logistic,parameters,opaque,False,1,model_and_predictions,0,0,full_snapshot,0.2,2262326,11311634,11311634,15170,0.0001868730000751384,True,False,budget_exceeded,False,,0,0,not executed: budget/selection failure
case04-rep0,digits,1797,logistic,parameters,opaque,False,1,model_and_predictions,0,1,full_snapshot,0.2,2262326,11311634,11311634,15170,0.0001868730000751384,True,False,budget_exceeded,False,,0,0,not executed: budget/selection failure
case04-rep0,digits,1797,logistic,parameters,opaque,False,1,model_and_predictions,0,2,full_snapshot,0.2,2262326,11311634,11311634,15170,0.0001868730000751384,True,False,budget_exceeded,False,,0,0,not executed: budget/selection failure
case04-rep0,digits,1797,logistic,parameters,opaque,False,1,model_and_predictions,0,3,full_snapshot,0.2,2262326,11311634,11311634,15170,0.0001868730000751384,True,False,budget_exceeded,False,,0,0,not executed: budget/selection failure
case04-rep0,digits,1797,logistic,parameters,opaque,False,1,model_and_predictions,0,4,full_snapshot,0.2,2262326,11311634,11311634,15170,0.0001868730000751384,True,False,budget_exceeded,False,,0,0,not executed: budget/selection failure
case04-rep0,digits,1797,logistic,parameters,opaque,False,1,model_and_predictions,0,0,full_replay,0.5,5655817,949877,11311634,15170,0.0002022360004048096,False,True,restore_failed,False,0.00013433300000542658,0,0,No exact path for external_features: non-replayable artifact missing
case04-rep0,digits,1797,logistic,parameters,opaque,False,1,model_and_predictions,0,1,full_replay,0.5,5655817,949877,11311634,15170,0.0002022360004048096,False,True,restore_failed,False,9.425300004295423e-05,0,0,No exact path for external_features: non-replayable artifact missing
case04-rep0,digits,1797,logistic,parameters,opaque,False,1,model_and_predictions,0,2,full_replay,0.5,5655817,949877,11311634,15170,0.0002022360004048096,False,True,restore_failed,False,9.724699975777185e-05,0,0,No exact path for external_features: non-replayable artifact missing
case04-rep0,digits,1797,logistic,parameters,opaque,False,1,model_and_predictions,0,3,full_replay,0.5,5655817,949877,11311634,15170,0.0002022360004048096,False,True,restore_failed,False,9.53839999056072e-05,0,0,No exact path for external_features: non-replayable artifact missing
case04-rep0,digits,1797,logistic,parameters,opaque,False,1,model_and_predictions,0,4,full_replay,0.5,5655817,949877,11311634,15170,0.0002022360004048096,False,True,restore_failed,False,9.355099973618053e-05,0,0,No exact path for external_features: non-replayable artifact missing
case04-rep0,digits,1797,logistic,parameters,opaque,False,1,model_and_predictions,0,0,recoverability_v3,0.1,1131163,949877,11311634,15170,0.002393746000052488,False,False,proven_infeasible,False,,0,0,not executed: budget/selection failure
case04-rep0,digits,1797,logistic,parameters,opaque,False,1,model_and_predictions,0,1,recoverability_v3,0.1,1131163,949877,11311634,15170,0.002393746000052488,False,False,proven_infeasible,False,,0,0,not executed: budget/selection failure
case04-rep0,digits,1797,logistic,parameters,opaque,False,1,model_and_predictions,0,2,recoverability_v3,0.1,1131163,949877,11311634,15170,0.002393746000052488,False,False,proven_infeasible,False,,0,0,not executed: budget/selection failure
case04-rep0,digits,1797,logistic,parameters,opaque,False,1,model_and_predictions,0,3,recoverability_v3,0.1,1131163,949877,11311634,15170,0.002393746000052488,False,False,proven_infeasible,False,,0,0,not executed: budget/selection failure
case04-rep0,digits,1797,logistic,parameters,opaque,False,1,model_and_predictions,0,4,recoverability_v3,0.1,1131163,949877,11311634,15170,0.002393746000052488,False,False,proven_infeasible,False,,0,0,not executed: budget/selection failure
case04-rep0,digits,1797,logistic,parameters,opaque,False,1,model_and_predictions,0,0,recoverability_v3,1.0,11311634,1168979,11311634,15170,0.0002014750002672372,True,True,ok,True,0.0003056809996451193,0,2,
case04-rep0,digits,1797,logistic,parameters,opaque,False,1,model_and_predictions,0,1,recoverability_v3,1.0,11311634,1168979,11311634,15170,0.0002014750002672372,True,True,ok,True,0.0002588510001260147,0,2,
case04-rep0,digits,1797,logistic,parameters,opaque,False,1,model_and_predictions,0,2,recoverability_v3,1.0,11311634,1168979,11311634,15170,0.0002014750002672372,True,True,ok,True,0.00036281800021242816,0,2,
case04-rep0,digits,1797,logistic,parameters,opaque,False,1,model_and_predictions,0,3,recoverability_v3,1.0,11311634,1168979,11311634,15170,0.0002014750002672372,True,True,ok,True,0.0002973089999613876,0,2,
case04-rep0,digits,1797,logistic,parameters,opaque,False,1,model_and_predictions,0,4,recoverability_v3,1.0,11311634,1168979,11311634,15170,0.0002014750002672372,True,True,ok,True,0.0004281770002307894,0,2,
case04-rep0,digits,1797,logistic,parameters,opaque,False,1,model_and_predictions,0,0,full_snapshot,0.3,3393490,11311634,11311634,15170,0.0002836890002981818,True,False,budget_exceeded,False,,0,0,not executed: budget/selection failure
case04-rep0,digits,1797,logistic,parameters,opaque,False,1,model_and_predictions,0,1,full_snapshot,0.3,3393490,11311634,11311634,15170,0.0002836890002981818,True,False,budget_exceeded,False,,0,0,not executed: budget/selection failure
case04-rep0,digits,1797,logistic,parameters,opaque,False,1,model_and_predictions,0,2,full_snapshot,0.3,3393490,11311634,11311634,15170,0.0002836890002981818,True,False,budget_exceeded,False,,0,0,not executed: budget/selection failure
case04-rep0,digits,1797,logistic,parameters,opaque,False,1,model_and_predictions,0,3,full_snapshot,0.3,3393490,11311634,11311634,15170,0.0002836890002981818,True,False,budget_exceeded,False,,0,0,not executed: budget/selection failure
case04-rep0,digits,1797,logistic,parameters,opaque,False,1,model_and_predictions,0,4,full_snapshot,0.3,3393490,11311634,11311634,15170,0.0002836890002981818,True,False,budget_exceeded,False,,0,0,not executed: budget/selection failure
case04-rep0,digits,1797,logistic,parameters,opaque,False,1,model_and_predictions,0,0,target_snapshots,0.3,3393490,1168979,11311634,15170,0.00019182999994882266,True,True,ok,True,0.000296316999992996,0,2,
case04-rep0,digits,1797,logistic,parameters,opaque,False,1,model_and_predictions,0,1,target_snapshots,0.3,3393490,1168979,11311634,15170,0.00019182999994882266,True,True,ok,True,0.00032881600009204703,0,2,
case04-rep0,digits,1797,logistic,parameters,opaque,False,1,model_and_predictions,0,2,target_snapshots,0.3,3393490,1168979,11311634,15170,0.00019182999994882266,True,True,ok,True,0.0002697469999475288,0,2,
case04-rep0,digits,1797,logistic,parameters,opaque,False,1,model_and_predictions,0,3,target_snapshots,0.3,3393490,1168979,11311634,15170,0.00019182999994882266,True,True,ok,True,0.0002601830001367489,0,2,
case04-rep0,digits,1797,logistic,parameters,opaque,False,1,model_and_predictions,0,4,target_snapshots,0.3,3393490,1168979,11311634,15170,0.00019182999994882266,True,True,ok,True,0.0003870850000566861,0,2,
case04-rep0,digits,1797,logistic,parameters,opaque,False,1,model_and_predictions,0,0,target_snapshots,0.2,2262326,1168979,11311634,15170,0.000439714000094682,True,True,ok,True,0.00029679799990844913,0,2,
case04-rep0,digits,1797,logistic,parameters,opaque,False,1,model_and_predictions,0,1,target_snapshots,0.2,2262326,1168979,11311634,15170,0.000439714000094682,True,True,ok,True,0.00028163499973743455,0,2,
case04-rep0,digits,1797,logistic,parameters,opaque,False,1,model_and_predictions,0,2,target_snapshots,0.2,2262326,1168979,11311634,15170,0.000439714000094682,True,True,ok,True,0.00026718399976743967,0,2,
case04-rep0,digits,1797,logistic,parameters,opaque,False,1,model_and_predictions,0,3,target_snapshots,0.2,2262326,1168979,11311634,15170,0.000439714000094682,True,True,ok,True,0.0002792020000015327,0,2,
case04-rep0,digits,1797,logistic,parameters,opaque,False,1,model_and_predictions,0,4,target_snapshots,0.2,2262326,1168979,11311634,15170,0.000439714000094682,True,True,ok,True,0.00026159500021094573,0,2,
case04-rep0,digits,1797,logistic,parameters,opaque,False,1,model_and_predictions,0,0,recoverability_v3,0.5,5655817,1168979,11311634,15170,0.0003300580001450726,True,True,ok,True,0.0002510689996597648,0,2,
case04-rep0,digits,1797,logistic,parameters,opaque,False,1,model_and_predictions,0,1,recoverability_v3,0.5,5655817,1168979,11311634,15170,0.0003300580001450726,True,True,ok,True,0.00025861099993562675,0,2,
case04-rep0,digits,1797,logistic,parameters,opaque,False,1,model_and_predictions,0,2,recoverability_v3,0.5,5655817,1168979,11311634,15170,0.0003300580001450726,True,True,ok,True,0.00025977199993576505,0,2,
case04-rep0,digits,1797,logistic,parameters,opaque,False,1,model_and_predictions,0,3,recoverability_v3,0.5,5655817,1168979,11311634,15170,0.0003300580001450726,True,True,ok,True,0.00026382899977761554,0,2,
case04-rep0,digits,1797,logistic,parameters,opaque,False,1,model_and_predictions,0,4,recoverability_v3,0.5,5655817,1168979,11311634,15170,0.0003300580001450726,True,True,ok,True,0.00028554100026667584,0,2,
case04-rep0,digits,1797,logistic,parameters,opaque,False,1,model_and_predictions,0,0,recoverability_v2,0.5,5655817,1168979,11311634,15170,0.0003993130003436818,True,True,ok,True,0.00029391399993983214,0,2,
case04-rep0,digits,1797,logistic,parameters,opaque,False,1,model_and_predictions,0,1,recoverability_v2,0.5,5655817,1168979,11311634,15170,0.0003993130003436818,True,True,ok,True,0.0007558819997939281,0,2,
case04-rep0,digits,1797,logistic,parameters,opaque,False,1,model_and_predictions,0,2,recoverability_v2,0.5,5655817,1168979,11311634,15170,0.0003993130003436818,True,True,ok,True,0.00027812000007543247,0,2,
case04-rep0,digits,1797,logistic,parameters,opaque,False,1,model_and_predictions,0,3,recoverability_v2,0.5,5655817,1168979,11311634,15170,0.0003993130003436818,True,True,ok,True,0.00026726400028564967,0,2,
case04-rep0,digits,1797,logistic,parameters,opaque,False,1,model_and_predictions,0,4,recoverability_v2,0.5,5655817,1168979,11311634,15170,0.0003993130003436818,True,True,ok,True,0.0002897879999181896,0,2,
case04-rep0,digits,1797,logistic,parameters,opaque,False,1,model_and_predictions,0,0,full_replay,0.2,2262326,949877,11311634,15170,0.0002826869999807968,False,True,restore_failed,False,0.00011670599997160025,0,0,No exact path for external_features: non-replayable artifact missing
case04-rep0,digits,1797,logistic,parameters,opaque,False,1,model_and_predictions,0,1,full_replay,0.2,2262326,949877,11311634,15170,0.0002826869999807968,False,True,restore_failed,False,9.869899986370001e-05,0,0,No exact path for external_features: non-replayable artifact missing
case04-rep0,digits,1797,logistic,parameters,opaque,False,1,model_and_predictions,0,2,full_replay,0.2,2262326,949877,11311634,15170,0.0002826869999807968,False,True,restore_failed,False,9.351100015919656e-05,0,0,No exact path for external_features: non-replayable artifact missing
case04-rep0,digits,1797,logistic,parameters,opaque,False,1,model_and_predictions,0,3,full_replay,0.2,2262326,949877,11311634,15170,0.0002826869999807968,False,True,restore_failed,False,9.060599995791563e-05,0,0,No exact path for external_features: non-replayable artifact missing
case04-rep0,digits,1797,logistic,parameters,opaque,False,1,model_and_predictions,0,4,full_replay,0.2,2262326,949877,11311634,15170,0.0002826869999807968,False,True,restore_failed,False,9.617500018066494e-05,0,0,No exact path for external_features: non-replayable artifact missing
case04-rep0,digits,1797,logistic,parameters,opaque,False,1,model_and_predictions,0,0,target_snapshots,1.0,11311634,1168979,11311634,15170,0.0002993320003952249,True,True,ok,True,0.00026042300032713683,0,2,
case04-rep0,digits,1797,logistic,parameters,opaque,False,1,model_and_predictions,0,1,target_snapshots,1.0,11311634,1168979,11311634,15170,0.0002993320003952249,True,True,ok,True,0.0003013460000147461,0,2,
case04-rep0,digits,1797,logistic,parameters,opaque,False,1,model_and_predictions,0,2,target_snapshots,1.0,11311634,1168979,11311634,15170,0.0002993320003952249,True,True,ok,True,0.0002643190000526374,0,2,
case04-rep0,digits,1797,logistic,parameters,opaque,False,1,model_and_predictions,0,3,target_snapshots,1.0,11311634,1168979,11311634,15170,0.0002993320003952249,True,True,ok,True,0.0002651009999681264,0,2,
case04-rep0,digits,1797,logistic,parameters,opaque,False,1,model_and_predictions,0,4,target_snapshots,1.0,11311634,1168979,11311634,15170,0.0002993320003952249,True,True,ok,True,0.0005945590000919765,0,2,
case04-rep0,digits,1797,logistic,parameters,opaque,False,1,model_and_predictions,0,0,full_snapshot,0.1,1131163,11311634,11311634,15170,0.0002873340004043712,True,False,budget_exceeded,False,,0,0,not executed: budget/selection failure
case04-rep0,digits,1797,logistic,parameters,opaque,False,1,model_and_predictions,0,1,full_snapshot,0.1,1131163,11311634,11311634,15170,0.0002873340004043712,True,False,budget_exceeded,False,,0,0,not executed: budget/selection failure
case04-rep0,digits,1797,logistic,parameters,opaque,False,1,model_and_predictions,0,2,full_snapshot,0.1,1131163,11311634,11311634,15170,0.0002873340004043712,True,False,budget_exceeded,False,,0,0,not executed: budget/selection failure
case04-rep0,digits,1797,logistic,parameters,opaque,False,1,model_and_predictions,0,3,full_snapshot,0.1,1131163,11311634,11311634,15170,0.0002873340004043712,True,False,budget_exceeded,False,,0,0,not executed: budget/selection failure
case04-rep0,digits,1797,logistic,parameters,opaque,False,1,model_and_predictions,0,4,full_snapshot,0.1,1131163,11311634,11311634,15170,0.0002873340004043712,True,False,budget_exceeded,False,,0,0,not executed: budget/selection failure
case04-rep1,digits,1797,logistic,parameters,opaque,False,1,model_and_predictions,1,0,recoverability_v3,0.3,3393490,1168980,11311635,15171,0.0003384120000191615,True,True,ok,True,0.0002589609998722153,0,2,
case04-rep1,digits,1797,logistic,parameters,opaque,False,1,model_and_predictions,1,1,recoverability_v3,0.3,3393490,1168980,11311635,15171,0.0003384120000191615,True,True,ok,True,0.00042251800005033147,0,2,
case04-rep1,digits,1797,logistic,parameters,opaque,False,1,model_and_predictions,1,2,recoverability_v3,0.3,3393490,1168980,11311635,15171,0.0003384120000191615,True,True,ok,True,0.0003611560000535974,0,2,
case04-rep1,digits,1797,logistic,parameters,opaque,False,1,model_and_predictions,1,3,recoverability_v3,0.3,3393490,1168980,11311635,15171,0.0003384120000191615,True,True,ok,True,0.000263548000020819,0,2,
case04-rep1,digits,1797,logistic,parameters,opaque,False,1,model_and_predictions,1,4,recoverability_v3,0.3,3393490,1168980,11311635,15171,0.0003384120000191615,True,True,ok,True,0.0002748850001808023,0,2,
case04-rep1,digits,1797,logistic,parameters,opaque,False,1,model_and_predictions,1,0,recoverability_v2,0.5,5655817,1168980,11311635,15171,0.0003691679999064945,True,True,ok,True,0.0004527040000539273,0,2,
case04-rep1,digits,1797,logistic,parameters,opaque,False,1,model_and_predictions,1,1,recoverability_v2,0.5,5655817,1168980,11311635,15171,0.0003691679999064945,True,True,ok,True,0.00036284799989516614,0,2,
case04-rep1,digits,1797,logistic,parameters,opaque,False,1,model_and_predictions,1,2,recoverability_v2,0.5,5655817,1168980,11311635,15171,0.0003691679999064945,True,True,ok,True,0.0003043990000151098,0,2,
case04-rep1,digits,1797,logistic,parameters,opaque,False,1,model_and_predictions,1,3,recoverability_v2,0.5,5655817,1168980,11311635,15171,0.0003691679999064945,True,True,ok,True,0.0002610139999887906,0,2,
case04-rep1,digits,1797,logistic,parameters,opaque,False,1,model_and_predictions,1,4,recoverability_v2,0.5,5655817,1168980,11311635,15171,0.0003691679999064945,True,True,ok,True,0.00026751399991553626,0,2,
case04-rep1,digits,1797,logistic,parameters,opaque,False,1,model_and_predictions,1,0,recoverability_v2,0.2,2262327,1168980,11311635,15171,0.0003112599997621146,True,True,ok,True,0.0002584809999461868,0,2,
case04-rep1,digits,1797,logistic,parameters,opaque,False,1,model_and_predictions,1,1,recoverability_v2,0.2,2262327,1168980,11311635,15171,0.0003112599997621146,True,True,ok,True,0.0002629370001159259,0,2,
case04-rep1,digits,1797,logistic,parameters,opaque,False,1,model_and_predictions,1,2,recoverability_v2,0.2,2262327,1168980,11311635,15171,0.0003112599997621146,True,True,ok,True,0.0002782199999273871,0,2,
case04-rep1,digits,1797,logistic,parameters,opaque,False,1,model_and_predictions,1,3,recoverability_v2,0.2,2262327,1168980,11311635,15171,0.0003112599997621146,True,True,ok,True,0.0002676249996511615,0,2,
case04-rep1,digits,1797,logistic,parameters,opaque,False,1,model_and_predictions,1,4,recoverability_v2,0.2,2262327,1168980,11311635,15171,0.0003112599997621146,True,True,ok,True,0.0003699579997373803,0,2,
case04-rep1,digits,1797,logistic,parameters,opaque,False,1,model_and_predictions,1,0,target_snapshots,0.2,2262327,1168980,11311635,15171,0.0003287360000285844,True,True,ok,True,0.0002643389998411294,0,2,
case04-rep1,digits,1797,logistic,parameters,opaque,False,1,model_and_predictions,1,1,target_snapshots,0.2,2262327,1168980,11311635,15171,0.0003287360000285844,True,True,ok,True,0.0004465550000531948,0,2,
case04-rep1,digits,1797,logistic,parameters,opaque,False,1,model_and_predictions,1,2,target_snapshots,0.2,2262327,1168980,11311635,15171,0.0003287360000285844,True,True,ok,True,0.00031160100024862913,0,2,
case04-rep1,digits,1797,logistic,parameters,opaque,False,1,model_and_predictions,1,3,target_snapshots,0.2,2262327,1168980,11311635,15171,0.0003287360000285844,True,True,ok,True,0.00032997800008160993,0,2,
case04-rep1,digits,1797,logistic,parameters,opaque,False,1,model_and_predictions,1,4,target_snapshots,0.2,2262327,1168980,11311635,15171,0.0003287360000285844,True,True,ok,True,0.00030573200001526857,0,2,
case04-rep1,digits,1797,logistic,parameters,opaque,False,1,model_and_predictions,1,0,full_snapshot,0.5,5655817,11311635,11311635,15171,0.00029782000001432607,True,False,budget_exceeded,False,,0,0,not executed: budget/selection failure
case04-rep1,digits,1797,logistic,parameters,opaque,False,1,model_and_predictions,1,1,full_snapshot,0.5,5655817,11311635,11311635,15171,0.00029782000001432607,True,False,budget_exceeded,False,,0,0,not executed: budget/selection failure
case04-rep1,digits,1797,logistic,parameters,opaque,False,1,model_and_predictions,1,2,full_snapshot,0.5,5655817,11311635,11311635,15171,0.00029782000001432607,True,False,budget_exceeded,False,,0,0,not executed: budget/selection failure
case04-rep1,digits,1797,logistic,parameters,opaque,False,1,model_and_predictions,1,3,full_snapshot,0.5,5655817,11311635,11311635,15171,0.00029782000001432607,True,False,budget_exceeded,False,,0,0,not executed: budget/selection failure
case04-rep1,digits,1797,logistic,parameters,opaque,False,1,model_and_predictions,1,4,full_snapshot,0.5,5655817,11311635,11311635,15171,0.00029782000001432607,True,False,budget_exceeded,False,,0,0,not executed: budget/selection failure
case04-rep1,digits,1797,logistic,parameters,opaque,False,1,model_and_predictions,1,0,recoverability_v3,0.5,5655817,1168980,11311635,15171,0.00020371800019347575,True,True,ok,True,0.0003908709995812387,0,2,
case04-rep1,digits,1797,logistic,parameters,opaque,False,1,model_and_predictions,1,1,recoverability_v3,0.5,5655817,1168980,11311635,15171,0.00020371800019347575,True,True,ok,True,0.0002658120001797215,0,2,
case04-rep1,digits,1797,logistic,parameters,opaque,False,1,model_and_predictions,1,2,recoverability_v3,0.5,5655817,1168980,11311635,15171,0.00020371800019347575,True,True,ok,True,0.00033424499997636303,0,2,
case04-rep1,digits,1797,logistic,parameters,opaque,False,1,model_and_predictions,1,3,recoverability_v3,0.5,5655817,1168980,11311635,15171,0.00020371800019347575,True,True,ok,True,0.0005738260001635354,0,2,
case04-rep1,digits,1797,logistic,parameters,opaque,False,1,model_and_predictions,1,4,recoverability_v3,0.5,5655817,1168980,11311635,15171,0.00020371800019347575,True,True,ok,True,0.0002808849999382801,0,2,
case04-rep1,digits,1797,logistic,parameters,opaque,False,1,model_and_predictions,1,0,recoverability_v3,0.1,1131163,949878,11311635,15171,0.00271078400010083,False,False,proven_infeasible,False,,0,0,not executed: budget/selection failure
case04-rep1,digits,1797,logistic,parameters,opaque,False,1,model_and_predictions,1,1,recoverability_v3,0.1,1131163,949878,11311635,15171,0.00271078400010083,False,False,proven_infeasible,False,,0,0,not executed: budget/selection failure
case04-rep1,digits,1797,logistic,parameters,opaque,False,1,model_and_predictions,1,2,recoverability_v3,0.1,1131163,949878,11311635,15171,0.00271078400010083,False,False,proven_infeasible,False,,0,0,not executed: budget/selection failure
case04-rep1,digits,1797,logistic,parameters,opaque,False,1,model_and_predictions,1,3,recoverability_v3,0.1,1131163,949878,11311635,15171,0.00271078400010083,False,False,proven_infeasible,False,,0,0,not executed: budget/selection failure
case04-rep1,digits,1797,logistic,parameters,opaque,False,1,model_and_predictions,1,4,recoverability_v3,0.1,1131163,949878,11311635,15171,0.00271078400010083,False,False,proven_infeasible,False,,0,0,not executed: budget/selection failure
case04-rep1,digits,1797,logistic,parameters,opaque,False,1,model_and_predictions,1,0,full_replay,0.5,5655817,949878,11311635,15171,0.00021857000001546112,False,True,restore_failed,False,0.00013425299994196394,0,0,No exact path for external_features: non-replayable artifact missing
case04-rep1,digits,1797,logistic,parameters,opaque,False,1,model_and_predictions,1,1,full_replay,0.5,5655817,949878,11311635,15171,0.00021857000001546112,False,True,restore_failed,False,9.445300020161085e-05,0,0,No exact path for external_features: non-replayable artifact missing
case04-rep1,digits,1797,logistic,parameters,opaque,False,1,model_and_predictions,1,2,full_replay,0.5,5655817,949878,11311635,15171,0.00021857000001546112,False,True,restore_failed,False,0.00019199000007574796,0,0,No exact path for external_features: non-replayable artifact missing
case04-rep1,digits,1797,logistic,parameters,opaque,False,1,model_and_predictions,1,3,full_replay,0.5,5655817,949878,11311635,15171,0.00021857000001546112,False,True,restore_failed,False,9.566499966240372e-05,0,0,No exact path for external_features: non-replayable artifact missing
case04-rep1,digits,1797,logistic,parameters,opaque,False,1,model_and_predictions,1,4,full_replay,0.5,5655817,949878,11311635,15171,0.00021857000001546112,False,True,restore_failed,False,9.760700004335376e-05,0,0,No exact path for external_features: non-replayable artifact missing
case04-rep1,digits,1797,logistic,parameters,opaque,False,1,model_and_predictions,1,0,recoverability_v2,0.3,3393490,1168980,11311635,15171,0.000380074000077002,True,True,ok,True,0.0003038889999515959,0,2,
case04-rep1,digits,1797,logistic,parameters,opaque,False,1,model_and_predictions,1,1,recoverability_v2,0.3,3393490,1168980,11311635,15171,0.000380074000077002,True,True,ok,True,0.00035476599987305235,0,2,
case04-rep1,digits,1797,logistic,parameters,opaque,False,1,model_and_predictions,1,2,recoverability_v2,0.3,3393490,1168980,11311635,15171,0.000380074000077002,True,True,ok,True,0.00025569599984009983,0,2,
case04-rep1,digits,1797,logistic,parameters,opaque,False,1,model_and_predictions,1,3,recoverability_v2,0.3,3393490,1168980,11311635,15171,0.000380074000077002,True,True,ok,True,0.0002565879999565368,0,2,
case04-rep1,digits,1797,logistic,parameters,opaque,False,1,model_and_predictions,1,4,recoverability_v2,0.3,3393490,1168980,11311635,15171,0.000380074000077002,True,True,ok,True,0.00026596099996822886,0,2,
case04-rep1,digits,1797,logistic,parameters,opaque,False,1,model_and_predictions,1,0,full_snapshot,0.4,4524654,11311635,11311635,15171,0.00041437600020799437,True,False,budget_exceeded,False,,0,0,not executed: budget/selection failure
case04-rep1,digits,1797,logistic,parameters,opaque,False,1,model_and_predictions,1,1,full_snapshot,0.4,4524654,11311635,11311635,15171,0.00041437600020799437,True,False,budget_exceeded,False,,0,0,not executed: budget/selection failure
case04-rep1,digits,1797,logistic,parameters,opaque,False,1,model_and_predictions,1,2,full_snapshot,0.4,4524654,11311635,11311635,15171,0.00041437600020799437,True,False,budget_exceeded,False,,0,0,not executed: budget/selection failure
case04-rep1,digits,1797,logistic,parameters,opaque,False,1,model_and_predictions,1,3,full_snapshot,0.4,4524654,11311635,11311635,15171,0.00041437600020799437,True,False,budget_exceeded,False,,0,0,not executed: budget/selection failure
case04-rep1,digits,1797,logistic,parameters,opaque,False,1,model_and_predictions,1,4,full_snapshot,0.4,4524654,11311635,11311635,15171,0.00041437600020799437,True,False,budget_exceeded,False,,0,0,not executed: budget/selection failure
case04-rep1,digits,1797,logistic,parameters,opaque,False,1,model_and_predictions,1,0,full_replay,0.2,2262327,949878,11311635,15171,0.0001884250000330212,False,True,restore_failed,False,0.00010216400005447213,0,0,No exact path for external_features: non-replayable artifact missing
case04-rep1,digits,1797,logistic,parameters,opaque,False,1,model_and_predictions,1,1,full_replay,0.2,2262327,949878,11311635,15171,0.0001884250000330212,False,True,restore_failed,False,0.00010548899990681093,0,0,No exact path for external_features: non-replayable artifact missing
case04-rep1,digits,1797,logistic,parameters,opaque,False,1,model_and_predictions,1,2,full_replay,0.2,2262327,949878,11311635,15171,0.0001884250000330212,False,True,restore_failed,False,0.00010309600020264043,0,0,No exact path for external_features: non-replayable artifact missing
case04-rep1,digits,1797,logistic,parameters,opaque,False,1,model_and_predictions,1,3,full_replay,0.2,2262327,949878,11311635,15171,0.0001884250000330212,False,True,restore_failed,False,9.920000002239249e-05,0,0,No exact path for external_features: non-replayable artifact missing
case04-rep1,digits,1797,logistic,parameters,opaque,False,1,model_and_predictions,1,4,full_replay,0.2,2262327,949878,11311635,15171,0.0001884250000330212,False,True,restore_failed,False,0.00012716199989881716,0,0,No exact path for external_features: non-replayable artifact missing
case04-rep1,digits,1797,logistic,parameters,opaque,False,1,model_and_predictions,1,0,recoverability_v3,0.4,4524654,1168980,11311635,15171,0.0003128820003439614,True,True,ok,True,0.00028078400009690085,0,2,
case04-rep1,digits,1797,logistic,parameters,opaque,False,1,model_and_predictions,1,1,recoverability_v3,0.4,4524654,1168980,11311635,15171,0.0003128820003439614,True,True,ok,True,0.00028522000002340064,0,2,
case04-rep1,digits,1797,logistic,parameters,opaque,False,1,model_and_predictions,1,2,recoverability_v3,0.4,4524654,1168980,11311635,15171,0.0003128820003439614,True,True,ok,True,0.0003113800003120559,0,2,
case04-rep1,digits,1797,logistic,parameters,opaque,False,1,model_and_predictions,1,3,recoverability_v3,0.4,4524654,1168980,11311635,15171,0.0003128820003439614,True,True,ok,True,0.00034685399987210985,0,2,
case04-rep1,digits,1797,logistic,parameters,opaque,False,1,model_and_predictions,1,4,recoverability_v3,0.4,4524654,1168980,11311635,15171,0.0003128820003439614,True,True,ok,True,0.00026425899977766676,0,2,
case04-rep1,digits,1797,logistic,parameters,opaque,False,1,model_and_predictions,1,0,full_replay,0.1,1131163,949878,11311635,15171,0.0003095980000580312,False,True,restore_failed,False,9.685599980002735e-05,0,0,No exact path for external_features: non-replayable artifact missing
case04-rep1,digits,1797,logistic,parameters,opaque,False,1,model_and_predictions,1,1,full_replay,0.1,1131163,949878,11311635,15171,0.0003095980000580312,False,True,restore_failed,False,0.002022494999891933,0,0,No exact path for external_features: non-replayable artifact missing
case04-rep1,digits,1797,logistic,parameters,opaque,False,1,model_and_predictions,1,2,full_replay,0.1,1131163,949878,11311635,15171,0.0003095980000580312,False,True,restore_failed,False,9.83189997896261e-05,0,0,No exact path for external_features: non-replayable artifact missing
case04-rep1,digits,1797,logistic,parameters,opaque,False,1,model_and_predictions,1,3,full_replay,0.1,1131163,949878,11311635,15171,0.0003095980000580312,False,True,restore_failed,False,9.354099984193454e-05,0,0,No exact path for external_features: non-replayable artifact missing
case04-rep1,digits,1797,logistic,parameters,opaque,False,1,model_and_predictions,1,4,full_replay,0.1,1131163,949878,11311635,15171,0.0003095980000580312,False,True,restore_failed,False,0.00015405299973281217,0,0,No exact path for external_features: non-replayable artifact missing
case04-rep1,digits,1797,logistic,parameters,opaque,False,1,model_and_predictions,1,0,target_snapshots,0.1,1131163,1168980,11311635,15171,0.0003604339999583317,True,False,budget_exceeded,False,,0,0,not executed: budget/selection failure
case04-rep1,digits,1797,logistic,parameters,opaque,False,1,model_and_predictions,1,1,target_snapshots,0.1,1131163,1168980,11311635,15171,0.0003604339999583317,True,False,budget_exceeded,False,,0,0,not executed: budget/selection failure
case04-rep1,digits,1797,logistic,parameters,opaque,False,1,model_and_predictions,1,2,target_snapshots,0.1,1131163,1168980,11311635,15171,0.0003604339999583317,True,False,budget_exceeded,False,,0,0,not executed: budget/selection failure
case04-rep1,digits,1797,logistic,parameters,opaque,False,1,model_and_predictions,1,3,target_snapshots,0.1,1131163,1168980,11311635,15171,0.0003604339999583317,True,False,budget_exceeded,False,,0,0,not executed: budget/selection failure
case04-rep1,digits,1797,logistic,parameters,opaque,False,1,model_and_predictions,1,4,target_snapshots,0.1,1131163,1168980,11311635,15171,0.0003604339999583317,True,False,budget_exceeded,False,,0,0,not executed: budget/selection failure
case04-rep1,digits,1797,logistic,parameters,opaque,False,1,model_and_predictions,1,0,target_snapshots,0.3,3393490,1168980,11311635,15171,0.00019001700002263533,True,True,ok,True,0.00046617399993920117,0,2,
case04-rep1,digits,1797,logistic,parameters,opaque,False,1,model_and_predictions,1,1,target_snapshots,0.3,3393490,1168980,11311635,15171,0.00019001700002263533,True,True,ok,True,0.0002986010003951378,0,2,
case04-rep1,digits,1797,logistic,parameters,opaque,False,1,model_and_predictions,1,2,target_snapshots,0.3,3393490,1168980,11311635,15171,0.00019001700002263533,True,True,ok,True,0.00029591699967568275,0,2,
case04-rep1,digits,1797,logistic,parameters,opaque,False,1,model_and_predictions,1,3,target_snapshots,0.3,3393490,1168980,11311635,15171,0.00019001700002263533,True,True,ok,True,0.0002730819996941136,0,2,
case04-rep1,digits,1797,logistic,parameters,opaque,False,1,model_and_predictions,1,4,target_snapshots,0.3,3393490,1168980,11311635,15171,0.00019001700002263533,True,True,ok,True,0.00028383900007611373,0,2,
case04-rep1,digits,1797,logistic,parameters,opaque,False,1,model_and_predictions,1,0,target_snapshots,0.4,4524654,1168980,11311635,15171,0.000287804999970831,True,True,ok,True,0.000334374999965803,0,2,
case04-rep1,digits,1797,logistic,parameters,opaque,False,1,model_and_predictions,1,1,target_snapshots,0.4,4524654,1168980,11311635,15171,0.000287804999970831,True,True,ok,True,0.00026568100020085694,0,2,
case04-rep1,digits,1797,logistic,parameters,opaque,False,1,model_and_predictions,1,2,target_snapshots,0.4,4524654,1168980,11311635,15171,0.000287804999970831,True,True,ok,True,0.00026070400008393335,0,2,
case04-rep1,digits,1797,logistic,parameters,opaque,False,1,model_and_predictions,1,3,target_snapshots,0.4,4524654,1168980,11311635,15171,0.000287804999970831,True,True,ok,True,0.0003597630002332153,0,2,
case04-rep1,digits,1797,logistic,parameters,opaque,False,1,model_and_predictions,1,4,target_snapshots,0.4,4524654,1168980,11311635,15171,0.000287804999970831,True,True,ok,True,0.00026050399992527673,0,2,
case04-rep1,digits,1797,logistic,parameters,opaque,False,1,model_and_predictions,1,0,target_snapshots,1.0,11311635,1168980,11311635,15171,0.0002950960001726344,True,True,ok,True,0.00025356300011480926,0,2,
case04-rep1,digits,1797,logistic,parameters,opaque,False,1,model_and_predictions,1,1,target_snapshots,1.0,11311635,1168980,11311635,15171,0.0002950960001726344,True,True,ok,True,0.0002517299999453826,0,2,
case04-rep1,digits,1797,logistic,parameters,opaque,False,1,model_and_predictions,1,2,target_snapshots,1.0,11311635,1168980,11311635,15171,0.0002950960001726344,True,True,ok,True,0.0002713500002755609,0,2,
case04-rep1,digits,1797,logistic,parameters,opaque,False,1,model_and_predictions,1,3,target_snapshots,1.0,11311635,1168980,11311635,15171,0.0002950960001726344,True,True,ok,True,0.00030751499980397057,0,2,
case04-rep1,digits,1797,logistic,parameters,opaque,False,1,model_and_predictions,1,4,target_snapshots,1.0,11311635,1168980,11311635,15171,0.0002950960001726344,True,True,ok,True,0.00034029399967039353,0,2,
case04-rep1,digits,1797,logistic,parameters,opaque,False,1,model_and_predictions,1,0,full_snapshot,0.2,2262327,11311635,11311635,15171,0.000490911000269989,True,False,budget_exceeded,False,,0,0,not executed: budget/selection failure
case04-rep1,digits,1797,logistic,parameters,opaque,False,1,model_and_predictions,1,1,full_snapshot,0.2,2262327,11311635,11311635,15171,0.000490911000269989,True,False,budget_exceeded,False,,0,0,not executed: budget/selection failure
case04-rep1,digits,1797,logistic,parameters,opaque,False,1,model_and_predictions,1,2,full_snapshot,0.2,2262327,11311635,11311635,15171,0.000490911000269989,True,False,budget_exceeded,False,,0,0,not executed: budget/selection failure
case04-rep1,digits,1797,logistic,parameters,opaque,False,1,model_and_predictions,1,3,full_snapshot,0.2,2262327,11311635,11311635,15171,0.000490911000269989,True,False,budget_exceeded,False,,0,0,not executed: budget/selection failure
case04-rep1,digits,1797,logistic,parameters,opaque,False,1,model_and_predictions,1,4,full_snapshot,0.2,2262327,11311635,11311635,15171,0.000490911000269989,True,False,budget_exceeded,False,,0,0,not executed: budget/selection failure
case04-rep1,digits,1797,logistic,parameters,opaque,False,1,model_and_predictions,1,0,target_snapshots,0.5,5655817,1168980,11311635,15171,0.00019124900018141489,True,True,ok,True,0.0004054829996675835,0,2,
case04-rep1,digits,1797,logistic,parameters,opaque,False,1,model_and_predictions,1,1,target_snapshots,0.5,5655817,1168980,11311635,15171,0.00019124900018141489,True,True,ok,True,0.0003425980003157747,0,2,
case04-rep1,digits,1797,logistic,parameters,opaque,False,1,model_and_predictions,1,2,target_snapshots,0.5,5655817,1168980,11311635,15171,0.00019124900018141489,True,True,ok,True,0.0002853310002137732,0,2,
case04-rep1,digits,1797,logistic,parameters,opaque,False,1,model_and_predictions,1,3,target_snapshots,0.5,5655817,1168980,11311635,15171,0.00019124900018141489,True,True,ok,True,0.00031835100026000873,0,2,
case04-rep1,digits,1797,logistic,parameters,opaque,False,1,model_and_predictions,1,4,target_snapshots,0.5,5655817,1168980,11311635,15171,0.00019124900018141489,True,True,ok,True,0.00024681300010342966,0,2,
case04-rep1,digits,1797,logistic,parameters,opaque,False,1,model_and_predictions,1,0,full_snapshot,0.3,3393490,11311635,11311635,15171,0.0002689359998839791,True,False,budget_exceeded,False,,0,0,not executed: budget/selection failure
case04-rep1,digits,1797,logistic,parameters,opaque,False,1,model_and_predictions,1,1,full_snapshot,0.3,3393490,11311635,11311635,15171,0.0002689359998839791,True,False,budget_exceeded,False,,0,0,not executed: budget/selection failure
case04-rep1,digits,1797,logistic,parameters,opaque,False,1,model_and_predictions,1,2,full_snapshot,0.3,3393490,11311635,11311635,15171,0.0002689359998839791,True,False,budget_exceeded,False,,0,0,not executed: budget/selection failure
case04-rep1,digits,1797,logistic,parameters,opaque,False,1,model_and_predictions,1,3,full_snapshot,0.3,3393490,11311635,11311635,15171,0.0002689359998839791,True,False,budget_exceeded,False,,0,0,not executed: budget/selection failure
case04-rep1,digits,1797,logistic,parameters,opaque,False,1,model_and_predictions,1,4,full_snapshot,0.3,3393490,11311635,11311635,15171,0.0002689359998839791,True,False,budget_exceeded,False,,0,0,not executed: budget/selection failure
case04-rep1,digits,1797,logistic,parameters,opaque,False,1,model_and_predictions,1,0,full_replay,1.0,11311635,949878,11311635,15171,0.00018562000013844226,False,True,restore_failed,False,9.125800033871201e-05,0,0,No exact path for external_features: non-replayable artifact missing
case04-rep1,digits,1797,logistic,parameters,opaque,False,1,model_and_predictions,1,1,full_replay,1.0,11311635,949878,11311635,15171,0.00018562000013844226,False,True,restore_failed,False,0.00014164399999572197,0,0,No exact path for external_features: non-replayable artifact missing
case04-rep1,digits,1797,logistic,parameters,opaque,False,1,model_and_predictions,1,2,full_replay,1.0,11311635,949878,11311635,15171,0.00018562000013844226,False,True,restore_failed,False,0.00011541499998202198,0,0,No exact path for external_features: non-replayable artifact missing
case04-rep1,digits,1797,logistic,parameters,opaque,False,1,model_and_predictions,1,3,full_replay,1.0,11311635,949878,11311635,15171,0.00018562000013844226,False,True,restore_failed,False,9.284099996875739e-05,0,0,No exact path for external_features: non-replayable artifact missing
case04-rep1,digits,1797,logistic,parameters,opaque,False,1,model_and_predictions,1,4,full_replay,1.0,11311635,949878,11311635,15171,0.00018562000013844226,False,True,restore_failed,False,9.438300003239419e-05,0,0,No exact path for external_features: non-replayable artifact missing
case04-rep1,digits,1797,logistic,parameters,opaque,False,1,model_and_predictions,1,0,full_replay,0.4,4524654,949878,11311635,15171,0.00045930400028737495,False,True,restore_failed,False,9.18890000320971e-05,0,0,No exact path for external_features: non-replayable artifact missing
case04-rep1,digits,1797,logistic,parameters,opaque,False,1,model_and_predictions,1,1,full_replay,0.4,4524654,949878,11311635,15171,0.00045930400028737495,False,True,restore_failed,False,9.025600002132705e-05,0,0,No exact path for external_features: non-replayable artifact missing
case04-rep1,digits,1797,logistic,parameters,opaque,False,1,model_and_predictions,1,2,full_replay,0.4,4524654,949878,11311635,15171,0.00045930400028737495,False,True,restore_failed,False,9.526399981041322e-05,0,0,No exact path for external_features: non-replayable artifact missing
case04-rep1,digits,1797,logistic,parameters,opaque,False,1,model_and_predictions,1,3,full_replay,0.4,4524654,949878,11311635,15171,0.00045930400028737495,False,True,restore_failed,False,9.254999986296752e-05,0,0,No exact path for external_features: non-replayable artifact missing
case04-rep1,digits,1797,logistic,parameters,opaque,False,1,model_and_predictions,1,4,full_replay,0.4,4524654,949878,11311635,15171,0.00045930400028737495,False,True,restore_failed,False,9.481300003244542e-05,0,0,No exact path for external_features: non-replayable artifact missing
case04-rep1,digits,1797,logistic,parameters,opaque,False,1,model_and_predictions,1,0,recoverability_v3,0.2,2262327,1168980,11311635,15171,0.0003376399999979185,True,True,ok,True,0.0002608340000733733,0,2,
case04-rep1,digits,1797,logistic,parameters,opaque,False,1,model_and_predictions,1,1,recoverability_v3,0.2,2262327,1168980,11311635,15171,0.0003376399999979185,True,True,ok,True,0.0002473940003255848,0,2,
case04-rep1,digits,1797,logistic,parameters,opaque,False,1,model_and_predictions,1,2,recoverability_v3,0.2,2262327,1168980,11311635,15171,0.0003376399999979185,True,True,ok,True,0.0002565979998507828,0,2,
case04-rep1,digits,1797,logistic,parameters,opaque,False,1,model_and_predictions,1,3,recoverability_v3,0.2,2262327,1168980,11311635,15171,0.0003376399999979185,True,True,ok,True,0.00025860000005195616,0,2,
case04-rep1,digits,1797,logistic,parameters,opaque,False,1,model_and_predictions,1,4,recoverability_v3,0.2,2262327,1168980,11311635,15171,0.0003376399999979185,True,True,ok,True,0.000255394999840064,0,2,
case04-rep1,digits,1797,logistic,parameters,opaque,False,1,model_and_predictions,1,0,full_snapshot,0.1,1131163,11311635,11311635,15171,0.0002878949999285396,True,False,budget_exceeded,False,,0,0,not executed: budget/selection failure
case04-rep1,digits,1797,logistic,parameters,opaque,False,1,model_and_predictions,1,1,full_snapshot,0.1,1131163,11311635,11311635,15171,0.0002878949999285396,True,False,budget_exceeded,False,,0,0,not executed: budget/selection failure
case04-rep1,digits,1797,logistic,parameters,opaque,False,1,model_and_predictions,1,2,full_snapshot,0.1,1131163,11311635,11311635,15171,0.0002878949999285396,True,False,budget_exceeded,False,,0,0,not executed: budget/selection failure
case04-rep1,digits,1797,logistic,parameters,opaque,False,1,model_and_predictions,1,3,full_snapshot,0.1,1131163,11311635,11311635,15171,0.0002878949999285396,True,False,budget_exceeded,False,,0,0,not executed: budget/selection failure
case04-rep1,digits,1797,logistic,parameters,opaque,False,1,model_and_predictions,1,4,full_snapshot,0.1,1131163,11311635,11311635,15171,0.0002878949999285396,True,False,budget_exceeded,False,,0,0,not executed: budget/selection failure
case04-rep1,digits,1797,logistic,parameters,opaque,False,1,model_and_predictions,1,0,recoverability_v2,0.1,1131163,949878,11311635,15171,0.002345253000385128,False,False,proven_infeasible,False,,0,0,not executed: budget/selection failure
case04-rep1,digits,1797,logistic,parameters,opaque,False,1,model_and_predictions,1,1,recoverability_v2,0.1,1131163,949878,11311635,15171,0.002345253000385128,False,False,proven_infeasible,False,,0,0,not executed: budget/selection failure
case04-rep1,digits,1797,logistic,parameters,opaque,False,1,model_and_predictions,1,2,recoverability_v2,0.1,1131163,949878,11311635,15171,0.002345253000385128,False,False,proven_infeasible,False,,0,0,not executed: budget/selection failure
case04-rep1,digits,1797,logistic,parameters,opaque,False,1,model_and_predictions,1,3,recoverability_v2,0.1,1131163,949878,11311635,15171,0.002345253000385128,False,False,proven_infeasible,False,,0,0,not executed: budget/selection failure
case04-rep1,digits,1797,logistic,parameters,opaque,False,1,model_and_predictions,1,4,recoverability_v2,0.1,1131163,949878,11311635,15171,0.002345253000385128,False,False,proven_infeasible,False,,0,0,not executed: budget/selection failure
case04-rep1,digits,1797,logistic,parameters,opaque,False,1,model_and_predictions,1,0,full_snapshot,1.0,11311635,11311635,11311635,15171,0.0001896169997053221,True,True,ok,True,0.0002795929999592772,0,2,
case04-rep1,digits,1797,logistic,parameters,opaque,False,1,model_and_predictions,1,1,full_snapshot,1.0,11311635,11311635,11311635,15171,0.0001896169997053221,True,True,ok,True,0.0002816450000864279,0,2,
case04-rep1,digits,1797,logistic,parameters,opaque,False,1,model_and_predictions,1,2,full_snapshot,1.0,11311635,11311635,11311635,15171,0.0001896169997053221,True,True,ok,True,0.00025577700034773443,0,2,
case04-rep1,digits,1797,logistic,parameters,opaque,False,1,model_and_predictions,1,3,full_snapshot,1.0,11311635,11311635,11311635,15171,0.0001896169997053221,True,True,ok,True,0.0002531019999878481,0,2,
case04-rep1,digits,1797,logistic,parameters,opaque,False,1,model_and_predictions,1,4,full_snapshot,1.0,11311635,11311635,11311635,15171,0.0001896169997053221,True,True,ok,True,0.0003288069997324783,0,2,
case04-rep1,digits,1797,logistic,parameters,opaque,False,1,model_and_predictions,1,0,recoverability_v3,1.0,11311635,1168980,11311635,15171,0.00033462600003986154,True,True,ok,True,0.0002558569999564497,0,2,
case04-rep1,digits,1797,logistic,parameters,opaque,False,1,model_and_predictions,1,1,recoverability_v3,1.0,11311635,1168980,11311635,15171,0.00033462600003986154,True,True,ok,True,0.00028429999974832754,0,2,
case04-rep1,digits,1797,logistic,parameters,opaque,False,1,model_and_predictions,1,2,recoverability_v3,1.0,11311635,1168980,11311635,15171,0.00033462600003986154,True,True,ok,True,0.00025453399985053693,0,2,
case04-rep1,digits,1797,logistic,parameters,opaque,False,1,model_and_predictions,1,3,recoverability_v3,1.0,11311635,1168980,11311635,15171,0.00033462600003986154,True,True,ok,True,0.0002548249999563268,0,2,
case04-rep1,digits,1797,logistic,parameters,opaque,False,1,model_and_predictions,1,4,recoverability_v3,1.0,11311635,1168980,11311635,15171,0.00033462600003986154,True,True,ok,True,0.00026619199979904806,0,2,
case04-rep1,digits,1797,logistic,parameters,opaque,False,1,model_and_predictions,1,0,full_replay,0.3,3393490,949878,11311635,15171,0.0002913000002990884,False,True,restore_failed,False,0.00010147400007554097,0,0,No exact path for external_features: non-replayable artifact missing
case04-rep1,digits,1797,logistic,parameters,opaque,False,1,model_and_predictions,1,1,full_replay,0.3,3393490,949878,11311635,15171,0.0002913000002990884,False,True,restore_failed,False,9.536400011711521e-05,0,0,No exact path for external_features: non-replayable artifact missing
case04-rep1,digits,1797,logistic,parameters,opaque,False,1,model_and_predictions,1,2,full_replay,0.3,3393490,949878,11311635,15171,0.0002913000002990884,False,True,restore_failed,False,9.701599992695265e-05,0,0,No exact path for external_features: non-replayable artifact missing
case04-rep1,digits,1797,logistic,parameters,opaque,False,1,model_and_predictions,1,3,full_replay,0.3,3393490,949878,11311635,15171,0.0002913000002990884,False,True,restore_failed,False,9.348100002171122e-05,0,0,No exact path for external_features: non-replayable artifact missing
case04-rep1,digits,1797,logistic,parameters,opaque,False,1,model_and_predictions,1,4,full_replay,0.3,3393490,949878,11311635,15171,0.0002913000002990884,False,True,restore_failed,False,9.261000013793819e-05,0,0,No exact path for external_features: non-replayable artifact missing
case04-rep1,digits,1797,logistic,parameters,opaque,False,1,model_and_predictions,1,0,recoverability_v2,0.4,4524654,1168980,11311635,15171,0.00032902700013437425,True,True,ok,True,0.00026128399986191653,0,2,
case04-rep1,digits,1797,logistic,parameters,opaque,False,1,model_and_predictions,1,1,recoverability_v2,0.4,4524654,1168980,11311635,15171,0.00032902700013437425,True,True,ok,True,0.00027207100038140197,0,2,
case04-rep1,digits,1797,logistic,parameters,opaque,False,1,model_and_predictions,1,2,recoverability_v2,0.4,4524654,1168980,11311635,15171,0.00032902700013437425,True,True,ok,True,0.0002537629998187185,0,2,
case04-rep1,digits,1797,logistic,parameters,opaque,False,1,model_and_predictions,1,3,recoverability_v2,0.4,4524654,1168980,11311635,15171,0.00032902700013437425,True,True,ok,True,0.0002533329998186673,0,2,
case04-rep1,digits,1797,logistic,parameters,opaque,False,1,model_and_predictions,1,4,recoverability_v2,0.4,4524654,1168980,11311635,15171,0.00032902700013437425,True,True,ok,True,0.0002422659999865573,0,2,
case04-rep1,digits,1797,logistic,parameters,opaque,False,1,model_and_predictions,1,0,recoverability_v2,1.0,11311635,1168980,11311635,15171,0.00031593699986842694,True,True,ok,True,0.00024770400023044203,0,2,
case04-rep1,digits,1797,logistic,parameters,opaque,False,1,model_and_predictions,1,1,recoverability_v2,1.0,11311635,1168980,11311635,15171,0.00031593699986842694,True,True,ok,True,0.00025074899986066157,0,2,
case04-rep1,digits,1797,logistic,parameters,opaque,False,1,model_and_predictions,1,2,recoverability_v2,1.0,11311635,1168980,11311635,15171,0.00031593699986842694,True,True,ok,True,0.00025595699980840436,0,2,
case04-rep1,digits,1797,logistic,parameters,opaque,False,1,model_and_predictions,1,3,recoverability_v2,1.0,11311635,1168980,11311635,15171,0.00031593699986842694,True,True,ok,True,0.0002597429997877043,0,2,
case04-rep1,digits,1797,logistic,parameters,opaque,False,1,model_and_predictions,1,4,recoverability_v2,1.0,11311635,1168980,11311635,15171,0.00031593699986842694,True,True,ok,True,0.0004014760002064577,0,2,
case04-rep2,digits,1797,logistic,parameters,opaque,False,1,model_and_predictions,2,0,full_replay,1.0,11311635,949878,11311635,15171,0.00020567100000334904,False,True,restore_failed,False,0.0001309079998463858,0,0,No exact path for external_features: non-replayable artifact missing
case04-rep2,digits,1797,logistic,parameters,opaque,False,1,model_and_predictions,2,1,full_replay,1.0,11311635,949878,11311635,15171,0.00020567100000334904,False,True,restore_failed,False,9.569499979988905e-05,0,0,No exact path for external_features: non-replayable artifact missing
case04-rep2,digits,1797,logistic,parameters,opaque,False,1,model_and_predictions,2,2,full_replay,1.0,11311635,949878,11311635,15171,0.00020567100000334904,False,True,restore_failed,False,0.00011204000020370586,0,0,No exact path for external_features: non-replayable artifact missing
case04-rep2,digits,1797,logistic,parameters,opaque,False,1,model_and_predictions,2,3,full_replay,1.0,11311635,949878,11311635,15171,0.00020567100000334904,False,True,restore_failed,False,8.852400014802697e-05,0,0,No exact path for external_features: non-replayable artifact missing
case04-rep2,digits,1797,logistic,parameters,opaque,False,1,model_and_predictions,2,4,full_replay,1.0,11311635,949878,11311635,15171,0.00020567100000334904,False,True,restore_failed,False,0.0001957959998435399,0,0,No exact path for external_features: non-replayable artifact missing
case04-rep2,digits,1797,logistic,parameters,opaque,False,1,model_and_predictions,2,0,recoverability_v3,0.5,5655817,1168980,11311635,15171,0.000445371999830968,True,True,ok,True,0.00039381499982482637,0,2,
case04-rep2,digits,1797,logistic,parameters,opaque,False,1,model_and_predictions,2,1,recoverability_v3,0.5,5655817,1168980,11311635,15171,0.000445371999830968,True,True,ok,True,0.0002559770000516437,0,2,
case04-rep2,digits,1797,logistic,parameters,opaque,False,1,model_and_predictions,2,2,recoverability_v3,0.5,5655817,1168980,11311635,15171,0.000445371999830968,True,True,ok,True,0.0002872840000236465,0,2,
case04-rep2,digits,1797,logistic,parameters,opaque,False,1,model_and_predictions,2,3,recoverability_v3,0.5,5655817,1168980,11311635,15171,0.000445371999830968,True,True,ok,True,0.0002494069999556814,0,2,
case04-rep2,digits,1797,logistic,parameters,opaque,False,1,model_and_predictions,2,4,recoverability_v3,0.5,5655817,1168980,11311635,15171,0.000445371999830968,True,True,ok,True,0.00025688799996714806,0,2,
case04-rep2,digits,1797,logistic,parameters,opaque,False,1,model_and_predictions,2,0,full_replay,0.5,5655817,949878,11311635,15171,0.0002828579999913927,False,True,restore_failed,False,9.009599989440176e-05,0,0,No exact path for external_features: non-replayable artifact missing
case04-rep2,digits,1797,logistic,parameters,opaque,False,1,model_and_predictions,2,1,full_replay,0.5,5655817,949878,11311635,15171,0.0002828579999913927,False,True,restore_failed,False,9.162899959846982e-05,0,0,No exact path for external_features: non-replayable artifact missing
case04-rep2,digits,1797,logistic,parameters,opaque,False,1,model_and_predictions,2,2,full_replay,0.5,5655817,949878,11311635,15171,0.0002828579999913927,False,True,restore_failed,False,8.944499995777733e-05,0,0,No exact path for external_features: non-replayable artifact missing
case04-rep2,digits,1797,logistic,parameters,opaque,False,1,model_and_predictions,2,3,full_replay,0.5,5655817,949878,11311635,15171,0.0002828579999913927,False,True,restore_failed,False,9.818800026550889e-05,0,0,No exact path for external_features: non-replayable artifact missing
case04-rep2,digits,1797,logistic,parameters,opaque,False,1,model_and_predictions,2,4,full_replay,0.5,5655817,949878,11311635,15171,0.0002828579999913927,False,True,restore_failed,False,9.67669998317433e-05,0,0,No exact path for external_features: non-replayable artifact missing
case04-rep2,digits,1797,logistic,parameters,opaque,False,1,model_and_predictions,2,0,full_snapshot,0.5,5655817,11311635,11311635,15171,0.00034738500016828766,True,False,budget_exceeded,False,,0,0,not executed: budget/selection failure
case04-rep2,digits,1797,logistic,parameters,opaque,False,1,model_and_predictions,2,1,full_snapshot,0.5,5655817,11311635,11311635,15171,0.00034738500016828766,True,False,budget_exceeded,False,,0,0,not executed: budget/selection failure
case04-rep2,digits,1797,logistic,parameters,opaque,False,1,model_and_predictions,2,2,full_snapshot,0.5,5655817,11311635,11311635,15171,0.00034738500016828766,True,False,budget_exceeded,False,,0,0,not executed: budget/selection failure
case04-rep2,digits,1797,logistic,parameters,opaque,False,1,model_and_predictions,2,3,full_snapshot,0.5,5655817,11311635,11311635,15171,0.00034738500016828766,True,False,budget_exceeded,False,,0,0,not executed: budget/selection failure
case04-rep2,digits,1797,logistic,parameters,opaque,False,1,model_and_predictions,2,4,full_snapshot,0.5,5655817,11311635,11311635,15171,0.00034738500016828766,True,False,budget_exceeded,False,,0,0,not executed: budget/selection failure
case04-rep2,digits,1797,logistic,parameters,opaque,False,1,model_and_predictions,2,0,recoverability_v3,0.4,4524654,1168980,11311635,15171,0.00020755299965458107,True,True,ok,True,0.00027634800017040106,0,2,
case04-rep2,digits,1797,logistic,parameters,opaque,False,1,model_and_predictions,2,1,recoverability_v3,0.4,4524654,1168980,11311635,15171,0.00020755299965458107,True,True,ok,True,0.0002552859996285406,0,2,
case04-rep2,digits,1797,logistic,parameters,opaque,False,1,model_and_predictions,2,2,recoverability_v3,0.4,4524654,1168980,11311635,15171,0.00020755299965458107,True,True,ok,True,0.0002521410001463664,0,2,
case04-rep2,digits,1797,logistic,parameters,opaque,False,1,model_and_predictions,2,3,recoverability_v3,0.4,4524654,1168980,11311635,15171,0.00020755299965458107,True,True,ok,True,0.0002503580003576644,0,2,
case04-rep2,digits,1797,logistic,parameters,opaque,False,1,model_and_predictions,2,4,recoverability_v3,0.4,4524654,1168980,11311635,15171,0.00020755299965458107,True,True,ok,True,0.0002592420000837592,0,2,
case04-rep2,digits,1797,logistic,parameters,opaque,False,1,model_and_predictions,2,0,recoverability_v3,1.0,11311635,1168980,11311635,15171,0.0002947749999293592,True,True,ok,True,0.00026162600033785566,0,2,
case04-rep2,digits,1797,logistic,parameters,opaque,False,1,model_and_predictions,2,1,recoverability_v3,1.0,11311635,1168980,11311635,15171,0.0002947749999293592,True,True,ok,True,0.00025801999981922563,0,2,
case04-rep2,digits,1797,logistic,parameters,opaque,False,1,model_and_predictions,2,2,recoverability_v3,1.0,11311635,1168980,11311635,15171,0.0002947749999293592,True,True,ok,True,0.00026960700006384286,0,2,
case04-rep2,digits,1797,logistic,parameters,opaque,False,1,model_and_predictions,2,3,recoverability_v3,1.0,11311635,1168980,11311635,15171,0.0002947749999293592,True,True,ok,True,0.0003672949997053365,0,2,
case04-rep2,digits,1797,logistic,parameters,opaque,False,1,model_and_predictions,2,4,recoverability_v3,1.0,11311635,1168980,11311635,15171,0.0002947749999293592,True,True,ok,True,0.00031598799978382885,0,2,
case04-rep2,digits,1797,logistic,parameters,opaque,False,1,model_and_predictions,2,0,full_snapshot,0.2,2262327,11311635,11311635,15171,0.0002858610000657791,True,False,budget_exceeded,False,,0,0,not executed: budget/selection failure
case04-rep2,digits,1797,logistic,parameters,opaque,False,1,model_and_predictions,2,1,full_snapshot,0.2,2262327,11311635,11311635,15171,0.0002858610000657791,True,False,budget_exceeded,False,,0,0,not executed: budget/selection failure
case04-rep2,digits,1797,logistic,parameters,opaque,False,1,model_and_predictions,2,2,full_snapshot,0.2,2262327,11311635,11311635,15171,0.0002858610000657791,True,False,budget_exceeded,False,,0,0,not executed: budget/selection failure
case04-rep2,digits,1797,logistic,parameters,opaque,False,1,model_and_predictions,2,3,full_snapshot,0.2,2262327,11311635,11311635,15171,0.0002858610000657791,True,False,budget_exceeded,False,,0,0,not executed: budget/selection failure
case04-rep2,digits,1797,logistic,parameters,opaque,False,1,model_and_predictions,2,4,full_snapshot,0.2,2262327,11311635,11311635,15171,0.0002858610000657791,True,False,budget_exceeded,False,,0,0,not executed: budget/selection failure
case04-rep2,digits,1797,logistic,parameters,opaque,False,1,model_and_predictions,2,0,recoverability_v3,0.2,2262327,1168980,11311635,15171,0.000230928999826574,True,True,ok,True,0.00029201100005593617,0,2,
case04-rep2,digits,1797,logistic,parameters,opaque,False,1,model_and_predictions,2,1,recoverability_v3,0.2,2262327,1168980,11311635,15171,0.000230928999826574,True,True,ok,True,0.00027906200011784676,0,2,
case04-rep2,digits,1797,logistic,parameters,opaque,False,1,model_and_predictions,2,2,recoverability_v3,0.2,2262327,1168980,11311635,15171,0.000230928999826574,True,True,ok,True,0.0002545450001889549,0,2,
case04-rep2,digits,1797,logistic,parameters,opaque,False,1,model_and_predictions,2,3,recoverability_v3,0.2,2262327,1168980,11311635,15171,0.000230928999826574,True,True,ok,True,0.00038507199997184216,0,2,
case04-rep2,digits,1797,logistic,parameters,opaque,False,1,model_and_predictions,2,4,recoverability_v3,0.2,2262327,1168980,11311635,15171,0.000230928999826574,True,True,ok,True,0.0002527619999455055,0,2,
case04-rep2,digits,1797,logistic,parameters,opaque,False,1,model_and_predictions,2,0,target_snapshots,0.3,3393490,1168980,11311635,15171,0.0002752450000116369,True,True,ok,True,0.0002605329996185901,0,2,
case04-rep2,digits,1797,logistic,parameters,opaque,False,1,model_and_predictions,2,1,target_snapshots,0.3,3393490,1168980,11311635,15171,0.0002752450000116369,True,True,ok,True,0.0003129219999209454,0,2,
case04-rep2,digits,1797,logistic,parameters,opaque,False,1,model_and_predictions,2,2,target_snapshots,0.3,3393490,1168980,11311635,15171,0.0002752450000116369,True,True,ok,True,0.00025879099985104403,0,2,
case04-rep2,digits,1797,logistic,parameters,opaque,False,1,model_and_predictions,2,3,target_snapshots,0.3,3393490,1168980,11311635,15171,0.0002752450000116369,True,True,ok,True,0.0002681350001694227,0,2,
case04-rep2,digits,1797,logistic,parameters,opaque,False,1,model_and_predictions,2,4,target_snapshots,0.3,3393490,1168980,11311635,15171,0.0002752450000116369,True,True,ok,True,0.00025645799996709684,0,2,
case04-rep2,digits,1797,logistic,parameters,opaque,False,1,model_and_predictions,2,0,target_snapshots,0.2,2262327,1168980,11311635,15171,0.0003868740000143589,True,True,ok,True,0.00024837599994498305,0,2,
case04-rep2,digits,1797,logistic,parameters,opaque,False,1,model_and_predictions,2,1,target_snapshots,0.2,2262327,1168980,11311635,15171,0.0003868740000143589,True,True,ok,True,0.000257929999861517,0,2,
case04-rep2,digits,1797,logistic,parameters,opaque,False,1,model_and_predictions,2,2,target_snapshots,0.2,2262327,1168980,11311635,15171,0.0003868740000143589,True,True,ok,True,0.00026473000025362126,0,2,
case04-rep2,digits,1797,logistic,parameters,opaque,False,1,model_and_predictions,2,3,target_snapshots,0.2,2262327,1168980,11311635,15171,0.0003868740000143589,True,True,ok,True,0.0002873940002245945,0,2,
case04-rep2,digits,1797,logistic,parameters,opaque,False,1,model_and_predictions,2,4,target_snapshots,0.2,2262327,1168980,11311635,15171,0.0003868740000143589,True,True,ok,True,0.00030235600024752785,0,2,
case04-rep2,digits,1797,logistic,parameters,opaque,False,1,model_and_predictions,2,0,recoverability_v2,0.1,1131163,949878,11311635,15171,0.00246791800009305,False,False,proven_infeasible,False,,0,0,not executed: budget/selection failure
case04-rep2,digits,1797,logistic,parameters,opaque,False,1,model_and_predictions,2,1,recoverability_v2,0.1,1131163,949878,11311635,15171,0.00246791800009305,False,False,proven_infeasible,False,,0,0,not executed: budget/selection failure
case04-rep2,digits,1797,logistic,parameters,opaque,False,1,model_and_predictions,2,2,recoverability_v2,0.1,1131163,949878,11311635,15171,0.00246791800009305,False,False,proven_infeasible,False,,0,0,not executed: budget/selection failure
case04-rep2,digits,1797,logistic,parameters,opaque,False,1,model_and_predictions,2,3,recoverability_v2,0.1,1131163,949878,11311635,15171,0.00246791800009305,False,False,proven_infeasible,False,,0,0,not executed: budget/selection failure
case04-rep2,digits,1797,logistic,parameters,opaque,False,1,model_and_predictions,2,4,recoverability_v2,0.1,1131163,949878,11311635,15171,0.00246791800009305,False,False,proven_infeasible,False,,0,0,not executed: budget/selection failure
case04-rep2,digits,1797,logistic,parameters,opaque,False,1,model_and_predictions,2,0,recoverability_v2,0.4,4524654,1168980,11311635,15171,0.000202926999918418,True,True,ok,True,0.00045435599986376474,0,2,
case04-rep2,digits,1797,logistic,parameters,opaque,False,1,model_and_predictions,2,1,recoverability_v2,0.4,4524654,1168980,11311635,15171,0.000202926999918418,True,True,ok,True,0.0003154460000587278,0,2,
case04-rep2,digits,1797,logistic,parameters,opaque,False,1,model_and_predictions,2,2,recoverability_v2,0.4,4524654,1168980,11311635,15171,0.000202926999918418,True,True,ok,True,0.0002602130002742342,0,2,
case04-rep2,digits,1797,logistic,parameters,opaque,False,1,model_and_predictions,2,3,recoverability_v2,0.4,4524654,1168980,11311635,15171,0.000202926999918418,True,True,ok,True,0.00025323199997728807,0,2,
case04-rep2,digits,1797,logistic,parameters,opaque,False,1,model_and_predictions,2,4,recoverability_v2,0.4,4524654,1168980,11311635,15171,0.000202926999918418,True,True,ok,True,0.0002535329999773239,0,2,
case04-rep2,digits,1797,logistic,parameters,opaque,False,1,model_and_predictions,2,0,recoverability_v3,0.1,1131163,949878,11311635,15171,0.0024393040002905764,False,False,proven_infeasible,False,,0,0,not executed: budget/selection failure
case04-rep2,digits,1797,logistic,parameters,opaque,False,1,model_and_predictions,2,1,recoverability_v3,0.1,1131163,949878,11311635,15171,0.0024393040002905764,False,False,proven_infeasible,False,,0,0,not executed: budget/selection failure
case04-rep2,digits,1797,logistic,parameters,opaque,False,1,model_and_predictions,2,2,recoverability_v3,0.1,1131163,949878,11311635,15171,0.0024393040002905764,False,False,proven_infeasible,False,,0,0,not executed: budget/selection failure
case04-rep2,digits,1797,logistic,parameters,opaque,False,1,model_and_predictions,2,3,recoverability_v3,0.1,1131163,949878,11311635,15171,0.0024393040002905764,False,False,proven_infeasible,False,,0,0,not executed: budget/selection failure
case04-rep2,digits,1797,logistic,parameters,opaque,False,1,model_and_predictions,2,4,recoverability_v3,0.1,1131163,949878,11311635,15171,0.0024393040002905764,False,False,proven_infeasible,False,,0,0,not executed: budget/selection failure
case04-rep2,digits,1797,logistic,parameters,opaque,False,1,model_and_predictions,2,0,full_snapshot,0.3,3393490,11311635,11311635,15171,0.00018662200000107987,True,False,budget_exceeded,False,,0,0,not executed: budget/selection failure
case04-rep2,digits,1797,logistic,parameters,opaque,False,1,model_and_predictions,2,1,full_snapshot,0.3,3393490,11311635,11311635,15171,0.00018662200000107987,True,False,budget_exceeded,False,,0,0,not executed: budget/selection failure
case04-rep2,digits,1797,logistic,parameters,opaque,False,1,model_and_predictions,2,2,full_snapshot,0.3,3393490,11311635,11311635,15171,0.00018662200000107987,True,False,budget_exceeded,False,,0,0,not executed: budget/selection failure
case04-rep2,digits,1797,logistic,parameters,opaque,False,1,model_and_predictions,2,3,full_snapshot,0.3,3393490,11311635,11311635,15171,0.00018662200000107987,True,False,budget_exceeded,False,,0,0,not executed: budget/selection failure
case04-rep2,digits,1797,logistic,parameters,opaque,False,1,model_and_predictions,2,4,full_snapshot,0.3,3393490,11311635,11311635,15171,0.00018662200000107987,True,False,budget_exceeded,False,,0,0,not executed: budget/selection failure
case04-rep2,digits,1797,logistic,parameters,opaque,False,1,model_and_predictions,2,0,full_snapshot,1.0,11311635,11311635,11311635,15171,0.00020733300016217981,True,True,ok,True,0.00025992200016844436,0,2,
case04-rep2,digits,1797,logistic,parameters,opaque,False,1,model_and_predictions,2,1,full_snapshot,1.0,11311635,11311635,11311635,15171,0.00020733300016217981,True,True,ok,True,0.000256147000072815,0,2,
case04-rep2,digits,1797,logistic,parameters,opaque,False,1,model_and_predictions,2,2,full_snapshot,1.0,11311635,11311635,11311635,15171,0.00020733300016217981,True,True,ok,True,0.0002889860002142086,0,2,
case04-rep2,digits,1797,logistic,parameters,opaque,False,1,model_and_predictions,2,3,full_snapshot,1.0,11311635,11311635,11311635,15171,0.00020733300016217981,True,True,ok,True,0.00029916199991930625,0,2,
case04-rep2,digits,1797,logistic,parameters,opaque,False,1,model_and_predictions,2,4,full_snapshot,1.0,11311635,11311635,11311635,15171,0.00020733300016217981,True,True,ok,True,0.0003032790000361274,0,2,
case04-rep2,digits,1797,logistic,parameters,opaque,False,1,model_and_predictions,2,0,recoverability_v3,0.3,3393490,1168980,11311635,15171,0.0003268039999966277,True,True,ok,True,0.0004038600000058068,0,2,
case04-rep2,digits,1797,logistic,parameters,opaque,False,1,model_and_predictions,2,1,recoverability_v3,0.3,3393490,1168980,11311635,15171,0.0003268039999966277,True,True,ok,True,0.0003052309998565761,0,2,
case04-rep2,digits,1797,logistic,parameters,opaque,False,1,model_and_predictions,2,2,recoverability_v3,0.3,3393490,1168980,11311635,15171,0.0003268039999966277,True,True,ok,True,0.0003273350002928055,0,2,
case04-rep2,digits,1797,logistic,parameters,opaque,False,1,model_and_predictions,2,3,recoverability_v3,0.3,3393490,1168980,11311635,15171,0.0003268039999966277,True,True,ok,True,0.00025069899993468425,0,2,
case04-rep2,digits,1797,logistic,parameters,opaque,False,1,model_and_predictions,2,4,recoverability_v3,0.3,3393490,1168980,11311635,15171,0.0003268039999966277,True,True,ok,True,0.0003061630000047444,0,2,
case04-rep2,digits,1797,logistic,parameters,opaque,False,1,model_and_predictions,2,0,recoverability_v2,0.3,3393490,1168980,11311635,15171,0.0003085659996031609,True,True,ok,True,0.0004132750000280794,0,2,
case04-rep2,digits,1797,logistic,parameters,opaque,False,1,model_and_predictions,2,1,recoverability_v2,0.3,3393490,1168980,11311635,15171,0.0003085659996031609,True,True,ok,True,0.00035651899997901637,0,2,
case04-rep2,digits,1797,logistic,parameters,opaque,False,1,model_and_predictions,2,2,recoverability_v2,0.3,3393490,1168980,11311635,15171,0.0003085659996031609,True,True,ok,True,0.00025444400034757564,0,2,
case04-rep2,digits,1797,logistic,parameters,opaque,False,1,model_and_predictions,2,3,recoverability_v2,0.3,3393490,1168980,11311635,15171,0.0003085659996031609,True,True,ok,True,0.00025225099989256705,0,2,
case04-rep2,digits,1797,logistic,parameters,opaque,False,1,model_and_predictions,2,4,recoverability_v2,0.3,3393490,1168980,11311635,15171,0.0003085659996031609,True,True,ok,True,0.0004206959997645754,0,2,
case04-rep2,digits,1797,logistic,parameters,opaque,False,1,model_and_predictions,2,0,full_replay,0.3,3393490,949878,11311635,15171,0.00041744999998627463,False,True,restore_failed,False,9.455200006414088e-05,0,0,No exact path for external_features: non-replayable artifact missing
case04-rep2,digits,1797,logistic,parameters,opaque,False,1,model_and_predictions,2,1,full_replay,0.3,3393490,949878,11311635,15171,0.00041744999998627463,False,True,restore_failed,False,9.451300002183416e-05,0,0,No exact path for external_features: non-replayable artifact missing
case04-rep2,digits,1797,logistic,parameters,opaque,False,1,model_and_predictions,2,2,full_replay,0.3,3393490,949878,11311635,15171,0.00041744999998627463,False,True,restore_failed,False,9.435300034965621e-05,0,0,No exact path for external_features: non-replayable artifact missing
case04-rep2,digits,1797,logistic,parameters,opaque,False,1,model_and_predictions,2,3,full_replay,0.3,3393490,949878,11311635,15171,0.00041744999998627463,False,True,restore_failed,False,0.00014727200004927,0,0,No exact path for external_features: non-replayable artifact missing
case04-rep2,digits,1797,logistic,parameters,opaque,False,1,model_and_predictions,2,4,full_replay,0.3,3393490,949878,11311635,15171,0.00041744999998627463,False,True,restore_failed,False,0.00011846900042655761,0,0,No exact path for external_features: non-replayable artifact missing
case04-rep2,digits,1797,logistic,parameters,opaque,False,1,model_and_predictions,2,0,recoverability_v2,0.5,5655817,1168980,11311635,15171,0.00031826999975237413,True,True,ok,True,0.0003224070001124346,0,2,
case04-rep2,digits,1797,logistic,parameters,opaque,False,1,model_and_predictions,2,1,recoverability_v2,0.5,5655817,1168980,11311635,15171,0.00031826999975237413,True,True,ok,True,0.0002586810001048434,0,2,
case04-rep2,digits,1797,logistic,parameters,opaque,False,1,model_and_predictions,2,2,recoverability_v2,0.5,5655817,1168980,11311635,15171,0.00031826999975237413,True,True,ok,True,0.00054933000001256,0,2,
case04-rep2,digits,1797,logistic,parameters,opaque,False,1,model_and_predictions,2,3,recoverability_v2,0.5,5655817,1168980,11311635,15171,0.00031826999975237413,True,True,ok,True,0.00035762000015893136,0,2,
case04-rep2,digits,1797,logistic,parameters,opaque,False,1,model_and_predictions,2,4,recoverability_v2,0.5,5655817,1168980,11311635,15171,0.00031826999975237413,True,True,ok,True,0.0002570990000094753,0,2,
case04-rep2,digits,1797,logistic,parameters,opaque,False,1,model_and_predictions,2,0,full_replay,0.2,2262327,949878,11311635,15171,0.00033312300001853146,False,True,restore_failed,False,9.551399989504716e-05,0,0,No exact path for external_features: non-replayable artifact missing
case04-rep2,digits,1797,logistic,parameters,opaque,False,1,model_and_predictions,2,1,full_replay,0.2,2262327,949878,11311635,15171,0.00033312300001853146,False,True,restore_failed,False,9.86290001492307e-05,0,0,No exact path for external_features: non-replayable artifact missing
case04-rep2,digits,1797,logistic,parameters,opaque,False,1,model_and_predictions,2,2,full_replay,0.2,2262327,949878,11311635,15171,0.00033312300001853146,False,True,restore_failed,False,9.74770000539138e-05,0,0,No exact path for external_features: non-replayable artifact missing
case04-rep2,digits,1797,logistic,parameters,opaque,False,1,model_and_predictions,2,3,full_replay,0.2,2262327,949878,11311635,15171,0.00033312300001853146,False,True,restore_failed,False,0.00024969600008262205,0,0,No exact path for external_features: non-replayable artifact missing
case04-rep2,digits,1797,logistic,parameters,opaque,False,1,model_and_predictions,2,4,full_replay,0.2,2262327,949878,11311635,15171,0.00033312300001853146,False,True,restore_failed,False,0.00011541500043676933,0,0,No exact path for external_features: non-replayable artifact missing
case04-rep2,digits,1797,logistic,parameters,opaque,False,1,model_and_predictions,2,0,target_snapshots,0.1,1131163,1168980,11311635,15171,0.00031205100003717234,True,False,budget_exceeded,False,,0,0,not executed: budget/selection failure
case04-rep2,digits,1797,logistic,parameters,opaque,False,1,model_and_predictions,2,1,target_snapshots,0.1,1131163,1168980,11311635,15171,0.00031205100003717234,True,False,budget_exceeded,False,,0,0,not executed: budget/selection failure
case04-rep2,digits,1797,logistic,parameters,opaque,False,1,model_and_predictions,2,2,target_snapshots,0.1,1131163,1168980,11311635,15171,0.00031205100003717234,True,False,budget_exceeded,False,,0,0,not executed: budget/selection failure
case04-rep2,digits,1797,logistic,parameters,opaque,False,1,model_and_predictions,2,3,target_snapshots,0.1,1131163,1168980,11311635,15171,0.00031205100003717234,True,False,budget_exceeded,False,,0,0,not executed: budget/selection failure
case04-rep2,digits,1797,logistic,parameters,opaque,False,1,model_and_predictions,2,4,target_snapshots,0.1,1131163,1168980,11311635,15171,0.00031205100003717234,True,False,budget_exceeded,False,,0,0,not executed: budget/selection failure
case04-rep2,digits,1797,logistic,parameters,opaque,False,1,model_and_predictions,2,0,recoverability_v2,0.2,2262327,1168980,11311635,15171,0.00031348299989986117,True,True,ok,True,0.0017730879999362514,0,2,
case04-rep2,digits,1797,logistic,parameters,opaque,False,1,model_and_predictions,2,1,recoverability_v2,0.2,2262327,1168980,11311635,15171,0.00031348299989986117,True,True,ok,True,0.0002559770000516437,0,2,
case04-rep2,digits,1797,logistic,parameters,opaque,False,1,model_and_predictions,2,2,recoverability_v2,0.2,2262327,1168980,11311635,15171,0.00031348299989986117,True,True,ok,True,0.000418242000250757,0,2,
case04-rep2,digits,1797,logistic,parameters,opaque,False,1,model_and_predictions,2,3,recoverability_v2,0.2,2262327,1168980,11311635,15171,0.00031348299989986117,True,True,ok,True,0.00028495099968495197,0,2,
case04-rep2,digits,1797,logistic,parameters,opaque,False,1,model_and_predictions,2,4,recoverability_v2,0.2,2262327,1168980,11311635,15171,0.00031348299989986117,True,True,ok,True,0.0002843600000232982,0,2,
case04-rep2,digits,1797,logistic,parameters,opaque,False,1,model_and_predictions,2,0,full_replay,0.1,1131163,949878,11311635,15171,0.000347204999798123,False,True,restore_failed,False,8.679099983055494e-05,0,0,No exact path for external_features: non-replayable artifact missing
case04-rep2,digits,1797,logistic,parameters,opaque,False,1,model_and_predictions,2,1,full_replay,0.1,1131163,949878,11311635,15171,0.000347204999798123,False,True,restore_failed,False,9.24390001273423e-05,0,0,No exact path for external_features: non-replayable artifact missing
case04-rep2,digits,1797,logistic,parameters,opaque,False,1,model_and_predictions,2,2,full_replay,0.1,1131163,949878,11311635,15171,0.000347204999798123,False,True,restore_failed,False,9.591499974703765e-05,0,0,No exact path for external_features: non-replayable artifact missing
case04-rep2,digits,1797,logistic,parameters,opaque,False,1,model_and_predictions,2,3,full_replay,0.1,1131163,949878,11311635,15171,0.000347204999798123,False,True,restore_failed,False,9.524400002192124e-05,0,0,No exact path for external_features: non-replayable artifact missing
case04-rep2,digits,1797,logistic,parameters,opaque,False,1,model_and_predictions,2,4,full_replay,0.1,1131163,949878,11311635,15171,0.000347204999798123,False,True,restore_failed,False,9.966000015992904e-05,0,0,No exact path for external_features: non-replayable artifact missing
case04-rep2,digits,1797,logistic,parameters,opaque,False,1,model_and_predictions,2,0,target_snapshots,1.0,11311635,1168980,11311635,15171,0.00028526100004455657,True,True,ok,True,0.0002551860002313333,0,2,
case04-rep2,digits,1797,logistic,parameters,opaque,False,1,model_and_predictions,2,1,target_snapshots,1.0,11311635,1168980,11311635,15171,0.00028526100004455657,True,True,ok,True,0.0003669640000225627,0,2,
case04-rep2,digits,1797,logistic,parameters,opaque,False,1,model_and_predictions,2,2,target_snapshots,1.0,11311635,1168980,11311635,15171,0.00028526100004455657,True,True,ok,True,0.00024990700012494926,0,2,
case04-rep2,digits,1797,logistic,parameters,opaque,False,1,model_and_predictions,2,3,target_snapshots,1.0,11311635,1168980,11311635,15171,0.00028526100004455657,True,True,ok,True,0.0002684259998204652,0,2,
case04-rep2,digits,1797,logistic,parameters,opaque,False,1,model_and_predictions,2,4,target_snapshots,1.0,11311635,1168980,11311635,15171,0.00028526100004455657,True,True,ok,True,0.0002547650001361035,0,2,
case04-rep2,digits,1797,logistic,parameters,opaque,False,1,model_and_predictions,2,0,full_replay,0.4,4524654,949878,11311635,15171,0.0003655329996945511,False,True,restore_failed,False,8.85640001797583e-05,0,0,No exact path for external_features: non-replayable artifact missing
case04-rep2,digits,1797,logistic,parameters,opaque,False,1,model_and_predictions,2,1,full_replay,0.4,4524654,949878,11311635,15171,0.0003655329996945511,False,True,restore_failed,False,9.437199969397625e-05,0,0,No exact path for external_features: non-replayable artifact missing
case04-rep2,digits,1797,logistic,parameters,opaque,False,1,model_and_predictions,2,2,full_replay,0.4,4524654,949878,11311635,15171,0.0003655329996945511,False,True,restore_failed,False,8.886400019036955e-05,0,0,No exact path for external_features: non-replayable artifact missing
case04-rep2,digits,1797,logistic,parameters,opaque,False,1,model_and_predictions,2,3,full_replay,0.4,4524654,949878,11311635,15171,0.0003655329996945511,False,True,restore_failed,False,9.07270000425342e-05,0,0,No exact path for external_features: non-replayable artifact missing
case04-rep2,digits,1797,logistic,parameters,opaque,False,1,model_and_predictions,2,4,full_replay,0.4,4524654,949878,11311635,15171,0.0003655329996945511,False,True,restore_failed,False,9.361100001115119e-05,0,0,No exact path for external_features: non-replayable artifact missing
case04-rep2,digits,1797,logistic,parameters,opaque,False,1,model_and_predictions,2,0,target_snapshots,0.4,4524654,1168980,11311635,15171,0.0003009749998454936,True,True,ok,True,0.0002539029997024045,0,2,
case04-rep2,digits,1797,logistic,parameters,opaque,False,1,model_and_predictions,2,1,target_snapshots,0.4,4524654,1168980,11311635,15171,0.0003009749998454936,True,True,ok,True,0.0002467220001562964,0,2,
case04-rep2,digits,1797,logistic,parameters,opaque,False,1,model_and_predictions,2,2,target_snapshots,0.4,4524654,1168980,11311635,15171,0.0003009749998454936,True,True,ok,True,0.000324099999943428,0,2,
case04-rep2,digits,1797,logistic,parameters,opaque,False,1,model_and_predictions,2,3,target_snapshots,0.4,4524654,1168980,11311635,15171,0.0003009749998454936,True,True,ok,True,0.0002543850000620296,0,2,
case04-rep2,digits,1797,logistic,parameters,opaque,False,1,model_and_predictions,2,4,target_snapshots,0.4,4524654,1168980,11311635,15171,0.0003009749998454936,True,True,ok,True,0.0002483349999238271,0,2,
case04-rep2,digits,1797,logistic,parameters,opaque,False,1,model_and_predictions,2,0,full_snapshot,0.1,1131163,11311635,11311635,15171,0.00040167699989979155,True,False,budget_exceeded,False,,0,0,not executed: budget/selection failure
case04-rep2,digits,1797,logistic,parameters,opaque,False,1,model_and_predictions,2,1,full_snapshot,0.1,1131163,11311635,11311635,15171,0.00040167699989979155,True,False,budget_exceeded,False,,0,0,not executed: budget/selection failure
case04-rep2,digits,1797,logistic,parameters,opaque,False,1,model_and_predictions,2,2,full_snapshot,0.1,1131163,11311635,11311635,15171,0.00040167699989979155,True,False,budget_exceeded,False,,0,0,not executed: budget/selection failure
case04-rep2,digits,1797,logistic,parameters,opaque,False,1,model_and_predictions,2,3,full_snapshot,0.1,1131163,11311635,11311635,15171,0.00040167699989979155,True,False,budget_exceeded,False,,0,0,not executed: budget/selection failure
case04-rep2,digits,1797,logistic,parameters,opaque,False,1,model_and_predictions,2,4,full_snapshot,0.1,1131163,11311635,11311635,15171,0.00040167699989979155,True,False,budget_exceeded,False,,0,0,not executed: budget/selection failure
case04-rep2,digits,1797,logistic,parameters,opaque,False,1,model_and_predictions,2,0,full_snapshot,0.4,4524654,11311635,11311635,15171,0.0002391610000813671,True,False,budget_exceeded,False,,0,0,not executed: budget/selection failure
case04-rep2,digits,1797,logistic,parameters,opaque,False,1,model_and_predictions,2,1,full_snapshot,0.4,4524654,11311635,11311635,15171,0.0002391610000813671,True,False,budget_exceeded,False,,0,0,not executed: budget/selection failure
case04-rep2,digits,1797,logistic,parameters,opaque,False,1,model_and_predictions,2,2,full_snapshot,0.4,4524654,11311635,11311635,15171,0.0002391610000813671,True,False,budget_exceeded,False,,0,0,not executed: budget/selection failure
case04-rep2,digits,1797,logistic,parameters,opaque,False,1,model_and_predictions,2,3,full_snapshot,0.4,4524654,11311635,11311635,15171,0.0002391610000813671,True,False,budget_exceeded,False,,0,0,not executed: budget/selection failure
case04-rep2,digits,1797,logistic,parameters,opaque,False,1,model_and_predictions,2,4,full_snapshot,0.4,4524654,11311635,11311635,15171,0.0002391610000813671,True,False,budget_exceeded,False,,0,0,not executed: budget/selection failure
case04-rep2,digits,1797,logistic,parameters,opaque,False,1,model_and_predictions,2,0,recoverability_v2,1.0,11311635,1168980,11311635,15171,0.00020388800021464704,True,True,ok,True,0.00025782000011531636,0,2,
case04-rep2,digits,1797,logistic,parameters,opaque,False,1,model_and_predictions,2,1,recoverability_v2,1.0,11311635,1168980,11311635,15171,0.00020388800021464704,True,True,ok,True,0.0002693070000532316,0,2,
case04-rep2,digits,1797,logistic,parameters,opaque,False,1,model_and_predictions,2,2,recoverability_v2,1.0,11311635,1168980,11311635,15171,0.00020388800021464704,True,True,ok,True,0.00026330799983043107,0,2,
case04-rep2,digits,1797,logistic,parameters,opaque,False,1,model_and_predictions,2,3,recoverability_v2,1.0,11311635,1168980,11311635,15171,0.00020388800021464704,True,True,ok,True,0.0002542040001571877,0,2,
case04-rep2,digits,1797,logistic,parameters,opaque,False,1,model_and_predictions,2,4,recoverability_v2,1.0,11311635,1168980,11311635,15171,0.00020388800021464704,True,True,ok,True,0.0003132630004074599,0,2,
case04-rep2,digits,1797,logistic,parameters,opaque,False,1,model_and_predictions,2,0,target_snapshots,0.5,5655817,1168980,11311635,15171,0.00028971699975954834,True,True,ok,True,0.000258920999840484,0,2,
case04-rep2,digits,1797,logistic,parameters,opaque,False,1,model_and_predictions,2,1,target_snapshots,0.5,5655817,1168980,11311635,15171,0.00028971699975954834,True,True,ok,True,0.0002966380002362712,0,2,
case04-rep2,digits,1797,logistic,parameters,opaque,False,1,model_and_predictions,2,2,target_snapshots,0.5,5655817,1168980,11311635,15171,0.00028971699975954834,True,True,ok,True,0.00027615699991656584,0,2,
case04-rep2,digits,1797,logistic,parameters,opaque,False,1,model_and_predictions,2,3,target_snapshots,0.5,5655817,1168980,11311635,15171,0.00028971699975954834,True,True,ok,True,0.00027403400008552126,0,2,
case04-rep2,digits,1797,logistic,parameters,opaque,False,1,model_and_predictions,2,4,target_snapshots,0.5,5655817,1168980,11311635,15171,0.00028971699975954834,True,True,ok,True,0.0003094379999311059,0,2,
case05-rep0,digits,1797,forest,parameters,opaque,False,1,model_and_predictions,0,0,recoverability_v3,0.3,5256674,949879,17522248,15172,0.0035873290003110014,False,False,proven_infeasible,False,,0,0,not executed: budget/selection failure
case05-rep0,digits,1797,forest,parameters,opaque,False,1,model_and_predictions,0,1,recoverability_v3,0.3,5256674,949879,17522248,15172,0.0035873290003110014,False,False,proven_infeasible,False,,0,0,not executed: budget/selection failure
case05-rep0,digits,1797,forest,parameters,opaque,False,1,model_and_predictions,0,2,recoverability_v3,0.3,5256674,949879,17522248,15172,0.0035873290003110014,False,False,proven_infeasible,False,,0,0,not executed: budget/selection failure
case05-rep0,digits,1797,forest,parameters,opaque,False,1,model_and_predictions,0,3,recoverability_v3,0.3,5256674,949879,17522248,15172,0.0035873290003110014,False,False,proven_infeasible,False,,0,0,not executed: budget/selection failure
case05-rep0,digits,1797,forest,parameters,opaque,False,1,model_and_predictions,0,4,recoverability_v3,0.3,5256674,949879,17522248,15172,0.0035873290003110014,False,False,proven_infeasible,False,,0,0,not executed: budget/selection failure
case05-rep0,digits,1797,forest,parameters,opaque,False,1,model_and_predictions,0,0,recoverability_v2,0.5,8761124,7379593,17522248,15172,0.000304610000057437,True,True,ok,True,0.004475820000152453,0,2,
case05-rep0,digits,1797,forest,parameters,opaque,False,1,model_and_predictions,0,1,recoverability_v2,0.5,8761124,7379593,17522248,15172,0.000304610000057437,True,True,ok,True,0.005548341000121582,0,2,
case05-rep0,digits,1797,forest,parameters,opaque,False,1,model_and_predictions,0,2,recoverability_v2,0.5,8761124,7379593,17522248,15172,0.000304610000057437,True,True,ok,True,0.0074951710003006156,0,2,
case05-rep0,digits,1797,forest,parameters,opaque,False,1,model_and_predictions,0,3,recoverability_v2,0.5,8761124,7379593,17522248,15172,0.000304610000057437,True,True,ok,True,0.006577975999789487,0,2,
case05-rep0,digits,1797,forest,parameters,opaque,False,1,model_and_predictions,0,4,recoverability_v2,0.5,8761124,7379593,17522248,15172,0.000304610000057437,True,True,ok,True,0.007282360000317567,0,2,
case05-rep0,digits,1797,forest,parameters,opaque,False,1,model_and_predictions,0,0,recoverability_v2,0.2,3504449,949879,17522248,15172,0.007960154000102193,False,False,proven_infeasible,False,,0,0,not executed: budget/selection failure
case05-rep0,digits,1797,forest,parameters,opaque,False,1,model_and_predictions,0,1,recoverability_v2,0.2,3504449,949879,17522248,15172,0.007960154000102193,False,False,proven_infeasible,False,,0,0,not executed: budget/selection failure
case05-rep0,digits,1797,forest,parameters,opaque,False,1,model_and_predictions,0,2,recoverability_v2,0.2,3504449,949879,17522248,15172,0.007960154000102193,False,False,proven_infeasible,False,,0,0,not executed: budget/selection failure
case05-rep0,digits,1797,forest,parameters,opaque,False,1,model_and_predictions,0,3,recoverability_v2,0.2,3504449,949879,17522248,15172,0.007960154000102193,False,False,proven_infeasible,False,,0,0,not executed: budget/selection failure
case05-rep0,digits,1797,forest,parameters,opaque,False,1,model_and_predictions,0,4,recoverability_v2,0.2,3504449,949879,17522248,15172,0.007960154000102193,False,False,proven_infeasible,False,,0,0,not executed: budget/selection failure
case05-rep0,digits,1797,forest,parameters,opaque,False,1,model_and_predictions,0,0,target_snapshots,0.2,3504449,7379593,17522248,15172,0.0002542239999456797,True,False,budget_exceeded,False,,0,0,not executed: budget/selection failure
case05-rep0,digits,1797,forest,parameters,opaque,False,1,model_and_predictions,0,1,target_snapshots,0.2,3504449,7379593,17522248,15172,0.0002542239999456797,True,False,budget_exceeded,False,,0,0,not executed: budget/selection failure
case05-rep0,digits,1797,forest,parameters,opaque,False,1,model_and_predictions,0,2,target_snapshots,0.2,3504449,7379593,17522248,15172,0.0002542239999456797,True,False,budget_exceeded,False,,0,0,not executed: budget/selection failure
case05-rep0,digits,1797,forest,parameters,opaque,False,1,model_and_predictions,0,3,target_snapshots,0.2,3504449,7379593,17522248,15172,0.0002542239999456797,True,False,budget_exceeded,False,,0,0,not executed: budget/selection failure
case05-rep0,digits,1797,forest,parameters,opaque,False,1,model_and_predictions,0,4,target_snapshots,0.2,3504449,7379593,17522248,15172,0.0002542239999456797,True,False,budget_exceeded,False,,0,0,not executed: budget/selection failure
case05-rep0,digits,1797,forest,parameters,opaque,False,1,model_and_predictions,0,0,full_snapshot,0.5,8761124,17522248,17522248,15172,0.0002565380000305595,True,False,budget_exceeded,False,,0,0,not executed: budget/selection failure
case05-rep0,digits,1797,forest,parameters,opaque,False,1,model_and_predictions,0,1,full_snapshot,0.5,8761124,17522248,17522248,15172,0.0002565380000305595,True,False,budget_exceeded,False,,0,0,not executed: budget/selection failure
case05-rep0,digits,1797,forest,parameters,opaque,False,1,model_and_predictions,0,2,full_snapshot,0.5,8761124,17522248,17522248,15172,0.0002565380000305595,True,False,budget_exceeded,False,,0,0,not executed: budget/selection failure
case05-rep0,digits,1797,forest,parameters,opaque,False,1,model_and_predictions,0,3,full_snapshot,0.5,8761124,17522248,17522248,15172,0.0002565380000305595,True,False,budget_exceeded,False,,0,0,not executed: budget/selection failure
case05-rep0,digits,1797,forest,parameters,opaque,False,1,model_and_predictions,0,4,full_snapshot,0.5,8761124,17522248,17522248,15172,0.0002565380000305595,True,False,budget_exceeded,False,,0,0,not executed: budget/selection failure
case05-rep0,digits,1797,forest,parameters,opaque,False,1,model_and_predictions,0,0,recoverability_v3,0.5,8761124,7379593,17522248,15172,0.00021540499983530026,True,True,ok,True,0.004598133999934362,0,2,
case05-rep0,digits,1797,forest,parameters,opaque,False,1,model_and_predictions,0,1,recoverability_v3,0.5,8761124,7379593,17522248,15172,0.00021540499983530026,True,True,ok,True,0.005449891999887768,0,2,
case05-rep0,digits,1797,forest,parameters,opaque,False,1,model_and_predictions,0,2,recoverability_v3,0.5,8761124,7379593,17522248,15172,0.00021540499983530026,True,True,ok,True,0.006552567999733583,0,2,
case05-rep0,digits,1797,forest,parameters,opaque,False,1,model_and_predictions,0,3,recoverability_v3,0.5,8761124,7379593,17522248,15172,0.00021540499983530026,True,True,ok,True,0.006680149999738205,0,2,
case05-rep0,digits,1797,forest,parameters,opaque,False,1,model_and_predictions,0,4,recoverability_v3,0.5,8761124,7379593,17522248,15172,0.00021540499983530026,True,True,ok,True,0.009598187999927177,0,2,
case05-rep0,digits,1797,forest,parameters,opaque,False,1,model_and_predictions,0,0,recoverability_v3,0.1,1752224,949879,17522248,15172,0.002268046000153845,False,False,proven_infeasible,False,,0,0,not executed: budget/selection failure
case05-rep0,digits,1797,forest,parameters,opaque,False,1,model_and_predictions,0,1,recoverability_v3,0.1,1752224,949879,17522248,15172,0.002268046000153845,False,False,proven_infeasible,False,,0,0,not executed: budget/selection failure
case05-rep0,digits,1797,forest,parameters,opaque,False,1,model_and_predictions,0,2,recoverability_v3,0.1,1752224,949879,17522248,15172,0.002268046000153845,False,False,proven_infeasible,False,,0,0,not executed: budget/selection failure
case05-rep0,digits,1797,forest,parameters,opaque,False,1,model_and_predictions,0,3,recoverability_v3,0.1,1752224,949879,17522248,15172,0.002268046000153845,False,False,proven_infeasible,False,,0,0,not executed: budget/selection failure
case05-rep0,digits,1797,forest,parameters,opaque,False,1,model_and_predictions,0,4,recoverability_v3,0.1,1752224,949879,17522248,15172,0.002268046000153845,False,False,proven_infeasible,False,,0,0,not executed: budget/selection failure
case05-rep0,digits,1797,forest,parameters,opaque,False,1,model_and_predictions,0,0,full_replay,0.5,8761124,949879,17522248,15172,0.00018824400012817932,False,True,restore_failed,False,9.978099978980026e-05,0,0,No exact path for external_features: non-replayable artifact missing
case05-rep0,digits,1797,forest,parameters,opaque,False,1,model_and_predictions,0,1,full_replay,0.5,8761124,949879,17522248,15172,0.00018824400012817932,False,True,restore_failed,False,9.471299972574343e-05,0,0,No exact path for external_features: non-replayable artifact missing
case05-rep0,digits,1797,forest,parameters,opaque,False,1,model_and_predictions,0,2,full_replay,0.5,8761124,949879,17522248,15172,0.00018824400012817932,False,True,restore_failed,False,9.231900003214832e-05,0,0,No exact path for external_features: non-replayable artifact missing
case05-rep0,digits,1797,forest,parameters,opaque,False,1,model_and_predictions,0,3,full_replay,0.5,8761124,949879,17522248,15172,0.00018824400012817932,False,True,restore_failed,False,9.143800025412929e-05,0,0,No exact path for external_features: non-replayable artifact missing
case05-rep0,digits,1797,forest,parameters,opaque,False,1,model_and_predictions,0,4,full_replay,0.5,8761124,949879,17522248,15172,0.00018824400012817932,False,True,restore_failed,False,9.462299976803479e-05,0,0,No exact path for external_features: non-replayable artifact missing
case05-rep0,digits,1797,forest,parameters,opaque,False,1,model_and_predictions,0,0,recoverability_v2,0.3,5256674,949879,17522248,15172,0.004411874000197713,False,False,proven_infeasible,False,,0,0,not executed: budget/selection failure
case05-rep0,digits,1797,forest,parameters,opaque,False,1,model_and_predictions,0,1,recoverability_v2,0.3,5256674,949879,17522248,15172,0.004411874000197713,False,False,proven_infeasible,False,,0,0,not executed: budget/selection failure
case05-rep0,digits,1797,forest,parameters,opaque,False,1,model_and_predictions,0,2,recoverability_v2,0.3,5256674,949879,17522248,15172,0.004411874000197713,False,False,proven_infeasible,False,,0,0,not executed: budget/selection failure
case05-rep0,digits,1797,forest,parameters,opaque,False,1,model_and_predictions,0,3,recoverability_v2,0.3,5256674,949879,17522248,15172,0.004411874000197713,False,False,proven_infeasible,False,,0,0,not executed: budget/selection failure
case05-rep0,digits,1797,forest,parameters,opaque,False,1,model_and_predictions,0,4,recoverability_v2,0.3,5256674,949879,17522248,15172,0.004411874000197713,False,False,proven_infeasible,False,,0,0,not executed: budget/selection failure
case05-rep0,digits,1797,forest,parameters,opaque,False,1,model_and_predictions,0,0,full_snapshot,0.4,7008899,17522248,17522248,15172,0.0002723610000430199,True,False,budget_exceeded,False,,0,0,not executed: budget/selection failure
case05-rep0,digits,1797,forest,parameters,opaque,False,1,model_and_predictions,0,1,full_snapshot,0.4,7008899,17522248,17522248,15172,0.0002723610000430199,True,False,budget_exceeded,False,,0,0,not executed: budget/selection failure
case05-rep0,digits,1797,forest,parameters,opaque,False,1,model_and_predictions,0,2,full_snapshot,0.4,7008899,17522248,17522248,15172,0.0002723610000430199,True,False,budget_exceeded,False,,0,0,not executed: budget/selection failure
case05-rep0,digits,1797,forest,parameters,opaque,False,1,model_and_predictions,0,3,full_snapshot,0.4,7008899,17522248,17522248,15172,0.0002723610000430199,True,False,budget_exceeded,False,,0,0,not executed: budget/selection failure
case05-rep0,digits,1797,forest,parameters,opaque,False,1,model_and_predictions,0,4,full_snapshot,0.4,7008899,17522248,17522248,15172,0.0002723610000430199,True,False,budget_exceeded,False,,0,0,not executed: budget/selection failure
case05-rep0,digits,1797,forest,parameters,opaque,False,1,model_and_predictions,0,0,full_replay,0.2,3504449,949879,17522248,15172,0.00027289199988445034,False,True,restore_failed,False,9.571500004312838e-05,0,0,No exact path for external_features: non-replayable artifact missing
case05-rep0,digits,1797,forest,parameters,opaque,False,1,model_and_predictions,0,1,full_replay,0.2,3504449,949879,17522248,15172,0.00027289199988445034,False,True,restore_failed,False,9.351100015919656e-05,0,0,No exact path for external_features: non-replayable artifact missing
case05-rep0,digits,1797,forest,parameters,opaque,False,1,model_and_predictions,0,2,full_replay,0.2,3504449,949879,17522248,15172,0.00027289199988445034,False,True,restore_failed,False,0.0001168569997389568,0,0,No exact path for external_features: non-replayable artifact missing
case05-rep0,digits,1797,forest,parameters,opaque,False,1,model_and_predictions,0,3,full_replay,0.2,3504449,949879,17522248,15172,0.00027289199988445034,False,True,restore_failed,False,9.21189998734917e-05,0,0,No exact path for external_features: non-replayable artifact missing
case05-rep0,digits,1797,forest,parameters,opaque,False,1,model_and_predictions,0,4,full_replay,0.2,3504449,949879,17522248,15172,0.00027289199988445034,False,True,restore_failed,False,0.00011745700021492667,0,0,No exact path for external_features: non-replayable artifact missing
case05-rep0,digits,1797,forest,parameters,opaque,False,1,model_and_predictions,0,0,recoverability_v3,0.4,7008899,6997442,17522248,15172,0.007335270000112359,True,True,ok,True,0.004742633999740065,0,2,
case05-rep0,digits,1797,forest,parameters,opaque,False,1,model_and_predictions,0,1,recoverability_v3,0.4,7008899,6997442,17522248,15172,0.007335270000112359,True,True,ok,True,0.005344231999970361,0,2,
case05-rep0,digits,1797,forest,parameters,opaque,False,1,model_and_predictions,0,2,recoverability_v3,0.4,7008899,6997442,17522248,15172,0.007335270000112359,True,True,ok,True,0.14259104199982175,1,4,
case05-rep0,digits,1797,forest,parameters,opaque,False,1,model_and_predictions,0,3,recoverability_v3,0.4,7008899,6997442,17522248,15172,0.007335270000112359,True,True,ok,True,0.005887112999971578,0,2,
case05-rep0,digits,1797,forest,parameters,opaque,False,1,model_and_predictions,0,4,recoverability_v3,0.4,7008899,6997442,17522248,15172,0.007335270000112359,True,True,ok,True,0.006086773999868456,0,2,
case05-rep0,digits,1797,forest,parameters,opaque,False,1,model_and_predictions,0,0,full_replay,0.1,1752224,949879,17522248,15172,0.00031713899988972116,False,True,restore_failed,False,9.14280003598833e-05,0,0,No exact path for external_features: non-replayable artifact missing
case05-rep0,digits,1797,forest,parameters,opaque,False,1,model_and_predictions,0,1,full_replay,0.1,1752224,949879,17522248,15172,0.00031713899988972116,False,True,restore_failed,False,9.389200022269506e-05,0,0,No exact path for external_features: non-replayable artifact missing
case05-rep0,digits,1797,forest,parameters,opaque,False,1,model_and_predictions,0,2,full_replay,0.1,1752224,949879,17522248,15172,0.00031713899988972116,False,True,restore_failed,False,9.750700019139913e-05,0,0,No exact path for external_features: non-replayable artifact missing
case05-rep0,digits,1797,forest,parameters,opaque,False,1,model_and_predictions,0,3,full_replay,0.1,1752224,949879,17522248,15172,0.00031713899988972116,False,True,restore_failed,False,9.373200009576976e-05,0,0,No exact path for external_features: non-replayable artifact missing
case05-rep0,digits,1797,forest,parameters,opaque,False,1,model_and_predictions,0,4,full_replay,0.1,1752224,949879,17522248,15172,0.00031713899988972116,False,True,restore_failed,False,9.56850003603904e-05,0,0,No exact path for external_features: non-replayable artifact missing
case05-rep0,digits,1797,forest,parameters,opaque,False,1,model_and_predictions,0,0,target_snapshots,0.1,1752224,7379593,17522248,15172,0.00034317900008318247,True,False,budget_exceeded,False,,0,0,not executed: budget/selection failure
case05-rep0,digits,1797,forest,parameters,opaque,False,1,model_and_predictions,0,1,target_snapshots,0.1,1752224,7379593,17522248,15172,0.00034317900008318247,True,False,budget_exceeded,False,,0,0,not executed: budget/selection failure
case05-rep0,digits,1797,forest,parameters,opaque,False,1,model_and_predictions,0,2,target_snapshots,0.1,1752224,7379593,17522248,15172,0.00034317900008318247,True,False,budget_exceeded,False,,0,0,not executed: budget/selection failure
case05-rep0,digits,1797,forest,parameters,opaque,False,1,model_and_predictions,0,3,target_snapshots,0.1,1752224,7379593,17522248,15172,0.00034317900008318247,True,False,budget_exceeded,False,,0,0,not executed: budget/selection failure
case05-rep0,digits,1797,forest,parameters,opaque,False,1,model_and_predictions,0,4,target_snapshots,0.1,1752224,7379593,17522248,15172,0.00034317900008318247,True,False,budget_exceeded,False,,0,0,not executed: budget/selection failure
case05-rep0,digits,1797,forest,parameters,opaque,False,1,model_and_predictions,0,0,target_snapshots,0.3,5256674,7379593,17522248,15172,0.00018120400000043446,True,False,budget_exceeded,False,,0,0,not executed: budget/selection failure
case05-rep0,digits,1797,forest,parameters,opaque,False,1,model_and_predictions,0,1,target_snapshots,0.3,5256674,7379593,17522248,15172,0.00018120400000043446,True,False,budget_exceeded,False,,0,0,not executed: budget/selection failure
case05-rep0,digits,1797,forest,parameters,opaque,False,1,model_and_predictions,0,2,target_snapshots,0.3,5256674,7379593,17522248,15172,0.00018120400000043446,True,False,budget_exceeded,False,,0,0,not executed: budget/selection failure
case05-rep0,digits,1797,forest,parameters,opaque,False,1,model_and_predictions,0,3,target_snapshots,0.3,5256674,7379593,17522248,15172,0.00018120400000043446,True,False,budget_exceeded,False,,0,0,not executed: budget/selection failure
case05-rep0,digits,1797,forest,parameters,opaque,False,1,model_and_predictions,0,4,target_snapshots,0.3,5256674,7379593,17522248,15172,0.00018120400000043446,True,False,budget_exceeded,False,,0,0,not executed: budget/selection failure
case05-rep0,digits,1797,forest,parameters,opaque,False,1,model_and_predictions,0,0,target_snapshots,0.4,7008899,7379593,17522248,15172,0.00018204499974672217,True,False,budget_exceeded,False,,0,0,not executed: budget/selection failure
case05-rep0,digits,1797,forest,parameters,opaque,False,1,model_and_predictions,0,1,target_snapshots,0.4,7008899,7379593,17522248,15172,0.00018204499974672217,True,False,budget_exceeded,False,,0,0,not executed: budget/selection failure
case05-rep0,digits,1797,forest,parameters,opaque,False,1,model_and_predictions,0,2,target_snapshots,0.4,7008899,7379593,17522248,15172,0.00018204499974672217,True,False,budget_exceeded,False,,0,0,not executed: budget/selection failure
case05-rep0,digits,1797,forest,parameters,opaque,False,1,model_and_predictions,0,3,target_snapshots,0.4,7008899,7379593,17522248,15172,0.00018204499974672217,True,False,budget_exceeded,False,,0,0,not executed: budget/selection failure
case05-rep0,digits,1797,forest,parameters,opaque,False,1,model_and_predictions,0,4,target_snapshots,0.4,7008899,7379593,17522248,15172,0.00018204499974672217,True,False,budget_exceeded,False,,0,0,not executed: budget/selection failure
case05-rep0,digits,1797,forest,parameters,opaque,False,1,model_and_predictions,0,0,target_snapshots,1.0,17522248,7379593,17522248,15172,0.000215094999930443,True,True,ok,True,0.004658555999867531,0,2,
case05-rep0,digits,1797,forest,parameters,opaque,False,1,model_and_predictions,0,1,target_snapshots,1.0,17522248,7379593,17522248,15172,0.000215094999930443,True,True,ok,True,0.0052169900000080816,0,2,
case05-rep0,digits,1797,forest,parameters,opaque,False,1,model_and_predictions,0,2,target_snapshots,1.0,17522248,7379593,17522248,15172,0.000215094999930443,True,True,ok,True,0.005792148000182351,0,2,
case05-rep0,digits,1797,forest,parameters,opaque,False,1,model_and_predictions,0,3,target_snapshots,1.0,17522248,7379593,17522248,15172,0.000215094999930443,True,True,ok,True,0.006676584000160801,0,2,
case05-rep0,digits,1797,forest,parameters,opaque,False,1,model_and_predictions,0,4,target_snapshots,1.0,17522248,7379593,17522248,15172,0.000215094999930443,True,True,ok,True,0.006056196999907115,0,2,
case05-rep0,digits,1797,forest,parameters,opaque,False,1,model_and_predictions,0,0,full_snapshot,0.2,3504449,17522248,17522248,15172,0.0002817659997162991,True,False,budget_exceeded,False,,0,0,not executed: budget/selection failure
case05-rep0,digits,1797,forest,parameters,opaque,False,1,model_and_predictions,0,1,full_snapshot,0.2,3504449,17522248,17522248,15172,0.0002817659997162991,True,False,budget_exceeded,False,,0,0,not executed: budget/selection failure
case05-rep0,digits,1797,forest,parameters,opaque,False,1,model_and_predictions,0,2,full_snapshot,0.2,3504449,17522248,17522248,15172,0.0002817659997162991,True,False,budget_exceeded,False,,0,0,not executed: budget/selection failure
case05-rep0,digits,1797,forest,parameters,opaque,False,1,model_and_predictions,0,3,full_snapshot,0.2,3504449,17522248,17522248,15172,0.0002817659997162991,True,False,budget_exceeded,False,,0,0,not executed: budget/selection failure
case05-rep0,digits,1797,forest,parameters,opaque,False,1,model_and_predictions,0,4,full_snapshot,0.2,3504449,17522248,17522248,15172,0.0002817659997162991,True,False,budget_exceeded,False,,0,0,not executed: budget/selection failure
case05-rep0,digits,1797,forest,parameters,opaque,False,1,model_and_predictions,0,0,target_snapshots,0.5,8761124,7379593,17522248,15172,0.00018904600028690766,True,True,ok,True,0.00457228599998416,0,2,
case05-rep0,digits,1797,forest,parameters,opaque,False,1,model_and_predictions,0,1,target_snapshots,0.5,8761124,7379593,17522248,15172,0.00018904600028690766,True,True,ok,True,0.0053382930000225315,0,2,
case05-rep0,digits,1797,forest,parameters,opaque,False,1,model_and_predictions,0,2,target_snapshots,0.5,8761124,7379593,17522248,15172,0.00018904600028690766,True,True,ok,True,0.006237410999801796,0,2,
case05-rep0,digits,1797,forest,parameters,opaque,False,1,model_and_predictions,0,3,target_snapshots,0.5,8761124,7379593,17522248,15172,0.00018904600028690766,True,True,ok,True,0.006109048000325856,0,2,
case05-rep0,digits,1797,forest,parameters,opaque,False,1,model_and_predictions,0,4,target_snapshots,0.5,8761124,7379593,17522248,15172,0.00018904600028690766,True,True,ok,True,0.006445716000143875,0,2,
case05-rep0,digits,1797,forest,parameters,opaque,False,1,model_and_predictions,0,0,full_snapshot,0.3,5256674,17522248,17522248,15172,0.000292451999939658,True,False,budget_exceeded,False,,0,0,not executed: budget/selection failure
case05-rep0,digits,1797,forest,parameters,opaque,False,1,model_and_predictions,0,1,full_snapshot,0.3,5256674,17522248,17522248,15172,0.000292451999939658,True,False,budget_exceeded,False,,0,0,not executed: budget/selection failure
case05-rep0,digits,1797,forest,parameters,opaque,False,1,model_and_predictions,0,2,full_snapshot,0.3,5256674,17522248,17522248,15172,0.000292451999939658,True,False,budget_exceeded,False,,0,0,not executed: budget/selection failure
case05-rep0,digits,1797,forest,parameters,opaque,False,1,model_and_predictions,0,3,full_snapshot,0.3,5256674,17522248,17522248,15172,0.000292451999939658,True,False,budget_exceeded,False,,0,0,not executed: budget/selection failure
case05-rep0,digits,1797,forest,parameters,opaque,False,1,model_and_predictions,0,4,full_snapshot,0.3,5256674,17522248,17522248,15172,0.000292451999939658,True,False,budget_exceeded,False,,0,0,not executed: budget/selection failure
case05-rep0,digits,1797,forest,parameters,opaque,False,1,model_and_predictions,0,0,full_replay,1.0,17522248,949879,17522248,15172,0.00018172399995819433,False,True,restore_failed,False,9.580500000083703e-05,0,0,No exact path for external_features: non-replayable artifact missing
case05-rep0,digits,1797,forest,parameters,opaque,False,1,model_and_predictions,0,1,full_replay,1.0,17522248,949879,17522248,15172,0.00018172399995819433,False,True,restore_failed,False,9.318099955635262e-05,0,0,No exact path for external_features: non-replayable artifact missing
case05-rep0,digits,1797,forest,parameters,opaque,False,1,model_and_predictions,0,2,full_replay,1.0,17522248,949879,17522248,15172,0.00018172399995819433,False,True,restore_failed,False,0.0001160749998234678,0,0,No exact path for external_features: non-replayable artifact missing
case05-rep0,digits,1797,forest,parameters,opaque,False,1,model_and_predictions,0,3,full_replay,1.0,17522248,949879,17522248,15172,0.00018172399995819433,False,True,restore_failed,False,9.270999998989282e-05,0,0,No exact path for external_features: non-replayable artifact missing
case05-rep0,digits,1797,forest,parameters,opaque,False,1,model_and_predictions,0,4,full_replay,1.0,17522248,949879,17522248,15172,0.00018172399995819433,False,True,restore_failed,False,9.441299971513217e-05,0,0,No exact path for external_features: non-replayable artifact missing
case05-rep0,digits,1797,forest,parameters,opaque,False,1,model_and_predictions,0,0,full_replay,0.4,7008899,949879,17522248,15172,0.0005281879998619843,False,True,restore_failed,False,9.262000003218418e-05,0,0,No exact path for external_features: non-replayable artifact missing
case05-rep0,digits,1797,forest,parameters,opaque,False,1,model_and_predictions,0,1,full_replay,0.4,7008899,949879,17522248,15172,0.0005281879998619843,False,True,restore_failed,False,9.695700009615393e-05,0,0,No exact path for external_features: non-replayable artifact missing
case05-rep0,digits,1797,forest,parameters,opaque,False,1,model_and_predictions,0,2,full_replay,0.4,7008899,949879,17522248,15172,0.0005281879998619843,False,True,restore_failed,False,9.686599969427334e-05,0,0,No exact path for external_features: non-replayable artifact missing
case05-rep0,digits,1797,forest,parameters,opaque,False,1,model_and_predictions,0,3,full_replay,0.4,7008899,949879,17522248,15172,0.0005281879998619843,False,True,restore_failed,False,0.000122154000109731,0,0,No exact path for external_features: non-replayable artifact missing
case05-rep0,digits,1797,forest,parameters,opaque,False,1,model_and_predictions,0,4,full_replay,0.4,7008899,949879,17522248,15172,0.0005281879998619843,False,True,restore_failed,False,9.341199984191917e-05,0,0,No exact path for external_features: non-replayable artifact missing
case05-rep0,digits,1797,forest,parameters,opaque,False,1,model_and_predictions,0,0,recoverability_v3,0.2,3504449,949879,17522248,15172,0.003451753999797802,False,False,proven_infeasible,False,,0,0,not executed: budget/selection failure
case05-rep0,digits,1797,forest,parameters,opaque,False,1,model_and_predictions,0,1,recoverability_v3,0.2,3504449,949879,17522248,15172,0.003451753999797802,False,False,proven_infeasible,False,,0,0,not executed: budget/selection failure
case05-rep0,digits,1797,forest,parameters,opaque,False,1,model_and_predictions,0,2,recoverability_v3,0.2,3504449,949879,17522248,15172,0.003451753999797802,False,False,proven_infeasible,False,,0,0,not executed: budget/selection failure
case05-rep0,digits,1797,forest,parameters,opaque,False,1,model_and_predictions,0,3,recoverability_v3,0.2,3504449,949879,17522248,15172,0.003451753999797802,False,False,proven_infeasible,False,,0,0,not executed: budget/selection failure
case05-rep0,digits,1797,forest,parameters,opaque,False,1,model_and_predictions,0,4,recoverability_v3,0.2,3504449,949879,17522248,15172,0.003451753999797802,False,False,proven_infeasible,False,,0,0,not executed: budget/selection failure
case05-rep0,digits,1797,forest,parameters,opaque,False,1,model_and_predictions,0,0,full_snapshot,0.1,1752224,17522248,17522248,15172,0.00025844999981927685,True,False,budget_exceeded,False,,0,0,not executed: budget/selection failure
case05-rep0,digits,1797,forest,parameters,opaque,False,1,model_and_predictions,0,1,full_snapshot,0.1,1752224,17522248,17522248,15172,0.00025844999981927685,True,False,budget_exceeded,False,,0,0,not executed: budget/selection failure
case05-rep0,digits,1797,forest,parameters,opaque,False,1,model_and_predictions,0,2,full_snapshot,0.1,1752224,17522248,17522248,15172,0.00025844999981927685,True,False,budget_exceeded,False,,0,0,not executed: budget/selection failure
case05-rep0,digits,1797,forest,parameters,opaque,False,1,model_and_predictions,0,3,full_snapshot,0.1,1752224,17522248,17522248,15172,0.00025844999981927685,True,False,budget_exceeded,False,,0,0,not executed: budget/selection failure
case05-rep0,digits,1797,forest,parameters,opaque,False,1,model_and_predictions,0,4,full_snapshot,0.1,1752224,17522248,17522248,15172,0.00025844999981927685,True,False,budget_exceeded,False,,0,0,not executed: budget/selection failure
case05-rep0,digits,1797,forest,parameters,opaque,False,1,model_and_predictions,0,0,recoverability_v2,0.1,1752224,949879,17522248,15172,0.0020771270001205266,False,False,proven_infeasible,False,,0,0,not executed: budget/selection failure
case05-rep0,digits,1797,forest,parameters,opaque,False,1,model_and_predictions,0,1,recoverability_v2,0.1,1752224,949879,17522248,15172,0.0020771270001205266,False,False,proven_infeasible,False,,0,0,not executed: budget/selection failure
case05-rep0,digits,1797,forest,parameters,opaque,False,1,model_and_predictions,0,2,recoverability_v2,0.1,1752224,949879,17522248,15172,0.0020771270001205266,False,False,proven_infeasible,False,,0,0,not executed: budget/selection failure
case05-rep0,digits,1797,forest,parameters,opaque,False,1,model_and_predictions,0,3,recoverability_v2,0.1,1752224,949879,17522248,15172,0.0020771270001205266,False,False,proven_infeasible,False,,0,0,not executed: budget/selection failure
case05-rep0,digits,1797,forest,parameters,opaque,False,1,model_and_predictions,0,4,recoverability_v2,0.1,1752224,949879,17522248,15172,0.0020771270001205266,False,False,proven_infeasible,False,,0,0,not executed: budget/selection failure
case05-rep0,digits,1797,forest,parameters,opaque,False,1,model_and_predictions,0,0,full_snapshot,1.0,17522248,17522248,17522248,15172,0.00021744800005762954,True,True,ok,True,0.007134425999993255,0,2,
case05-rep0,digits,1797,forest,parameters,opaque,False,1,model_and_predictions,0,1,full_snapshot,1.0,17522248,17522248,17522248,15172,0.00021744800005762954,True,True,ok,True,0.0052596949999497156,0,2,
case05-rep0,digits,1797,forest,parameters,opaque,False,1,model_and_predictions,0,2,full_snapshot,1.0,17522248,17522248,17522248,15172,0.00021744800005762954,True,True,ok,True,0.006303381000179797,0,2,
case05-rep0,digits,1797,forest,parameters,opaque,False,1,model_and_predictions,0,3,full_snapshot,1.0,17522248,17522248,17522248,15172,0.00021744800005762954,True,True,ok,True,0.006919681999988825,0,2,
case05-rep0,digits,1797,forest,parameters,opaque,False,1,model_and_predictions,0,4,full_snapshot,1.0,17522248,17522248,17522248,15172,0.00021744800005762954,True,True,ok,True,0.006268958999953611,0,2,
case05-rep0,digits,1797,forest,parameters,opaque,False,1,model_and_predictions,0,0,recoverability_v3,1.0,17522248,7379593,17522248,15172,0.00031466499967791606,True,True,ok,True,0.004533037000328477,0,2,
case05-rep0,digits,1797,forest,parameters,opaque,False,1,model_and_predictions,0,1,recoverability_v3,1.0,17522248,7379593,17522248,15172,0.00031466499967791606,True,True,ok,True,0.0056264990003001,0,2,
case05-rep0,digits,1797,forest,parameters,opaque,False,1,model_and_predictions,0,2,recoverability_v3,1.0,17522248,7379593,17522248,15172,0.00031466499967791606,True,True,ok,True,0.0060395420000531885,0,2,
case05-rep0,digits,1797,forest,parameters,opaque,False,1,model_and_predictions,0,3,recoverability_v3,1.0,17522248,7379593,17522248,15172,0.00031466499967791606,True,True,ok,True,0.0059222750001026725,0,2,
case05-rep0,digits,1797,forest,parameters,opaque,False,1,model_and_predictions,0,4,recoverability_v3,1.0,17522248,7379593,17522248,15172,0.00031466499967791606,True,True,ok,True,0.006186483999954362,0,2,
case05-rep0,digits,1797,forest,parameters,opaque,False,1,model_and_predictions,0,0,full_replay,0.3,5256674,949879,17522248,15172,0.0002934929998446023,False,True,restore_failed,False,9.718699993754853e-05,0,0,No exact path for external_features: non-replayable artifact missing
case05-rep0,digits,1797,forest,parameters,opaque,False,1,model_and_predictions,0,1,full_replay,0.3,5256674,949879,17522248,15172,0.0002934929998446023,False,True,restore_failed,False,9.00259997251851e-05,0,0,No exact path for external_features: non-replayable artifact missing
case05-rep0,digits,1797,forest,parameters,opaque,False,1,model_and_predictions,0,2,full_replay,0.3,5256674,949879,17522248,15172,0.0002934929998446023,False,True,restore_failed,False,9.816800002226955e-05,0,0,No exact path for external_features: non-replayable artifact missing
case05-rep0,digits,1797,forest,parameters,opaque,False,1,model_and_predictions,0,3,full_replay,0.3,5256674,949879,17522248,15172,0.0002934929998446023,False,True,restore_failed,False,9.481300003244542e-05,0,0,No exact path for external_features: non-replayable artifact missing
case05-rep0,digits,1797,forest,parameters,opaque,False,1,model_and_predictions,0,4,full_replay,0.3,5256674,949879,17522248,15172,0.0002934929998446023,False,True,restore_failed,False,9.749699984240578e-05,0,0,No exact path for external_features: non-replayable artifact missing
case05-rep0,digits,1797,forest,parameters,opaque,False,1,model_and_predictions,0,0,recoverability_v2,0.4,7008899,6997442,17522248,15172,0.005822175000048446,True,True,ok,True,0.006512156000098912,0,2,
case05-rep0,digits,1797,forest,parameters,opaque,False,1,model_and_predictions,0,1,recoverability_v2,0.4,7008899,6997442,17522248,15172,0.005822175000048446,True,True,ok,True,0.005223950000072364,0,2,
case05-rep0,digits,1797,forest,parameters,opaque,False,1,model_and_predictions,0,2,recoverability_v2,0.4,7008899,6997442,17522248,15172,0.005822175000048446,True,True,ok,True,0.14282848399989234,1,4,
case05-rep0,digits,1797,forest,parameters,opaque,False,1,model_and_predictions,0,3,recoverability_v2,0.4,7008899,6997442,17522248,15172,0.005822175000048446,True,True,ok,True,0.006807041000229219,0,2,
case05-rep0,digits,1797,forest,parameters,opaque,False,1,model_and_predictions,0,4,recoverability_v2,0.4,7008899,6997442,17522248,15172,0.005822175000048446,True,True,ok,True,0.006104980999680265,0,2,
case05-rep0,digits,1797,forest,parameters,opaque,False,1,model_and_predictions,0,0,recoverability_v2,1.0,17522248,7379593,17522248,15172,0.0002981910001835786,True,True,ok,True,0.00423888299974351,0,2,
case05-rep0,digits,1797,forest,parameters,opaque,False,1,model_and_predictions,0,1,recoverability_v2,1.0,17522248,7379593,17522248,15172,0.0002981910001835786,True,True,ok,True,0.0055401879999408266,0,2,
case05-rep0,digits,1797,forest,parameters,opaque,False,1,model_and_predictions,0,2,recoverability_v2,1.0,17522248,7379593,17522248,15172,0.0002981910001835786,True,True,ok,True,0.005449730999771418,0,2,
case05-rep0,digits,1797,forest,parameters,opaque,False,1,model_and_predictions,0,3,recoverability_v2,1.0,17522248,7379593,17522248,15172,0.0002981910001835786,True,True,ok,True,0.006159823999951186,0,2,
case05-rep0,digits,1797,forest,parameters,opaque,False,1,model_and_predictions,0,4,recoverability_v2,1.0,17522248,7379593,17522248,15172,0.0002981910001835786,True,True,ok,True,0.007587009999951988,0,2,
case05-rep1,digits,1797,forest,parameters,opaque,False,1,model_and_predictions,1,0,full_replay,1.0,17542192,949882,17542192,15175,0.00021221099996182602,False,True,restore_failed,False,0.00010283600022376049,0,0,No exact path for external_features: non-replayable artifact missing
case05-rep1,digits,1797,forest,parameters,opaque,False,1,model_and_predictions,1,1,full_replay,1.0,17542192,949882,17542192,15175,0.00021221099996182602,False,True,restore_failed,False,0.00018467900008545257,0,0,No exact path for external_features: non-replayable artifact missing
case05-rep1,digits,1797,forest,parameters,opaque,False,1,model_and_predictions,1,2,full_replay,1.0,17542192,949882,17542192,15175,0.00021221099996182602,False,True,restore_failed,False,0.00012132299980294192,0,0,No exact path for external_features: non-replayable artifact missing
case05-rep1,digits,1797,forest,parameters,opaque,False,1,model_and_predictions,1,3,full_replay,1.0,17542192,949882,17542192,15175,0.00021221099996182602,False,True,restore_failed,False,9.550499999022577e-05,0,0,No exact path for external_features: non-replayable artifact missing
case05-rep1,digits,1797,forest,parameters,opaque,False,1,model_and_predictions,1,4,full_replay,1.0,17542192,949882,17542192,15175,0.00021221099996182602,False,True,restore_failed,False,9.457299984205747e-05,0,0,No exact path for external_features: non-replayable artifact missing
case05-rep1,digits,1797,forest,parameters,opaque,False,1,model_and_predictions,1,0,recoverability_v3,0.5,8771096,7399537,17542192,15175,0.0003702690000864095,True,True,ok,True,0.004624625000360538,0,2,
case05-rep1,digits,1797,forest,parameters,opaque,False,1,model_and_predictions,1,1,recoverability_v3,0.5,8771096,7399537,17542192,15175,0.0003702690000864095,True,True,ok,True,0.00532841800031747,0,2,
case05-rep1,digits,1797,forest,parameters,opaque,False,1,model_and_predictions,1,2,recoverability_v3,0.5,8771096,7399537,17542192,15175,0.0003702690000864095,True,True,ok,True,0.006767721999949572,0,2,
case05-rep1,digits,1797,forest,parameters,opaque,False,1,model_and_predictions,1,3,recoverability_v3,0.5,8771096,7399537,17542192,15175,0.0003702690000864095,True,True,ok,True,0.006568231000073865,0,2,
case05-rep1,digits,1797,forest,parameters,opaque,False,1,model_and_predictions,1,4,recoverability_v3,0.5,8771096,7399537,17542192,15175,0.0003702690000864095,True,True,ok,True,0.007233346000248275,0,2,
case05-rep1,digits,1797,forest,parameters,opaque,False,1,model_and_predictions,1,0,full_replay,0.5,8771096,949882,17542192,15175,0.00028374899966365774,False,True,restore_failed,False,9.27399996726308e-05,0,0,No exact path for external_features: non-replayable artifact missing
case05-rep1,digits,1797,forest,parameters,opaque,False,1,model_and_predictions,1,1,full_replay,0.5,8771096,949882,17542192,15175,0.00028374899966365774,False,True,restore_failed,False,9.205899959852104e-05,0,0,No exact path for external_features: non-replayable artifact missing
case05-rep1,digits,1797,forest,parameters,opaque,False,1,model_and_predictions,1,2,full_replay,0.5,8771096,949882,17542192,15175,0.00028374899966365774,False,True,restore_failed,False,9.838799996941816e-05,0,0,No exact path for external_features: non-replayable artifact missing
case05-rep1,digits,1797,forest,parameters,opaque,False,1,model_and_predictions,1,3,full_replay,0.5,8771096,949882,17542192,15175,0.00028374899966365774,False,True,restore_failed,False,0.00011277100020379294,0,0,No exact path for external_features: non-replayable artifact missing
case05-rep1,digits,1797,forest,parameters,opaque,False,1,model_and_predictions,1,4,full_replay,0.5,8771096,949882,17542192,15175,0.00028374899966365774,False,True,restore_failed,False,8.949499988375464e-05,0,0,No exact path for external_features: non-replayable artifact missing
case05-rep1,digits,1797,forest,parameters,opaque,False,1,model_and_predictions,1,0,full_snapshot,0.5,8771096,17542192,17542192,15175,0.0002934829999503563,True,False,budget_exceeded,False,,0,0,not executed: budget/selection failure
case05-rep1,digits,1797,forest,parameters,opaque,False,1,model_and_predictions,1,1,full_snapshot,0.5,8771096,17542192,17542192,15175,0.0002934829999503563,True,False,budget_exceeded,False,,0,0,not executed: budget/selection failure
case05-rep1,digits,1797,forest,parameters,opaque,False,1,model_and_predictions,1,2,full_snapshot,0.5,8771096,17542192,17542192,15175,0.0002934829999503563,True,False,budget_exceeded,False,,0,0,not executed: budget/selection failure
case05-rep1,digits,1797,forest,parameters,opaque,False,1,model_and_predictions,1,3,full_snapshot,0.5,8771096,17542192,17542192,15175,0.0002934829999503563,True,False,budget_exceeded,False,,0,0,not executed: budget/selection failure
case05-rep1,digits,1797,forest,parameters,opaque,False,1,model_and_predictions,1,4,full_snapshot,0.5,8771096,17542192,17542192,15175,0.0002934829999503563,True,False,budget_exceeded,False,,0,0,not executed: budget/selection failure
case05-rep1,digits,1797,forest,parameters,opaque,False,1,model_and_predictions,1,0,recoverability_v3,0.4,7016876,7015145,17542192,15175,0.0061690279999311315,True,True,ok,True,0.005581531000188988,0,2,
case05-rep1,digits,1797,forest,parameters,opaque,False,1,model_and_predictions,1,1,recoverability_v3,0.4,7016876,7015145,17542192,15175,0.0061690279999311315,True,True,ok,True,0.0061810759998479625,0,2,
case05-rep1,digits,1797,forest,parameters,opaque,False,1,model_and_predictions,1,2,recoverability_v3,0.4,7016876,7015145,17542192,15175,0.0061690279999311315,True,True,ok,True,0.1400413890000891,2,3,
case05-rep1,digits,1797,forest,parameters,opaque,False,1,model_and_predictions,1,3,recoverability_v3,0.4,7016876,7015145,17542192,15175,0.0061690279999311315,True,True,ok,True,0.006424884999887581,0,2,
case05-rep1,digits,1797,forest,parameters,opaque,False,1,model_and_predictions,1,4,recoverability_v3,0.4,7016876,7015145,17542192,15175,0.0061690279999311315,True,True,ok,True,0.00624855900014154,0,2,
case05-rep1,digits,1797,forest,parameters,opaque,False,1,model_and_predictions,1,0,recoverability_v3,1.0,17542192,7399537,17542192,15175,0.00030160500000420143,True,True,ok,True,0.004604354999628413,0,2,
case05-rep1,digits,1797,forest,parameters,opaque,False,1,model_and_predictions,1,1,recoverability_v3,1.0,17542192,7399537,17542192,15175,0.00030160500000420143,True,True,ok,True,0.005890998000268155,0,2,
case05-rep1,digits,1797,forest,parameters,opaque,False,1,model_and_predictions,1,2,recoverability_v3,1.0,17542192,7399537,17542192,15175,0.00030160500000420143,True,True,ok,True,0.005760320999797841,0,2,
case05-rep1,digits,1797,forest,parameters,opaque,False,1,model_and_predictions,1,3,recoverability_v3,1.0,17542192,7399537,17542192,15175,0.00030160500000420143,True,True,ok,True,0.006437293000089994,0,2,
case05-rep1,digits,1797,forest,parameters,opaque,False,1,model_and_predictions,1,4,recoverability_v3,1.0,17542192,7399537,17542192,15175,0.00030160500000420143,True,True,ok,True,0.0063803580001149385,0,2,
case05-rep1,digits,1797,forest,parameters,opaque,False,1,model_and_predictions,1,0,full_snapshot,0.2,3508438,17542192,17542192,15175,0.00028946700012966176,True,False,budget_exceeded,False,,0,0,not executed: budget/selection failure
case05-rep1,digits,1797,forest,parameters,opaque,False,1,model_and_predictions,1,1,full_snapshot,0.2,3508438,17542192,17542192,15175,0.00028946700012966176,True,False,budget_exceeded,False,,0,0,not executed: budget/selection failure
case05-rep1,digits,1797,forest,parameters,opaque,False,1,model_and_predictions,1,2,full_snapshot,0.2,3508438,17542192,17542192,15175,0.00028946700012966176,True,False,budget_exceeded,False,,0,0,not executed: budget/selection failure
case05-rep1,digits,1797,forest,parameters,opaque,False,1,model_and_predictions,1,3,full_snapshot,0.2,3508438,17542192,17542192,15175,0.00028946700012966176,True,False,budget_exceeded,False,,0,0,not executed: budget/selection failure
case05-rep1,digits,1797,forest,parameters,opaque,False,1,model_and_predictions,1,4,full_snapshot,0.2,3508438,17542192,17542192,15175,0.00028946700012966176,True,False,budget_exceeded,False,,0,0,not executed: budget/selection failure
case05-rep1,digits,1797,forest,parameters,opaque,False,1,model_and_predictions,1,0,recoverability_v3,0.2,3508438,949882,17542192,15175,0.0031042789996718056,False,False,proven_infeasible,False,,0,0,not executed: budget/selection failure
case05-rep1,digits,1797,forest,parameters,opaque,False,1,model_and_predictions,1,1,recoverability_v3,0.2,3508438,949882,17542192,15175,0.0031042789996718056,False,False,proven_infeasible,False,,0,0,not executed: budget/selection failure
case05-rep1,digits,1797,forest,parameters,opaque,False,1,model_and_predictions,1,2,recoverability_v3,0.2,3508438,949882,17542192,15175,0.0031042789996718056,False,False,proven_infeasible,False,,0,0,not executed: budget/selection failure
case05-rep1,digits,1797,forest,parameters,opaque,False,1,model_and_predictions,1,3,recoverability_v3,0.2,3508438,949882,17542192,15175,0.0031042789996718056,False,False,proven_infeasible,False,,0,0,not executed: budget/selection failure
case05-rep1,digits,1797,forest,parameters,opaque,False,1,model_and_predictions,1,4,recoverability_v3,0.2,3508438,949882,17542192,15175,0.0031042789996718056,False,False,proven_infeasible,False,,0,0,not executed: budget/selection failure
case05-rep1,digits,1797,forest,parameters,opaque,False,1,model_and_predictions,1,0,target_snapshots,0.3,5262657,7399537,17542192,15175,0.00018512899987399578,True,False,budget_exceeded,False,,0,0,not executed: budget/selection failure
case05-rep1,digits,1797,forest,parameters,opaque,False,1,model_and_predictions,1,1,target_snapshots,0.3,5262657,7399537,17542192,15175,0.00018512899987399578,True,False,budget_exceeded,False,,0,0,not executed: budget/selection failure
case05-rep1,digits,1797,forest,parameters,opaque,False,1,model_and_predictions,1,2,target_snapshots,0.3,5262657,7399537,17542192,15175,0.00018512899987399578,True,False,budget_exceeded,False,,0,0,not executed: budget/selection failure
case05-rep1,digits,1797,forest,parameters,opaque,False,1,model_and_predictions,1,3,target_snapshots,0.3,5262657,7399537,17542192,15175,0.00018512899987399578,True,False,budget_exceeded,False,,0,0,not executed: budget/selection failure
case05-rep1,digits,1797,forest,parameters,opaque,False,1,model_and_predictions,1,4,target_snapshots,0.3,5262657,7399537,17542192,15175,0.00018512899987399578,True,False,budget_exceeded,False,,0,0,not executed: budget/selection failure
case05-rep1,digits,1797,forest,parameters,opaque,False,1,model_and_predictions,1,0,target_snapshots,0.2,3508438,7399537,17542192,15175,0.00018576000002212822,True,False,budget_exceeded,False,,0,0,not executed: budget/selection failure
case05-rep1,digits,1797,forest,parameters,opaque,False,1,model_and_predictions,1,1,target_snapshots,0.2,3508438,7399537,17542192,15175,0.00018576000002212822,True,False,budget_exceeded,False,,0,0,not executed: budget/selection failure
case05-rep1,digits,1797,forest,parameters,opaque,False,1,model_and_predictions,1,2,target_snapshots,0.2,3508438,7399537,17542192,15175,0.00018576000002212822,True,False,budget_exceeded,False,,0,0,not executed: budget/selection failure
case05-rep1,digits,1797,forest,parameters,opaque,False,1,model_and_predictions,1,3,target_snapshots,0.2,3508438,7399537,17542192,15175,0.00018576000002212822,True,False,budget_exceeded,False,,0,0,not executed: budget/selection failure
case05-rep1,digits,1797,forest,parameters,opaque,False,1,model_and_predictions,1,4,target_snapshots,0.2,3508438,7399537,17542192,15175,0.00018576000002212822,True,False,budget_exceeded,False,,0,0,not executed: budget/selection failure
case05-rep1,digits,1797,forest,parameters,opaque,False,1,model_and_predictions,1,0,recoverability_v2,0.1,1754219,949882,17542192,15175,0.0018966540001201793,False,False,proven_infeasible,False,,0,0,not executed: budget/selection failure
case05-rep1,digits,1797,forest,parameters,opaque,False,1,model_and_predictions,1,1,recoverability_v2,0.1,1754219,949882,17542192,15175,0.0018966540001201793,False,False,proven_infeasible,False,,0,0,not executed: budget/selection failure
case05-rep1,digits,1797,forest,parameters,opaque,False,1,model_and_predictions,1,2,recoverability_v2,0.1,1754219,949882,17542192,15175,0.0018966540001201793,False,False,proven_infeasible,False,,0,0,not executed: budget/selection failure
case05-rep1,digits,1797,forest,parameters,opaque,False,1,model_and_predictions,1,3,recoverability_v2,0.1,1754219,949882,17542192,15175,0.0018966540001201793,False,False,proven_infeasible,False,,0,0,not executed: budget/selection failure
case05-rep1,digits,1797,forest,parameters,opaque,False,1,model_and_predictions,1,4,recoverability_v2,0.1,1754219,949882,17542192,15175,0.0018966540001201793,False,False,proven_infeasible,False,,0,0,not executed: budget/selection failure
case05-rep1,digits,1797,forest,parameters,opaque,False,1,model_and_predictions,1,0,recoverability_v2,0.4,7016876,7015145,17542192,15175,0.004182917999969504,True,True,ok,True,0.004754219999995257,0,2,
case05-rep1,digits,1797,forest,parameters,opaque,False,1,model_and_predictions,1,1,recoverability_v2,0.4,7016876,7015145,17542192,15175,0.004182917999969504,True,True,ok,True,0.005459275999783131,0,2,
case05-rep1,digits,1797,forest,parameters,opaque,False,1,model_and_predictions,1,2,recoverability_v2,0.4,7016876,7015145,17542192,15175,0.004182917999969504,True,True,ok,True,0.14195500999994692,2,3,
case05-rep1,digits,1797,forest,parameters,opaque,False,1,model_and_predictions,1,3,recoverability_v2,0.4,7016876,7015145,17542192,15175,0.004182917999969504,True,True,ok,True,0.006181836999985535,0,2,
case05-rep1,digits,1797,forest,parameters,opaque,False,1,model_and_predictions,1,4,recoverability_v2,0.4,7016876,7015145,17542192,15175,0.004182917999969504,True,True,ok,True,0.006477484000242839,0,2,
case05-rep1,digits,1797,forest,parameters,opaque,False,1,model_and_predictions,1,0,recoverability_v3,0.1,1754219,949882,17542192,15175,0.0021857819997421757,False,False,proven_infeasible,False,,0,0,not executed: budget/selection failure
case05-rep1,digits,1797,forest,parameters,opaque,False,1,model_and_predictions,1,1,recoverability_v3,0.1,1754219,949882,17542192,15175,0.0021857819997421757,False,False,proven_infeasible,False,,0,0,not executed: budget/selection failure
case05-rep1,digits,1797,forest,parameters,opaque,False,1,model_and_predictions,1,2,recoverability_v3,0.1,1754219,949882,17542192,15175,0.0021857819997421757,False,False,proven_infeasible,False,,0,0,not executed: budget/selection failure
case05-rep1,digits,1797,forest,parameters,opaque,False,1,model_and_predictions,1,3,recoverability_v3,0.1,1754219,949882,17542192,15175,0.0021857819997421757,False,False,proven_infeasible,False,,0,0,not executed: budget/selection failure
case05-rep1,digits,1797,forest,parameters,opaque,False,1,model_and_predictions,1,4,recoverability_v3,0.1,1754219,949882,17542192,15175,0.0021857819997421757,False,False,proven_infeasible,False,,0,0,not executed: budget/selection failure
case05-rep1,digits,1797,forest,parameters,opaque,False,1,model_and_predictions,1,0,full_snapshot,0.3,5262657,17542192,17542192,15175,0.0001880539998637687,True,False,budget_exceeded,False,,0,0,not executed: budget/selection failure
case05-rep1,digits,1797,forest,parameters,opaque,False,1,model_and_predictions,1,1,full_snapshot,0.3,5262657,17542192,17542192,15175,0.0001880539998637687,True,False,budget_exceeded,False,,0,0,not executed: budget/selection failure
case05-rep1,digits,1797,forest,parameters,opaque,False,1,model_and_predictions,1,2,full_snapshot,0.3,5262657,17542192,17542192,15175,0.0001880539998637687,True,False,budget_exceeded,False,,0,0,not executed: budget/selection failure
case05-rep1,digits,1797,forest,parameters,opaque,False,1,model_and_predictions,1,3,full_snapshot,0.3,5262657,17542192,17542192,15175,0.0001880539998637687,True,False,budget_exceeded,False,,0,0,not executed: budget/selection failure
case05-rep1,digits,1797,forest,parameters,opaque,False,1,model_and_predictions,1,4,full_snapshot,0.3,5262657,17542192,17542192,15175,0.0001880539998637687,True,False,budget_exceeded,False,,0,0,not executed: budget/selection failure
case05-rep1,digits,1797,forest,parameters,opaque,False,1,model_and_predictions,1,0,full_snapshot,1.0,17542192,17542192,17542192,15175,0.00018209500012744684,True,True,ok,True,0.004616513000200939,0,2,
case05-rep1,digits,1797,forest,parameters,opaque,False,1,model_and_predictions,1,1,full_snapshot,1.0,17542192,17542192,17542192,15175,0.00018209500012744684,True,True,ok,True,0.00747923799963246,0,2,
case05-rep1,digits,1797,forest,parameters,opaque,False,1,model_and_predictions,1,2,full_snapshot,1.0,17542192,17542192,17542192,15175,0.00018209500012744684,True,True,ok,True,0.006865721000394842,0,2,
case05-rep1,digits,1797,forest,parameters,opaque,False,1,model_and_predictions,1,3,full_snapshot,1.0,17542192,17542192,17542192,15175,0.00018209500012744684,True,True,ok,True,0.0063162110000121174,0,2,
case05-rep1,digits,1797,forest,parameters,opaque,False,1,model_and_predictions,1,4,full_snapshot,1.0,17542192,17542192,17542192,15175,0.00018209500012744684,True,True,ok,True,0.006948275000013382,0,2,
case05-rep1,digits,1797,forest,parameters,opaque,False,1,model_and_predictions,1,0,recoverability_v3,0.3,5262657,949882,17542192,15175,0.004644986000130302,False,False,proven_infeasible,False,,0,0,not executed: budget/selection failure
case05-rep1,digits,1797,forest,parameters,opaque,False,1,model_and_predictions,1,1,recoverability_v3,0.3,5262657,949882,17542192,15175,0.004644986000130302,False,False,proven_infeasible,False,,0,0,not executed: budget/selection failure
case05-rep1,digits,1797,forest,parameters,opaque,False,1,model_and_predictions,1,2,recoverability_v3,0.3,5262657,949882,17542192,15175,0.004644986000130302,False,False,proven_infeasible,False,,0,0,not executed: budget/selection failure
case05-rep1,digits,1797,forest,parameters,opaque,False,1,model_and_predictions,1,3,recoverability_v3,0.3,5262657,949882,17542192,15175,0.004644986000130302,False,False,proven_infeasible,False,,0,0,not executed: budget/selection failure
case05-rep1,digits,1797,forest,parameters,opaque,False,1,model_and_predictions,1,4,recoverability_v3,0.3,5262657,949882,17542192,15175,0.004644986000130302,False,False,proven_infeasible,False,,0,0,not executed: budget/selection failure
case05-rep1,digits,1797,forest,parameters,opaque,False,1,model_and_predictions,1,0,recoverability_v2,0.3,5262657,949882,17542192,15175,0.003720951000104833,False,False,proven_infeasible,False,,0,0,not executed: budget/selection failure
case05-rep1,digits,1797,forest,parameters,opaque,False,1,model_and_predictions,1,1,recoverability_v2,0.3,5262657,949882,17542192,15175,0.003720951000104833,False,False,proven_infeasible,False,,0,0,not executed: budget/selection failure
case05-rep1,digits,1797,forest,parameters,opaque,False,1,model_and_predictions,1,2,recoverability_v2,0.3,5262657,949882,17542192,15175,0.003720951000104833,False,False,proven_infeasible,False,,0,0,not executed: budget/selection failure
case05-rep1,digits,1797,forest,parameters,opaque,False,1,model_and_predictions,1,3,recoverability_v2,0.3,5262657,949882,17542192,15175,0.003720951000104833,False,False,proven_infeasible,False,,0,0,not executed: budget/selection failure
case05-rep1,digits,1797,forest,parameters,opaque,False,1,model_and_predictions,1,4,recoverability_v2,0.3,5262657,949882,17542192,15175,0.003720951000104833,False,False,proven_infeasible,False,,0,0,not executed: budget/selection failure
case05-rep1,digits,1797,forest,parameters,opaque,False,1,model_and_predictions,1,0,full_replay,0.3,5262657,949882,17542192,15175,0.00019250100012868643,False,True,restore_failed,False,9.417199999006698e-05,0,0,No exact path for external_features: non-replayable artifact missing
case05-rep1,digits,1797,forest,parameters,opaque,False,1,model_and_predictions,1,1,full_replay,0.3,5262657,949882,17542192,15175,0.00019250100012868643,False,True,restore_failed,False,9.741700023369049e-05,0,0,No exact path for external_features: non-replayable artifact missing
case05-rep1,digits,1797,forest,parameters,opaque,False,1,model_and_predictions,1,2,full_replay,0.3,5262657,949882,17542192,15175,0.00019250100012868643,False,True,restore_failed,False,9.34509998842259e-05,0,0,No exact path for external_features: non-replayable artifact missing
case05-rep1,digits,1797,forest,parameters,opaque,False,1,model_and_predictions,1,3,full_replay,0.3,5262657,949882,17542192,15175,0.00019250100012868643,False,True,restore_failed,False,0.00013190900017434615,0,0,No exact path for external_features: non-replayable artifact missing
case05-rep1,digits,1797,forest,parameters,opaque,False,1,model_and_predictions,1,4,full_replay,0.3,5262657,949882,17542192,15175,0.00019250100012868643,False,True,restore_failed,False,9.425300004295423e-05,0,0,No exact path for external_features: non-replayable artifact missing
case05-rep1,digits,1797,forest,parameters,opaque,False,1,model_and_predictions,1,0,recoverability_v2,0.5,8771096,7399537,17542192,15175,0.0003165480002280674,True,True,ok,True,0.004830725999909191,0,2,
case05-rep1,digits,1797,forest,parameters,opaque,False,1,model_and_predictions,1,1,recoverability_v2,0.5,8771096,7399537,17542192,15175,0.0003165480002280674,True,True,ok,True,0.005574509999860311,0,2,
case05-rep1,digits,1797,forest,parameters,opaque,False,1,model_and_predictions,1,2,recoverability_v2,0.5,8771096,7399537,17542192,15175,0.0003165480002280674,True,True,ok,True,0.006369120000272233,0,2,
case05-rep1,digits,1797,forest,parameters,opaque,False,1,model_and_predictions,1,3,recoverability_v2,0.5,8771096,7399537,17542192,15175,0.0003165480002280674,True,True,ok,True,0.006510694000098738,0,2,
case05-rep1,digits,1797,forest,parameters,opaque,False,1,model_and_predictions,1,4,recoverability_v2,0.5,8771096,7399537,17542192,15175,0.0003165480002280674,True,True,ok,True,0.007872200999827328,0,2,
case05-rep1,digits,1797,forest,parameters,opaque,False,1,model_and_predictions,1,0,full_replay,0.2,3508438,949882,17542192,15175,0.00048354000000472297,False,True,restore_failed,False,9.614500004317961e-05,0,0,No exact path for external_features: non-replayable artifact missing
case05-rep1,digits,1797,forest,parameters,opaque,False,1,model_and_predictions,1,1,full_replay,0.2,3508438,949882,17542192,15175,0.00048354000000472297,False,True,restore_failed,False,9.974100021281629e-05,0,0,No exact path for external_features: non-replayable artifact missing
case05-rep1,digits,1797,forest,parameters,opaque,False,1,model_and_predictions,1,2,full_replay,0.2,3508438,949882,17542192,15175,0.00048354000000472297,False,True,restore_failed,False,9.503399996901862e-05,0,0,No exact path for external_features: non-replayable artifact missing
case05-rep1,digits,1797,forest,parameters,opaque,False,1,model_and_predictions,1,3,full_replay,0.2,3508438,949882,17542192,15175,0.00048354000000472297,False,True,restore_failed,False,0.0002391610000813671,0,0,No exact path for external_features: non-replayable artifact missing
case05-rep1,digits,1797,forest,parameters,opaque,False,1,model_and_predictions,1,4,full_replay,0.2,3508438,949882,17542192,15175,0.00048354000000472297,False,True,restore_failed,False,9.399199961990234e-05,0,0,No exact path for external_features: non-replayable artifact missing
case05-rep1,digits,1797,forest,parameters,opaque,False,1,model_and_predictions,1,0,target_snapshots,0.1,1754219,7399537,17542192,15175,0.0003099890000157757,True,False,budget_exceeded,False,,0,0,not executed: budget/selection failure
case05-rep1,digits,1797,forest,parameters,opaque,False,1,model_and_predictions,1,1,target_snapshots,0.1,1754219,7399537,17542192,15175,0.0003099890000157757,True,False,budget_exceeded,False,,0,0,not executed: budget/selection failure
case05-rep1,digits,1797,forest,parameters,opaque,False,1,model_and_predictions,1,2,target_snapshots,0.1,1754219,7399537,17542192,15175,0.0003099890000157757,True,False,budget_exceeded,False,,0,0,not executed: budget/selection failure
case05-rep1,digits,1797,forest,parameters,opaque,False,1,model_and_predictions,1,3,target_snapshots,0.1,1754219,7399537,17542192,15175,0.0003099890000157757,True,False,budget_exceeded,False,,0,0,not executed: budget/selection failure
case05-rep1,digits,1797,forest,parameters,opaque,False,1,model_and_predictions,1,4,target_snapshots,0.1,1754219,7399537,17542192,15175,0.0003099890000157757,True,False,budget_exceeded,False,,0,0,not executed: budget/selection failure
case05-rep1,digits,1797,forest,parameters,opaque,False,1,model_and_predictions,1,0,recoverability_v2,0.2,3508438,949882,17542192,15175,0.004248868000104267,False,False,proven_infeasible,False,,0,0,not executed: budget/selection failure
case05-rep1,digits,1797,forest,parameters,opaque,False,1,model_and_predictions,1,1,recoverability_v2,0.2,3508438,949882,17542192,15175,0.004248868000104267,False,False,proven_infeasible,False,,0,0,not executed: budget/selection failure
case05-rep1,digits,1797,forest,parameters,opaque,False,1,model_and_predictions,1,2,recoverability_v2,0.2,3508438,949882,17542192,15175,0.004248868000104267,False,False,proven_infeasible,False,,0,0,not executed: budget/selection failure
case05-rep1,digits,1797,forest,parameters,opaque,False,1,model_and_predictions,1,3,recoverability_v2,0.2,3508438,949882,17542192,15175,0.004248868000104267,False,False,proven_infeasible,False,,0,0,not executed: budget/selection failure
case05-rep1,digits,1797,forest,parameters,opaque,False,1,model_and_predictions,1,4,recoverability_v2,0.2,3508438,949882,17542192,15175,0.004248868000104267,False,False,proven_infeasible,False,,0,0,not executed: budget/selection failure
case05-rep1,digits,1797,forest,parameters,opaque,False,1,model_and_predictions,1,0,full_replay,0.1,1754219,949882,17542192,15175,0.00024949699991339003,False,True,restore_failed,False,9.513400027572061e-05,0,0,No exact path for external_features: non-replayable artifact missing
case05-rep1,digits,1797,forest,parameters,opaque,False,1,model_and_predictions,1,1,full_replay,0.1,1754219,949882,17542192,15175,0.00024949699991339003,False,True,restore_failed,False,9.508299990557134e-05,0,0,No exact path for external_features: non-replayable artifact missing
case05-rep1,digits,1797,forest,parameters,opaque,False,1,model_and_predictions,1,2,full_replay,0.1,1754219,949882,17542192,15175,0.00024949699991339003,False,True,restore_failed,False,0.00013319100025910302,0,0,No exact path for external_features: non-replayable artifact missing
case05-rep1,digits,1797,forest,parameters,opaque,False,1,model_and_predictions,1,3,full_replay,0.1,1754219,949882,17542192,15175,0.00024949699991339003,False,True,restore_failed,False,0.00014479800029221224,0,0,No exact path for external_features: non-replayable artifact missing
case05-rep1,digits,1797,forest,parameters,opaque,False,1,model_and_predictions,1,4,full_replay,0.1,1754219,949882,17542192,15175,0.00024949699991339003,False,True,restore_failed,False,9.262999992643017e-05,0,0,No exact path for external_features: non-replayable artifact missing
case05-rep1,digits,1797,forest,parameters,opaque,False,1,model_and_predictions,1,0,target_snapshots,1.0,17542192,7399537,17542192,15175,0.0004898800002592907,True,True,ok,True,0.0045222610001474095,0,2,
case05-rep1,digits,1797,forest,parameters,opaque,False,1,model_and_predictions,1,1,target_snapshots,1.0,17542192,7399537,17542192,15175,0.0004898800002592907,True,True,ok,True,0.005953011999736191,0,2,
case05-rep1,digits,1797,forest,parameters,opaque,False,1,model_and_predictions,1,2,target_snapshots,1.0,17542192,7399537,17542192,15175,0.0004898800002592907,True,True,ok,True,0.006679699999949662,0,2,
case05-rep1,digits,1797,forest,parameters,opaque,False,1,model_and_predictions,1,3,target_snapshots,1.0,17542192,7399537,17542192,15175,0.0004898800002592907,True,True,ok,True,0.006579878000138706,0,2,
case05-rep1,digits,1797,forest,parameters,opaque,False,1,model_and_predictions,1,4,target_snapshots,1.0,17542192,7399537,17542192,15175,0.0004898800002592907,True,True,ok,True,0.007129799000267667,0,2,
case05-rep1,digits,1797,forest,parameters,opaque,False,1,model_and_predictions,1,0,full_replay,0.4,7016876,949882,17542192,15175,0.00037557699988610693,False,True,restore_failed,False,0.00010176400019190623,0,0,No exact path for external_features: non-replayable artifact missing
case05-rep1,digits,1797,forest,parameters,opaque,False,1,model_and_predictions,1,1,full_replay,0.4,7016876,949882,17542192,15175,0.00037557699988610693,False,True,restore_failed,False,9.419199977855897e-05,0,0,No exact path for external_features: non-replayable artifact missing
case05-rep1,digits,1797,forest,parameters,opaque,False,1,model_and_predictions,1,2,full_replay,0.4,7016876,949882,17542192,15175,0.00037557699988610693,False,True,restore_failed,False,9.660599971539341e-05,0,0,No exact path for external_features: non-replayable artifact missing
case05-rep1,digits,1797,forest,parameters,opaque,False,1,model_and_predictions,1,3,full_replay,0.4,7016876,949882,17542192,15175,0.00037557699988610693,False,True,restore_failed,False,0.00011828900005639298,0,0,No exact path for external_features: non-replayable artifact missing
case05-rep1,digits,1797,forest,parameters,opaque,False,1,model_and_predictions,1,4,full_replay,0.4,7016876,949882,17542192,15175,0.00037557699988610693,False,True,restore_failed,False,9.551400034979451e-05,0,0,No exact path for external_features: non-replayable artifact missing
case05-rep1,digits,1797,forest,parameters,opaque,False,1,model_and_predictions,1,0,target_snapshots,0.4,7016876,7399537,17542192,15175,0.00034386000015729223,True,False,budget_exceeded,False,,0,0,not executed: budget/selection failure
case05-rep1,digits,1797,forest,parameters,opaque,False,1,model_and_predictions,1,1,target_snapshots,0.4,7016876,7399537,17542192,15175,0.00034386000015729223,True,False,budget_exceeded,False,,0,0,not executed: budget/selection failure
case05-rep1,digits,1797,forest,parameters,opaque,False,1,model_and_predictions,1,2,target_snapshots,0.4,7016876,7399537,17542192,15175,0.00034386000015729223,True,False,budget_exceeded,False,,0,0,not executed: budget/selection failure
case05-rep1,digits,1797,forest,parameters,opaque,False,1,model_and_predictions,1,3,target_snapshots,0.4,7016876,7399537,17542192,15175,0.00034386000015729223,True,False,budget_exceeded,False,,0,0,not executed: budget/selection failure
case05-rep1,digits,1797,forest,parameters,opaque,False,1,model_and_predictions,1,4,target_snapshots,0.4,7016876,7399537,17542192,15175,0.00034386000015729223,True,False,budget_exceeded,False,,0,0,not executed: budget/selection failure
case05-rep1,digits,1797,forest,parameters,opaque,False,1,model_and_predictions,1,0,full_snapshot,0.1,1754219,17542192,17542192,15175,0.0002007040002354188,True,False,budget_exceeded,False,,0,0,not executed: budget/selection failure
case05-rep1,digits,1797,forest,parameters,opaque,False,1,model_and_predictions,1,1,full_snapshot,0.1,1754219,17542192,17542192,15175,0.0002007040002354188,True,False,budget_exceeded,False,,0,0,not executed: budget/selection failure
case05-rep1,digits,1797,forest,parameters,opaque,False,1,model_and_predictions,1,2,full_snapshot,0.1,1754219,17542192,17542192,15175,0.0002007040002354188,True,False,budget_exceeded,False,,0,0,not executed: budget/selection failure
case05-rep1,digits,1797,forest,parameters,opaque,False,1,model_and_predictions,1,3,full_snapshot,0.1,1754219,17542192,17542192,15175,0.0002007040002354188,True,False,budget_exceeded,False,,0,0,not executed: budget/selection failure
case05-rep1,digits,1797,forest,parameters,opaque,False,1,model_and_predictions,1,4,full_snapshot,0.1,1754219,17542192,17542192,15175,0.0002007040002354188,True,False,budget_exceeded,False,,0,0,not executed: budget/selection failure
case05-rep1,digits,1797,forest,parameters,opaque,False,1,model_and_predictions,1,0,full_snapshot,0.4,7016876,17542192,17542192,15175,0.0002131619999090617,True,False,budget_exceeded,False,,0,0,not executed: budget/selection failure
case05-rep1,digits,1797,forest,parameters,opaque,False,1,model_and_predictions,1,1,full_snapshot,0.4,7016876,17542192,17542192,15175,0.0002131619999090617,True,False,budget_exceeded,False,,0,0,not executed: budget/selection failure
case05-rep1,digits,1797,forest,parameters,opaque,False,1,model_and_predictions,1,2,full_snapshot,0.4,7016876,17542192,17542192,15175,0.0002131619999090617,True,False,budget_exceeded,False,,0,0,not executed: budget/selection failure
case05-rep1,digits,1797,forest,parameters,opaque,False,1,model_and_predictions,1,3,full_snapshot,0.4,7016876,17542192,17542192,15175,0.0002131619999090617,True,False,budget_exceeded,False,,0,0,not executed: budget/selection failure
case05-rep1,digits,1797,forest,parameters,opaque,False,1,model_and_predictions,1,4,full_snapshot,0.4,7016876,17542192,17542192,15175,0.0002131619999090617,True,False,budget_exceeded,False,,0,0,not executed: budget/selection failure
case05-rep1,digits,1797,forest,parameters,opaque,False,1,model_and_predictions,1,0,recoverability_v2,1.0,17542192,7399537,17542192,15175,0.0002017649999288551,True,True,ok,True,0.005337572999906115,0,2,
case05-rep1,digits,1797,forest,parameters,opaque,False,1,model_and_predictions,1,1,recoverability_v2,1.0,17542192,7399537,17542192,15175,0.0002017649999288551,True,True,ok,True,0.005347245999928418,0,2,
case05-rep1,digits,1797,forest,parameters,opaque,False,1,model_and_predictions,1,2,recoverability_v2,1.0,17542192,7399537,17542192,15175,0.0002017649999288551,True,True,ok,True,0.005699037999875145,0,2,
case05-rep1,digits,1797,forest,parameters,opaque,False,1,model_and_predictions,1,3,recoverability_v2,1.0,17542192,7399537,17542192,15175,0.0002017649999288551,True,True,ok,True,0.005998981000175263,0,2,
case05-rep1,digits,1797,forest,parameters,opaque,False,1,model_and_predictions,1,4,recoverability_v2,1.0,17542192,7399537,17542192,15175,0.0002017649999288551,True,True,ok,True,0.0062175910002224555,0,2,
case05-rep1,digits,1797,forest,parameters,opaque,False,1,model_and_predictions,1,0,target_snapshots,0.5,8771096,7399537,17542192,15175,0.00027979300011793384,True,True,ok,True,0.005935435000083089,0,2,
case05-rep1,digits,1797,forest,parameters,opaque,False,1,model_and_predictions,1,1,target_snapshots,0.5,8771096,7399537,17542192,15175,0.00027979300011793384,True,True,ok,True,0.005821382000249287,0,2,
case05-rep1,digits,1797,forest,parameters,opaque,False,1,model_and_predictions,1,2,target_snapshots,0.5,8771096,7399537,17542192,15175,0.00027979300011793384,True,True,ok,True,0.006234146999759105,0,2,
case05-rep1,digits,1797,forest,parameters,opaque,False,1,model_and_predictions,1,3,target_snapshots,0.5,8771096,7399537,17542192,15175,0.00027979300011793384,True,True,ok,True,0.0060784820002481865,0,2,
case05-rep1,digits,1797,forest,parameters,opaque,False,1,model_and_predictions,1,4,target_snapshots,0.5,8771096,7399537,17542192,15175,0.00027979300011793384,True,True,ok,True,0.006887814000037906,0,2,
case05-rep2,digits,1797,forest,parameters,opaque,False,1,model_and_predictions,2,0,recoverability_v3,1.0,17563349,7420694,17563349,15168,0.0002727320002122724,True,True,ok,True,0.006303961999947205,0,2,
case05-rep2,digits,1797,forest,parameters,opaque,False,1,model_and_predictions,2,1,recoverability_v3,1.0,17563349,7420694,17563349,15168,0.0002727320002122724,True,True,ok,True,0.006259726000280352,0,2,
case05-rep2,digits,1797,forest,parameters,opaque,False,1,model_and_predictions,2,2,recoverability_v3,1.0,17563349,7420694,17563349,15168,0.0002727320002122724,True,True,ok,True,0.00789618699991479,0,2,
case05-rep2,digits,1797,forest,parameters,opaque,False,1,model_and_predictions,2,3,recoverability_v3,1.0,17563349,7420694,17563349,15168,0.0002727320002122724,True,True,ok,True,0.006744367000010243,0,2,
case05-rep2,digits,1797,forest,parameters,opaque,False,1,model_and_predictions,2,4,recoverability_v3,1.0,17563349,7420694,17563349,15168,0.0002727320002122724,True,True,ok,True,0.006566718000158289,0,2,
case05-rep2,digits,1797,forest,parameters,opaque,False,1,model_and_predictions,2,0,full_replay,0.4,7025339,949875,17563349,15168,0.00039217199991981033,False,True,restore_failed,False,9.749699984240578e-05,0,0,No exact path for external_features: non-replayable artifact missing
case05-rep2,digits,1797,forest,parameters,opaque,False,1,model_and_predictions,2,1,full_replay,0.4,7025339,949875,17563349,15168,0.00039217199991981033,False,True,restore_failed,False,9.39920000746497e-05,0,0,No exact path for external_features: non-replayable artifact missing
case05-rep2,digits,1797,forest,parameters,opaque,False,1,model_and_predictions,2,2,full_replay,0.4,7025339,949875,17563349,15168,0.00039217199991981033,False,True,restore_failed,False,0.00010199400003330084,0,0,No exact path for external_features: non-replayable artifact missing
case05-rep2,digits,1797,forest,parameters,opaque,False,1,model_and_predictions,2,3,full_replay,0.4,7025339,949875,17563349,15168,0.00039217199991981033,False,True,restore_failed,False,0.0001013529999909224,0,0,No exact path for external_features: non-replayable artifact missing
case05-rep2,digits,1797,forest,parameters,opaque,False,1,model_and_predictions,2,4,full_replay,0.4,7025339,949875,17563349,15168,0.00039217199991981033,False,True,restore_failed,False,0.0003037189999304246,0,0,No exact path for external_features: non-replayable artifact missing
case05-rep2,digits,1797,forest,parameters,opaque,False,1,model_and_predictions,2,0,recoverability_v2,1.0,17563349,7420694,17563349,15168,0.00038113600021461025,True,True,ok,True,0.005095977000109997,0,2,
case05-rep2,digits,1797,forest,parameters,opaque,False,1,model_and_predictions,2,1,recoverability_v2,1.0,17563349,7420694,17563349,15168,0.00038113600021461025,True,True,ok,True,0.005345863999991707,0,2,
case05-rep2,digits,1797,forest,parameters,opaque,False,1,model_and_predictions,2,2,recoverability_v2,1.0,17563349,7420694,17563349,15168,0.00038113600021461025,True,True,ok,True,0.00618995900003938,0,2,
case05-rep2,digits,1797,forest,parameters,opaque,False,1,model_and_predictions,2,3,recoverability_v2,1.0,17563349,7420694,17563349,15168,0.00038113600021461025,True,True,ok,True,0.006947714000034466,0,2,
case05-rep2,digits,1797,forest,parameters,opaque,False,1,model_and_predictions,2,4,recoverability_v2,1.0,17563349,7420694,17563349,15168,0.00038113600021461025,True,True,ok,True,0.0067903960002695385,0,2,
case05-rep2,digits,1797,forest,parameters,opaque,False,1,model_and_predictions,2,0,full_replay,0.2,3512669,949875,17563349,15168,0.0003013549999195675,False,True,restore_failed,False,9.988100009650225e-05,0,0,No exact path for external_features: non-replayable artifact missing
case05-rep2,digits,1797,forest,parameters,opaque,False,1,model_and_predictions,2,1,full_replay,0.2,3512669,949875,17563349,15168,0.0003013549999195675,False,True,restore_failed,False,9.333099978903192e-05,0,0,No exact path for external_features: non-replayable artifact missing
case05-rep2,digits,1797,forest,parameters,opaque,False,1,model_and_predictions,2,2,full_replay,0.2,3512669,949875,17563349,15168,0.0003013549999195675,False,True,restore_failed,False,9.718699993754853e-05,0,0,No exact path for external_features: non-replayable artifact missing
case05-rep2,digits,1797,forest,parameters,opaque,False,1,model_and_predictions,2,3,full_replay,0.2,3512669,949875,17563349,15168,0.0003013549999195675,False,True,restore_failed,False,9.802800013858359e-05,0,0,No exact path for external_features: non-replayable artifact missing
case05-rep2,digits,1797,forest,parameters,opaque,False,1,model_and_predictions,2,4,full_replay,0.2,3512669,949875,17563349,15168,0.0003013549999195675,False,True,restore_failed,False,9.602500040273299e-05,0,0,No exact path for external_features: non-replayable artifact missing
case05-rep2,digits,1797,forest,parameters,opaque,False,1,model_and_predictions,2,0,recoverability_v3,0.3,5269004,949875,17563349,15168,0.003515270000207238,False,False,proven_infeasible,False,,0,0,not executed: budget/selection failure
case05-rep2,digits,1797,forest,parameters,opaque,False,1,model_and_predictions,2,1,recoverability_v3,0.3,5269004,949875,17563349,15168,0.003515270000207238,False,False,proven_infeasible,False,,0,0,not executed: budget/selection failure
case05-rep2,digits,1797,forest,parameters,opaque,False,1,model_and_predictions,2,2,recoverability_v3,0.3,5269004,949875,17563349,15168,0.003515270000207238,False,False,proven_infeasible,False,,0,0,not executed: budget/selection failure
case05-rep2,digits,1797,forest,parameters,opaque,False,1,model_and_predictions,2,3,recoverability_v3,0.3,5269004,949875,17563349,15168,0.003515270000207238,False,False,proven_infeasible,False,,0,0,not executed: budget/selection failure
case05-rep2,digits,1797,forest,parameters,opaque,False,1,model_and_predictions,2,4,recoverability_v3,0.3,5269004,949875,17563349,15168,0.003515270000207238,False,False,proven_infeasible,False,,0,0,not executed: budget/selection failure
case05-rep2,digits,1797,forest,parameters,opaque,False,1,model_and_predictions,2,0,full_replay,0.1,1756334,949875,17563349,15168,0.0005653739999615937,False,True,restore_failed,False,9.597500002200832e-05,0,0,No exact path for external_features: non-replayable artifact missing
case05-rep2,digits,1797,forest,parameters,opaque,False,1,model_and_predictions,2,1,full_replay,0.1,1756334,949875,17563349,15168,0.0005653739999615937,False,True,restore_failed,False,0.00011395199999242323,0,0,No exact path for external_features: non-replayable artifact missing
case05-rep2,digits,1797,forest,parameters,opaque,False,1,model_and_predictions,2,2,full_replay,0.1,1756334,949875,17563349,15168,0.0005653739999615937,False,True,restore_failed,False,0.0001529309997749806,0,0,No exact path for external_features: non-replayable artifact missing
case05-rep2,digits,1797,forest,parameters,opaque,False,1,model_and_predictions,2,3,full_replay,0.1,1756334,949875,17563349,15168,0.0005653739999615937,False,True,restore_failed,False,0.00021297100010997383,0,0,No exact path for external_features: non-replayable artifact missing
case05-rep2,digits,1797,forest,parameters,opaque,False,1,model_and_predictions,2,4,full_replay,0.1,1756334,949875,17563349,15168,0.0005653739999615937,False,True,restore_failed,False,9.664600020187208e-05,0,0,No exact path for external_features: non-replayable artifact missing
case05-rep2,digits,1797,forest,parameters,opaque,False,1,model_and_predictions,2,0,target_snapshots,0.3,5269004,7420694,17563349,15168,0.00041438600010224036,True,False,budget_exceeded,False,,0,0,not executed: budget/selection failure
case05-rep2,digits,1797,forest,parameters,opaque,False,1,model_and_predictions,2,1,target_snapshots,0.3,5269004,7420694,17563349,15168,0.00041438600010224036,True,False,budget_exceeded,False,,0,0,not executed: budget/selection failure
case05-rep2,digits,1797,forest,parameters,opaque,False,1,model_and_predictions,2,2,target_snapshots,0.3,5269004,7420694,17563349,15168,0.00041438600010224036,True,False,budget_exceeded,False,,0,0,not executed: budget/selection failure
case05-rep2,digits,1797,forest,parameters,opaque,False,1,model_and_predictions,2,3,target_snapshots,0.3,5269004,7420694,17563349,15168,0.00041438600010224036,True,False,budget_exceeded,False,,0,0,not executed: budget/selection failure
case05-rep2,digits,1797,forest,parameters,opaque,False,1,model_and_predictions,2,4,target_snapshots,0.3,5269004,7420694,17563349,15168,0.00041438600010224036,True,False,budget_exceeded,False,,0,0,not executed: budget/selection failure
case05-rep2,digits,1797,forest,parameters,opaque,False,1,model_and_predictions,2,0,target_snapshots,0.1,1756334,7420694,17563349,15168,0.00018751300012809224,True,False,budget_exceeded,False,,0,0,not executed: budget/selection failure
case05-rep2,digits,1797,forest,parameters,opaque,False,1,model_and_predictions,2,1,target_snapshots,0.1,1756334,7420694,17563349,15168,0.00018751300012809224,True,False,budget_exceeded,False,,0,0,not executed: budget/selection failure
case05-rep2,digits,1797,forest,parameters,opaque,False,1,model_and_predictions,2,2,target_snapshots,0.1,1756334,7420694,17563349,15168,0.00018751300012809224,True,False,budget_exceeded,False,,0,0,not executed: budget/selection failure
case05-rep2,digits,1797,forest,parameters,opaque,False,1,model_and_predictions,2,3,target_snapshots,0.1,1756334,7420694,17563349,15168,0.00018751300012809224,True,False,budget_exceeded,False,,0,0,not executed: budget/selection failure
case05-rep2,digits,1797,forest,parameters,opaque,False,1,model_and_predictions,2,4,target_snapshots,0.1,1756334,7420694,17563349,15168,0.00018751300012809224,True,False,budget_exceeded,False,,0,0,not executed: budget/selection failure
case05-rep2,digits,1797,forest,parameters,opaque,False,1,model_and_predictions,2,0,target_snapshots,1.0,17563349,7420694,17563349,15168,0.00018496999973649508,True,True,ok,True,0.005340266000075644,0,2,
case05-rep2,digits,1797,forest,parameters,opaque,False,1,model_and_predictions,2,1,target_snapshots,1.0,17563349,7420694,17563349,15168,0.00018496999973649508,True,True,ok,True,0.005810026000290236,0,2,
case05-rep2,digits,1797,forest,parameters,opaque,False,1,model_and_predictions,2,2,target_snapshots,1.0,17563349,7420694,17563349,15168,0.00018496999973649508,True,True,ok,True,0.009814834999815503,0,2,
case05-rep2,digits,1797,forest,parameters,opaque,False,1,model_and_predictions,2,3,target_snapshots,1.0,17563349,7420694,17563349,15168,0.00018496999973649508,True,True,ok,True,0.007551866000085283,0,2,
case05-rep2,digits,1797,forest,parameters,opaque,False,1,model_and_predictions,2,4,target_snapshots,1.0,17563349,7420694,17563349,15168,0.00018496999973649508,True,True,ok,True,0.006309379999947851,0,2,
case05-rep2,digits,1797,forest,parameters,opaque,False,1,model_and_predictions,2,0,full_snapshot,0.2,3512669,17563349,17563349,15168,0.0003547960000105377,True,False,budget_exceeded,False,,0,0,not executed: budget/selection failure
case05-rep2,digits,1797,forest,parameters,opaque,False,1,model_and_predictions,2,1,full_snapshot,0.2,3512669,17563349,17563349,15168,0.0003547960000105377,True,False,budget_exceeded,False,,0,0,not executed: budget/selection failure
case05-rep2,digits,1797,forest,parameters,opaque,False,1,model_and_predictions,2,2,full_snapshot,0.2,3512669,17563349,17563349,15168,0.0003547960000105377,True,False,budget_exceeded,False,,0,0,not executed: budget/selection failure
case05-rep2,digits,1797,forest,parameters,opaque,False,1,model_and_predictions,2,3,full_snapshot,0.2,3512669,17563349,17563349,15168,0.0003547960000105377,True,False,budget_exceeded,False,,0,0,not executed: budget/selection failure
case05-rep2,digits,1797,forest,parameters,opaque,False,1,model_and_predictions,2,4,full_snapshot,0.2,3512669,17563349,17563349,15168,0.0003547960000105377,True,False,budget_exceeded,False,,0,0,not executed: budget/selection failure
case05-rep2,digits,1797,forest,parameters,opaque,False,1,model_and_predictions,2,0,full_snapshot,0.5,8781674,17563349,17563349,15168,0.0001849589998528245,True,False,budget_exceeded,False,,0,0,not executed: budget/selection failure
case05-rep2,digits,1797,forest,parameters,opaque,False,1,model_and_predictions,2,1,full_snapshot,0.5,8781674,17563349,17563349,15168,0.0001849589998528245,True,False,budget_exceeded,False,,0,0,not executed: budget/selection failure
case05-rep2,digits,1797,forest,parameters,opaque,False,1,model_and_predictions,2,2,full_snapshot,0.5,8781674,17563349,17563349,15168,0.0001849589998528245,True,False,budget_exceeded,False,,0,0,not executed: budget/selection failure
case05-rep2,digits,1797,forest,parameters,opaque,False,1,model_and_predictions,2,3,full_snapshot,0.5,8781674,17563349,17563349,15168,0.0001849589998528245,True,False,budget_exceeded,False,,0,0,not executed: budget/selection failure
case05-rep2,digits,1797,forest,parameters,opaque,False,1,model_and_predictions,2,4,full_snapshot,0.5,8781674,17563349,17563349,15168,0.0001849589998528245,True,False,budget_exceeded,False,,0,0,not executed: budget/selection failure
case05-rep2,digits,1797,forest,parameters,opaque,False,1,model_and_predictions,2,0,full_snapshot,0.3,5269004,17563349,17563349,15168,0.0001849390000643325,True,False,budget_exceeded,False,,0,0,not executed: budget/selection failure
case05-rep2,digits,1797,forest,parameters,opaque,False,1,model_and_predictions,2,1,full_snapshot,0.3,5269004,17563349,17563349,15168,0.0001849390000643325,True,False,budget_exceeded,False,,0,0,not executed: budget/selection failure
case05-rep2,digits,1797,forest,parameters,opaque,False,1,model_and_predictions,2,2,full_snapshot,0.3,5269004,17563349,17563349,15168,0.0001849390000643325,True,False,budget_exceeded,False,,0,0,not executed: budget/selection failure
case05-rep2,digits,1797,forest,parameters,opaque,False,1,model_and_predictions,2,3,full_snapshot,0.3,5269004,17563349,17563349,15168,0.0001849390000643325,True,False,budget_exceeded,False,,0,0,not executed: budget/selection failure
case05-rep2,digits,1797,forest,parameters,opaque,False,1,model_and_predictions,2,4,full_snapshot,0.3,5269004,17563349,17563349,15168,0.0001849390000643325,True,False,budget_exceeded,False,,0,0,not executed: budget/selection failure
case05-rep2,digits,1797,forest,parameters,opaque,False,1,model_and_predictions,2,0,full_replay,0.3,5269004,949875,17563349,15168,0.00018138399991585175,False,True,restore_failed,False,9.644500005379086e-05,0,0,No exact path for external_features: non-replayable artifact missing
case05-rep2,digits,1797,forest,parameters,opaque,False,1,model_and_predictions,2,1,full_replay,0.3,5269004,949875,17563349,15168,0.00018138399991585175,False,True,restore_failed,False,9.083699978873483e-05,0,0,No exact path for external_features: non-replayable artifact missing
case05-rep2,digits,1797,forest,parameters,opaque,False,1,model_and_predictions,2,2,full_replay,0.3,5269004,949875,17563349,15168,0.00018138399991585175,False,True,restore_failed,False,9.626500013837358e-05,0,0,No exact path for external_features: non-replayable artifact missing
case05-rep2,digits,1797,forest,parameters,opaque,False,1,model_and_predictions,2,3,full_replay,0.3,5269004,949875,17563349,15168,0.00018138399991585175,False,True,restore_failed,False,9.070699979929486e-05,0,0,No exact path for external_features: non-replayable artifact missing
case05-rep2,digits,1797,forest,parameters,opaque,False,1,model_and_predictions,2,4,full_replay,0.3,5269004,949875,17563349,15168,0.00018138399991585175,False,True,restore_failed,False,9.21289997677377e-05,0,0,No exact path for external_features: non-replayable artifact missing
case05-rep2,digits,1797,forest,parameters,opaque,False,1,model_and_predictions,2,0,full_snapshot,0.1,1756334,17563349,17563349,15168,0.00033382400033588056,True,False,budget_exceeded,False,,0,0,not executed: budget/selection failure
case05-rep2,digits,1797,forest,parameters,opaque,False,1,model_and_predictions,2,1,full_snapshot,0.1,1756334,17563349,17563349,15168,0.00033382400033588056,True,False,budget_exceeded,False,,0,0,not executed: budget/selection failure
case05-rep2,digits,1797,forest,parameters,opaque,False,1,model_and_predictions,2,2,full_snapshot,0.1,1756334,17563349,17563349,15168,0.00033382400033588056,True,False,budget_exceeded,False,,0,0,not executed: budget/selection failure
case05-rep2,digits,1797,forest,parameters,opaque,False,1,model_and_predictions,2,3,full_snapshot,0.1,1756334,17563349,17563349,15168,0.00033382400033588056,True,False,budget_exceeded,False,,0,0,not executed: budget/selection failure
case05-rep2,digits,1797,forest,parameters,opaque,False,1,model_and_predictions,2,4,full_snapshot,0.1,1756334,17563349,17563349,15168,0.00033382400033588056,True,False,budget_exceeded,False,,0,0,not executed: budget/selection failure
case05-rep2,digits,1797,forest,parameters,opaque,False,1,model_and_predictions,2,0,target_snapshots,0.5,8781674,7420694,17563349,15168,0.0001953450000655721,True,True,ok,True,0.005204401000355574,0,2,
case05-rep2,digits,1797,forest,parameters,opaque,False,1,model_and_predictions,2,1,target_snapshots,0.5,8781674,7420694,17563349,15168,0.0001953450000655721,True,True,ok,True,0.005989086000226962,0,2,
case05-rep2,digits,1797,forest,parameters,opaque,False,1,model_and_predictions,2,2,target_snapshots,0.5,8781674,7420694,17563349,15168,0.0001953450000655721,True,True,ok,True,0.006726561000050424,0,2,
case05-rep2,digits,1797,forest,parameters,opaque,False,1,model_and_predictions,2,3,target_snapshots,0.5,8781674,7420694,17563349,15168,0.0001953450000655721,True,True,ok,True,0.006358173999615246,0,2,
case05-rep2,digits,1797,forest,parameters,opaque,False,1,model_and_predictions,2,4,target_snapshots,0.5,8781674,7420694,17563349,15168,0.0001953450000655721,True,True,ok,True,0.00719995499957804,0,2,
case05-rep2,digits,1797,forest,parameters,opaque,False,1,model_and_predictions,2,0,full_replay,1.0,17563349,949875,17563349,15168,0.00029389400015134015,False,True,restore_failed,False,9.652500011725351e-05,0,0,No exact path for external_features: non-replayable artifact missing
case05-rep2,digits,1797,forest,parameters,opaque,False,1,model_and_predictions,2,1,full_replay,1.0,17563349,949875,17563349,15168,0.00029389400015134015,False,True,restore_failed,False,9.49230002333934e-05,0,0,No exact path for external_features: non-replayable artifact missing
case05-rep2,digits,1797,forest,parameters,opaque,False,1,model_and_predictions,2,2,full_replay,1.0,17563349,949875,17563349,15168,0.00029389400015134015,False,True,restore_failed,False,0.00015615599977536476,0,0,No exact path for external_features: non-replayable artifact missing
case05-rep2,digits,1797,forest,parameters,opaque,False,1,model_and_predictions,2,3,full_replay,1.0,17563349,949875,17563349,15168,0.00029389400015134015,False,True,restore_failed,False,9.887900023386464e-05,0,0,No exact path for external_features: non-replayable artifact missing
case05-rep2,digits,1797,forest,parameters,opaque,False,1,model_and_predictions,2,4,full_replay,1.0,17563349,949875,17563349,15168,0.00029389400015134015,False,True,restore_failed,False,0.00011531400014064275,0,0,No exact path for external_features: non-replayable artifact missing
case05-rep2,digits,1797,forest,parameters,opaque,False,1,model_and_predictions,2,0,recoverability_v2,0.2,3512669,949875,17563349,15168,0.00450706799983891,False,False,proven_infeasible,False,,0,0,not executed: budget/selection failure
case05-rep2,digits,1797,forest,parameters,opaque,False,1,model_and_predictions,2,1,recoverability_v2,0.2,3512669,949875,17563349,15168,0.00450706799983891,False,False,proven_infeasible,False,,0,0,not executed: budget/selection failure
case05-rep2,digits,1797,forest,parameters,opaque,False,1,model_and_predictions,2,2,recoverability_v2,0.2,3512669,949875,17563349,15168,0.00450706799983891,False,False,proven_infeasible,False,,0,0,not executed: budget/selection failure
case05-rep2,digits,1797,forest,parameters,opaque,False,1,model_and_predictions,2,3,recoverability_v2,0.2,3512669,949875,17563349,15168,0.00450706799983891,False,False,proven_infeasible,False,,0,0,not executed: budget/selection failure
case05-rep2,digits,1797,forest,parameters,opaque,False,1,model_and_predictions,2,4,recoverability_v2,0.2,3512669,949875,17563349,15168,0.00450706799983891,False,False,proven_infeasible,False,,0,0,not executed: budget/selection failure
case05-rep2,digits,1797,forest,parameters,opaque,False,1,model_and_predictions,2,0,recoverability_v2,0.1,1756334,949875,17563349,15168,0.0021767180001006636,False,False,proven_infeasible,False,,0,0,not executed: budget/selection failure
case05-rep2,digits,1797,forest,parameters,opaque,False,1,model_and_predictions,2,1,recoverability_v2,0.1,1756334,949875,17563349,15168,0.0021767180001006636,False,False,proven_infeasible,False,,0,0,not executed: budget/selection failure
case05-rep2,digits,1797,forest,parameters,opaque,False,1,model_and_predictions,2,2,recoverability_v2,0.1,1756334,949875,17563349,15168,0.0021767180001006636,False,False,proven_infeasible,False,,0,0,not executed: budget/selection failure
case05-rep2,digits,1797,forest,parameters,opaque,False,1,model_and_predictions,2,3,recoverability_v2,0.1,1756334,949875,17563349,15168,0.0021767180001006636,False,False,proven_infeasible,False,,0,0,not executed: budget/selection failure
case05-rep2,digits,1797,forest,parameters,opaque,False,1,model_and_predictions,2,4,recoverability_v2,0.1,1756334,949875,17563349,15168,0.0021767180001006636,False,False,proven_infeasible,False,,0,0,not executed: budget/selection failure
case05-rep2,digits,1797,forest,parameters,opaque,False,1,model_and_predictions,2,0,target_snapshots,0.4,7025339,7420694,17563349,15168,0.0001864110004135,True,False,budget_exceeded,False,,0,0,not executed: budget/selection failure
case05-rep2,digits,1797,forest,parameters,opaque,False,1,model_and_predictions,2,1,target_snapshots,0.4,7025339,7420694,17563349,15168,0.0001864110004135,True,False,budget_exceeded,False,,0,0,not executed: budget/selection failure
case05-rep2,digits,1797,forest,parameters,opaque,False,1,model_and_predictions,2,2,target_snapshots,0.4,7025339,7420694,17563349,15168,0.0001864110004135,True,False,budget_exceeded,False,,0,0,not executed: budget/selection failure
case05-rep2,digits,1797,forest,parameters,opaque,False,1,model_and_predictions,2,3,target_snapshots,0.4,7025339,7420694,17563349,15168,0.0001864110004135,True,False,budget_exceeded,False,,0,0,not executed: budget/selection failure
case05-rep2,digits,1797,forest,parameters,opaque,False,1,model_and_predictions,2,4,target_snapshots,0.4,7025339,7420694,17563349,15168,0.0001864110004135,True,False,budget_exceeded,False,,0,0,not executed: budget/selection failure
case05-rep2,digits,1797,forest,parameters,opaque,False,1,model_and_predictions,2,0,full_snapshot,1.0,17563349,17563349,17563349,15168,0.0002567070000623062,True,True,ok,True,0.00493527400021776,0,2,
case05-rep2,digits,1797,forest,parameters,opaque,False,1,model_and_predictions,2,1,full_snapshot,1.0,17563349,17563349,17563349,15168,0.0002567070000623062,True,True,ok,True,0.007410444000015559,0,2,
case05-rep2,digits,1797,forest,parameters,opaque,False,1,model_and_predictions,2,2,full_snapshot,1.0,17563349,17563349,17563349,15168,0.0002567070000623062,True,True,ok,True,0.006352144999709708,0,2,
case05-rep2,digits,1797,forest,parameters,opaque,False,1,model_and_predictions,2,3,full_snapshot,1.0,17563349,17563349,17563349,15168,0.0002567070000623062,True,True,ok,True,0.006287998000061634,0,2,
case05-rep2,digits,1797,forest,parameters,opaque,False,1,model_and_predictions,2,4,full_snapshot,1.0,17563349,17563349,17563349,15168,0.0002567070000623062,True,True,ok,True,0.0064336179998463194,0,2,
case05-rep2,digits,1797,forest,parameters,opaque,False,1,model_and_predictions,2,0,recoverability_v3,0.1,1756334,949875,17563349,15168,0.002287064000029204,False,False,proven_infeasible,False,,0,0,not executed: budget/selection failure
case05-rep2,digits,1797,forest,parameters,opaque,False,1,model_and_predictions,2,1,recoverability_v3,0.1,1756334,949875,17563349,15168,0.002287064000029204,False,False,proven_infeasible,False,,0,0,not executed: budget/selection failure
case05-rep2,digits,1797,forest,parameters,opaque,False,1,model_and_predictions,2,2,recoverability_v3,0.1,1756334,949875,17563349,15168,0.002287064000029204,False,False,proven_infeasible,False,,0,0,not executed: budget/selection failure
case05-rep2,digits,1797,forest,parameters,opaque,False,1,model_and_predictions,2,3,recoverability_v3,0.1,1756334,949875,17563349,15168,0.002287064000029204,False,False,proven_infeasible,False,,0,0,not executed: budget/selection failure
case05-rep2,digits,1797,forest,parameters,opaque,False,1,model_and_predictions,2,4,recoverability_v3,0.1,1756334,949875,17563349,15168,0.002287064000029204,False,False,proven_infeasible,False,,0,0,not executed: budget/selection failure
case05-rep2,digits,1797,forest,parameters,opaque,False,1,model_and_predictions,2,0,recoverability_v3,0.2,3512669,949875,17563349,15168,0.002956715999971493,False,False,proven_infeasible,False,,0,0,not executed: budget/selection failure
case05-rep2,digits,1797,forest,parameters,opaque,False,1,model_and_predictions,2,1,recoverability_v3,0.2,3512669,949875,17563349,15168,0.002956715999971493,False,False,proven_infeasible,False,,0,0,not executed: budget/selection failure
case05-rep2,digits,1797,forest,parameters,opaque,False,1,model_and_predictions,2,2,recoverability_v3,0.2,3512669,949875,17563349,15168,0.002956715999971493,False,False,proven_infeasible,False,,0,0,not executed: budget/selection failure
case05-rep2,digits,1797,forest,parameters,opaque,False,1,model_and_predictions,2,3,recoverability_v3,0.2,3512669,949875,17563349,15168,0.002956715999971493,False,False,proven_infeasible,False,,0,0,not executed: budget/selection failure
case05-rep2,digits,1797,forest,parameters,opaque,False,1,model_and_predictions,2,4,recoverability_v3,0.2,3512669,949875,17563349,15168,0.002956715999971493,False,False,proven_infeasible,False,,0,0,not executed: budget/selection failure
case05-rep2,digits,1797,forest,parameters,opaque,False,1,model_and_predictions,2,0,full_snapshot,0.4,7025339,17563349,17563349,15168,0.0002527409997128416,True,False,budget_exceeded,False,,0,0,not executed: budget/selection failure
case05-rep2,digits,1797,forest,parameters,opaque,False,1,model_and_predictions,2,1,full_snapshot,0.4,7025339,17563349,17563349,15168,0.0002527409997128416,True,False,budget_exceeded,False,,0,0,not executed: budget/selection failure
case05-rep2,digits,1797,forest,parameters,opaque,False,1,model_and_predictions,2,2,full_snapshot,0.4,7025339,17563349,17563349,15168,0.0002527409997128416,True,False,budget_exceeded,False,,0,0,not executed: budget/selection failure
case05-rep2,digits,1797,forest,parameters,opaque,False,1,model_and_predictions,2,3,full_snapshot,0.4,7025339,17563349,17563349,15168,0.0002527409997128416,True,False,budget_exceeded,False,,0,0,not executed: budget/selection failure
case05-rep2,digits,1797,forest,parameters,opaque,False,1,model_and_predictions,2,4,full_snapshot,0.4,7025339,17563349,17563349,15168,0.0002527409997128416,True,False,budget_exceeded,False,,0,0,not executed: budget/selection failure
case05-rep2,digits,1797,forest,parameters,opaque,False,1,model_and_predictions,2,0,recoverability_v2,0.3,5269004,949875,17563349,15168,0.0037252369997986534,False,False,proven_infeasible,False,,0,0,not executed: budget/selection failure
case05-rep2,digits,1797,forest,parameters,opaque,False,1,model_and_predictions,2,1,recoverability_v2,0.3,5269004,949875,17563349,15168,0.0037252369997986534,False,False,proven_infeasible,False,,0,0,not executed: budget/selection failure
case05-rep2,digits,1797,forest,parameters,opaque,False,1,model_and_predictions,2,2,recoverability_v2,0.3,5269004,949875,17563349,15168,0.0037252369997986534,False,False,proven_infeasible,False,,0,0,not executed: budget/selection failure
case05-rep2,digits,1797,forest,parameters,opaque,False,1,model_and_predictions,2,3,recoverability_v2,0.3,5269004,949875,17563349,15168,0.0037252369997986534,False,False,proven_infeasible,False,,0,0,not executed: budget/selection failure
case05-rep2,digits,1797,forest,parameters,opaque,False,1,model_and_predictions,2,4,recoverability_v2,0.3,5269004,949875,17563349,15168,0.0037252369997986534,False,False,proven_infeasible,False,,0,0,not executed: budget/selection failure
case05-rep2,digits,1797,forest,parameters,opaque,False,1,model_and_predictions,2,0,full_replay,0.5,8781674,949875,17563349,15168,0.00027211099995838595,False,True,restore_failed,False,0.00017385199998898315,0,0,No exact path for external_features: non-replayable artifact missing
case05-rep2,digits,1797,forest,parameters,opaque,False,1,model_and_predictions,2,1,full_replay,0.5,8781674,949875,17563349,15168,0.00027211099995838595,False,True,restore_failed,False,9.179900007438846e-05,0,0,No exact path for external_features: non-replayable artifact missing
case05-rep2,digits,1797,forest,parameters,opaque,False,1,model_and_predictions,2,2,full_replay,0.5,8781674,949875,17563349,15168,0.00027211099995838595,False,True,restore_failed,False,0.0001003520001177094,0,0,No exact path for external_features: non-replayable artifact missing
case05-rep2,digits,1797,forest,parameters,opaque,False,1,model_and_predictions,2,3,full_replay,0.5,8781674,949875,17563349,15168,0.00027211099995838595,False,True,restore_failed,False,0.00011037700005545048,0,0,No exact path for external_features: non-replayable artifact missing
case05-rep2,digits,1797,forest,parameters,opaque,False,1,model_and_predictions,2,4,full_replay,0.5,8781674,949875,17563349,15168,0.00027211099995838595,False,True,restore_failed,False,9.332099989478593e-05,0,0,No exact path for external_features: non-replayable artifact missing
case05-rep2,digits,1797,forest,parameters,opaque,False,1,model_and_predictions,2,0,recoverability_v2,0.5,8781674,7420694,17563349,15168,0.00047218299960150034,True,True,ok,True,0.005393617000208906,0,2,
case05-rep2,digits,1797,forest,parameters,opaque,False,1,model_and_predictions,2,1,recoverability_v2,0.5,8781674,7420694,17563349,15168,0.00047218299960150034,True,True,ok,True,0.00601159000007101,0,2,
case05-rep2,digits,1797,forest,parameters,opaque,False,1,model_and_predictions,2,2,recoverability_v2,0.5,8781674,7420694,17563349,15168,0.00047218299960150034,True,True,ok,True,0.00578280400031872,0,2,
case05-rep2,digits,1797,forest,parameters,opaque,False,1,model_and_predictions,2,3,recoverability_v2,0.5,8781674,7420694,17563349,15168,0.00047218299960150034,True,True,ok,True,0.005751787000008335,0,2,
case05-rep2,digits,1797,forest,parameters,opaque,False,1,model_and_predictions,2,4,recoverability_v2,0.5,8781674,7420694,17563349,15168,0.00047218299960150034,True,True,ok,True,0.006207555999935721,0,2,
case05-rep2,digits,1797,forest,parameters,opaque,False,1,model_and_predictions,2,0,recoverability_v3,0.5,8781674,7420694,17563349,15168,0.0002979700002470054,True,True,ok,True,0.004599817999860534,0,2,
case05-rep2,digits,1797,forest,parameters,opaque,False,1,model_and_predictions,2,1,recoverability_v3,0.5,8781674,7420694,17563349,15168,0.0002979700002470054,True,True,ok,True,0.006121717000041826,0,2,
case05-rep2,digits,1797,forest,parameters,opaque,False,1,model_and_predictions,2,2,recoverability_v3,0.5,8781674,7420694,17563349,15168,0.0002979700002470054,True,True,ok,True,0.00584781399993517,0,2,
case05-rep2,digits,1797,forest,parameters,opaque,False,1,model_and_predictions,2,3,recoverability_v3,0.5,8781674,7420694,17563349,15168,0.0002979700002470054,True,True,ok,True,0.006390372000169009,0,2,
case05-rep2,digits,1797,forest,parameters,opaque,False,1,model_and_predictions,2,4,recoverability_v3,0.5,8781674,7420694,17563349,15168,0.0002979700002470054,True,True,ok,True,0.008963738999682391,0,2,
case05-rep2,digits,1797,forest,parameters,opaque,False,1,model_and_predictions,2,0,recoverability_v2,0.4,7025339,6931030,17563349,15168,0.01077078900016204,True,True,ok,True,0.004753400000026886,0,2,
case05-rep2,digits,1797,forest,parameters,opaque,False,1,model_and_predictions,2,1,recoverability_v2,0.4,7025339,6931030,17563349,15168,0.01077078900016204,True,True,ok,True,0.015457848999631096,0,2,
case05-rep2,digits,1797,forest,parameters,opaque,False,1,model_and_predictions,2,2,recoverability_v2,0.4,7025339,6931030,17563349,15168,0.01077078900016204,True,True,ok,True,0.007902796000053058,0,2,
case05-rep2,digits,1797,forest,parameters,opaque,False,1,model_and_predictions,2,3,recoverability_v2,0.4,7025339,6931030,17563349,15168,0.01077078900016204,True,True,ok,True,0.007840473000214843,0,2,
case05-rep2,digits,1797,forest,parameters,opaque,False,1,model_and_predictions,2,4,recoverability_v2,0.4,7025339,6931030,17563349,15168,0.01077078900016204,True,True,ok,True,0.18171488200005115,1,4,
case05-rep2,digits,1797,forest,parameters,opaque,False,1,model_and_predictions,2,0,recoverability_v3,0.4,7025339,6931030,17563349,15168,0.005436681999981374,True,True,ok,True,0.0054695009998795285,0,2,
case05-rep2,digits,1797,forest,parameters,opaque,False,1,model_and_predictions,2,1,recoverability_v3,0.4,7025339,6931030,17563349,15168,0.005436681999981374,True,True,ok,True,0.006289218999881996,0,2,
case05-rep2,digits,1797,forest,parameters,opaque,False,1,model_and_predictions,2,2,recoverability_v3,0.4,7025339,6931030,17563349,15168,0.005436681999981374,True,True,ok,True,0.006268317999911233,0,2,
case05-rep2,digits,1797,forest,parameters,opaque,False,1,model_and_predictions,2,3,recoverability_v3,0.4,7025339,6931030,17563349,15168,0.005436681999981374,True,True,ok,True,0.010286947000167856,0,2,
case05-rep2,digits,1797,forest,parameters,opaque,False,1,model_and_predictions,2,4,recoverability_v3,0.4,7025339,6931030,17563349,15168,0.005436681999981374,True,True,ok,True,0.16400189799969667,1,4,
case05-rep2,digits,1797,forest,parameters,opaque,False,1,model_and_predictions,2,0,target_snapshots,0.2,3512669,7420694,17563349,15168,0.0003141349998259102,True,False,budget_exceeded,False,,0,0,not executed: budget/selection failure
case05-rep2,digits,1797,forest,parameters,opaque,False,1,model_and_predictions,2,1,target_snapshots,0.2,3512669,7420694,17563349,15168,0.0003141349998259102,True,False,budget_exceeded,False,,0,0,not executed: budget/selection failure
case05-rep2,digits,1797,forest,parameters,opaque,False,1,model_and_predictions,2,2,target_snapshots,0.2,3512669,7420694,17563349,15168,0.0003141349998259102,True,False,budget_exceeded,False,,0,0,not executed: budget/selection failure
case05-rep2,digits,1797,forest,parameters,opaque,False,1,model_and_predictions,2,3,target_snapshots,0.2,3512669,7420694,17563349,15168,0.0003141349998259102,True,False,budget_exceeded,False,,0,0,not executed: budget/selection failure
case05-rep2,digits,1797,forest,parameters,opaque,False,1,model_and_predictions,2,4,target_snapshots,0.2,3512669,7420694,17563349,15168,0.0003141349998259102,True,False,budget_exceeded,False,,0,0,not executed: budget/selection failure
case06-rep0,wine,178,logistic,parameters,opaque,False,1,model_and_predictions,0,0,full_replay,1.0,255446,35345,255446,15153,0.00020184499999231775,False,True,restore_failed,False,9.586499982106034e-05,0,0,No exact path for external_features: non-replayable artifact missing
case06-rep0,wine,178,logistic,parameters,opaque,False,1,model_and_predictions,0,1,full_replay,1.0,255446,35345,255446,15153,0.00020184499999231775,False,True,restore_failed,False,9.319100036009331e-05,0,0,No exact path for external_features: non-replayable artifact missing
case06-rep0,wine,178,logistic,parameters,opaque,False,1,model_and_predictions,0,2,full_replay,1.0,255446,35345,255446,15153,0.00020184499999231775,False,True,restore_failed,False,9.245000001101289e-05,0,0,No exact path for external_features: non-replayable artifact missing
case06-rep0,wine,178,logistic,parameters,opaque,False,1,model_and_predictions,0,3,full_replay,1.0,255446,35345,255446,15153,0.00020184499999231775,False,True,restore_failed,False,0.00010179399987464421,0,0,No exact path for external_features: non-replayable artifact missing
case06-rep0,wine,178,logistic,parameters,opaque,False,1,model_and_predictions,0,4,full_replay,1.0,255446,35345,255446,15153,0.00020184499999231775,False,True,restore_failed,False,9.899899987431127e-05,0,0,No exact path for external_features: non-replayable artifact missing
case06-rep0,wine,178,logistic,parameters,opaque,False,1,model_and_predictions,0,0,recoverability_v3,0.5,127723,47007,255446,15153,0.00033173100018757395,True,True,ok,True,0.00022414900013245642,0,2,
case06-rep0,wine,178,logistic,parameters,opaque,False,1,model_and_predictions,0,1,recoverability_v3,0.5,127723,47007,255446,15153,0.00033173100018757395,True,True,ok,True,0.0002129409999724885,0,2,
case06-rep0,wine,178,logistic,parameters,opaque,False,1,model_and_predictions,0,2,recoverability_v3,0.5,127723,47007,255446,15153,0.00033173100018757395,True,True,ok,True,0.0002490570000190928,0,2,
case06-rep0,wine,178,logistic,parameters,opaque,False,1,model_and_predictions,0,3,recoverability_v3,0.5,127723,47007,255446,15153,0.00033173100018757395,True,True,ok,True,0.0002443690000291099,0,2,
case06-rep0,wine,178,logistic,parameters,opaque,False,1,model_and_predictions,0,4,recoverability_v3,0.5,127723,47007,255446,15153,0.00033173100018757395,True,True,ok,True,0.0002500379996490665,0,2,
case06-rep0,wine,178,logistic,parameters,opaque,False,1,model_and_predictions,0,0,full_replay,0.5,127723,35345,255446,15153,0.00028981800005567493,False,True,restore_failed,False,9.894000004351255e-05,0,0,No exact path for external_features: non-replayable artifact missing
case06-rep0,wine,178,logistic,parameters,opaque,False,1,model_and_predictions,0,1,full_replay,0.5,127723,35345,255446,15153,0.00028981800005567493,False,True,restore_failed,False,9.325100018031662e-05,0,0,No exact path for external_features: non-replayable artifact missing
case06-rep0,wine,178,logistic,parameters,opaque,False,1,model_and_predictions,0,2,full_replay,0.5,127723,35345,255446,15153,0.00028981800005567493,False,True,restore_failed,False,9.775799981071032e-05,0,0,No exact path for external_features: non-replayable artifact missing
case06-rep0,wine,178,logistic,parameters,opaque,False,1,model_and_predictions,0,3,full_replay,0.5,127723,35345,255446,15153,0.00028981800005567493,False,True,restore_failed,False,9.411199971509632e-05,0,0,No exact path for external_features: non-replayable artifact missing
case06-rep0,wine,178,logistic,parameters,opaque,False,1,model_and_predictions,0,4,full_replay,0.5,127723,35345,255446,15153,0.00028981800005567493,False,True,restore_failed,False,9.751700008564512e-05,0,0,No exact path for external_features: non-replayable artifact missing
case06-rep0,wine,178,logistic,parameters,opaque,False,1,model_and_predictions,0,0,full_snapshot,0.5,127723,255446,255446,15153,0.000326844000028359,True,False,budget_exceeded,False,,0,0,not executed: budget/selection failure
case06-rep0,wine,178,logistic,parameters,opaque,False,1,model_and_predictions,0,1,full_snapshot,0.5,127723,255446,255446,15153,0.000326844000028359,True,False,budget_exceeded,False,,0,0,not executed: budget/selection failure
case06-rep0,wine,178,logistic,parameters,opaque,False,1,model_and_predictions,0,2,full_snapshot,0.5,127723,255446,255446,15153,0.000326844000028359,True,False,budget_exceeded,False,,0,0,not executed: budget/selection failure
case06-rep0,wine,178,logistic,parameters,opaque,False,1,model_and_predictions,0,3,full_snapshot,0.5,127723,255446,255446,15153,0.000326844000028359,True,False,budget_exceeded,False,,0,0,not executed: budget/selection failure
case06-rep0,wine,178,logistic,parameters,opaque,False,1,model_and_predictions,0,4,full_snapshot,0.5,127723,255446,255446,15153,0.000326844000028359,True,False,budget_exceeded,False,,0,0,not executed: budget/selection failure
case06-rep0,wine,178,logistic,parameters,opaque,False,1,model_and_predictions,0,0,recoverability_v3,0.4,102178,47007,255446,15153,0.0002442089999021846,True,True,ok,True,0.00022004299989930587,0,2,
case06-rep0,wine,178,logistic,parameters,opaque,False,1,model_and_predictions,0,1,recoverability_v3,0.4,102178,47007,255446,15153,0.0002442089999021846,True,True,ok,True,0.0002801629998430144,0,2,
case06-rep0,wine,178,logistic,parameters,opaque,False,1,model_and_predictions,0,2,recoverability_v3,0.4,102178,47007,255446,15153,0.0002442089999021846,True,True,ok,True,0.000216987999920093,0,2,
case06-rep0,wine,178,logistic,parameters,opaque,False,1,model_and_predictions,0,3,recoverability_v3,0.4,102178,47007,255446,15153,0.0002442089999021846,True,True,ok,True,0.00020784400021511829,0,2,
case06-rep0,wine,178,logistic,parameters,opaque,False,1,model_and_predictions,0,4,recoverability_v3,0.4,102178,47007,255446,15153,0.0002442089999021846,True,True,ok,True,0.00022950699985813117,0,2,
case06-rep0,wine,178,logistic,parameters,opaque,False,1,model_and_predictions,0,0,recoverability_v3,1.0,255446,47007,255446,15153,0.0003426869998293114,True,True,ok,True,0.00020505000020420994,0,2,
case06-rep0,wine,178,logistic,parameters,opaque,False,1,model_and_predictions,0,1,recoverability_v3,1.0,255446,47007,255446,15153,0.0003426869998293114,True,True,ok,True,0.0002059710000139603,0,2,
case06-rep0,wine,178,logistic,parameters,opaque,False,1,model_and_predictions,0,2,recoverability_v3,1.0,255446,47007,255446,15153,0.0003426869998293114,True,True,ok,True,0.00021020699978180346,0,2,
case06-rep0,wine,178,logistic,parameters,opaque,False,1,model_and_predictions,0,3,recoverability_v3,1.0,255446,47007,255446,15153,0.0003426869998293114,True,True,ok,True,0.00021468400018420652,0,2,
case06-rep0,wine,178,logistic,parameters,opaque,False,1,model_and_predictions,0,4,recoverability_v3,1.0,255446,47007,255446,15153,0.0003426869998293114,True,True,ok,True,0.0003178099996148376,0,2,
case06-rep0,wine,178,logistic,parameters,opaque,False,1,model_and_predictions,0,0,full_snapshot,0.2,51089,255446,255446,15153,0.00038348999987647403,True,False,budget_exceeded,False,,0,0,not executed: budget/selection failure
case06-rep0,wine,178,logistic,parameters,opaque,False,1,model_and_predictions,0,1,full_snapshot,0.2,51089,255446,255446,15153,0.00038348999987647403,True,False,budget_exceeded,False,,0,0,not executed: budget/selection failure
case06-rep0,wine,178,logistic,parameters,opaque,False,1,model_and_predictions,0,2,full_snapshot,0.2,51089,255446,255446,15153,0.00038348999987647403,True,False,budget_exceeded,False,,0,0,not executed: budget/selection failure
case06-rep0,wine,178,logistic,parameters,opaque,False,1,model_and_predictions,0,3,full_snapshot,0.2,51089,255446,255446,15153,0.00038348999987647403,True,False,budget_exceeded,False,,0,0,not executed: budget/selection failure
case06-rep0,wine,178,logistic,parameters,opaque,False,1,model_and_predictions,0,4,full_snapshot,0.2,51089,255446,255446,15153,0.00038348999987647403,True,False,budget_exceeded,False,,0,0,not executed: budget/selection failure
case06-rep0,wine,178,logistic,parameters,opaque,False,1,model_and_predictions,0,0,recoverability_v3,0.2,51089,47007,255446,15153,0.00020855499997196603,True,True,ok,True,0.00020040299978063558,0,2,
case06-rep0,wine,178,logistic,parameters,opaque,False,1,model_and_predictions,0,1,recoverability_v3,0.2,51089,47007,255446,15153,0.00020855499997196603,True,True,ok,True,0.00020894499994028592,0,2,
case06-rep0,wine,178,logistic,parameters,opaque,False,1,model_and_predictions,0,2,recoverability_v3,0.2,51089,47007,255446,15153,0.00020855499997196603,True,True,ok,True,0.00020993699990867754,0,2,
case06-rep0,wine,178,logistic,parameters,opaque,False,1,model_and_predictions,0,3,recoverability_v3,0.2,51089,47007,255446,15153,0.00020855499997196603,True,True,ok,True,0.00020250599982318818,0,2,
case06-rep0,wine,178,logistic,parameters,opaque,False,1,model_and_predictions,0,4,recoverability_v3,0.2,51089,47007,255446,15153,0.00020855499997196603,True,True,ok,True,0.0002087359998768079,0,2,
case06-rep0,wine,178,logistic,parameters,opaque,False,1,model_and_predictions,0,0,target_snapshots,0.3,76633,47007,255446,15153,0.0003152760000375565,True,True,ok,True,0.0002622970000629721,0,2,
case06-rep0,wine,178,logistic,parameters,opaque,False,1,model_and_predictions,0,1,target_snapshots,0.3,76633,47007,255446,15153,0.0003152760000375565,True,True,ok,True,0.000251500000103988,0,2,
case06-rep0,wine,178,logistic,parameters,opaque,False,1,model_and_predictions,0,2,target_snapshots,0.3,76633,47007,255446,15153,0.0003152760000375565,True,True,ok,True,0.0002434769999126729,0,2,
case06-rep0,wine,178,logistic,parameters,opaque,False,1,model_and_predictions,0,3,target_snapshots,0.3,76633,47007,255446,15153,0.0003152760000375565,True,True,ok,True,0.00020842499998252606,0,2,
case06-rep0,wine,178,logistic,parameters,opaque,False,1,model_and_predictions,0,4,target_snapshots,0.3,76633,47007,255446,15153,0.0003152760000375565,True,True,ok,True,0.00020698300022559124,0,2,
case06-rep0,wine,178,logistic,parameters,opaque,False,1,model_and_predictions,0,0,target_snapshots,0.2,51089,47007,255446,15153,0.0002900079998653382,True,True,ok,True,0.00023516499959441717,0,2,
case06-rep0,wine,178,logistic,parameters,opaque,False,1,model_and_predictions,0,1,target_snapshots,0.2,51089,47007,255446,15153,0.0002900079998653382,True,True,ok,True,0.0002565180002420675,0,2,
case06-rep0,wine,178,logistic,parameters,opaque,False,1,model_and_predictions,0,2,target_snapshots,0.2,51089,47007,255446,15153,0.0002900079998653382,True,True,ok,True,0.00021402299989858875,0,2,
case06-rep0,wine,178,logistic,parameters,opaque,False,1,model_and_predictions,0,3,target_snapshots,0.2,51089,47007,255446,15153,0.0002900079998653382,True,True,ok,True,0.00028296699974816875,0,2,
case06-rep0,wine,178,logistic,parameters,opaque,False,1,model_and_predictions,0,4,target_snapshots,0.2,51089,47007,255446,15153,0.0002900079998653382,True,True,ok,True,0.00020936600003551575,0,2,
case06-rep0,wine,178,logistic,parameters,opaque,False,1,model_and_predictions,0,0,recoverability_v2,0.1,25544,35345,255446,15153,0.0003197829996679502,False,False,required_inputs_exceed_budget,False,,0,0,not executed: budget/selection failure
case06-rep0,wine,178,logistic,parameters,opaque,False,1,model_and_predictions,0,1,recoverability_v2,0.1,25544,35345,255446,15153,0.0003197829996679502,False,False,required_inputs_exceed_budget,False,,0,0,not executed: budget/selection failure
case06-rep0,wine,178,logistic,parameters,opaque,False,1,model_and_predictions,0,2,recoverability_v2,0.1,25544,35345,255446,15153,0.0003197829996679502,False,False,required_inputs_exceed_budget,False,,0,0,not executed: budget/selection failure
case06-rep0,wine,178,logistic,parameters,opaque,False,1,model_and_predictions,0,3,recoverability_v2,0.1,25544,35345,255446,15153,0.0003197829996679502,False,False,required_inputs_exceed_budget,False,,0,0,not executed: budget/selection failure
case06-rep0,wine,178,logistic,parameters,opaque,False,1,model_and_predictions,0,4,recoverability_v2,0.1,25544,35345,255446,15153,0.0003197829996679502,False,False,required_inputs_exceed_budget,False,,0,0,not executed: budget/selection failure
case06-rep0,wine,178,logistic,parameters,opaque,False,1,model_and_predictions,0,0,recoverability_v2,0.4,102178,47007,255446,15153,0.0004735249999612279,True,True,ok,True,0.00019984200025646714,0,2,
case06-rep0,wine,178,logistic,parameters,opaque,False,1,model_and_predictions,0,1,recoverability_v2,0.4,102178,47007,255446,15153,0.0004735249999612279,True,True,ok,True,0.0002079139999295876,0,2,
case06-rep0,wine,178,logistic,parameters,opaque,False,1,model_and_predictions,0,2,recoverability_v2,0.4,102178,47007,255446,15153,0.0004735249999612279,True,True,ok,True,0.0002071330000035232,0,2,
case06-rep0,wine,178,logistic,parameters,opaque,False,1,model_and_predictions,0,3,recoverability_v2,0.4,102178,47007,255446,15153,0.0004735249999612279,True,True,ok,True,0.00025512599995636265,0,2,
case06-rep0,wine,178,logistic,parameters,opaque,False,1,model_and_predictions,0,4,recoverability_v2,0.4,102178,47007,255446,15153,0.0004735249999612279,True,True,ok,True,0.0002242790001218964,0,2,
case06-rep0,wine,178,logistic,parameters,opaque,False,1,model_and_predictions,0,0,recoverability_v3,0.1,25544,35345,255446,15153,0.00040864699985831976,False,False,required_inputs_exceed_budget,False,,0,0,not executed: budget/selection failure
case06-rep0,wine,178,logistic,parameters,opaque,False,1,model_and_predictions,0,1,recoverability_v3,0.1,25544,35345,255446,15153,0.00040864699985831976,False,False,required_inputs_exceed_budget,False,,0,0,not executed: budget/selection failure
case06-rep0,wine,178,logistic,parameters,opaque,False,1,model_and_predictions,0,2,recoverability_v3,0.1,25544,35345,255446,15153,0.00040864699985831976,False,False,required_inputs_exceed_budget,False,,0,0,not executed: budget/selection failure
case06-rep0,wine,178,logistic,parameters,opaque,False,1,model_and_predictions,0,3,recoverability_v3,0.1,25544,35345,255446,15153,0.00040864699985831976,False,False,required_inputs_exceed_budget,False,,0,0,not executed: budget/selection failure
case06-rep0,wine,178,logistic,parameters,opaque,False,1,model_and_predictions,0,4,recoverability_v3,0.1,25544,35345,255446,15153,0.00040864699985831976,False,False,required_inputs_exceed_budget,False,,0,0,not executed: budget/selection failure
case06-rep0,wine,178,logistic,parameters,opaque,False,1,model_and_predictions,0,0,full_snapshot,0.3,76633,255446,255446,15153,0.00030491100005747285,True,False,budget_exceeded,False,,0,0,not executed: budget/selection failure
case06-rep0,wine,178,logistic,parameters,opaque,False,1,model_and_predictions,0,1,full_snapshot,0.3,76633,255446,255446,15153,0.00030491100005747285,True,False,budget_exceeded,False,,0,0,not executed: budget/selection failure
case06-rep0,wine,178,logistic,parameters,opaque,False,1,model_and_predictions,0,2,full_snapshot,0.3,76633,255446,255446,15153,0.00030491100005747285,True,False,budget_exceeded,False,,0,0,not executed: budget/selection failure
case06-rep0,wine,178,logistic,parameters,opaque,False,1,model_and_predictions,0,3,full_snapshot,0.3,76633,255446,255446,15153,0.00030491100005747285,True,False,budget_exceeded,False,,0,0,not executed: budget/selection failure
case06-rep0,wine,178,logistic,parameters,opaque,False,1,model_and_predictions,0,4,full_snapshot,0.3,76633,255446,255446,15153,0.00030491100005747285,True,False,budget_exceeded,False,,0,0,not executed: budget/selection failure
case06-rep0,wine,178,logistic,parameters,opaque,False,1,model_and_predictions,0,0,full_snapshot,1.0,255446,255446,255446,15153,0.00018955699988509878,True,True,ok,True,0.0002695270000003802,0,2,
case06-rep0,wine,178,logistic,parameters,opaque,False,1,model_and_predictions,0,1,full_snapshot,1.0,255446,255446,255446,15153,0.00018955699988509878,True,True,ok,True,0.00021756900014224811,0,2,
case06-rep0,wine,178,logistic,parameters,opaque,False,1,model_and_predictions,0,2,full_snapshot,1.0,255446,255446,255446,15153,0.00018955699988509878,True,True,ok,True,0.00022542099986821995,0,2,
case06-rep0,wine,178,logistic,parameters,opaque,False,1,model_and_predictions,0,3,full_snapshot,1.0,255446,255446,255446,15153,0.00018955699988509878,True,True,ok,True,0.00022901600004843203,0,2,
case06-rep0,wine,178,logistic,parameters,opaque,False,1,model_and_predictions,0,4,full_snapshot,1.0,255446,255446,255446,15153,0.00018955699988509878,True,True,ok,True,0.00022823500012236764,0,2,
case06-rep0,wine,178,logistic,parameters,opaque,False,1,model_and_predictions,0,0,recoverability_v3,0.3,76633,47007,255446,15153,0.0004061839999849326,True,True,ok,True,0.0002032570000665146,0,2,
case06-rep0,wine,178,logistic,parameters,opaque,False,1,model_and_predictions,0,1,recoverability_v3,0.3,76633,47007,255446,15153,0.0004061839999849326,True,True,ok,True,0.0002085249998344807,0,2,
case06-rep0,wine,178,logistic,parameters,opaque,False,1,model_and_predictions,0,2,recoverability_v3,0.3,76633,47007,255446,15153,0.0004061839999849326,True,True,ok,True,0.00022117399976195884,0,2,
case06-rep0,wine,178,logistic,parameters,opaque,False,1,model_and_predictions,0,3,recoverability_v3,0.3,76633,47007,255446,15153,0.0004061839999849326,True,True,ok,True,0.000246762999722705,0,2,
case06-rep0,wine,178,logistic,parameters,opaque,False,1,model_and_predictions,0,4,recoverability_v3,0.3,76633,47007,255446,15153,0.0004061839999849326,True,True,ok,True,0.00036172599993733456,0,2,
case06-rep0,wine,178,logistic,parameters,opaque,False,1,model_and_predictions,0,0,recoverability_v2,0.3,76633,47007,255446,15153,0.0003149059998577286,True,True,ok,True,0.0004917830001431867,0,2,
case06-rep0,wine,178,logistic,parameters,opaque,False,1,model_and_predictions,0,1,recoverability_v2,0.3,76633,47007,255446,15153,0.0003149059998577286,True,True,ok,True,0.00022919699995327392,0,2,
case06-rep0,wine,178,logistic,parameters,opaque,False,1,model_and_predictions,0,2,recoverability_v2,0.3,76633,47007,255446,15153,0.0003149059998577286,True,True,ok,True,0.00032672299994374043,0,2,
case06-rep0,wine,178,logistic,parameters,opaque,False,1,model_and_predictions,0,3,recoverability_v2,0.3,76633,47007,255446,15153,0.0003149059998577286,True,True,ok,True,0.0002203729995926551,0,2,
case06-rep0,wine,178,logistic,parameters,opaque,False,1,model_and_predictions,0,4,recoverability_v2,0.3,76633,47007,255446,15153,0.0003149059998577286,True,True,ok,True,0.00021661700020558783,0,2,
case06-rep0,wine,178,logistic,parameters,opaque,False,1,model_and_predictions,0,0,full_replay,0.3,76633,35345,255446,15153,0.0004240500002197223,False,True,restore_failed,False,0.00010114300039276714,0,0,No exact path for external_features: non-replayable artifact missing
case06-rep0,wine,178,logistic,parameters,opaque,False,1,model_and_predictions,0,1,full_replay,0.3,76633,35345,255446,15153,0.0004240500002197223,False,True,restore_failed,False,0.0001094949998332595,0,0,No exact path for external_features: non-replayable artifact missing
case06-rep0,wine,178,logistic,parameters,opaque,False,1,model_and_predictions,0,2,full_replay,0.3,76633,35345,255446,15153,0.0004240500002197223,False,True,restore_failed,False,0.0001283940000575967,0,0,No exact path for external_features: non-replayable artifact missing
case06-rep0,wine,178,logistic,parameters,opaque,False,1,model_and_predictions,0,3,full_replay,0.3,76633,35345,255446,15153,0.0004240500002197223,False,True,restore_failed,False,0.00010123299989572843,0,0,No exact path for external_features: non-replayable artifact missing
case06-rep0,wine,178,logistic,parameters,opaque,False,1,model_and_predictions,0,4,full_replay,0.3,76633,35345,255446,15153,0.0004240500002197223,False,True,restore_failed,False,0.00013123799999448238,0,0,No exact path for external_features: non-replayable artifact missing
case06-rep0,wine,178,logistic,parameters,opaque,False,1,model_and_predictions,0,0,recoverability_v2,0.5,127723,47007,255446,15153,0.00039841199986767606,True,True,ok,True,0.00021102800019434653,0,2,
case06-rep0,wine,178,logistic,parameters,opaque,False,1,model_and_predictions,0,1,recoverability_v2,0.5,127723,47007,255446,15153,0.00039841199986767606,True,True,ok,True,0.00021336300005714293,0,2,
case06-rep0,wine,178,logistic,parameters,opaque,False,1,model_and_predictions,0,2,recoverability_v2,0.5,127723,47007,255446,15153,0.00039841199986767606,True,True,ok,True,0.0002786209997793776,0,2,
case06-rep0,wine,178,logistic,parameters,opaque,False,1,model_and_predictions,0,3,recoverability_v2,0.5,127723,47007,255446,15153,0.00039841199986767606,True,True,ok,True,0.0002466620003360731,0,2,
case06-rep0,wine,178,logistic,parameters,opaque,False,1,model_and_predictions,0,4,recoverability_v2,0.5,127723,47007,255446,15153,0.00039841199986767606,True,True,ok,True,0.00020143400024608127,0,2,
case06-rep0,wine,178,logistic,parameters,opaque,False,1,model_and_predictions,0,0,full_replay,0.2,51089,35345,255446,15153,0.00028001300006508245,False,True,restore_failed,False,9.857900022325339e-05,0,0,No exact path for external_features: non-replayable artifact missing
case06-rep0,wine,178,logistic,parameters,opaque,False,1,model_and_predictions,0,1,full_replay,0.2,51089,35345,255446,15153,0.00028001300006508245,False,True,restore_failed,False,9.311100029663066e-05,0,0,No exact path for external_features: non-replayable artifact missing
case06-rep0,wine,178,logistic,parameters,opaque,False,1,model_and_predictions,0,2,full_replay,0.2,51089,35345,255446,15153,0.00028001300006508245,False,True,restore_failed,False,0.0001187889997709135,0,0,No exact path for external_features: non-replayable artifact missing
case06-rep0,wine,178,logistic,parameters,opaque,False,1,model_and_predictions,0,3,full_replay,0.2,51089,35345,255446,15153,0.00028001300006508245,False,True,restore_failed,False,9.426199994777562e-05,0,0,No exact path for external_features: non-replayable artifact missing
case06-rep0,wine,178,logistic,parameters,opaque,False,1,model_and_predictions,0,4,full_replay,0.2,51089,35345,255446,15153,0.00028001300006508245,False,True,restore_failed,False,8.61499997881765e-05,0,0,No exact path for external_features: non-replayable artifact missing
case06-rep0,wine,178,logistic,parameters,opaque,False,1,model_and_predictions,0,0,target_snapshots,0.1,25544,35345,255446,15153,0.00040886799979489297,False,False,required_inputs_exceed_budget,False,,0,0,not executed: budget/selection failure
case06-rep0,wine,178,logistic,parameters,opaque,False,1,model_and_predictions,0,1,target_snapshots,0.1,25544,35345,255446,15153,0.00040886799979489297,False,False,required_inputs_exceed_budget,False,,0,0,not executed: budget/selection failure
case06-rep0,wine,178,logistic,parameters,opaque,False,1,model_and_predictions,0,2,target_snapshots,0.1,25544,35345,255446,15153,0.00040886799979489297,False,False,required_inputs_exceed_budget,False,,0,0,not executed: budget/selection failure
case06-rep0,wine,178,logistic,parameters,opaque,False,1,model_and_predictions,0,3,target_snapshots,0.1,25544,35345,255446,15153,0.00040886799979489297,False,False,required_inputs_exceed_budget,False,,0,0,not executed: budget/selection failure
case06-rep0,wine,178,logistic,parameters,opaque,False,1,model_and_predictions,0,4,target_snapshots,0.1,25544,35345,255446,15153,0.00040886799979489297,False,False,required_inputs_exceed_budget,False,,0,0,not executed: budget/selection failure
case06-rep0,wine,178,logistic,parameters,opaque,False,1,model_and_predictions,0,0,recoverability_v2,0.2,51089,47007,255446,15153,0.00022727300029146136,True,True,ok,True,0.0002135419999831356,0,2,
case06-rep0,wine,178,logistic,parameters,opaque,False,1,model_and_predictions,0,1,recoverability_v2,0.2,51089,47007,255446,15153,0.00022727300029146136,True,True,ok,True,0.00035232200025347993,0,2,
case06-rep0,wine,178,logistic,parameters,opaque,False,1,model_and_predictions,0,2,recoverability_v2,0.2,51089,47007,255446,15153,0.00022727300029146136,True,True,ok,True,0.00020411800005604164,0,2,
case06-rep0,wine,178,logistic,parameters,opaque,False,1,model_and_predictions,0,3,recoverability_v2,0.2,51089,47007,255446,15153,0.00022727300029146136,True,True,ok,True,0.00025313200012533343,0,2,
case06-rep0,wine,178,logistic,parameters,opaque,False,1,model_and_predictions,0,4,recoverability_v2,0.2,51089,47007,255446,15153,0.00022727300029146136,True,True,ok,True,0.00030896699990989873,0,2,
case06-rep0,wine,178,logistic,parameters,opaque,False,1,model_and_predictions,0,0,full_replay,0.1,25544,35345,255446,15153,0.0005153079996489396,False,False,required_inputs_exceed_budget,False,,0,0,not executed: budget/selection failure
case06-rep0,wine,178,logistic,parameters,opaque,False,1,model_and_predictions,0,1,full_replay,0.1,25544,35345,255446,15153,0.0005153079996489396,False,False,required_inputs_exceed_budget,False,,0,0,not executed: budget/selection failure
case06-rep0,wine,178,logistic,parameters,opaque,False,1,model_and_predictions,0,2,full_replay,0.1,25544,35345,255446,15153,0.0005153079996489396,False,False,required_inputs_exceed_budget,False,,0,0,not executed: budget/selection failure
case06-rep0,wine,178,logistic,parameters,opaque,False,1,model_and_predictions,0,3,full_replay,0.1,25544,35345,255446,15153,0.0005153079996489396,False,False,required_inputs_exceed_budget,False,,0,0,not executed: budget/selection failure
case06-rep0,wine,178,logistic,parameters,opaque,False,1,model_and_predictions,0,4,full_replay,0.1,25544,35345,255446,15153,0.0005153079996489396,False,False,required_inputs_exceed_budget,False,,0,0,not executed: budget/selection failure
case06-rep0,wine,178,logistic,parameters,opaque,False,1,model_and_predictions,0,0,target_snapshots,1.0,255446,47007,255446,15153,0.0001939530002346146,True,True,ok,True,0.0002171880000787496,0,2,
case06-rep0,wine,178,logistic,parameters,opaque,False,1,model_and_predictions,0,1,target_snapshots,1.0,255446,47007,255446,15153,0.0001939530002346146,True,True,ok,True,0.0002245699997729389,0,2,
case06-rep0,wine,178,logistic,parameters,opaque,False,1,model_and_predictions,0,2,target_snapshots,1.0,255446,47007,255446,15153,0.0001939530002346146,True,True,ok,True,0.0003104590000475582,0,2,
case06-rep0,wine,178,logistic,parameters,opaque,False,1,model_and_predictions,0,3,target_snapshots,1.0,255446,47007,255446,15153,0.0001939530002346146,True,True,ok,True,0.00021422400004666997,0,2,
case06-rep0,wine,178,logistic,parameters,opaque,False,1,model_and_predictions,0,4,target_snapshots,1.0,255446,47007,255446,15153,0.0001939530002346146,True,True,ok,True,0.00020739299998240313,0,2,
case06-rep0,wine,178,logistic,parameters,opaque,False,1,model_and_predictions,0,0,full_replay,0.4,102178,35345,255446,15153,0.00029782000001432607,False,True,restore_failed,False,9.617500018066494e-05,0,0,No exact path for external_features: non-replayable artifact missing
case06-rep0,wine,178,logistic,parameters,opaque,False,1,model_and_predictions,0,1,full_replay,0.4,102178,35345,255446,15153,0.00029782000001432607,False,True,restore_failed,False,9.805899981074617e-05,0,0,No exact path for external_features: non-replayable artifact missing
case06-rep0,wine,178,logistic,parameters,opaque,False,1,model_and_predictions,0,2,full_replay,0.4,102178,35345,255446,15153,0.00029782000001432607,False,True,restore_failed,False,9.713700001157122e-05,0,0,No exact path for external_features: non-replayable artifact missing
case06-rep0,wine,178,logistic,parameters,opaque,False,1,model_and_predictions,0,3,full_replay,0.4,102178,35345,255446,15153,0.00029782000001432607,False,True,restore_failed,False,9.255000031771488e-05,0,0,No exact path for external_features: non-replayable artifact missing
case06-rep0,wine,178,logistic,parameters,opaque,False,1,model_and_predictions,0,4,full_replay,0.4,102178,35345,255446,15153,0.00029782000001432607,False,True,restore_failed,False,9.041700013767695e-05,0,0,No exact path for external_features: non-replayable artifact missing
case06-rep0,wine,178,logistic,parameters,opaque,False,1,model_and_predictions,0,0,target_snapshots,0.4,102178,47007,255446,15153,0.0003177600001436076,True,True,ok,True,0.0002055800000562158,0,2,
case06-rep0,wine,178,logistic,parameters,opaque,False,1,model_and_predictions,0,1,target_snapshots,0.4,102178,47007,255446,15153,0.0003177600001436076,True,True,ok,True,0.00021102899972902378,0,2,
case06-rep0,wine,178,logistic,parameters,opaque,False,1,model_and_predictions,0,2,target_snapshots,0.4,102178,47007,255446,15153,0.0003177600001436076,True,True,ok,True,0.00020450900001378614,0,2,
case06-rep0,wine,178,logistic,parameters,opaque,False,1,model_and_predictions,0,3,target_snapshots,0.4,102178,47007,255446,15153,0.0003177600001436076,True,True,ok,True,0.00020980699991923757,0,2,
case06-rep0,wine,178,logistic,parameters,opaque,False,1,model_and_predictions,0,4,target_snapshots,0.4,102178,47007,255446,15153,0.0003177600001436076,True,True,ok,True,0.0002403729999969073,0,2,
case06-rep0,wine,178,logistic,parameters,opaque,False,1,model_and_predictions,0,0,full_snapshot,0.1,25544,35345,255446,15153,0.00027714799989553285,False,False,required_inputs_exceed_budget,False,,0,0,not executed: budget/selection failure
case06-rep0,wine,178,logistic,parameters,opaque,False,1,model_and_predictions,0,1,full_snapshot,0.1,25544,35345,255446,15153,0.00027714799989553285,False,False,required_inputs_exceed_budget,False,,0,0,not executed: budget/selection failure
case06-rep0,wine,178,logistic,parameters,opaque,False,1,model_and_predictions,0,2,full_snapshot,0.1,25544,35345,255446,15153,0.00027714799989553285,False,False,required_inputs_exceed_budget,False,,0,0,not executed: budget/selection failure
case06-rep0,wine,178,logistic,parameters,opaque,False,1,model_and_predictions,0,3,full_snapshot,0.1,25544,35345,255446,15153,0.00027714799989553285,False,False,required_inputs_exceed_budget,False,,0,0,not executed: budget/selection failure
case06-rep0,wine,178,logistic,parameters,opaque,False,1,model_and_predictions,0,4,full_snapshot,0.1,25544,35345,255446,15153,0.00027714799989553285,False,False,required_inputs_exceed_budget,False,,0,0,not executed: budget/selection failure
case06-rep0,wine,178,logistic,parameters,opaque,False,1,model_and_predictions,0,0,full_snapshot,0.4,102178,255446,255446,15153,0.00021195999988776748,True,False,budget_exceeded,False,,0,0,not executed: budget/selection failure
case06-rep0,wine,178,logistic,parameters,opaque,False,1,model_and_predictions,0,1,full_snapshot,0.4,102178,255446,255446,15153,0.00021195999988776748,True,False,budget_exceeded,False,,0,0,not executed: budget/selection failure
case06-rep0,wine,178,logistic,parameters,opaque,False,1,model_and_predictions,0,2,full_snapshot,0.4,102178,255446,255446,15153,0.00021195999988776748,True,False,budget_exceeded,False,,0,0,not executed: budget/selection failure
case06-rep0,wine,178,logistic,parameters,opaque,False,1,model_and_predictions,0,3,full_snapshot,0.4,102178,255446,255446,15153,0.00021195999988776748,True,False,budget_exceeded,False,,0,0,not executed: budget/selection failure
case06-rep0,wine,178,logistic,parameters,opaque,False,1,model_and_predictions,0,4,full_snapshot,0.4,102178,255446,255446,15153,0.00021195999988776748,True,False,budget_exceeded,False,,0,0,not executed: budget/selection failure
case06-rep0,wine,178,logistic,parameters,opaque,False,1,model_and_predictions,0,0,recoverability_v2,1.0,255446,47007,255446,15153,0.00020264599970687414,True,True,ok,True,0.00019372299993847264,0,2,
case06-rep0,wine,178,logistic,parameters,opaque,False,1,model_and_predictions,0,1,recoverability_v2,1.0,255446,47007,255446,15153,0.00020264599970687414,True,True,ok,True,0.00021749899997303146,0,2,
case06-rep0,wine,178,logistic,parameters,opaque,False,1,model_and_predictions,0,2,recoverability_v2,1.0,255446,47007,255446,15153,0.00020264599970687414,True,True,ok,True,0.0001976789999389439,0,2,
case06-rep0,wine,178,logistic,parameters,opaque,False,1,model_and_predictions,0,3,recoverability_v2,1.0,255446,47007,255446,15153,0.00020264599970687414,True,True,ok,True,0.0002028760000030161,0,2,
case06-rep0,wine,178,logistic,parameters,opaque,False,1,model_and_predictions,0,4,recoverability_v2,1.0,255446,47007,255446,15153,0.00020264599970687414,True,True,ok,True,0.0002511190000404895,0,2,
case06-rep0,wine,178,logistic,parameters,opaque,False,1,model_and_predictions,0,0,target_snapshots,0.5,127723,47007,255446,15153,0.00028676300007646205,True,True,ok,True,0.00023345299996435642,0,2,
case06-rep0,wine,178,logistic,parameters,opaque,False,1,model_and_predictions,0,1,target_snapshots,0.5,127723,47007,255446,15153,0.00028676300007646205,True,True,ok,True,0.00020648200006689876,0,2,
case06-rep0,wine,178,logistic,parameters,opaque,False,1,model_and_predictions,0,2,target_snapshots,0.5,127723,47007,255446,15153,0.00028676300007646205,True,True,ok,True,0.0002581900002951443,0,2,
case06-rep0,wine,178,logistic,parameters,opaque,False,1,model_and_predictions,0,3,target_snapshots,0.5,127723,47007,255446,15153,0.00028676300007646205,True,True,ok,True,0.00020087400025659008,0,2,
case06-rep0,wine,178,logistic,parameters,opaque,False,1,model_and_predictions,0,4,target_snapshots,0.5,127723,47007,255446,15153,0.00028676300007646205,True,True,ok,True,0.00023171000020738575,0,2,
case06-rep1,wine,178,logistic,parameters,opaque,False,1,model_and_predictions,1,0,recoverability_v3,1.0,255446,47007,255446,15153,0.0002189110000472283,True,True,ok,True,0.00021670700016329647,0,2,
case06-rep1,wine,178,logistic,parameters,opaque,False,1,model_and_predictions,1,1,recoverability_v3,1.0,255446,47007,255446,15153,0.0002189110000472283,True,True,ok,True,0.000212311000268528,0,2,
case06-rep1,wine,178,logistic,parameters,opaque,False,1,model_and_predictions,1,2,recoverability_v3,1.0,255446,47007,255446,15153,0.0002189110000472283,True,True,ok,True,0.00033362400017722393,0,2,
case06-rep1,wine,178,logistic,parameters,opaque,False,1,model_and_predictions,1,3,recoverability_v3,1.0,255446,47007,255446,15153,0.0002189110000472283,True,True,ok,True,0.00024279699982798775,0,2,
case06-rep1,wine,178,logistic,parameters,opaque,False,1,model_and_predictions,1,4,recoverability_v3,1.0,255446,47007,255446,15153,0.0002189110000472283,True,True,ok,True,0.00019979200033048983,0,2,
case06-rep1,wine,178,logistic,parameters,opaque,False,1,model_and_predictions,1,0,full_replay,0.4,102178,35345,255446,15153,0.0003157269998155243,False,True,restore_failed,False,0.00011787799985540914,0,0,No exact path for external_features: non-replayable artifact missing
case06-rep1,wine,178,logistic,parameters,opaque,False,1,model_and_predictions,1,1,full_replay,0.4,102178,35345,255446,15153,0.0003157269998155243,False,True,restore_failed,False,9.404200000062701e-05,0,0,No exact path for external_features: non-replayable artifact missing
case06-rep1,wine,178,logistic,parameters,opaque,False,1,model_and_predictions,1,2,full_replay,0.4,102178,35345,255446,15153,0.0003157269998155243,False,True,restore_failed,False,0.00010042100029750145,0,0,No exact path for external_features: non-replayable artifact missing
case06-rep1,wine,178,logistic,parameters,opaque,False,1,model_and_predictions,1,3,full_replay,0.4,102178,35345,255446,15153,0.0003157269998155243,False,True,restore_failed,False,9.37610002438305e-05,0,0,No exact path for external_features: non-replayable artifact missing
case06-rep1,wine,178,logistic,parameters,opaque,False,1,model_and_predictions,1,4,full_replay,0.4,102178,35345,255446,15153,0.0003157269998155243,False,True,restore_failed,False,9.542399993733852e-05,0,0,No exact path for external_features: non-replayable artifact missing
case06-rep1,wine,178,logistic,parameters,opaque,False,1,model_and_predictions,1,0,recoverability_v2,1.0,255446,47007,255446,15153,0.00033539700007167994,True,True,ok,True,0.00020528100003502914,0,2,
case06-rep1,wine,178,logistic,parameters,opaque,False,1,model_and_predictions,1,1,recoverability_v2,1.0,255446,47007,255446,15153,0.00033539700007167994,True,True,ok,True,0.00020598099990820629,0,2,
case06-rep1,wine,178,logistic,parameters,opaque,False,1,model_and_predictions,1,2,recoverability_v2,1.0,255446,47007,255446,15153,0.00033539700007167994,True,True,ok,True,0.0002000619997488684,0,2,
case06-rep1,wine,178,logistic,parameters,opaque,False,1,model_and_predictions,1,3,recoverability_v2,1.0,255446,47007,255446,15153,0.00033539700007167994,True,True,ok,True,0.00021419399990918464,0,2,
case06-rep1,wine,178,logistic,parameters,opaque,False,1,model_and_predictions,1,4,recoverability_v2,1.0,255446,47007,255446,15153,0.00033539700007167994,True,True,ok,True,0.00020366799981275108,0,2,
case06-rep1,wine,178,logistic,parameters,opaque,False,1,model_and_predictions,1,0,full_replay,0.2,51089,35345,255446,15153,0.0003098480001426651,False,True,restore_failed,False,0.00010334599983252701,0,0,No exact path for external_features: non-replayable artifact missing
case06-rep1,wine,178,logistic,parameters,opaque,False,1,model_and_predictions,1,1,full_replay,0.2,51089,35345,255446,15153,0.0003098480001426651,False,True,restore_failed,False,8.433700031673652e-05,0,0,No exact path for external_features: non-replayable artifact missing
case06-rep1,wine,178,logistic,parameters,opaque,False,1,model_and_predictions,1,2,full_replay,0.2,51089,35345,255446,15153,0.0003098480001426651,False,True,restore_failed,False,0.00013874899968868704,0,0,No exact path for external_features: non-replayable artifact missing
case06-rep1,wine,178,logistic,parameters,opaque,False,1,model_and_predictions,1,3,full_replay,0.2,51089,35345,255446,15153,0.0003098480001426651,False,True,restore_failed,False,0.0001992200000131561,0,0,No exact path for external_features: non-replayable artifact missing
case06-rep1,wine,178,logistic,parameters,opaque,False,1,model_and_predictions,1,4,full_replay,0.2,51089,35345,255446,15153,0.0003098480001426651,False,True,restore_failed,False,9.727699989525718e-05,0,0,No exact path for external_features: non-replayable artifact missing
case06-rep1,wine,178,logistic,parameters,opaque,False,1,model_and_predictions,1,0,recoverability_v3,0.3,76633,47007,255446,15153,0.0003616059998421406,True,True,ok,True,0.0007067480000841897,0,2,
case06-rep1,wine,178,logistic,parameters,opaque,False,1,model_and_predictions,1,1,recoverability_v3,0.3,76633,47007,255446,15153,0.0003616059998421406,True,True,ok,True,0.0002125410001099226,0,2,
case06-rep1,wine,178,logistic,parameters,opaque,False,1,model_and_predictions,1,2,recoverability_v3,0.3,76633,47007,255446,15153,0.0003616059998421406,True,True,ok,True,0.00021033800021541538,0,2,
case06-rep1,wine,178,logistic,parameters,opaque,False,1,model_and_predictions,1,3,recoverability_v3,0.3,76633,47007,255446,15153,0.0003616059998421406,True,True,ok,True,0.00020406899966474157,0,2,
case06-rep1,wine,178,logistic,parameters,opaque,False,1,model_and_predictions,1,4,recoverability_v3,0.3,76633,47007,255446,15153,0.0003616059998421406,True,True,ok,True,0.0002339530001336243,0,2,
case06-rep1,wine,178,logistic,parameters,opaque,False,1,model_and_predictions,1,0,full_replay,0.1,25544,35345,255446,15153,0.0002857909998965624,False,False,required_inputs_exceed_budget,False,,0,0,not executed: budget/selection failure
case06-rep1,wine,178,logistic,parameters,opaque,False,1,model_and_predictions,1,1,full_replay,0.1,25544,35345,255446,15153,0.0002857909998965624,False,False,required_inputs_exceed_budget,False,,0,0,not executed: budget/selection failure
case06-rep1,wine,178,logistic,parameters,opaque,False,1,model_and_predictions,1,2,full_replay,0.1,25544,35345,255446,15153,0.0002857909998965624,False,False,required_inputs_exceed_budget,False,,0,0,not executed: budget/selection failure
case06-rep1,wine,178,logistic,parameters,opaque,False,1,model_and_predictions,1,3,full_replay,0.1,25544,35345,255446,15153,0.0002857909998965624,False,False,required_inputs_exceed_budget,False,,0,0,not executed: budget/selection failure
case06-rep1,wine,178,logistic,parameters,opaque,False,1,model_and_predictions,1,4,full_replay,0.1,25544,35345,255446,15153,0.0002857909998965624,False,False,required_inputs_exceed_budget,False,,0,0,not executed: budget/selection failure
case06-rep1,wine,178,logistic,parameters,opaque,False,1,model_and_predictions,1,0,target_snapshots,0.3,76633,47007,255446,15153,0.00018708300012804102,True,True,ok,True,0.0002158959996449994,0,2,
case06-rep1,wine,178,logistic,parameters,opaque,False,1,model_and_predictions,1,1,target_snapshots,0.3,76633,47007,255446,15153,0.00018708300012804102,True,True,ok,True,0.0002898279999499209,0,2,
case06-rep1,wine,178,logistic,parameters,opaque,False,1,model_and_predictions,1,2,target_snapshots,0.3,76633,47007,255446,15153,0.00018708300012804102,True,True,ok,True,0.0002117600001838582,0,2,
case06-rep1,wine,178,logistic,parameters,opaque,False,1,model_and_predictions,1,3,target_snapshots,0.3,76633,47007,255446,15153,0.00018708300012804102,True,True,ok,True,0.00021165999987715622,0,2,
case06-rep1,wine,178,logistic,parameters,opaque,False,1,model_and_predictions,1,4,target_snapshots,0.3,76633,47007,255446,15153,0.00018708300012804102,True,True,ok,True,0.00035320400002092356,0,2,
case06-rep1,wine,178,logistic,parameters,opaque,False,1,model_and_predictions,1,0,target_snapshots,0.1,25544,35345,255446,15153,0.0002764079999906244,False,False,required_inputs_exceed_budget,False,,0,0,not executed: budget/selection failure
case06-rep1,wine,178,logistic,parameters,opaque,False,1,model_and_predictions,1,1,target_snapshots,0.1,25544,35345,255446,15153,0.0002764079999906244,False,False,required_inputs_exceed_budget,False,,0,0,not executed: budget/selection failure
case06-rep1,wine,178,logistic,parameters,opaque,False,1,model_and_predictions,1,2,target_snapshots,0.1,25544,35345,255446,15153,0.0002764079999906244,False,False,required_inputs_exceed_budget,False,,0,0,not executed: budget/selection failure
case06-rep1,wine,178,logistic,parameters,opaque,False,1,model_and_predictions,1,3,target_snapshots,0.1,25544,35345,255446,15153,0.0002764079999906244,False,False,required_inputs_exceed_budget,False,,0,0,not executed: budget/selection failure
case06-rep1,wine,178,logistic,parameters,opaque,False,1,model_and_predictions,1,4,target_snapshots,0.1,25544,35345,255446,15153,0.0002764079999906244,False,False,required_inputs_exceed_budget,False,,0,0,not executed: budget/selection failure
case06-rep1,wine,178,logistic,parameters,opaque,False,1,model_and_predictions,1,0,target_snapshots,1.0,255446,47007,255446,15153,0.00018419799971525208,True,True,ok,True,0.0002075229999718431,0,2,
case06-rep1,wine,178,logistic,parameters,opaque,False,1,model_and_predictions,1,1,target_snapshots,1.0,255446,47007,255446,15153,0.00018419799971525208,True,True,ok,True,0.00027441500014901976,0,2,
case06-rep1,wine,178,logistic,parameters,opaque,False,1,model_and_predictions,1,2,target_snapshots,1.0,255446,47007,255446,15153,0.00018419799971525208,True,True,ok,True,0.00021398400031102938,0,2,
case06-rep1,wine,178,logistic,parameters,opaque,False,1,model_and_predictions,1,3,target_snapshots,1.0,255446,47007,255446,15153,0.00018419799971525208,True,True,ok,True,0.0002318000001650944,0,2,
case06-rep1,wine,178,logistic,parameters,opaque,False,1,model_and_predictions,1,4,target_snapshots,1.0,255446,47007,255446,15153,0.00018419799971525208,True,True,ok,True,0.00021643700029017054,0,2,
case06-rep1,wine,178,logistic,parameters,opaque,False,1,model_and_predictions,1,0,full_snapshot,0.2,51089,255446,255446,15153,0.0003154460000587278,True,False,budget_exceeded,False,,0,0,not executed: budget/selection failure
case06-rep1,wine,178,logistic,parameters,opaque,False,1,model_and_predictions,1,1,full_snapshot,0.2,51089,255446,255446,15153,0.0003154460000587278,True,False,budget_exceeded,False,,0,0,not executed: budget/selection failure
case06-rep1,wine,178,logistic,parameters,opaque,False,1,model_and_predictions,1,2,full_snapshot,0.2,51089,255446,255446,15153,0.0003154460000587278,True,False,budget_exceeded,False,,0,0,not executed: budget/selection failure
case06-rep1,wine,178,logistic,parameters,opaque,False,1,model_and_predictions,1,3,full_snapshot,0.2,51089,255446,255446,15153,0.0003154460000587278,True,False,budget_exceeded,False,,0,0,not executed: budget/selection failure
case06-rep1,wine,178,logistic,parameters,opaque,False,1,model_and_predictions,1,4,full_snapshot,0.2,51089,255446,255446,15153,0.0003154460000587278,True,False,budget_exceeded,False,,0,0,not executed: budget/selection failure
case06-rep1,wine,178,logistic,parameters,opaque,False,1,model_and_predictions,1,0,full_snapshot,0.5,127723,255446,255446,15153,0.00019082800008618506,True,False,budget_exceeded,False,,0,0,not executed: budget/selection failure
case06-rep1,wine,178,logistic,parameters,opaque,False,1,model_and_predictions,1,1,full_snapshot,0.5,127723,255446,255446,15153,0.00019082800008618506,True,False,budget_exceeded,False,,0,0,not executed: budget/selection failure
case06-rep1,wine,178,logistic,parameters,opaque,False,1,model_and_predictions,1,2,full_snapshot,0.5,127723,255446,255446,15153,0.00019082800008618506,True,False,budget_exceeded,False,,0,0,not executed: budget/selection failure
case06-rep1,wine,178,logistic,parameters,opaque,False,1,model_and_predictions,1,3,full_snapshot,0.5,127723,255446,255446,15153,0.00019082800008618506,True,False,budget_exceeded,False,,0,0,not executed: budget/selection failure
case06-rep1,wine,178,logistic,parameters,opaque,False,1,model_and_predictions,1,4,full_snapshot,0.5,127723,255446,255446,15153,0.00019082800008618506,True,False,budget_exceeded,False,,0,0,not executed: budget/selection failure
case06-rep1,wine,178,logistic,parameters,opaque,False,1,model_and_predictions,1,0,full_snapshot,0.3,76633,255446,255446,15153,0.00019095900006504962,True,False,budget_exceeded,False,,0,0,not executed: budget/selection failure
case06-rep1,wine,178,logistic,parameters,opaque,False,1,model_and_predictions,1,1,full_snapshot,0.3,76633,255446,255446,15153,0.00019095900006504962,True,False,budget_exceeded,False,,0,0,not executed: budget/selection failure
case06-rep1,wine,178,logistic,parameters,opaque,False,1,model_and_predictions,1,2,full_snapshot,0.3,76633,255446,255446,15153,0.00019095900006504962,True,False,budget_exceeded,False,,0,0,not executed: budget/selection failure
case06-rep1,wine,178,logistic,parameters,opaque,False,1,model_and_predictions,1,3,full_snapshot,0.3,76633,255446,255446,15153,0.00019095900006504962,True,False,budget_exceeded,False,,0,0,not executed: budget/selection failure
case06-rep1,wine,178,logistic,parameters,opaque,False,1,model_and_predictions,1,4,full_snapshot,0.3,76633,255446,255446,15153,0.00019095900006504962,True,False,budget_exceeded,False,,0,0,not executed: budget/selection failure
case06-rep1,wine,178,logistic,parameters,opaque,False,1,model_and_predictions,1,0,full_replay,0.3,76633,35345,255446,15153,0.00018714199995883973,False,True,restore_failed,False,9.860899990599137e-05,0,0,No exact path for external_features: non-replayable artifact missing
case06-rep1,wine,178,logistic,parameters,opaque,False,1,model_and_predictions,1,1,full_replay,0.3,76633,35345,255446,15153,0.00018714199995883973,False,True,restore_failed,False,9.936000014931778e-05,0,0,No exact path for external_features: non-replayable artifact missing
case06-rep1,wine,178,logistic,parameters,opaque,False,1,model_and_predictions,1,2,full_replay,0.3,76633,35345,255446,15153,0.00018714199995883973,False,True,restore_failed,False,0.00018428800012770807,0,0,No exact path for external_features: non-replayable artifact missing
case06-rep1,wine,178,logistic,parameters,opaque,False,1,model_and_predictions,1,3,full_replay,0.3,76633,35345,255446,15153,0.00018714199995883973,False,True,restore_failed,False,9.28310000745114e-05,0,0,No exact path for external_features: non-replayable artifact missing
case06-rep1,wine,178,logistic,parameters,opaque,False,1,model_and_predictions,1,4,full_replay,0.3,76633,35345,255446,15153,0.00018714199995883973,False,True,restore_failed,False,9.617500018066494e-05,0,0,No exact path for external_features: non-replayable artifact missing
case06-rep1,wine,178,logistic,parameters,opaque,False,1,model_and_predictions,1,0,full_snapshot,0.1,25544,35345,255446,15153,0.000300944000173331,False,False,required_inputs_exceed_budget,False,,0,0,not executed: budget/selection failure
case06-rep1,wine,178,logistic,parameters,opaque,False,1,model_and_predictions,1,1,full_snapshot,0.1,25544,35345,255446,15153,0.000300944000173331,False,False,required_inputs_exceed_budget,False,,0,0,not executed: budget/selection failure
case06-rep1,wine,178,logistic,parameters,opaque,False,1,model_and_predictions,1,2,full_snapshot,0.1,25544,35345,255446,15153,0.000300944000173331,False,False,required_inputs_exceed_budget,False,,0,0,not executed: budget/selection failure
case06-rep1,wine,178,logistic,parameters,opaque,False,1,model_and_predictions,1,3,full_snapshot,0.1,25544,35345,255446,15153,0.000300944000173331,False,False,required_inputs_exceed_budget,False,,0,0,not executed: budget/selection failure
case06-rep1,wine,178,logistic,parameters,opaque,False,1,model_and_predictions,1,4,full_snapshot,0.1,25544,35345,255446,15153,0.000300944000173331,False,False,required_inputs_exceed_budget,False,,0,0,not executed: budget/selection failure
case06-rep1,wine,178,logistic,parameters,opaque,False,1,model_and_predictions,1,0,target_snapshots,0.5,127723,47007,255446,15153,0.00019598600010795053,True,True,ok,True,0.0004962090001754405,0,2,
case06-rep1,wine,178,logistic,parameters,opaque,False,1,model_and_predictions,1,1,target_snapshots,0.5,127723,47007,255446,15153,0.00019598600010795053,True,True,ok,True,0.00022065299981477438,0,2,
case06-rep1,wine,178,logistic,parameters,opaque,False,1,model_and_predictions,1,2,target_snapshots,0.5,127723,47007,255446,15153,0.00019598600010795053,True,True,ok,True,0.0002122399996551394,0,2,
case06-rep1,wine,178,logistic,parameters,opaque,False,1,model_and_predictions,1,3,target_snapshots,0.5,127723,47007,255446,15153,0.00019598600010795053,True,True,ok,True,0.000386513999728777,0,2,
case06-rep1,wine,178,logistic,parameters,opaque,False,1,model_and_predictions,1,4,target_snapshots,0.5,127723,47007,255446,15153,0.00019598600010795053,True,True,ok,True,0.0002547750000303495,0,2,
case06-rep1,wine,178,logistic,parameters,opaque,False,1,model_and_predictions,1,0,full_replay,1.0,255446,35345,255446,15153,0.00028701399969577324,False,True,restore_failed,False,9.35119996938738e-05,0,0,No exact path for external_features: non-replayable artifact missing
case06-rep1,wine,178,logistic,parameters,opaque,False,1,model_and_predictions,1,1,full_replay,1.0,255446,35345,255446,15153,0.00028701399969577324,False,True,restore_failed,False,9.42130000112229e-05,0,0,No exact path for external_features: non-replayable artifact missing
case06-rep1,wine,178,logistic,parameters,opaque,False,1,model_and_predictions,1,2,full_replay,1.0,255446,35345,255446,15153,0.00028701399969577324,False,True,restore_failed,False,0.00032885600012377836,0,0,No exact path for external_features: non-replayable artifact missing
case06-rep1,wine,178,logistic,parameters,opaque,False,1,model_and_predictions,1,3,full_replay,1.0,255446,35345,255446,15153,0.00028701399969577324,False,True,restore_failed,False,9.125799988396466e-05,0,0,No exact path for external_features: non-replayable artifact missing
case06-rep1,wine,178,logistic,parameters,opaque,False,1,model_and_predictions,1,4,full_replay,1.0,255446,35345,255446,15153,0.00028701399969577324,False,True,restore_failed,False,9.463300011702813e-05,0,0,No exact path for external_features: non-replayable artifact missing
case06-rep1,wine,178,logistic,parameters,opaque,False,1,model_and_predictions,1,0,recoverability_v2,0.2,51089,47007,255446,15153,0.00034466100032659597,True,True,ok,True,0.0002092360000460758,0,2,
case06-rep1,wine,178,logistic,parameters,opaque,False,1,model_and_predictions,1,1,recoverability_v2,0.2,51089,47007,255446,15153,0.00034466100032659597,True,True,ok,True,0.00022851499988973956,0,2,
case06-rep1,wine,178,logistic,parameters,opaque,False,1,model_and_predictions,1,2,recoverability_v2,0.2,51089,47007,255446,15153,0.00034466100032659597,True,True,ok,True,0.00021728899992012884,0,2,
case06-rep1,wine,178,logistic,parameters,opaque,False,1,model_and_predictions,1,3,recoverability_v2,0.2,51089,47007,255446,15153,0.00034466100032659597,True,True,ok,True,0.0002200630001425452,0,2,
case06-rep1,wine,178,logistic,parameters,opaque,False,1,model_and_predictions,1,4,recoverability_v2,0.2,51089,47007,255446,15153,0.00034466100032659597,True,True,ok,True,0.00021906099982516025,0,2,
case06-rep1,wine,178,logistic,parameters,opaque,False,1,model_and_predictions,1,0,recoverability_v2,0.1,25544,35345,255446,15153,0.0004501099997469282,False,False,required_inputs_exceed_budget,False,,0,0,not executed: budget/selection failure
case06-rep1,wine,178,logistic,parameters,opaque,False,1,model_and_predictions,1,1,recoverability_v2,0.1,25544,35345,255446,15153,0.0004501099997469282,False,False,required_inputs_exceed_budget,False,,0,0,not executed: budget/selection failure
case06-rep1,wine,178,logistic,parameters,opaque,False,1,model_and_predictions,1,2,recoverability_v2,0.1,25544,35345,255446,15153,0.0004501099997469282,False,False,required_inputs_exceed_budget,False,,0,0,not executed: budget/selection failure
case06-rep1,wine,178,logistic,parameters,opaque,False,1,model_and_predictions,1,3,recoverability_v2,0.1,25544,35345,255446,15153,0.0004501099997469282,False,False,required_inputs_exceed_budget,False,,0,0,not executed: budget/selection failure
case06-rep1,wine,178,logistic,parameters,opaque,False,1,model_and_predictions,1,4,recoverability_v2,0.1,25544,35345,255446,15153,0.0004501099997469282,False,False,required_inputs_exceed_budget,False,,0,0,not executed: budget/selection failure
case06-rep1,wine,178,logistic,parameters,opaque,False,1,model_and_predictions,1,0,target_snapshots,0.4,102178,47007,255446,15153,0.00028069299969502026,True,True,ok,True,0.00020299700008763466,0,2,
case06-rep1,wine,178,logistic,parameters,opaque,False,1,model_and_predictions,1,1,target_snapshots,0.4,102178,47007,255446,15153,0.00028069299969502026,True,True,ok,True,0.00033443500024077366,0,2,
case06-rep1,wine,178,logistic,parameters,opaque,False,1,model_and_predictions,1,2,target_snapshots,0.4,102178,47007,255446,15153,0.00028069299969502026,True,True,ok,True,0.00021932100025878754,0,2,
case06-rep1,wine,178,logistic,parameters,opaque,False,1,model_and_predictions,1,3,target_snapshots,0.4,102178,47007,255446,15153,0.00028069299969502026,True,True,ok,True,0.0002582900001470989,0,2,
case06-rep1,wine,178,logistic,parameters,opaque,False,1,model_and_predictions,1,4,target_snapshots,0.4,102178,47007,255446,15153,0.00028069299969502026,True,True,ok,True,0.0005111219998070737,0,2,
case06-rep1,wine,178,logistic,parameters,opaque,False,1,model_and_predictions,1,0,full_snapshot,1.0,255446,255446,255446,15153,0.00029910200009908294,True,True,ok,True,0.0002113790001203597,0,2,
case06-rep1,wine,178,logistic,parameters,opaque,False,1,model_and_predictions,1,1,full_snapshot,1.0,255446,255446,255446,15153,0.00029910200009908294,True,True,ok,True,0.0001944829996318731,0,2,
case06-rep1,wine,178,logistic,parameters,opaque,False,1,model_and_predictions,1,2,full_snapshot,1.0,255446,255446,255446,15153,0.00029910200009908294,True,True,ok,True,0.0002964980003525852,0,2,
case06-rep1,wine,178,logistic,parameters,opaque,False,1,model_and_predictions,1,3,full_snapshot,1.0,255446,255446,255446,15153,0.00029910200009908294,True,True,ok,True,0.00021253099976092926,0,2,
case06-rep1,wine,178,logistic,parameters,opaque,False,1,model_and_predictions,1,4,full_snapshot,1.0,255446,255446,255446,15153,0.00029910200009908294,True,True,ok,True,0.00026431899959789007,0,2,
case06-rep1,wine,178,logistic,parameters,opaque,False,1,model_and_predictions,1,0,recoverability_v3,0.1,25544,35345,255446,15153,0.0003822070002570399,False,False,required_inputs_exceed_budget,False,,0,0,not executed: budget/selection failure
case06-rep1,wine,178,logistic,parameters,opaque,False,1,model_and_predictions,1,1,recoverability_v3,0.1,25544,35345,255446,15153,0.0003822070002570399,False,False,required_inputs_exceed_budget,False,,0,0,not executed: budget/selection failure
case06-rep1,wine,178,logistic,parameters,opaque,False,1,model_and_predictions,1,2,recoverability_v3,0.1,25544,35345,255446,15153,0.0003822070002570399,False,False,required_inputs_exceed_budget,False,,0,0,not executed: budget/selection failure
case06-rep1,wine,178,logistic,parameters,opaque,False,1,model_and_predictions,1,3,recoverability_v3,0.1,25544,35345,255446,15153,0.0003822070002570399,False,False,required_inputs_exceed_budget,False,,0,0,not executed: budget/selection failure
case06-rep1,wine,178,logistic,parameters,opaque,False,1,model_and_predictions,1,4,recoverability_v3,0.1,25544,35345,255446,15153,0.0003822070002570399,False,False,required_inputs_exceed_budget,False,,0,0,not executed: budget/selection failure
case06-rep1,wine,178,logistic,parameters,opaque,False,1,model_and_predictions,1,0,recoverability_v3,0.2,51089,47007,255446,15153,0.00028174499993838253,True,True,ok,True,0.00020954699994035764,0,2,
case06-rep1,wine,178,logistic,parameters,opaque,False,1,model_and_predictions,1,1,recoverability_v3,0.2,51089,47007,255446,15153,0.00028174499993838253,True,True,ok,True,0.00021407399981399067,0,2,
case06-rep1,wine,178,logistic,parameters,opaque,False,1,model_and_predictions,1,2,recoverability_v3,0.2,51089,47007,255446,15153,0.00028174499993838253,True,True,ok,True,0.00022090299989940831,0,2,
case06-rep1,wine,178,logistic,parameters,opaque,False,1,model_and_predictions,1,3,recoverability_v3,0.2,51089,47007,255446,15153,0.00028174499993838253,True,True,ok,True,0.0003926730000785028,0,2,
case06-rep1,wine,178,logistic,parameters,opaque,False,1,model_and_predictions,1,4,recoverability_v3,0.2,51089,47007,255446,15153,0.00028174499993838253,True,True,ok,True,0.00021492499990927172,0,2,
case06-rep1,wine,178,logistic,parameters,opaque,False,1,model_and_predictions,1,0,full_snapshot,0.4,102178,255446,255446,15153,0.000625083999693743,True,False,budget_exceeded,False,,0,0,not executed: budget/selection failure
case06-rep1,wine,178,logistic,parameters,opaque,False,1,model_and_predictions,1,1,full_snapshot,0.4,102178,255446,255446,15153,0.000625083999693743,True,False,budget_exceeded,False,,0,0,not executed: budget/selection failure
case06-rep1,wine,178,logistic,parameters,opaque,False,1,model_and_predictions,1,2,full_snapshot,0.4,102178,255446,255446,15153,0.000625083999693743,True,False,budget_exceeded,False,,0,0,not executed: budget/selection failure
case06-rep1,wine,178,logistic,parameters,opaque,False,1,model_and_predictions,1,3,full_snapshot,0.4,102178,255446,255446,15153,0.000625083999693743,True,False,budget_exceeded,False,,0,0,not executed: budget/selection failure
case06-rep1,wine,178,logistic,parameters,opaque,False,1,model_and_predictions,1,4,full_snapshot,0.4,102178,255446,255446,15153,0.000625083999693743,True,False,budget_exceeded,False,,0,0,not executed: budget/selection failure
case06-rep1,wine,178,logistic,parameters,opaque,False,1,model_and_predictions,1,0,recoverability_v2,0.3,76633,47007,255446,15153,0.0002069629999823519,True,True,ok,True,0.0002651699996931711,0,2,
case06-rep1,wine,178,logistic,parameters,opaque,False,1,model_and_predictions,1,1,recoverability_v2,0.3,76633,47007,255446,15153,0.0002069629999823519,True,True,ok,True,0.00044194800011609914,0,2,
case06-rep1,wine,178,logistic,parameters,opaque,False,1,model_and_predictions,1,2,recoverability_v2,0.3,76633,47007,255446,15153,0.0002069629999823519,True,True,ok,True,0.00023516500004916452,0,2,
case06-rep1,wine,178,logistic,parameters,opaque,False,1,model_and_predictions,1,3,recoverability_v2,0.3,76633,47007,255446,15153,0.0002069629999823519,True,True,ok,True,0.00029608699969685404,0,2,
case06-rep1,wine,178,logistic,parameters,opaque,False,1,model_and_predictions,1,4,recoverability_v2,0.3,76633,47007,255446,15153,0.0002069629999823519,True,True,ok,True,0.00020623099999284022,0,2,
case06-rep1,wine,178,logistic,parameters,opaque,False,1,model_and_predictions,1,0,full_replay,0.5,127723,35345,255446,15153,0.0003094670000791666,False,True,restore_failed,False,0.00010932599980151281,0,0,No exact path for external_features: non-replayable artifact missing
case06-rep1,wine,178,logistic,parameters,opaque,False,1,model_and_predictions,1,1,full_replay,0.5,127723,35345,255446,15153,0.0003094670000791666,False,True,restore_failed,False,9.665600009611808e-05,0,0,No exact path for external_features: non-replayable artifact missing
case06-rep1,wine,178,logistic,parameters,opaque,False,1,model_and_predictions,1,2,full_replay,0.5,127723,35345,255446,15153,0.0003094670000791666,False,True,restore_failed,False,0.00010032099999079946,0,0,No exact path for external_features: non-replayable artifact missing
case06-rep1,wine,178,logistic,parameters,opaque,False,1,model_and_predictions,1,3,full_replay,0.5,127723,35345,255446,15153,0.0003094670000791666,False,True,restore_failed,False,0.00011510299964356818,0,0,No exact path for external_features: non-replayable artifact missing
case06-rep1,wine,178,logistic,parameters,opaque,False,1,model_and_predictions,1,4,full_replay,0.5,127723,35345,255446,15153,0.0003094670000791666,False,True,restore_failed,False,9.715700025481055e-05,0,0,No exact path for external_features: non-replayable artifact missing
case06-rep1,wine,178,logistic,parameters,opaque,False,1,model_and_predictions,1,0,recoverability_v2,0.5,127723,47007,255446,15153,0.00041841200027192826,True,True,ok,True,0.00021890099969823495,0,2,
case06-rep1,wine,178,logistic,parameters,opaque,False,1,model_and_predictions,1,1,recoverability_v2,0.5,127723,47007,255446,15153,0.00041841200027192826,True,True,ok,True,0.00035763000005317735,0,2,
case06-rep1,wine,178,logistic,parameters,opaque,False,1,model_and_predictions,1,2,recoverability_v2,0.5,127723,47007,255446,15153,0.00041841200027192826,True,True,ok,True,0.00021359199990911293,0,2,
case06-rep1,wine,178,logistic,parameters,opaque,False,1,model_and_predictions,1,3,recoverability_v2,0.5,127723,47007,255446,15153,0.00041841200027192826,True,True,ok,True,0.0002631180000207678,0,2,
case06-rep1,wine,178,logistic,parameters,opaque,False,1,model_and_predictions,1,4,recoverability_v2,0.5,127723,47007,255446,15153,0.00041841200027192826,True,True,ok,True,0.0002055810000456404,0,2,
case06-rep1,wine,178,logistic,parameters,opaque,False,1,model_and_predictions,1,0,recoverability_v3,0.5,127723,47007,255446,15153,0.0003036779999092687,True,True,ok,True,0.00020236599993950222,0,2,
case06-rep1,wine,178,logistic,parameters,opaque,False,1,model_and_predictions,1,1,recoverability_v3,0.5,127723,47007,255446,15153,0.0003036779999092687,True,True,ok,True,0.00025091899988183286,0,2,
case06-rep1,wine,178,logistic,parameters,opaque,False,1,model_and_predictions,1,2,recoverability_v3,0.5,127723,47007,255446,15153,0.0003036779999092687,True,True,ok,True,0.0002078940001410956,0,2,
case06-rep1,wine,178,logistic,parameters,opaque,False,1,model_and_predictions,1,3,recoverability_v3,0.5,127723,47007,255446,15153,0.0003036779999092687,True,True,ok,True,0.00020782399997187895,0,2,
case06-rep1,wine,178,logistic,parameters,opaque,False,1,model_and_predictions,1,4,recoverability_v3,0.5,127723,47007,255446,15153,0.0003036779999092687,True,True,ok,True,0.0003033479997611721,0,2,
case06-rep1,wine,178,logistic,parameters,opaque,False,1,model_and_predictions,1,0,recoverability_v2,0.4,102178,47007,255446,15153,0.00033158099995489465,True,True,ok,True,0.0002444589999868185,0,2,
case06-rep1,wine,178,logistic,parameters,opaque,False,1,model_and_predictions,1,1,recoverability_v2,0.4,102178,47007,255446,15153,0.00033158099995489465,True,True,ok,True,0.00021335200017347233,0,2,
case06-rep1,wine,178,logistic,parameters,opaque,False,1,model_and_predictions,1,2,recoverability_v2,0.4,102178,47007,255446,15153,0.00033158099995489465,True,True,ok,True,0.0002487359997758176,0,2,
case06-rep1,wine,178,logistic,parameters,opaque,False,1,model_and_predictions,1,3,recoverability_v2,0.4,102178,47007,255446,15153,0.00033158099995489465,True,True,ok,True,0.00030937700012145797,0,2,
case06-rep1,wine,178,logistic,parameters,opaque,False,1,model_and_predictions,1,4,recoverability_v2,0.4,102178,47007,255446,15153,0.00033158099995489465,True,True,ok,True,0.00021032800032116938,0,2,
case06-rep1,wine,178,logistic,parameters,opaque,False,1,model_and_predictions,1,0,recoverability_v3,0.4,102178,47007,255446,15153,0.00033894199987116735,True,True,ok,True,0.0002282239997839497,0,2,
case06-rep1,wine,178,logistic,parameters,opaque,False,1,model_and_predictions,1,1,recoverability_v3,0.4,102178,47007,255446,15153,0.00033894199987116735,True,True,ok,True,0.00020838499995079474,0,2,
case06-rep1,wine,178,logistic,parameters,opaque,False,1,model_and_predictions,1,2,recoverability_v3,0.4,102178,47007,255446,15153,0.00033894199987116735,True,True,ok,True,0.00024586100016676937,0,2,
case06-rep1,wine,178,logistic,parameters,opaque,False,1,model_and_predictions,1,3,recoverability_v3,0.4,102178,47007,255446,15153,0.00033894199987116735,True,True,ok,True,0.0002038679999714077,0,2,
case06-rep1,wine,178,logistic,parameters,opaque,False,1,model_and_predictions,1,4,recoverability_v3,0.4,102178,47007,255446,15153,0.00033894199987116735,True,True,ok,True,0.00020793399971807958,0,2,
case06-rep1,wine,178,logistic,parameters,opaque,False,1,model_and_predictions,1,0,target_snapshots,0.2,51089,47007,255446,15153,0.0002800930001285451,True,True,ok,True,0.00020319700024629128,0,2,
case06-rep1,wine,178,logistic,parameters,opaque,False,1,model_and_predictions,1,1,target_snapshots,0.2,51089,47007,255446,15153,0.0002800930001285451,True,True,ok,True,0.0006654349999735132,0,2,
case06-rep1,wine,178,logistic,parameters,opaque,False,1,model_and_predictions,1,2,target_snapshots,0.2,51089,47007,255446,15153,0.0002800930001285451,True,True,ok,True,0.0007807689999026479,0,2,
case06-rep1,wine,178,logistic,parameters,opaque,False,1,model_and_predictions,1,3,target_snapshots,0.2,51089,47007,255446,15153,0.0002800930001285451,True,True,ok,True,0.0002711099996304256,0,2,
case06-rep1,wine,178,logistic,parameters,opaque,False,1,model_and_predictions,1,4,target_snapshots,0.2,51089,47007,255446,15153,0.0002800930001285451,True,True,ok,True,0.00024304699991262169,0,2,
case06-rep2,wine,178,logistic,parameters,opaque,False,1,model_and_predictions,2,0,recoverability_v2,1.0,255450,47011,255450,15157,0.0002190610002799076,True,True,ok,True,0.00020478899978115805,0,2,
case06-rep2,wine,178,logistic,parameters,opaque,False,1,model_and_predictions,2,1,recoverability_v2,1.0,255450,47011,255450,15157,0.0002190610002799076,True,True,ok,True,0.000270198000180244,0,2,
case06-rep2,wine,178,logistic,parameters,opaque,False,1,model_and_predictions,2,2,recoverability_v2,1.0,255450,47011,255450,15157,0.0002190610002799076,True,True,ok,True,0.00021706699999413104,0,2,
case06-rep2,wine,178,logistic,parameters,opaque,False,1,model_and_predictions,2,3,recoverability_v2,1.0,255450,47011,255450,15157,0.0002190610002799076,True,True,ok,True,0.0003997740000158956,0,2,
case06-rep2,wine,178,logistic,parameters,opaque,False,1,model_and_predictions,2,4,recoverability_v2,1.0,255450,47011,255450,15157,0.0002190610002799076,True,True,ok,True,0.00024854499997672974,0,2,
case06-rep2,wine,178,logistic,parameters,opaque,False,1,model_and_predictions,2,0,full_snapshot,1.0,255450,255450,255450,15157,0.0003005739999935031,True,True,ok,True,0.0002183799997510505,0,2,
case06-rep2,wine,178,logistic,parameters,opaque,False,1,model_and_predictions,2,1,full_snapshot,1.0,255450,255450,255450,15157,0.0003005739999935031,True,True,ok,True,0.00027502500006448827,0,2,
case06-rep2,wine,178,logistic,parameters,opaque,False,1,model_and_predictions,2,2,full_snapshot,1.0,255450,255450,255450,15157,0.0003005739999935031,True,True,ok,True,0.000218741000026057,0,2,
case06-rep2,wine,178,logistic,parameters,opaque,False,1,model_and_predictions,2,3,full_snapshot,1.0,255450,255450,255450,15157,0.0003005739999935031,True,True,ok,True,0.00023622699973202543,0,2,
case06-rep2,wine,178,logistic,parameters,opaque,False,1,model_and_predictions,2,4,full_snapshot,1.0,255450,255450,255450,15157,0.0003005739999935031,True,True,ok,True,0.00020123400008742465,0,2,
case06-rep2,wine,178,logistic,parameters,opaque,False,1,model_and_predictions,2,0,target_snapshots,0.2,51090,47011,255450,15157,0.00028622199988603825,True,True,ok,True,0.0002530420001676248,0,2,
case06-rep2,wine,178,logistic,parameters,opaque,False,1,model_and_predictions,2,1,target_snapshots,0.2,51090,47011,255450,15157,0.00028622199988603825,True,True,ok,True,0.0004907510001430637,0,2,
case06-rep2,wine,178,logistic,parameters,opaque,False,1,model_and_predictions,2,2,target_snapshots,0.2,51090,47011,255450,15157,0.00028622199988603825,True,True,ok,True,0.00021666700013156515,0,2,
case06-rep2,wine,178,logistic,parameters,opaque,False,1,model_and_predictions,2,3,target_snapshots,0.2,51090,47011,255450,15157,0.00028622199988603825,True,True,ok,True,0.00021989199967720197,0,2,
case06-rep2,wine,178,logistic,parameters,opaque,False,1,model_and_predictions,2,4,target_snapshots,0.2,51090,47011,255450,15157,0.00028622199988603825,True,True,ok,True,0.0002471130001140409,0,2,
case06-rep2,wine,178,logistic,parameters,opaque,False,1,model_and_predictions,2,0,recoverability_v2,0.4,102180,47011,255450,15157,0.0003015349998349848,True,True,ok,True,0.0002948159999505151,0,2,
case06-rep2,wine,178,logistic,parameters,opaque,False,1,model_and_predictions,2,1,recoverability_v2,0.4,102180,47011,255450,15157,0.0003015349998349848,True,True,ok,True,0.00020972600032109767,0,2,
case06-rep2,wine,178,logistic,parameters,opaque,False,1,model_and_predictions,2,2,recoverability_v2,0.4,102180,47011,255450,15157,0.0003015349998349848,True,True,ok,True,0.00020848500025749672,0,2,
case06-rep2,wine,178,logistic,parameters,opaque,False,1,model_and_predictions,2,3,recoverability_v2,0.4,102180,47011,255450,15157,0.0003015349998349848,True,True,ok,True,0.0006136570000307984,0,2,
case06-rep2,wine,178,logistic,parameters,opaque,False,1,model_and_predictions,2,4,recoverability_v2,0.4,102180,47011,255450,15157,0.0003015349998349848,True,True,ok,True,0.0002516099998501886,0,2,
case06-rep2,wine,178,logistic,parameters,opaque,False,1,model_and_predictions,2,0,recoverability_v3,0.4,102180,47011,255450,15157,0.0003113699999630626,True,True,ok,True,0.00023709800007054582,0,2,
case06-rep2,wine,178,logistic,parameters,opaque,False,1,model_and_predictions,2,1,recoverability_v3,0.4,102180,47011,255450,15157,0.0003113699999630626,True,True,ok,True,0.00021203999995123013,0,2,
case06-rep2,wine,178,logistic,parameters,opaque,False,1,model_and_predictions,2,2,recoverability_v3,0.4,102180,47011,255450,15157,0.0003113699999630626,True,True,ok,True,0.0002535029998398386,0,2,
case06-rep2,wine,178,logistic,parameters,opaque,False,1,model_and_predictions,2,3,recoverability_v3,0.4,102180,47011,255450,15157,0.0003113699999630626,True,True,ok,True,0.0002024660002462042,0,2,
case06-rep2,wine,178,logistic,parameters,opaque,False,1,model_and_predictions,2,4,recoverability_v3,0.4,102180,47011,255450,15157,0.0003113699999630626,True,True,ok,True,0.00020064299997102353,0,2,
case06-rep2,wine,178,logistic,parameters,opaque,False,1,model_and_predictions,2,0,recoverability_v3,1.0,255450,47011,255450,15157,0.0003166080000482907,True,True,ok,True,0.00039044000004651025,0,2,
case06-rep2,wine,178,logistic,parameters,opaque,False,1,model_and_predictions,2,1,recoverability_v3,1.0,255450,47011,255450,15157,0.0003166080000482907,True,True,ok,True,0.00020978700013074558,0,2,
case06-rep2,wine,178,logistic,parameters,opaque,False,1,model_and_predictions,2,2,recoverability_v3,1.0,255450,47011,255450,15157,0.0003166080000482907,True,True,ok,True,0.00023062899981596274,0,2,
case06-rep2,wine,178,logistic,parameters,opaque,False,1,model_and_predictions,2,3,recoverability_v3,1.0,255450,47011,255450,15157,0.0003166080000482907,True,True,ok,True,0.0003809759996329376,0,2,
case06-rep2,wine,178,logistic,parameters,opaque,False,1,model_and_predictions,2,4,recoverability_v3,1.0,255450,47011,255450,15157,0.0003166080000482907,True,True,ok,True,0.0002071929998237465,0,2,
case06-rep2,wine,178,logistic,parameters,opaque,False,1,model_and_predictions,2,0,full_snapshot,0.1,25545,35349,255450,15157,0.0003536939998411981,False,False,required_inputs_exceed_budget,False,,0,0,not executed: budget/selection failure
case06-rep2,wine,178,logistic,parameters,opaque,False,1,model_and_predictions,2,1,full_snapshot,0.1,25545,35349,255450,15157,0.0003536939998411981,False,False,required_inputs_exceed_budget,False,,0,0,not executed: budget/selection failure
case06-rep2,wine,178,logistic,parameters,opaque,False,1,model_and_predictions,2,2,full_snapshot,0.1,25545,35349,255450,15157,0.0003536939998411981,False,False,required_inputs_exceed_budget,False,,0,0,not executed: budget/selection failure
case06-rep2,wine,178,logistic,parameters,opaque,False,1,model_and_predictions,2,3,full_snapshot,0.1,25545,35349,255450,15157,0.0003536939998411981,False,False,required_inputs_exceed_budget,False,,0,0,not executed: budget/selection failure
case06-rep2,wine,178,logistic,parameters,opaque,False,1,model_and_predictions,2,4,full_snapshot,0.1,25545,35349,255450,15157,0.0003536939998411981,False,False,required_inputs_exceed_budget,False,,0,0,not executed: budget/selection failure
case06-rep2,wine,178,logistic,parameters,opaque,False,1,model_and_predictions,2,0,full_snapshot,0.4,102180,255450,255450,15157,0.0001865619997261092,True,False,budget_exceeded,False,,0,0,not executed: budget/selection failure
case06-rep2,wine,178,logistic,parameters,opaque,False,1,model_and_predictions,2,1,full_snapshot,0.4,102180,255450,255450,15157,0.0001865619997261092,True,False,budget_exceeded,False,,0,0,not executed: budget/selection failure
case06-rep2,wine,178,logistic,parameters,opaque,False,1,model_and_predictions,2,2,full_snapshot,0.4,102180,255450,255450,15157,0.0001865619997261092,True,False,budget_exceeded,False,,0,0,not executed: budget/selection failure
case06-rep2,wine,178,logistic,parameters,opaque,False,1,model_and_predictions,2,3,full_snapshot,0.4,102180,255450,255450,15157,0.0001865619997261092,True,False,budget_exceeded,False,,0,0,not executed: budget/selection failure
case06-rep2,wine,178,logistic,parameters,opaque,False,1,model_and_predictions,2,4,full_snapshot,0.4,102180,255450,255450,15157,0.0001865619997261092,True,False,budget_exceeded,False,,0,0,not executed: budget/selection failure
case06-rep2,wine,178,logistic,parameters,opaque,False,1,model_and_predictions,2,0,full_snapshot,0.3,76635,255450,255450,15157,0.00018328599981032312,True,False,budget_exceeded,False,,0,0,not executed: budget/selection failure
case06-rep2,wine,178,logistic,parameters,opaque,False,1,model_and_predictions,2,1,full_snapshot,0.3,76635,255450,255450,15157,0.00018328599981032312,True,False,budget_exceeded,False,,0,0,not executed: budget/selection failure
case06-rep2,wine,178,logistic,parameters,opaque,False,1,model_and_predictions,2,2,full_snapshot,0.3,76635,255450,255450,15157,0.00018328599981032312,True,False,budget_exceeded,False,,0,0,not executed: budget/selection failure
case06-rep2,wine,178,logistic,parameters,opaque,False,1,model_and_predictions,2,3,full_snapshot,0.3,76635,255450,255450,15157,0.00018328599981032312,True,False,budget_exceeded,False,,0,0,not executed: budget/selection failure
case06-rep2,wine,178,logistic,parameters,opaque,False,1,model_and_predictions,2,4,full_snapshot,0.3,76635,255450,255450,15157,0.00018328599981032312,True,False,budget_exceeded,False,,0,0,not executed: budget/selection failure
case06-rep2,wine,178,logistic,parameters,opaque,False,1,model_and_predictions,2,0,recoverability_v3,0.3,76635,47011,255450,15157,0.00022902599994267803,True,True,ok,True,0.0002098459999615443,0,2,
case06-rep2,wine,178,logistic,parameters,opaque,False,1,model_and_predictions,2,1,recoverability_v3,0.3,76635,47011,255450,15157,0.00022902599994267803,True,True,ok,True,0.00020894599992971052,0,2,
case06-rep2,wine,178,logistic,parameters,opaque,False,1,model_and_predictions,2,2,recoverability_v3,0.3,76635,47011,255450,15157,0.00022902599994267803,True,True,ok,True,0.00020255600020391284,0,2,
case06-rep2,wine,178,logistic,parameters,opaque,False,1,model_and_predictions,2,3,recoverability_v3,0.3,76635,47011,255450,15157,0.00022902599994267803,True,True,ok,True,0.00020853500018347404,0,2,
case06-rep2,wine,178,logistic,parameters,opaque,False,1,model_and_predictions,2,4,recoverability_v3,0.3,76635,47011,255450,15157,0.00022902599994267803,True,True,ok,True,0.00021024700026828214,0,2,
case06-rep2,wine,178,logistic,parameters,opaque,False,1,model_and_predictions,2,0,full_replay,0.1,25545,35349,255450,15157,0.00028442900020309025,False,False,required_inputs_exceed_budget,False,,0,0,not executed: budget/selection failure
case06-rep2,wine,178,logistic,parameters,opaque,False,1,model_and_predictions,2,1,full_replay,0.1,25545,35349,255450,15157,0.00028442900020309025,False,False,required_inputs_exceed_budget,False,,0,0,not executed: budget/selection failure
case06-rep2,wine,178,logistic,parameters,opaque,False,1,model_and_predictions,2,2,full_replay,0.1,25545,35349,255450,15157,0.00028442900020309025,False,False,required_inputs_exceed_budget,False,,0,0,not executed: budget/selection failure
case06-rep2,wine,178,logistic,parameters,opaque,False,1,model_and_predictions,2,3,full_replay,0.1,25545,35349,255450,15157,0.00028442900020309025,False,False,required_inputs_exceed_budget,False,,0,0,not executed: budget/selection failure
case06-rep2,wine,178,logistic,parameters,opaque,False,1,model_and_predictions,2,4,full_replay,0.1,25545,35349,255450,15157,0.00028442900020309025,False,False,required_inputs_exceed_budget,False,,0,0,not executed: budget/selection failure
case06-rep2,wine,178,logistic,parameters,opaque,False,1,model_and_predictions,2,0,recoverability_v2,0.1,25545,35349,255450,15157,0.00030929699960324797,False,False,required_inputs_exceed_budget,False,,0,0,not executed: budget/selection failure
case06-rep2,wine,178,logistic,parameters,opaque,False,1,model_and_predictions,2,1,recoverability_v2,0.1,25545,35349,255450,15157,0.00030929699960324797,False,False,required_inputs_exceed_budget,False,,0,0,not executed: budget/selection failure
case06-rep2,wine,178,logistic,parameters,opaque,False,1,model_and_predictions,2,2,recoverability_v2,0.1,25545,35349,255450,15157,0.00030929699960324797,False,False,required_inputs_exceed_budget,False,,0,0,not executed: budget/selection failure
case06-rep2,wine,178,logistic,parameters,opaque,False,1,model_and_predictions,2,3,recoverability_v2,0.1,25545,35349,255450,15157,0.00030929699960324797,False,False,required_inputs_exceed_budget,False,,0,0,not executed: budget/selection failure
case06-rep2,wine,178,logistic,parameters,opaque,False,1,model_and_predictions,2,4,recoverability_v2,0.1,25545,35349,255450,15157,0.00030929699960324797,False,False,required_inputs_exceed_budget,False,,0,0,not executed: budget/selection failure
case06-rep2,wine,178,logistic,parameters,opaque,False,1,model_and_predictions,2,0,full_replay,0.4,102180,35349,255450,15157,0.00022369699991031666,False,True,restore_failed,False,9.76970000010624e-05,0,0,No exact path for external_features: non-replayable artifact missing
case06-rep2,wine,178,logistic,parameters,opaque,False,1,model_and_predictions,2,1,full_replay,0.4,102180,35349,255450,15157,0.00022369699991031666,False,True,restore_failed,False,9.819800015975488e-05,0,0,No exact path for external_features: non-replayable artifact missing
case06-rep2,wine,178,logistic,parameters,opaque,False,1,model_and_predictions,2,2,full_replay,0.4,102180,35349,255450,15157,0.00022369699991031666,False,True,restore_failed,False,0.00010229400004391209,0,0,No exact path for external_features: non-replayable artifact missing
case06-rep2,wine,178,logistic,parameters,opaque,False,1,model_and_predictions,2,3,full_replay,0.4,102180,35349,255450,15157,0.00022369699991031666,False,True,restore_failed,False,9.56049998421804e-05,0,0,No exact path for external_features: non-replayable artifact missing
case06-rep2,wine,178,logistic,parameters,opaque,False,1,model_and_predictions,2,4,full_replay,0.4,102180,35349,255450,15157,0.00022369699991031666,False,True,restore_failed,False,0.00012339600016275654,0,0,No exact path for external_features: non-replayable artifact missing
case06-rep2,wine,178,logistic,parameters,opaque,False,1,model_and_predictions,2,0,recoverability_v2,0.3,76635,47011,255450,15157,0.00031673900002715527,True,True,ok,True,0.00025888100026350003,0,2,
case06-rep2,wine,178,logistic,parameters,opaque,False,1,model_and_predictions,2,1,recoverability_v2,0.3,76635,47011,255450,15157,0.00031673900002715527,True,True,ok,True,0.0002048090000243974,0,2,
case06-rep2,wine,178,logistic,parameters,opaque,False,1,model_and_predictions,2,2,recoverability_v2,0.3,76635,47011,255450,15157,0.00031673900002715527,True,True,ok,True,0.00020872599998256192,0,2,
case06-rep2,wine,178,logistic,parameters,opaque,False,1,model_and_predictions,2,3,recoverability_v2,0.3,76635,47011,255450,15157,0.00031673900002715527,True,True,ok,True,0.00019967100024587126,0,2,
case06-rep2,wine,178,logistic,parameters,opaque,False,1,model_and_predictions,2,4,recoverability_v2,0.3,76635,47011,255450,15157,0.00031673900002715527,True,True,ok,True,0.00019958099983341526,0,2,
case06-rep2,wine,178,logistic,parameters,opaque,False,1,model_and_predictions,2,0,full_replay,0.3,76635,35349,255450,15157,0.00028546099974846584,False,True,restore_failed,False,9.49840000430413e-05,0,0,No exact path for external_features: non-replayable artifact missing
case06-rep2,wine,178,logistic,parameters,opaque,False,1,model_and_predictions,2,1,full_replay,0.3,76635,35349,255450,15157,0.00028546099974846584,False,True,restore_failed,False,0.00012130300001444994,0,0,No exact path for external_features: non-replayable artifact missing
case06-rep2,wine,178,logistic,parameters,opaque,False,1,model_and_predictions,2,2,full_replay,0.3,76635,35349,255450,15157,0.00028546099974846584,False,True,restore_failed,False,9.868899996945402e-05,0,0,No exact path for external_features: non-replayable artifact missing
case06-rep2,wine,178,logistic,parameters,opaque,False,1,model_and_predictions,2,3,full_replay,0.3,76635,35349,255450,15157,0.00028546099974846584,False,True,restore_failed,False,9.012600003188709e-05,0,0,No exact path for external_features: non-replayable artifact missing
case06-rep2,wine,178,logistic,parameters,opaque,False,1,model_and_predictions,2,4,full_replay,0.3,76635,35349,255450,15157,0.00028546099974846584,False,True,restore_failed,False,9.558500005368842e-05,0,0,No exact path for external_features: non-replayable artifact missing
case06-rep2,wine,178,logistic,parameters,opaque,False,1,model_and_predictions,2,0,target_snapshots,0.4,102180,47011,255450,15157,0.0003368990001035854,True,True,ok,True,0.00022026299984645448,0,2,
case06-rep2,wine,178,logistic,parameters,opaque,False,1,model_and_predictions,2,1,target_snapshots,0.4,102180,47011,255450,15157,0.0003368990001035854,True,True,ok,True,0.00022260700006881962,0,2,
case06-rep2,wine,178,logistic,parameters,opaque,False,1,model_and_predictions,2,2,target_snapshots,0.4,102180,47011,255450,15157,0.0003368990001035854,True,True,ok,True,0.00022339800034387736,0,2,
case06-rep2,wine,178,logistic,parameters,opaque,False,1,model_and_predictions,2,3,target_snapshots,0.4,102180,47011,255450,15157,0.0003368990001035854,True,True,ok,True,0.00021496399995157844,0,2,
case06-rep2,wine,178,logistic,parameters,opaque,False,1,model_and_predictions,2,4,target_snapshots,0.4,102180,47011,255450,15157,0.0003368990001035854,True,True,ok,True,0.00020823400018343818,0,2,
case06-rep2,wine,178,logistic,parameters,opaque,False,1,model_and_predictions,2,0,full_snapshot,0.2,51090,255450,255450,15157,0.0003403840000828495,True,False,budget_exceeded,False,,0,0,not executed: budget/selection failure
case06-rep2,wine,178,logistic,parameters,opaque,False,1,model_and_predictions,2,1,full_snapshot,0.2,51090,255450,255450,15157,0.0003403840000828495,True,False,budget_exceeded,False,,0,0,not executed: budget/selection failure
case06-rep2,wine,178,logistic,parameters,opaque,False,1,model_and_predictions,2,2,full_snapshot,0.2,51090,255450,255450,15157,0.0003403840000828495,True,False,budget_exceeded,False,,0,0,not executed: budget/selection failure
case06-rep2,wine,178,logistic,parameters,opaque,False,1,model_and_predictions,2,3,full_snapshot,0.2,51090,255450,255450,15157,0.0003403840000828495,True,False,budget_exceeded,False,,0,0,not executed: budget/selection failure
case06-rep2,wine,178,logistic,parameters,opaque,False,1,model_and_predictions,2,4,full_snapshot,0.2,51090,255450,255450,15157,0.0003403840000828495,True,False,budget_exceeded,False,,0,0,not executed: budget/selection failure
case06-rep2,wine,178,logistic,parameters,opaque,False,1,model_and_predictions,2,0,full_snapshot,0.5,127725,255450,255450,15157,0.00018844400028683594,True,False,budget_exceeded,False,,0,0,not executed: budget/selection failure
case06-rep2,wine,178,logistic,parameters,opaque,False,1,model_and_predictions,2,1,full_snapshot,0.5,127725,255450,255450,15157,0.00018844400028683594,True,False,budget_exceeded,False,,0,0,not executed: budget/selection failure
case06-rep2,wine,178,logistic,parameters,opaque,False,1,model_and_predictions,2,2,full_snapshot,0.5,127725,255450,255450,15157,0.00018844400028683594,True,False,budget_exceeded,False,,0,0,not executed: budget/selection failure
case06-rep2,wine,178,logistic,parameters,opaque,False,1,model_and_predictions,2,3,full_snapshot,0.5,127725,255450,255450,15157,0.00018844400028683594,True,False,budget_exceeded,False,,0,0,not executed: budget/selection failure
case06-rep2,wine,178,logistic,parameters,opaque,False,1,model_and_predictions,2,4,full_snapshot,0.5,127725,255450,255450,15157,0.00018844400028683594,True,False,budget_exceeded,False,,0,0,not executed: budget/selection failure
case06-rep2,wine,178,logistic,parameters,opaque,False,1,model_and_predictions,2,0,recoverability_v3,0.2,51090,47011,255450,15157,0.00021094800013088388,True,True,ok,True,0.0002117690000886796,0,2,
case06-rep2,wine,178,logistic,parameters,opaque,False,1,model_and_predictions,2,1,recoverability_v3,0.2,51090,47011,255450,15157,0.00021094800013088388,True,True,ok,True,0.00020506000009845593,0,2,
case06-rep2,wine,178,logistic,parameters,opaque,False,1,model_and_predictions,2,2,recoverability_v3,0.2,51090,47011,255450,15157,0.00021094800013088388,True,True,ok,True,0.00020197499998175772,0,2,
case06-rep2,wine,178,logistic,parameters,opaque,False,1,model_and_predictions,2,3,recoverability_v3,0.2,51090,47011,255450,15157,0.00021094800013088388,True,True,ok,True,0.0002051200003734266,0,2,
case06-rep2,wine,178,logistic,parameters,opaque,False,1,model_and_predictions,2,4,recoverability_v3,0.2,51090,47011,255450,15157,0.00021094800013088388,True,True,ok,True,0.0002614049999465351,0,2,
case06-rep2,wine,178,logistic,parameters,opaque,False,1,model_and_predictions,2,0,target_snapshots,1.0,255450,47011,255450,15157,0.00029666799991900916,True,True,ok,True,0.00041321400021843147,0,2,
case06-rep2,wine,178,logistic,parameters,opaque,False,1,model_and_predictions,2,1,target_snapshots,1.0,255450,47011,255450,15157,0.00029666799991900916,True,True,ok,True,0.00021203099959166138,0,2,
case06-rep2,wine,178,logistic,parameters,opaque,False,1,model_and_predictions,2,2,target_snapshots,1.0,255450,47011,255450,15157,0.00029666799991900916,True,True,ok,True,0.00020644200003516744,0,2,
case06-rep2,wine,178,logistic,parameters,opaque,False,1,model_and_predictions,2,3,target_snapshots,1.0,255450,47011,255450,15157,0.00029666799991900916,True,True,ok,True,0.0002014750002672372,0,2,
case06-rep2,wine,178,logistic,parameters,opaque,False,1,model_and_predictions,2,4,target_snapshots,1.0,255450,47011,255450,15157,0.00029666799991900916,True,True,ok,True,0.0002447990000291611,0,2,
case06-rep2,wine,178,logistic,parameters,opaque,False,1,model_and_predictions,2,0,full_replay,0.2,51090,35349,255450,15157,0.00027747900003305404,False,True,restore_failed,False,9.3141000434116e-05,0,0,No exact path for external_features: non-replayable artifact missing
case06-rep2,wine,178,logistic,parameters,opaque,False,1,model_and_predictions,2,1,full_replay,0.2,51090,35349,255450,15157,0.00027747900003305404,False,True,restore_failed,False,9.392199990543304e-05,0,0,No exact path for external_features: non-replayable artifact missing
case06-rep2,wine,178,logistic,parameters,opaque,False,1,model_and_predictions,2,2,full_replay,0.2,51090,35349,255450,15157,0.00027747900003305404,False,True,restore_failed,False,9.496300026512472e-05,0,0,No exact path for external_features: non-replayable artifact missing
case06-rep2,wine,178,logistic,parameters,opaque,False,1,model_and_predictions,2,3,full_replay,0.2,51090,35349,255450,15157,0.00027747900003305404,False,True,restore_failed,False,0.00020111300000280607,0,0,No exact path for external_features: non-replayable artifact missing
case06-rep2,wine,178,logistic,parameters,opaque,False,1,model_and_predictions,2,4,full_replay,0.2,51090,35349,255450,15157,0.00027747900003305404,False,True,restore_failed,False,9.200900012729107e-05,0,0,No exact path for external_features: non-replayable artifact missing
case06-rep2,wine,178,logistic,parameters,opaque,False,1,model_and_predictions,2,0,recoverability_v3,0.5,127725,47011,255450,15157,0.0003031679998457548,True,True,ok,True,0.0002115500001309556,0,2,
case06-rep2,wine,178,logistic,parameters,opaque,False,1,model_and_predictions,2,1,recoverability_v3,0.5,127725,47011,255450,15157,0.0003031679998457548,True,True,ok,True,0.0002165969999623485,0,2,
case06-rep2,wine,178,logistic,parameters,opaque,False,1,model_and_predictions,2,2,recoverability_v3,0.5,127725,47011,255450,15157,0.0003031679998457548,True,True,ok,True,0.00020687300002464326,0,2,
case06-rep2,wine,178,logistic,parameters,opaque,False,1,model_and_predictions,2,3,recoverability_v3,0.5,127725,47011,255450,15157,0.0003031679998457548,True,True,ok,True,0.0002646100001584273,0,2,
case06-rep2,wine,178,logistic,parameters,opaque,False,1,model_and_predictions,2,4,recoverability_v3,0.5,127725,47011,255450,15157,0.0003031679998457548,True,True,ok,True,0.0002447599999868544,0,2,
case06-rep2,wine,178,logistic,parameters,opaque,False,1,model_and_predictions,2,0,recoverability_v2,0.2,51090,47011,255450,15157,0.00037689999999201973,True,True,ok,True,0.00022419900005843374,0,2,
case06-rep2,wine,178,logistic,parameters,opaque,False,1,model_and_predictions,2,1,recoverability_v2,0.2,51090,47011,255450,15157,0.00037689999999201973,True,True,ok,True,0.00021227000024737208,0,2,
case06-rep2,wine,178,logistic,parameters,opaque,False,1,model_and_predictions,2,2,recoverability_v2,0.2,51090,47011,255450,15157,0.00037689999999201973,True,True,ok,True,0.00021471400032169186,0,2,
case06-rep2,wine,178,logistic,parameters,opaque,False,1,model_and_predictions,2,3,recoverability_v2,0.2,51090,47011,255450,15157,0.00037689999999201973,True,True,ok,True,0.0002105179996760853,0,2,
case06-rep2,wine,178,logistic,parameters,opaque,False,1,model_and_predictions,2,4,recoverability_v2,0.2,51090,47011,255450,15157,0.00037689999999201973,True,True,ok,True,0.00022119400000519818,0,2,
case06-rep2,wine,178,logistic,parameters,opaque,False,1,model_and_predictions,2,0,recoverability_v2,0.5,127725,47011,255450,15157,0.000454427000022406,True,True,ok,True,0.0002113890000146057,0,2,
case06-rep2,wine,178,logistic,parameters,opaque,False,1,model_and_predictions,2,1,recoverability_v2,0.5,127725,47011,255450,15157,0.000454427000022406,True,True,ok,True,0.0002062009998553549,0,2,
case06-rep2,wine,178,logistic,parameters,opaque,False,1,model_and_predictions,2,2,recoverability_v2,0.5,127725,47011,255450,15157,0.000454427000022406,True,True,ok,True,0.0005561190000662464,0,2,
case06-rep2,wine,178,logistic,parameters,opaque,False,1,model_and_predictions,2,3,recoverability_v2,0.5,127725,47011,255450,15157,0.000454427000022406,True,True,ok,True,0.00020430800032045227,0,2,
case06-rep2,wine,178,logistic,parameters,opaque,False,1,model_and_predictions,2,4,recoverability_v2,0.5,127725,47011,255450,15157,0.000454427000022406,True,True,ok,True,0.0003879860000779445,0,2,
case06-rep2,wine,178,logistic,parameters,opaque,False,1,model_and_predictions,2,0,target_snapshots,0.3,76635,47011,255450,15157,0.00036698499980047927,True,True,ok,True,0.0002761179998742591,0,2,
case06-rep2,wine,178,logistic,parameters,opaque,False,1,model_and_predictions,2,1,target_snapshots,0.3,76635,47011,255450,15157,0.00036698499980047927,True,True,ok,True,0.00021327200011000969,0,2,
case06-rep2,wine,178,logistic,parameters,opaque,False,1,model_and_predictions,2,2,target_snapshots,0.3,76635,47011,255450,15157,0.00036698499980047927,True,True,ok,True,0.0003882360001625784,0,2,
case06-rep2,wine,178,logistic,parameters,opaque,False,1,model_and_predictions,2,3,target_snapshots,0.3,76635,47011,255450,15157,0.00036698499980047927,True,True,ok,True,0.0003905600001417042,0,2,
case06-rep2,wine,178,logistic,parameters,opaque,False,1,model_and_predictions,2,4,target_snapshots,0.3,76635,47011,255450,15157,0.00036698499980047927,True,True,ok,True,0.00020538100034173112,0,2,
case06-rep2,wine,178,logistic,parameters,opaque,False,1,model_and_predictions,2,0,full_replay,0.5,127725,35349,255450,15157,0.0002795320001496293,False,True,restore_failed,False,0.0022443100001510174,0,0,No exact path for external_features: non-replayable artifact missing
case06-rep2,wine,178,logistic,parameters,opaque,False,1,model_and_predictions,2,1,full_replay,0.5,127725,35349,255450,15157,0.0002795320001496293,False,True,restore_failed,False,0.0005853439997736132,0,0,No exact path for external_features: non-replayable artifact missing
case06-rep2,wine,178,logistic,parameters,opaque,False,1,model_and_predictions,2,2,full_replay,0.5,127725,35349,255450,15157,0.0002795320001496293,False,True,restore_failed,False,9.561400020174915e-05,0,0,No exact path for external_features: non-replayable artifact missing
case06-rep2,wine,178,logistic,parameters,opaque,False,1,model_and_predictions,2,3,full_replay,0.5,127725,35349,255450,15157,0.0002795320001496293,False,True,restore_failed,False,0.00010021099978985148,0,0,No exact path for external_features: non-replayable artifact missing
case06-rep2,wine,178,logistic,parameters,opaque,False,1,model_and_predictions,2,4,full_replay,0.5,127725,35349,255450,15157,0.0002795320001496293,False,True,restore_failed,False,9.351200014862115e-05,0,0,No exact path for external_features: non-replayable artifact missing
case06-rep2,wine,178,logistic,parameters,opaque,False,1,model_and_predictions,2,0,target_snapshots,0.1,25545,35349,255450,15157,0.00029565700015155016,False,False,required_inputs_exceed_budget,False,,0,0,not executed: budget/selection failure
case06-rep2,wine,178,logistic,parameters,opaque,False,1,model_and_predictions,2,1,target_snapshots,0.1,25545,35349,255450,15157,0.00029565700015155016,False,False,required_inputs_exceed_budget,False,,0,0,not executed: budget/selection failure
case06-rep2,wine,178,logistic,parameters,opaque,False,1,model_and_predictions,2,2,target_snapshots,0.1,25545,35349,255450,15157,0.00029565700015155016,False,False,required_inputs_exceed_budget,False,,0,0,not executed: budget/selection failure
case06-rep2,wine,178,logistic,parameters,opaque,False,1,model_and_predictions,2,3,target_snapshots,0.1,25545,35349,255450,15157,0.00029565700015155016,False,False,required_inputs_exceed_budget,False,,0,0,not executed: budget/selection failure
case06-rep2,wine,178,logistic,parameters,opaque,False,1,model_and_predictions,2,4,target_snapshots,0.1,25545,35349,255450,15157,0.00029565700015155016,False,False,required_inputs_exceed_budget,False,,0,0,not executed: budget/selection failure
case06-rep2,wine,178,logistic,parameters,opaque,False,1,model_and_predictions,2,0,full_replay,1.0,255450,35349,255450,15157,0.00018661200010683388,False,True,restore_failed,False,9.710699987408589e-05,0,0,No exact path for external_features: non-replayable artifact missing
case06-rep2,wine,178,logistic,parameters,opaque,False,1,model_and_predictions,2,1,full_replay,1.0,255450,35349,255450,15157,0.00018661200010683388,False,True,restore_failed,False,9.543499982100911e-05,0,0,No exact path for external_features: non-replayable artifact missing
case06-rep2,wine,178,logistic,parameters,opaque,False,1,model_and_predictions,2,2,full_replay,1.0,255450,35349,255450,15157,0.00018661200010683388,False,True,restore_failed,False,0.00040953899997475673,0,0,No exact path for external_features: non-replayable artifact missing
case06-rep2,wine,178,logistic,parameters,opaque,False,1,model_and_predictions,2,3,full_replay,1.0,255450,35349,255450,15157,0.00018661200010683388,False,True,restore_failed,False,9.607499987396295e-05,0,0,No exact path for external_features: non-replayable artifact missing
case06-rep2,wine,178,logistic,parameters,opaque,False,1,model_and_predictions,2,4,full_replay,1.0,255450,35349,255450,15157,0.00018661200010683388,False,True,restore_failed,False,9.638600022299215e-05,0,0,No exact path for external_features: non-replayable artifact missing
case06-rep2,wine,178,logistic,parameters,opaque,False,1,model_and_predictions,2,0,target_snapshots,0.5,127725,47011,255450,15157,0.00031439499980479013,True,True,ok,True,0.00021848000005775248,0,2,
case06-rep2,wine,178,logistic,parameters,opaque,False,1,model_and_predictions,2,1,target_snapshots,0.5,127725,47011,255450,15157,0.00031439499980479013,True,True,ok,True,0.000245732000166754,0,2,
case06-rep2,wine,178,logistic,parameters,opaque,False,1,model_and_predictions,2,2,target_snapshots,0.5,127725,47011,255450,15157,0.00031439499980479013,True,True,ok,True,0.00020802500011996017,0,2,
case06-rep2,wine,178,logistic,parameters,opaque,False,1,model_and_predictions,2,3,target_snapshots,0.5,127725,47011,255450,15157,0.00031439499980479013,True,True,ok,True,0.00022461000025941757,0,2,
case06-rep2,wine,178,logistic,parameters,opaque,False,1,model_and_predictions,2,4,target_snapshots,0.5,127725,47011,255450,15157,0.00031439499980479013,True,True,ok,True,0.00021777900019515073,0,2,
case06-rep2,wine,178,logistic,parameters,opaque,False,1,model_and_predictions,2,0,recoverability_v3,0.1,25545,35349,255450,15157,0.00028542100017148186,False,False,required_inputs_exceed_budget,False,,0,0,not executed: budget/selection failure
case06-rep2,wine,178,logistic,parameters,opaque,False,1,model_and_predictions,2,1,recoverability_v3,0.1,25545,35349,255450,15157,0.00028542100017148186,False,False,required_inputs_exceed_budget,False,,0,0,not executed: budget/selection failure
case06-rep2,wine,178,logistic,parameters,opaque,False,1,model_and_predictions,2,2,recoverability_v3,0.1,25545,35349,255450,15157,0.00028542100017148186,False,False,required_inputs_exceed_budget,False,,0,0,not executed: budget/selection failure
case06-rep2,wine,178,logistic,parameters,opaque,False,1,model_and_predictions,2,3,recoverability_v3,0.1,25545,35349,255450,15157,0.00028542100017148186,False,False,required_inputs_exceed_budget,False,,0,0,not executed: budget/selection failure
case06-rep2,wine,178,logistic,parameters,opaque,False,1,model_and_predictions,2,4,recoverability_v3,0.1,25545,35349,255450,15157,0.00028542100017148186,False,False,required_inputs_exceed_budget,False,,0,0,not executed: budget/selection failure
case07-rep0,wine,178,forest,parameters,opaque,False,1,model_and_predictions,0,0,recoverability_v3,1.0,646335,437896,646335,15143,0.0002264419999846723,True,True,ok,True,0.0014251029997467413,0,2,
case07-rep0,wine,178,forest,parameters,opaque,False,1,model_and_predictions,0,1,recoverability_v3,1.0,646335,437896,646335,15143,0.0002264419999846723,True,True,ok,True,0.0014889789999870118,0,2,
case07-rep0,wine,178,forest,parameters,opaque,False,1,model_and_predictions,0,2,recoverability_v3,1.0,646335,437896,646335,15143,0.0002264419999846723,True,True,ok,True,0.0013425379997897835,0,2,
case07-rep0,wine,178,forest,parameters,opaque,False,1,model_and_predictions,0,3,recoverability_v3,1.0,646335,437896,646335,15143,0.0002264419999846723,True,True,ok,True,0.001776203000190435,0,2,
case07-rep0,wine,178,forest,parameters,opaque,False,1,model_and_predictions,0,4,recoverability_v3,1.0,646335,437896,646335,15143,0.0002264419999846723,True,True,ok,True,0.0019327800000610296,0,2,
case07-rep0,wine,178,forest,parameters,opaque,False,1,model_and_predictions,0,0,full_replay,0.4,258534,35335,646335,15143,0.0002852509996955632,False,True,restore_failed,False,0.00010410799995952402,0,0,No exact path for external_features: non-replayable artifact missing
case07-rep0,wine,178,forest,parameters,opaque,False,1,model_and_predictions,0,1,full_replay,0.4,258534,35335,646335,15143,0.0002852509996955632,False,True,restore_failed,False,9.651600021243212e-05,0,0,No exact path for external_features: non-replayable artifact missing
case07-rep0,wine,178,forest,parameters,opaque,False,1,model_and_predictions,0,2,full_replay,0.4,258534,35335,646335,15143,0.0002852509996955632,False,True,restore_failed,False,9.451300002183416e-05,0,0,No exact path for external_features: non-replayable artifact missing
case07-rep0,wine,178,forest,parameters,opaque,False,1,model_and_predictions,0,3,full_replay,0.4,258534,35335,646335,15143,0.0002852509996955632,False,True,restore_failed,False,9.241900033885031e-05,0,0,No exact path for external_features: non-replayable artifact missing
case07-rep0,wine,178,forest,parameters,opaque,False,1,model_and_predictions,0,4,full_replay,0.4,258534,35335,646335,15143,0.0002852509996955632,False,True,restore_failed,False,9.479300024395343e-05,0,0,No exact path for external_features: non-replayable artifact missing
case07-rep0,wine,178,forest,parameters,opaque,False,1,model_and_predictions,0,0,recoverability_v2,1.0,646335,437896,646335,15143,0.00031919200000629644,True,True,ok,True,0.0014725440000802337,0,2,
case07-rep0,wine,178,forest,parameters,opaque,False,1,model_and_predictions,0,1,recoverability_v2,1.0,646335,437896,646335,15143,0.00031919200000629644,True,True,ok,True,0.001397890999669471,0,2,
case07-rep0,wine,178,forest,parameters,opaque,False,1,model_and_predictions,0,2,recoverability_v2,1.0,646335,437896,646335,15143,0.00031919200000629644,True,True,ok,True,0.001443690000087372,0,2,
case07-rep0,wine,178,forest,parameters,opaque,False,1,model_and_predictions,0,3,recoverability_v2,1.0,646335,437896,646335,15143,0.00031919200000629644,True,True,ok,True,0.00149382700010392,0,2,
case07-rep0,wine,178,forest,parameters,opaque,False,1,model_and_predictions,0,4,recoverability_v2,1.0,646335,437896,646335,15143,0.00031919200000629644,True,True,ok,True,0.0014274560003286751,0,2,
case07-rep0,wine,178,forest,parameters,opaque,False,1,model_and_predictions,0,0,full_replay,0.2,129267,35335,646335,15143,0.0002713900003072922,False,True,restore_failed,False,9.160900026472518e-05,0,0,No exact path for external_features: non-replayable artifact missing
case07-rep0,wine,178,forest,parameters,opaque,False,1,model_and_predictions,0,1,full_replay,0.2,129267,35335,646335,15143,0.0002713900003072922,False,True,restore_failed,False,0.0001017340000544209,0,0,No exact path for external_features: non-replayable artifact missing
case07-rep0,wine,178,forest,parameters,opaque,False,1,model_and_predictions,0,2,full_replay,0.2,129267,35335,646335,15143,0.0002713900003072922,False,True,restore_failed,False,8.854299994709436e-05,0,0,No exact path for external_features: non-replayable artifact missing
case07-rep0,wine,178,forest,parameters,opaque,False,1,model_and_predictions,0,3,full_replay,0.2,129267,35335,646335,15143,0.0002713900003072922,False,True,restore_failed,False,0.00016879500026334426,0,0,No exact path for external_features: non-replayable artifact missing
case07-rep0,wine,178,forest,parameters,opaque,False,1,model_and_predictions,0,4,full_replay,0.2,129267,35335,646335,15143,0.0002713900003072922,False,True,restore_failed,False,0.00010006100001191953,0,0,No exact path for external_features: non-replayable artifact missing
case07-rep0,wine,178,forest,parameters,opaque,False,1,model_and_predictions,0,0,recoverability_v3,0.3,193900,193660,646335,15143,0.096446417000152,True,True,ok,True,0.023126391000005242,2,3,
case07-rep0,wine,178,forest,parameters,opaque,False,1,model_and_predictions,0,1,recoverability_v3,0.3,193900,193660,646335,15143,0.096446417000152,True,True,ok,True,0.023617754000042623,1,4,
case07-rep0,wine,178,forest,parameters,opaque,False,1,model_and_predictions,0,2,recoverability_v3,0.3,193900,193660,646335,15143,0.096446417000152,True,True,ok,True,0.0029306870001164498,0,2,
case07-rep0,wine,178,forest,parameters,opaque,False,1,model_and_predictions,0,3,recoverability_v3,0.3,193900,193660,646335,15143,0.096446417000152,True,True,ok,True,0.023752818000048137,2,3,
case07-rep0,wine,178,forest,parameters,opaque,False,1,model_and_predictions,0,4,recoverability_v3,0.3,193900,193660,646335,15143,0.096446417000152,True,True,ok,True,0.0224988229997507,1,4,
case07-rep0,wine,178,forest,parameters,opaque,False,1,model_and_predictions,0,0,full_replay,0.1,64633,35335,646335,15143,0.000364149999768415,False,True,restore_failed,False,9.301000000050408e-05,0,0,No exact path for external_features: non-replayable artifact missing
case07-rep0,wine,178,forest,parameters,opaque,False,1,model_and_predictions,0,1,full_replay,0.1,64633,35335,646335,15143,0.000364149999768415,False,True,restore_failed,False,9.152900020126253e-05,0,0,No exact path for external_features: non-replayable artifact missing
case07-rep0,wine,178,forest,parameters,opaque,False,1,model_and_predictions,0,2,full_replay,0.1,64633,35335,646335,15143,0.000364149999768415,False,True,restore_failed,False,9.430299996893154e-05,0,0,No exact path for external_features: non-replayable artifact missing
case07-rep0,wine,178,forest,parameters,opaque,False,1,model_and_predictions,0,3,full_replay,0.1,64633,35335,646335,15143,0.000364149999768415,False,True,restore_failed,False,9.44519997574389e-05,0,0,No exact path for external_features: non-replayable artifact missing
case07-rep0,wine,178,forest,parameters,opaque,False,1,model_and_predictions,0,4,full_replay,0.1,64633,35335,646335,15143,0.000364149999768415,False,True,restore_failed,False,9.428200019101496e-05,0,0,No exact path for external_features: non-replayable artifact missing
case07-rep0,wine,178,forest,parameters,opaque,False,1,model_and_predictions,0,0,target_snapshots,0.3,193900,437896,646335,15143,0.00030712399984622607,True,False,budget_exceeded,False,,0,0,not executed: budget/selection failure
case07-rep0,wine,178,forest,parameters,opaque,False,1,model_and_predictions,0,1,target_snapshots,0.3,193900,437896,646335,15143,0.00030712399984622607,True,False,budget_exceeded,False,,0,0,not executed: budget/selection failure
case07-rep0,wine,178,forest,parameters,opaque,False,1,model_and_predictions,0,2,target_snapshots,0.3,193900,437896,646335,15143,0.00030712399984622607,True,False,budget_exceeded,False,,0,0,not executed: budget/selection failure
case07-rep0,wine,178,forest,parameters,opaque,False,1,model_and_predictions,0,3,target_snapshots,0.3,193900,437896,646335,15143,0.00030712399984622607,True,False,budget_exceeded,False,,0,0,not executed: budget/selection failure
case07-rep0,wine,178,forest,parameters,opaque,False,1,model_and_predictions,0,4,target_snapshots,0.3,193900,437896,646335,15143,0.00030712399984622607,True,False,budget_exceeded,False,,0,0,not executed: budget/selection failure
case07-rep0,wine,178,forest,parameters,opaque,False,1,model_and_predictions,0,0,target_snapshots,0.1,64633,437896,646335,15143,0.00019554599975890596,True,False,budget_exceeded,False,,0,0,not executed: budget/selection failure
case07-rep0,wine,178,forest,parameters,opaque,False,1,model_and_predictions,0,1,target_snapshots,0.1,64633,437896,646335,15143,0.00019554599975890596,True,False,budget_exceeded,False,,0,0,not executed: budget/selection failure
case07-rep0,wine,178,forest,parameters,opaque,False,1,model_and_predictions,0,2,target_snapshots,0.1,64633,437896,646335,15143,0.00019554599975890596,True,False,budget_exceeded,False,,0,0,not executed: budget/selection failure
case07-rep0,wine,178,forest,parameters,opaque,False,1,model_and_predictions,0,3,target_snapshots,0.1,64633,437896,646335,15143,0.00019554599975890596,True,False,budget_exceeded,False,,0,0,not executed: budget/selection failure
case07-rep0,wine,178,forest,parameters,opaque,False,1,model_and_predictions,0,4,target_snapshots,0.1,64633,437896,646335,15143,0.00019554599975890596,True,False,budget_exceeded,False,,0,0,not executed: budget/selection failure
case07-rep0,wine,178,forest,parameters,opaque,False,1,model_and_predictions,0,0,target_snapshots,1.0,646335,437896,646335,15143,0.00019902100029867142,True,True,ok,True,0.0017583950002517668,0,2,
case07-rep0,wine,178,forest,parameters,opaque,False,1,model_and_predictions,0,1,target_snapshots,1.0,646335,437896,646335,15143,0.00019902100029867142,True,True,ok,True,0.0014471160002358374,0,2,
case07-rep0,wine,178,forest,parameters,opaque,False,1,model_and_predictions,0,2,target_snapshots,1.0,646335,437896,646335,15143,0.00019902100029867142,True,True,ok,True,0.0012780600000041886,0,2,
case07-rep0,wine,178,forest,parameters,opaque,False,1,model_and_predictions,0,3,target_snapshots,1.0,646335,437896,646335,15143,0.00019902100029867142,True,True,ok,True,0.0015108819998204126,0,2,
case07-rep0,wine,178,forest,parameters,opaque,False,1,model_and_predictions,0,4,target_snapshots,1.0,646335,437896,646335,15143,0.00019902100029867142,True,True,ok,True,0.0014520830000037677,0,2,
case07-rep0,wine,178,forest,parameters,opaque,False,1,model_and_predictions,0,0,full_snapshot,0.2,129267,646335,646335,15143,0.00029891100029999507,True,False,budget_exceeded,False,,0,0,not executed: budget/selection failure
case07-rep0,wine,178,forest,parameters,opaque,False,1,model_and_predictions,0,1,full_snapshot,0.2,129267,646335,646335,15143,0.00029891100029999507,True,False,budget_exceeded,False,,0,0,not executed: budget/selection failure
case07-rep0,wine,178,forest,parameters,opaque,False,1,model_and_predictions,0,2,full_snapshot,0.2,129267,646335,646335,15143,0.00029891100029999507,True,False,budget_exceeded,False,,0,0,not executed: budget/selection failure
case07-rep0,wine,178,forest,parameters,opaque,False,1,model_and_predictions,0,3,full_snapshot,0.2,129267,646335,646335,15143,0.00029891100029999507,True,False,budget_exceeded,False,,0,0,not executed: budget/selection failure
case07-rep0,wine,178,forest,parameters,opaque,False,1,model_and_predictions,0,4,full_snapshot,0.2,129267,646335,646335,15143,0.00029891100029999507,True,False,budget_exceeded,False,,0,0,not executed: budget/selection failure
case07-rep0,wine,178,forest,parameters,opaque,False,1,model_and_predictions,0,0,full_snapshot,0.5,323167,646335,646335,15143,0.00018448799983161734,True,False,budget_exceeded,False,,0,0,not executed: budget/selection failure
case07-rep0,wine,178,forest,parameters,opaque,False,1,model_and_predictions,0,1,full_snapshot,0.5,323167,646335,646335,15143,0.00018448799983161734,True,False,budget_exceeded,False,,0,0,not executed: budget/selection failure
case07-rep0,wine,178,forest,parameters,opaque,False,1,model_and_predictions,0,2,full_snapshot,0.5,323167,646335,646335,15143,0.00018448799983161734,True,False,budget_exceeded,False,,0,0,not executed: budget/selection failure
case07-rep0,wine,178,forest,parameters,opaque,False,1,model_and_predictions,0,3,full_snapshot,0.5,323167,646335,646335,15143,0.00018448799983161734,True,False,budget_exceeded,False,,0,0,not executed: budget/selection failure
case07-rep0,wine,178,forest,parameters,opaque,False,1,model_and_predictions,0,4,full_snapshot,0.5,323167,646335,646335,15143,0.00018448799983161734,True,False,budget_exceeded,False,,0,0,not executed: budget/selection failure
case07-rep0,wine,178,forest,parameters,opaque,False,1,model_and_predictions,0,0,full_snapshot,0.3,193900,646335,646335,15143,0.00021586600041700876,True,False,budget_exceeded,False,,0,0,not executed: budget/selection failure
case07-rep0,wine,178,forest,parameters,opaque,False,1,model_and_predictions,0,1,full_snapshot,0.3,193900,646335,646335,15143,0.00021586600041700876,True,False,budget_exceeded,False,,0,0,not executed: budget/selection failure
case07-rep0,wine,178,forest,parameters,opaque,False,1,model_and_predictions,0,2,full_snapshot,0.3,193900,646335,646335,15143,0.00021586600041700876,True,False,budget_exceeded,False,,0,0,not executed: budget/selection failure
case07-rep0,wine,178,forest,parameters,opaque,False,1,model_and_predictions,0,3,full_snapshot,0.3,193900,646335,646335,15143,0.00021586600041700876,True,False,budget_exceeded,False,,0,0,not executed: budget/selection failure
case07-rep0,wine,178,forest,parameters,opaque,False,1,model_and_predictions,0,4,full_snapshot,0.3,193900,646335,646335,15143,0.00021586600041700876,True,False,budget_exceeded,False,,0,0,not executed: budget/selection failure
case07-rep0,wine,178,forest,parameters,opaque,False,1,model_and_predictions,0,0,full_replay,0.3,193900,35335,646335,15143,0.00018063300012727268,False,True,restore_failed,False,0.00010791300019263872,0,0,No exact path for external_features: non-replayable artifact missing
case07-rep0,wine,178,forest,parameters,opaque,False,1,model_and_predictions,0,1,full_replay,0.3,193900,35335,646335,15143,0.00018063300012727268,False,True,restore_failed,False,9.396199993716436e-05,0,0,No exact path for external_features: non-replayable artifact missing
case07-rep0,wine,178,forest,parameters,opaque,False,1,model_and_predictions,0,2,full_replay,0.3,193900,35335,646335,15143,0.00018063300012727268,False,True,restore_failed,False,0.00011958000004597125,0,0,No exact path for external_features: non-replayable artifact missing
case07-rep0,wine,178,forest,parameters,opaque,False,1,model_and_predictions,0,3,full_replay,0.3,193900,35335,646335,15143,0.00018063300012727268,False,True,restore_failed,False,9.56139997470018e-05,0,0,No exact path for external_features: non-replayable artifact missing
case07-rep0,wine,178,forest,parameters,opaque,False,1,model_and_predictions,0,4,full_replay,0.3,193900,35335,646335,15143,0.00018063300012727268,False,True,restore_failed,False,9.713700001157122e-05,0,0,No exact path for external_features: non-replayable artifact missing
case07-rep0,wine,178,forest,parameters,opaque,False,1,model_and_predictions,0,0,full_snapshot,0.1,64633,646335,646335,15143,0.000303508999877522,True,False,budget_exceeded,False,,0,0,not executed: budget/selection failure
case07-rep0,wine,178,forest,parameters,opaque,False,1,model_and_predictions,0,1,full_snapshot,0.1,64633,646335,646335,15143,0.000303508999877522,True,False,budget_exceeded,False,,0,0,not executed: budget/selection failure
case07-rep0,wine,178,forest,parameters,opaque,False,1,model_and_predictions,0,2,full_snapshot,0.1,64633,646335,646335,15143,0.000303508999877522,True,False,budget_exceeded,False,,0,0,not executed: budget/selection failure
case07-rep0,wine,178,forest,parameters,opaque,False,1,model_and_predictions,0,3,full_snapshot,0.1,64633,646335,646335,15143,0.000303508999877522,True,False,budget_exceeded,False,,0,0,not executed: budget/selection failure
case07-rep0,wine,178,forest,parameters,opaque,False,1,model_and_predictions,0,4,full_snapshot,0.1,64633,646335,646335,15143,0.000303508999877522,True,False,budget_exceeded,False,,0,0,not executed: budget/selection failure
case07-rep0,wine,178,forest,parameters,opaque,False,1,model_and_predictions,0,0,target_snapshots,0.5,323167,437896,646335,15143,0.00018443899989506463,True,False,budget_exceeded,False,,0,0,not executed: budget/selection failure
case07-rep0,wine,178,forest,parameters,opaque,False,1,model_and_predictions,0,1,target_snapshots,0.5,323167,437896,646335,15143,0.00018443899989506463,True,False,budget_exceeded,False,,0,0,not executed: budget/selection failure
case07-rep0,wine,178,forest,parameters,opaque,False,1,model_and_predictions,0,2,target_snapshots,0.5,323167,437896,646335,15143,0.00018443899989506463,True,False,budget_exceeded,False,,0,0,not executed: budget/selection failure
case07-rep0,wine,178,forest,parameters,opaque,False,1,model_and_predictions,0,3,target_snapshots,0.5,323167,437896,646335,15143,0.00018443899989506463,True,False,budget_exceeded,False,,0,0,not executed: budget/selection failure
case07-rep0,wine,178,forest,parameters,opaque,False,1,model_and_predictions,0,4,target_snapshots,0.5,323167,437896,646335,15143,0.00018443899989506463,True,False,budget_exceeded,False,,0,0,not executed: budget/selection failure
case07-rep0,wine,178,forest,parameters,opaque,False,1,model_and_predictions,0,0,full_replay,1.0,646335,35335,646335,15143,0.00020034299996041227,False,True,restore_failed,False,9.296000007452676e-05,0,0,No exact path for external_features: non-replayable artifact missing
case07-rep0,wine,178,forest,parameters,opaque,False,1,model_and_predictions,0,1,full_replay,1.0,646335,35335,646335,15143,0.00020034299996041227,False,True,restore_failed,False,9.906000013870653e-05,0,0,No exact path for external_features: non-replayable artifact missing
case07-rep0,wine,178,forest,parameters,opaque,False,1,model_and_predictions,0,2,full_replay,1.0,646335,35335,646335,15143,0.00020034299996041227,False,True,restore_failed,False,9.32110001485853e-05,0,0,No exact path for external_features: non-replayable artifact missing
case07-rep0,wine,178,forest,parameters,opaque,False,1,model_and_predictions,0,3,full_replay,1.0,646335,35335,646335,15143,0.00020034299996041227,False,True,restore_failed,False,0.00014364700018631993,0,0,No exact path for external_features: non-replayable artifact missing
case07-rep0,wine,178,forest,parameters,opaque,False,1,model_and_predictions,0,4,full_replay,1.0,646335,35335,646335,15143,0.00020034299996041227,False,True,restore_failed,False,9.303099977842066e-05,0,0,No exact path for external_features: non-replayable artifact missing
case07-rep0,wine,178,forest,parameters,opaque,False,1,model_and_predictions,0,0,recoverability_v2,0.2,129267,128540,646335,15143,0.005900762999772269,True,True,ok,True,0.022995512999841594,3,2,
case07-rep0,wine,178,forest,parameters,opaque,False,1,model_and_predictions,0,1,recoverability_v2,0.2,129267,128540,646335,15143,0.005900762999772269,True,True,ok,True,0.02143382499980362,3,2,
case07-rep0,wine,178,forest,parameters,opaque,False,1,model_and_predictions,0,2,recoverability_v2,0.2,129267,128540,646335,15143,0.005900762999772269,True,True,ok,True,0.025103386999944632,3,2,
case07-rep0,wine,178,forest,parameters,opaque,False,1,model_and_predictions,0,3,recoverability_v2,0.2,129267,128540,646335,15143,0.005900762999772269,True,True,ok,True,0.022373453000000154,3,2,
case07-rep0,wine,178,forest,parameters,opaque,False,1,model_and_predictions,0,4,recoverability_v2,0.2,129267,128540,646335,15143,0.005900762999772269,True,True,ok,True,0.022081352999975934,3,2,
case07-rep0,wine,178,forest,parameters,opaque,False,1,model_and_predictions,0,0,recoverability_v2,0.1,64633,35335,646335,15143,0.002870255999823712,False,False,proven_infeasible,False,,0,0,not executed: budget/selection failure
case07-rep0,wine,178,forest,parameters,opaque,False,1,model_and_predictions,0,1,recoverability_v2,0.1,64633,35335,646335,15143,0.002870255999823712,False,False,proven_infeasible,False,,0,0,not executed: budget/selection failure
case07-rep0,wine,178,forest,parameters,opaque,False,1,model_and_predictions,0,2,recoverability_v2,0.1,64633,35335,646335,15143,0.002870255999823712,False,False,proven_infeasible,False,,0,0,not executed: budget/selection failure
case07-rep0,wine,178,forest,parameters,opaque,False,1,model_and_predictions,0,3,recoverability_v2,0.1,64633,35335,646335,15143,0.002870255999823712,False,False,proven_infeasible,False,,0,0,not executed: budget/selection failure
case07-rep0,wine,178,forest,parameters,opaque,False,1,model_and_predictions,0,4,recoverability_v2,0.1,64633,35335,646335,15143,0.002870255999823712,False,False,proven_infeasible,False,,0,0,not executed: budget/selection failure
case07-rep0,wine,178,forest,parameters,opaque,False,1,model_and_predictions,0,0,target_snapshots,0.4,258534,437896,646335,15143,0.00018745299985312158,True,False,budget_exceeded,False,,0,0,not executed: budget/selection failure
case07-rep0,wine,178,forest,parameters,opaque,False,1,model_and_predictions,0,1,target_snapshots,0.4,258534,437896,646335,15143,0.00018745299985312158,True,False,budget_exceeded,False,,0,0,not executed: budget/selection failure
case07-rep0,wine,178,forest,parameters,opaque,False,1,model_and_predictions,0,2,target_snapshots,0.4,258534,437896,646335,15143,0.00018745299985312158,True,False,budget_exceeded,False,,0,0,not executed: budget/selection failure
case07-rep0,wine,178,forest,parameters,opaque,False,1,model_and_predictions,0,3,target_snapshots,0.4,258534,437896,646335,15143,0.00018745299985312158,True,False,budget_exceeded,False,,0,0,not executed: budget/selection failure
case07-rep0,wine,178,forest,parameters,opaque,False,1,model_and_predictions,0,4,target_snapshots,0.4,258534,437896,646335,15143,0.00018745299985312158,True,False,budget_exceeded,False,,0,0,not executed: budget/selection failure
case07-rep0,wine,178,forest,parameters,opaque,False,1,model_and_predictions,0,0,full_snapshot,1.0,646335,646335,646335,15143,0.0001843380000536854,True,True,ok,True,0.0014388230001713964,0,2,
case07-rep0,wine,178,forest,parameters,opaque,False,1,model_and_predictions,0,1,full_snapshot,1.0,646335,646335,646335,15143,0.0001843380000536854,True,True,ok,True,0.0016160810000656056,0,2,
case07-rep0,wine,178,forest,parameters,opaque,False,1,model_and_predictions,0,2,full_snapshot,1.0,646335,646335,646335,15143,0.0001843380000536854,True,True,ok,True,0.0015250940000441915,0,2,
case07-rep0,wine,178,forest,parameters,opaque,False,1,model_and_predictions,0,3,full_snapshot,1.0,646335,646335,646335,15143,0.0001843380000536854,True,True,ok,True,0.0015267960002347536,0,2,
case07-rep0,wine,178,forest,parameters,opaque,False,1,model_and_predictions,0,4,full_snapshot,1.0,646335,646335,646335,15143,0.0001843380000536854,True,True,ok,True,0.0015026599999146129,0,2,
case07-rep0,wine,178,forest,parameters,opaque,False,1,model_and_predictions,0,0,recoverability_v3,0.1,64633,35335,646335,15143,0.0029318389997570193,False,False,proven_infeasible,False,,0,0,not executed: budget/selection failure
case07-rep0,wine,178,forest,parameters,opaque,False,1,model_and_predictions,0,1,recoverability_v3,0.1,64633,35335,646335,15143,0.0029318389997570193,False,False,proven_infeasible,False,,0,0,not executed: budget/selection failure
case07-rep0,wine,178,forest,parameters,opaque,False,1,model_and_predictions,0,2,recoverability_v3,0.1,64633,35335,646335,15143,0.0029318389997570193,False,False,proven_infeasible,False,,0,0,not executed: budget/selection failure
case07-rep0,wine,178,forest,parameters,opaque,False,1,model_and_predictions,0,3,recoverability_v3,0.1,64633,35335,646335,15143,0.0029318389997570193,False,False,proven_infeasible,False,,0,0,not executed: budget/selection failure
case07-rep0,wine,178,forest,parameters,opaque,False,1,model_and_predictions,0,4,recoverability_v3,0.1,64633,35335,646335,15143,0.0029318389997570193,False,False,proven_infeasible,False,,0,0,not executed: budget/selection failure
case07-rep0,wine,178,forest,parameters,opaque,False,1,model_and_predictions,0,0,recoverability_v3,0.2,129267,128540,646335,15143,0.00386143199966682,True,True,ok,True,0.024905287999899883,3,2,
case07-rep0,wine,178,forest,parameters,opaque,False,1,model_and_predictions,0,1,recoverability_v3,0.2,129267,128540,646335,15143,0.00386143199966682,True,True,ok,True,0.026948344000174984,3,2,
case07-rep0,wine,178,forest,parameters,opaque,False,1,model_and_predictions,0,2,recoverability_v3,0.2,129267,128540,646335,15143,0.00386143199966682,True,True,ok,True,0.023049955000260525,3,2,
case07-rep0,wine,178,forest,parameters,opaque,False,1,model_and_predictions,0,3,recoverability_v3,0.2,129267,128540,646335,15143,0.00386143199966682,True,True,ok,True,0.027323571000124502,3,2,
case07-rep0,wine,178,forest,parameters,opaque,False,1,model_and_predictions,0,4,recoverability_v3,0.2,129267,128540,646335,15143,0.00386143199966682,True,True,ok,True,0.03128903000015271,3,2,
case07-rep0,wine,178,forest,parameters,opaque,False,1,model_and_predictions,0,0,full_snapshot,0.4,258534,646335,646335,15143,0.00041515700013405876,True,False,budget_exceeded,False,,0,0,not executed: budget/selection failure
case07-rep0,wine,178,forest,parameters,opaque,False,1,model_and_predictions,0,1,full_snapshot,0.4,258534,646335,646335,15143,0.00041515700013405876,True,False,budget_exceeded,False,,0,0,not executed: budget/selection failure
case07-rep0,wine,178,forest,parameters,opaque,False,1,model_and_predictions,0,2,full_snapshot,0.4,258534,646335,646335,15143,0.00041515700013405876,True,False,budget_exceeded,False,,0,0,not executed: budget/selection failure
case07-rep0,wine,178,forest,parameters,opaque,False,1,model_and_predictions,0,3,full_snapshot,0.4,258534,646335,646335,15143,0.00041515700013405876,True,False,budget_exceeded,False,,0,0,not executed: budget/selection failure
case07-rep0,wine,178,forest,parameters,opaque,False,1,model_and_predictions,0,4,full_snapshot,0.4,258534,646335,646335,15143,0.00041515700013405876,True,False,budget_exceeded,False,,0,0,not executed: budget/selection failure
case07-rep0,wine,178,forest,parameters,opaque,False,1,model_and_predictions,0,0,recoverability_v2,0.3,193900,193660,646335,15143,0.022985207999681734,True,True,ok,True,0.020958526999947935,2,3,
case07-rep0,wine,178,forest,parameters,opaque,False,1,model_and_predictions,0,1,recoverability_v2,0.3,193900,193660,646335,15143,0.022985207999681734,True,True,ok,True,0.02120851500012577,1,4,
case07-rep0,wine,178,forest,parameters,opaque,False,1,model_and_predictions,0,2,recoverability_v2,0.3,193900,193660,646335,15143,0.022985207999681734,True,True,ok,True,0.0017002280001179315,0,2,
case07-rep0,wine,178,forest,parameters,opaque,False,1,model_and_predictions,0,3,recoverability_v2,0.3,193900,193660,646335,15143,0.022985207999681734,True,True,ok,True,0.022136395999950764,2,3,
case07-rep0,wine,178,forest,parameters,opaque,False,1,model_and_predictions,0,4,recoverability_v2,0.3,193900,193660,646335,15143,0.022985207999681734,True,True,ok,True,0.023539235000043846,1,4,
case07-rep0,wine,178,forest,parameters,opaque,False,1,model_and_predictions,0,0,full_replay,0.5,323167,35335,646335,15143,0.00034411000024192617,False,True,restore_failed,False,0.00011100800020358292,0,0,No exact path for external_features: non-replayable artifact missing
case07-rep0,wine,178,forest,parameters,opaque,False,1,model_and_predictions,0,1,full_replay,0.5,323167,35335,646335,15143,0.00034411000024192617,False,True,restore_failed,False,0.00010239399989586673,0,0,No exact path for external_features: non-replayable artifact missing
case07-rep0,wine,178,forest,parameters,opaque,False,1,model_and_predictions,0,2,full_replay,0.5,323167,35335,646335,15143,0.00034411000024192617,False,True,restore_failed,False,0.000108093000108056,0,0,No exact path for external_features: non-replayable artifact missing
case07-rep0,wine,178,forest,parameters,opaque,False,1,model_and_predictions,0,3,full_replay,0.5,323167,35335,646335,15143,0.00034411000024192617,False,True,restore_failed,False,0.00019163900014973478,0,0,No exact path for external_features: non-replayable artifact missing
case07-rep0,wine,178,forest,parameters,opaque,False,1,model_and_predictions,0,4,full_replay,0.5,323167,35335,646335,15143,0.00034411000024192617,False,True,restore_failed,False,9.911999995892984e-05,0,0,No exact path for external_features: non-replayable artifact missing
case07-rep0,wine,178,forest,parameters,opaque,False,1,model_and_predictions,0,0,recoverability_v2,0.5,323167,318715,646335,15143,0.007407038000110333,True,True,ok,True,0.0016163519999281561,0,2,
case07-rep0,wine,178,forest,parameters,opaque,False,1,model_and_predictions,0,1,recoverability_v2,0.5,323167,318715,646335,15143,0.007407038000110333,True,True,ok,True,0.0268101349997778,1,4,
case07-rep0,wine,178,forest,parameters,opaque,False,1,model_and_predictions,0,2,recoverability_v2,0.5,323167,318715,646335,15143,0.007407038000110333,True,True,ok,True,0.0020231459998285573,0,2,
case07-rep0,wine,178,forest,parameters,opaque,False,1,model_and_predictions,0,3,recoverability_v2,0.5,323167,318715,646335,15143,0.007407038000110333,True,True,ok,True,0.02379190599958747,1,4,
case07-rep0,wine,178,forest,parameters,opaque,False,1,model_and_predictions,0,4,recoverability_v2,0.5,323167,318715,646335,15143,0.007407038000110333,True,True,ok,True,0.0017602990001250873,0,2,
case07-rep0,wine,178,forest,parameters,opaque,False,1,model_and_predictions,0,0,recoverability_v3,0.5,323167,318715,646335,15143,0.006320336000044335,True,True,ok,True,0.0015422799997395487,0,2,
case07-rep0,wine,178,forest,parameters,opaque,False,1,model_and_predictions,0,1,recoverability_v3,0.5,323167,318715,646335,15143,0.006320336000044335,True,True,ok,True,0.02876024099987262,1,4,
case07-rep0,wine,178,forest,parameters,opaque,False,1,model_and_predictions,0,2,recoverability_v3,0.5,323167,318715,646335,15143,0.006320336000044335,True,True,ok,True,0.0019018230000256153,0,2,
case07-rep0,wine,178,forest,parameters,opaque,False,1,model_and_predictions,0,3,recoverability_v3,0.5,323167,318715,646335,15143,0.006320336000044335,True,True,ok,True,0.02354118799985372,1,4,
case07-rep0,wine,178,forest,parameters,opaque,False,1,model_and_predictions,0,4,recoverability_v3,0.5,323167,318715,646335,15143,0.006320336000044335,True,True,ok,True,0.0017312049999418377,0,2,
case07-rep0,wine,178,forest,parameters,opaque,False,1,model_and_predictions,0,0,recoverability_v2,0.4,258534,257148,646335,15143,0.011417074999826582,True,True,ok,True,0.0018084610001096735,0,2,
case07-rep0,wine,178,forest,parameters,opaque,False,1,model_and_predictions,0,1,recoverability_v2,0.4,258534,257148,646335,15143,0.011417074999826582,True,True,ok,True,0.024668870999903447,1,4,
case07-rep0,wine,178,forest,parameters,opaque,False,1,model_and_predictions,0,2,recoverability_v2,0.4,258534,257148,646335,15143,0.011417074999826582,True,True,ok,True,0.0016844849997141864,0,2,
case07-rep0,wine,178,forest,parameters,opaque,False,1,model_and_predictions,0,3,recoverability_v2,0.4,258534,257148,646335,15143,0.011417074999826582,True,True,ok,True,0.022249626999837346,1,4,
case07-rep0,wine,178,forest,parameters,opaque,False,1,model_and_predictions,0,4,recoverability_v2,0.4,258534,257148,646335,15143,0.011417074999826582,True,True,ok,True,0.021587126999747852,1,4,
case07-rep0,wine,178,forest,parameters,opaque,False,1,model_and_predictions,0,0,recoverability_v3,0.4,258534,257148,646335,15143,0.010815747000378906,True,True,ok,True,0.0017825420000008307,0,2,
case07-rep0,wine,178,forest,parameters,opaque,False,1,model_and_predictions,0,1,recoverability_v3,0.4,258534,257148,646335,15143,0.010815747000378906,True,True,ok,True,0.02071335700020427,1,4,
case07-rep0,wine,178,forest,parameters,opaque,False,1,model_and_predictions,0,2,recoverability_v3,0.4,258534,257148,646335,15143,0.010815747000378906,True,True,ok,True,0.0015699220002716174,0,2,
case07-rep0,wine,178,forest,parameters,opaque,False,1,model_and_predictions,0,3,recoverability_v3,0.4,258534,257148,646335,15143,0.010815747000378906,True,True,ok,True,0.025265075999868714,1,4,
case07-rep0,wine,178,forest,parameters,opaque,False,1,model_and_predictions,0,4,recoverability_v3,0.4,258534,257148,646335,15143,0.010815747000378906,True,True,ok,True,0.02506286200014074,1,4,
case07-rep0,wine,178,forest,parameters,opaque,False,1,model_and_predictions,0,0,target_snapshots,0.2,129267,437896,646335,15143,0.00035380500003157067,True,False,budget_exceeded,False,,0,0,not executed: budget/selection failure
case07-rep0,wine,178,forest,parameters,opaque,False,1,model_and_predictions,0,1,target_snapshots,0.2,129267,437896,646335,15143,0.00035380500003157067,True,False,budget_exceeded,False,,0,0,not executed: budget/selection failure
case07-rep0,wine,178,forest,parameters,opaque,False,1,model_and_predictions,0,2,target_snapshots,0.2,129267,437896,646335,15143,0.00035380500003157067,True,False,budget_exceeded,False,,0,0,not executed: budget/selection failure
case07-rep0,wine,178,forest,parameters,opaque,False,1,model_and_predictions,0,3,target_snapshots,0.2,129267,437896,646335,15143,0.00035380500003157067,True,False,budget_exceeded,False,,0,0,not executed: budget/selection failure
case07-rep0,wine,178,forest,parameters,opaque,False,1,model_and_predictions,0,4,target_snapshots,0.2,129267,437896,646335,15143,0.00035380500003157067,True,False,budget_exceeded,False,,0,0,not executed: budget/selection failure
case07-rep1,wine,178,forest,parameters,opaque,False,1,model_and_predictions,1,0,recoverability_v2,1.0,640985,432546,640985,15142,0.0002605339996080147,True,True,ok,True,0.0016398269999626791,0,2,
case07-rep1,wine,178,forest,parameters,opaque,False,1,model_and_predictions,1,1,recoverability_v2,1.0,640985,432546,640985,15142,0.0002605339996080147,True,True,ok,True,0.0016153699998540105,0,2,
case07-rep1,wine,178,forest,parameters,opaque,False,1,model_and_predictions,1,2,recoverability_v2,1.0,640985,432546,640985,15142,0.0002605339996080147,True,True,ok,True,0.001644873999794072,0,2,
case07-rep1,wine,178,forest,parameters,opaque,False,1,model_and_predictions,1,3,recoverability_v2,1.0,640985,432546,640985,15142,0.0002605339996080147,True,True,ok,True,0.001766777999819169,0,2,
case07-rep1,wine,178,forest,parameters,opaque,False,1,model_and_predictions,1,4,recoverability_v2,1.0,640985,432546,640985,15142,0.0002605339996080147,True,True,ok,True,0.0016896120000637893,0,2,
case07-rep1,wine,178,forest,parameters,opaque,False,1,model_and_predictions,1,0,full_snapshot,1.0,640985,640985,640985,15142,0.0003684870002871321,True,True,ok,True,0.0017765830002645089,0,2,
case07-rep1,wine,178,forest,parameters,opaque,False,1,model_and_predictions,1,1,full_snapshot,1.0,640985,640985,640985,15142,0.0003684870002871321,True,True,ok,True,0.001557491999847116,0,2,
case07-rep1,wine,178,forest,parameters,opaque,False,1,model_and_predictions,1,2,full_snapshot,1.0,640985,640985,640985,15142,0.0003684870002871321,True,True,ok,True,0.0017023010000229988,0,2,
case07-rep1,wine,178,forest,parameters,opaque,False,1,model_and_predictions,1,3,full_snapshot,1.0,640985,640985,640985,15142,0.0003684870002871321,True,True,ok,True,0.001660427999922831,0,2,
case07-rep1,wine,178,forest,parameters,opaque,False,1,model_and_predictions,1,4,full_snapshot,1.0,640985,640985,640985,15142,0.0003684870002871321,True,True,ok,True,0.0015124649999052053,0,2,
case07-rep1,wine,178,forest,parameters,opaque,False,1,model_and_predictions,1,0,target_snapshots,0.2,128197,432546,640985,15142,0.00027364400011720136,True,False,budget_exceeded,False,,0,0,not executed: budget/selection failure
case07-rep1,wine,178,forest,parameters,opaque,False,1,model_and_predictions,1,1,target_snapshots,0.2,128197,432546,640985,15142,0.00027364400011720136,True,False,budget_exceeded,False,,0,0,not executed: budget/selection failure
case07-rep1,wine,178,forest,parameters,opaque,False,1,model_and_predictions,1,2,target_snapshots,0.2,128197,432546,640985,15142,0.00027364400011720136,True,False,budget_exceeded,False,,0,0,not executed: budget/selection failure
case07-rep1,wine,178,forest,parameters,opaque,False,1,model_and_predictions,1,3,target_snapshots,0.2,128197,432546,640985,15142,0.00027364400011720136,True,False,budget_exceeded,False,,0,0,not executed: budget/selection failure
case07-rep1,wine,178,forest,parameters,opaque,False,1,model_and_predictions,1,4,target_snapshots,0.2,128197,432546,640985,15142,0.00027364400011720136,True,False,budget_exceeded,False,,0,0,not executed: budget/selection failure
case07-rep1,wine,178,forest,parameters,opaque,False,1,model_and_predictions,1,0,recoverability_v2,0.4,256394,255987,640985,15142,0.004946241000197915,True,True,ok,True,0.021346742999867274,1,4,
case07-rep1,wine,178,forest,parameters,opaque,False,1,model_and_predictions,1,1,recoverability_v2,0.4,256394,255987,640985,15142,0.004946241000197915,True,True,ok,True,0.001503290999607998,0,2,
case07-rep1,wine,178,forest,parameters,opaque,False,1,model_and_predictions,1,2,recoverability_v2,0.4,256394,255987,640985,15142,0.004946241000197915,True,True,ok,True,0.001425994000328501,0,2,
case07-rep1,wine,178,forest,parameters,opaque,False,1,model_and_predictions,1,3,recoverability_v2,0.4,256394,255987,640985,15142,0.004946241000197915,True,True,ok,True,0.021083947000079206,1,4,
case07-rep1,wine,178,forest,parameters,opaque,False,1,model_and_predictions,1,4,recoverability_v2,0.4,256394,255987,640985,15142,0.004946241000197915,True,True,ok,True,0.025778823000109696,1,4,
case07-rep1,wine,178,forest,parameters,opaque,False,1,model_and_predictions,1,0,recoverability_v3,0.4,256394,255987,640985,15142,0.005767812000158301,True,True,ok,True,0.02492860299980748,1,4,
case07-rep1,wine,178,forest,parameters,opaque,False,1,model_and_predictions,1,1,recoverability_v3,0.4,256394,255987,640985,15142,0.005767812000158301,True,True,ok,True,0.0032536839999011136,0,2,
case07-rep1,wine,178,forest,parameters,opaque,False,1,model_and_predictions,1,2,recoverability_v3,0.4,256394,255987,640985,15142,0.005767812000158301,True,True,ok,True,0.0016762019999987388,0,2,
case07-rep1,wine,178,forest,parameters,opaque,False,1,model_and_predictions,1,3,recoverability_v3,0.4,256394,255987,640985,15142,0.005767812000158301,True,True,ok,True,0.025266107999868836,1,4,
case07-rep1,wine,178,forest,parameters,opaque,False,1,model_and_predictions,1,4,recoverability_v3,0.4,256394,255987,640985,15142,0.005767812000158301,True,True,ok,True,0.028863261000424245,1,4,
case07-rep1,wine,178,forest,parameters,opaque,False,1,model_and_predictions,1,0,recoverability_v3,1.0,640985,432546,640985,15142,0.00045506800006478443,True,True,ok,True,0.0016305029998875398,0,2,
case07-rep1,wine,178,forest,parameters,opaque,False,1,model_and_predictions,1,1,recoverability_v3,1.0,640985,432546,640985,15142,0.00045506800006478443,True,True,ok,True,0.001716443000077561,0,2,
case07-rep1,wine,178,forest,parameters,opaque,False,1,model_and_predictions,1,2,recoverability_v3,1.0,640985,432546,640985,15142,0.00045506800006478443,True,True,ok,True,0.0020204219999868656,0,2,
case07-rep1,wine,178,forest,parameters,opaque,False,1,model_and_predictions,1,3,recoverability_v3,1.0,640985,432546,640985,15142,0.00045506800006478443,True,True,ok,True,0.0014563300001100288,0,2,
case07-rep1,wine,178,forest,parameters,opaque,False,1,model_and_predictions,1,4,recoverability_v3,1.0,640985,432546,640985,15142,0.00045506800006478443,True,True,ok,True,0.0014243010000427603,0,2,
case07-rep1,wine,178,forest,parameters,opaque,False,1,model_and_predictions,1,0,full_snapshot,0.1,64098,640985,640985,15142,0.00027734900004361407,True,False,budget_exceeded,False,,0,0,not executed: budget/selection failure
case07-rep1,wine,178,forest,parameters,opaque,False,1,model_and_predictions,1,1,full_snapshot,0.1,64098,640985,640985,15142,0.00027734900004361407,True,False,budget_exceeded,False,,0,0,not executed: budget/selection failure
case07-rep1,wine,178,forest,parameters,opaque,False,1,model_and_predictions,1,2,full_snapshot,0.1,64098,640985,640985,15142,0.00027734900004361407,True,False,budget_exceeded,False,,0,0,not executed: budget/selection failure
case07-rep1,wine,178,forest,parameters,opaque,False,1,model_and_predictions,1,3,full_snapshot,0.1,64098,640985,640985,15142,0.00027734900004361407,True,False,budget_exceeded,False,,0,0,not executed: budget/selection failure
case07-rep1,wine,178,forest,parameters,opaque,False,1,model_and_predictions,1,4,full_snapshot,0.1,64098,640985,640985,15142,0.00027734900004361407,True,False,budget_exceeded,False,,0,0,not executed: budget/selection failure
case07-rep1,wine,178,forest,parameters,opaque,False,1,model_and_predictions,1,0,full_snapshot,0.4,256394,640985,640985,15142,0.00018683200005398248,True,False,budget_exceeded,False,,0,0,not executed: budget/selection failure
case07-rep1,wine,178,forest,parameters,opaque,False,1,model_and_predictions,1,1,full_snapshot,0.4,256394,640985,640985,15142,0.00018683200005398248,True,False,budget_exceeded,False,,0,0,not executed: budget/selection failure
case07-rep1,wine,178,forest,parameters,opaque,False,1,model_and_predictions,1,2,full_snapshot,0.4,256394,640985,640985,15142,0.00018683200005398248,True,False,budget_exceeded,False,,0,0,not executed: budget/selection failure
case07-rep1,wine,178,forest,parameters,opaque,False,1,model_and_predictions,1,3,full_snapshot,0.4,256394,640985,640985,15142,0.00018683200005398248,True,False,budget_exceeded,False,,0,0,not executed: budget/selection failure
case07-rep1,wine,178,forest,parameters,opaque,False,1,model_and_predictions,1,4,full_snapshot,0.4,256394,640985,640985,15142,0.00018683200005398248,True,False,budget_exceeded,False,,0,0,not executed: budget/selection failure
case07-rep1,wine,178,forest,parameters,opaque,False,1,model_and_predictions,1,0,full_snapshot,0.3,192295,640985,640985,15142,0.00018158400007450837,True,False,budget_exceeded,False,,0,0,not executed: budget/selection failure
case07-rep1,wine,178,forest,parameters,opaque,False,1,model_and_predictions,1,1,full_snapshot,0.3,192295,640985,640985,15142,0.00018158400007450837,True,False,budget_exceeded,False,,0,0,not executed: budget/selection failure
case07-rep1,wine,178,forest,parameters,opaque,False,1,model_and_predictions,1,2,full_snapshot,0.3,192295,640985,640985,15142,0.00018158400007450837,True,False,budget_exceeded,False,,0,0,not executed: budget/selection failure
case07-rep1,wine,178,forest,parameters,opaque,False,1,model_and_predictions,1,3,full_snapshot,0.3,192295,640985,640985,15142,0.00018158400007450837,True,False,budget_exceeded,False,,0,0,not executed: budget/selection failure
case07-rep1,wine,178,forest,parameters,opaque,False,1,model_and_predictions,1,4,full_snapshot,0.3,192295,640985,640985,15142,0.00018158400007450837,True,False,budget_exceeded,False,,0,0,not executed: budget/selection failure
case07-rep1,wine,178,forest,parameters,opaque,False,1,model_and_predictions,1,0,recoverability_v3,0.3,192295,191371,640985,15142,0.03364559600004213,True,True,ok,True,0.023354044999905454,1,4,
case07-rep1,wine,178,forest,parameters,opaque,False,1,model_and_predictions,1,1,recoverability_v3,0.3,192295,191371,640985,15142,0.03364559600004213,True,True,ok,True,0.02224457900001653,1,4,
case07-rep1,wine,178,forest,parameters,opaque,False,1,model_and_predictions,1,2,recoverability_v3,0.3,192295,191371,640985,15142,0.03364559600004213,True,True,ok,True,0.02910473100018862,2,3,
case07-rep1,wine,178,forest,parameters,opaque,False,1,model_and_predictions,1,3,recoverability_v3,0.3,192295,191371,640985,15142,0.03364559600004213,True,True,ok,True,0.0017590870002095471,0,2,
case07-rep1,wine,178,forest,parameters,opaque,False,1,model_and_predictions,1,4,recoverability_v3,0.3,192295,191371,640985,15142,0.03364559600004213,True,True,ok,True,0.028017058000386896,1,4,
case07-rep1,wine,178,forest,parameters,opaque,False,1,model_and_predictions,1,0,full_replay,0.1,64098,35334,640985,15142,0.00029137000001355773,False,True,restore_failed,False,0.00020028200015076436,0,0,No exact path for external_features: non-replayable artifact missing
case07-rep1,wine,178,forest,parameters,opaque,False,1,model_and_predictions,1,1,full_replay,0.1,64098,35334,640985,15142,0.00029137000001355773,False,True,restore_failed,False,9.724599976834725e-05,0,0,No exact path for external_features: non-replayable artifact missing
case07-rep1,wine,178,forest,parameters,opaque,False,1,model_and_predictions,1,2,full_replay,0.1,64098,35334,640985,15142,0.00029137000001355773,False,True,restore_failed,False,9.726700000101118e-05,0,0,No exact path for external_features: non-replayable artifact missing
case07-rep1,wine,178,forest,parameters,opaque,False,1,model_and_predictions,1,3,full_replay,0.1,64098,35334,640985,15142,0.00029137000001355773,False,True,restore_failed,False,9.517299986327998e-05,0,0,No exact path for external_features: non-replayable artifact missing
case07-rep1,wine,178,forest,parameters,opaque,False,1,model_and_predictions,1,4,full_replay,0.1,64098,35334,640985,15142,0.00029137000001355773,False,True,restore_failed,False,0.00016864500003066496,0,0,No exact path for external_features: non-replayable artifact missing
case07-rep1,wine,178,forest,parameters,opaque,False,1,model_and_predictions,1,0,recoverability_v2,0.1,64098,35334,640985,15142,0.0036111549998167902,False,False,proven_infeasible,False,,0,0,not executed: budget/selection failure
case07-rep1,wine,178,forest,parameters,opaque,False,1,model_and_predictions,1,1,recoverability_v2,0.1,64098,35334,640985,15142,0.0036111549998167902,False,False,proven_infeasible,False,,0,0,not executed: budget/selection failure
case07-rep1,wine,178,forest,parameters,opaque,False,1,model_and_predictions,1,2,recoverability_v2,0.1,64098,35334,640985,15142,0.0036111549998167902,False,False,proven_infeasible,False,,0,0,not executed: budget/selection failure
case07-rep1,wine,178,forest,parameters,opaque,False,1,model_and_predictions,1,3,recoverability_v2,0.1,64098,35334,640985,15142,0.0036111549998167902,False,False,proven_infeasible,False,,0,0,not executed: budget/selection failure
case07-rep1,wine,178,forest,parameters,opaque,False,1,model_and_predictions,1,4,recoverability_v2,0.1,64098,35334,640985,15142,0.0036111549998167902,False,False,proven_infeasible,False,,0,0,not executed: budget/selection failure
case07-rep1,wine,178,forest,parameters,opaque,False,1,model_and_predictions,1,0,full_replay,0.4,256394,35334,640985,15142,0.000181683999926463,False,True,restore_failed,False,0.00017717699984132196,0,0,No exact path for external_features: non-replayable artifact missing
case07-rep1,wine,178,forest,parameters,opaque,False,1,model_and_predictions,1,1,full_replay,0.4,256394,35334,640985,15142,0.000181683999926463,False,True,restore_failed,False,0.00010053200003312668,0,0,No exact path for external_features: non-replayable artifact missing
case07-rep1,wine,178,forest,parameters,opaque,False,1,model_and_predictions,1,2,full_replay,0.4,256394,35334,640985,15142,0.000181683999926463,False,True,restore_failed,False,9.966100014935364e-05,0,0,No exact path for external_features: non-replayable artifact missing
case07-rep1,wine,178,forest,parameters,opaque,False,1,model_and_predictions,1,3,full_replay,0.4,256394,35334,640985,15142,0.000181683999926463,False,True,restore_failed,False,9.764699962033774e-05,0,0,No exact path for external_features: non-replayable artifact missing
case07-rep1,wine,178,forest,parameters,opaque,False,1,model_and_predictions,1,4,full_replay,0.4,256394,35334,640985,15142,0.000181683999926463,False,True,restore_failed,False,0.00010362700004407088,0,0,No exact path for external_features: non-replayable artifact missing
case07-rep1,wine,178,forest,parameters,opaque,False,1,model_and_predictions,1,0,recoverability_v2,0.3,192295,191371,640985,15142,0.03511801800004832,True,True,ok,True,0.02528777599991372,1,4,
case07-rep1,wine,178,forest,parameters,opaque,False,1,model_and_predictions,1,1,recoverability_v2,0.3,192295,191371,640985,15142,0.03511801800004832,True,True,ok,True,0.025725146000240784,1,4,
case07-rep1,wine,178,forest,parameters,opaque,False,1,model_and_predictions,1,2,recoverability_v2,0.3,192295,191371,640985,15142,0.03511801800004832,True,True,ok,True,0.022760688999824197,2,3,
case07-rep1,wine,178,forest,parameters,opaque,False,1,model_and_predictions,1,3,recoverability_v2,0.3,192295,191371,640985,15142,0.03511801800004832,True,True,ok,True,0.0019703459997799655,0,2,
case07-rep1,wine,178,forest,parameters,opaque,False,1,model_and_predictions,1,4,recoverability_v2,0.3,192295,191371,640985,15142,0.03511801800004832,True,True,ok,True,0.027077458999883675,1,4,
case07-rep1,wine,178,forest,parameters,opaque,False,1,model_and_predictions,1,0,full_replay,0.3,192295,35334,640985,15142,0.0002961069999400934,False,True,restore_failed,False,9.051699998963159e-05,0,0,No exact path for external_features: non-replayable artifact missing
case07-rep1,wine,178,forest,parameters,opaque,False,1,model_and_predictions,1,1,full_replay,0.3,192295,35334,640985,15142,0.0002961069999400934,False,True,restore_failed,False,9.48329998209374e-05,0,0,No exact path for external_features: non-replayable artifact missing
case07-rep1,wine,178,forest,parameters,opaque,False,1,model_and_predictions,1,2,full_replay,0.3,192295,35334,640985,15142,0.0002961069999400934,False,True,restore_failed,False,0.00014174400030242396,0,0,No exact path for external_features: non-replayable artifact missing
case07-rep1,wine,178,forest,parameters,opaque,False,1,model_and_predictions,1,3,full_replay,0.3,192295,35334,640985,15142,0.0002961069999400934,False,True,restore_failed,False,0.00011917000028915936,0,0,No exact path for external_features: non-replayable artifact missing
case07-rep1,wine,178,forest,parameters,opaque,False,1,model_and_predictions,1,4,full_replay,0.3,192295,35334,640985,15142,0.0002961069999400934,False,True,restore_failed,False,0.00011487299980217358,0,0,No exact path for external_features: non-replayable artifact missing
case07-rep1,wine,178,forest,parameters,opaque,False,1,model_and_predictions,1,0,target_snapshots,0.4,256394,432546,640985,15142,0.0003466540001682006,True,False,budget_exceeded,False,,0,0,not executed: budget/selection failure
case07-rep1,wine,178,forest,parameters,opaque,False,1,model_and_predictions,1,1,target_snapshots,0.4,256394,432546,640985,15142,0.0003466540001682006,True,False,budget_exceeded,False,,0,0,not executed: budget/selection failure
case07-rep1,wine,178,forest,parameters,opaque,False,1,model_and_predictions,1,2,target_snapshots,0.4,256394,432546,640985,15142,0.0003466540001682006,True,False,budget_exceeded,False,,0,0,not executed: budget/selection failure
case07-rep1,wine,178,forest,parameters,opaque,False,1,model_and_predictions,1,3,target_snapshots,0.4,256394,432546,640985,15142,0.0003466540001682006,True,False,budget_exceeded,False,,0,0,not executed: budget/selection failure
case07-rep1,wine,178,forest,parameters,opaque,False,1,model_and_predictions,1,4,target_snapshots,0.4,256394,432546,640985,15142,0.0003466540001682006,True,False,budget_exceeded,False,,0,0,not executed: budget/selection failure
case07-rep1,wine,178,forest,parameters,opaque,False,1,model_and_predictions,1,0,full_snapshot,0.2,128197,640985,640985,15142,0.00021627600017382065,True,False,budget_exceeded,False,,0,0,not executed: budget/selection failure
case07-rep1,wine,178,forest,parameters,opaque,False,1,model_and_predictions,1,1,full_snapshot,0.2,128197,640985,640985,15142,0.00021627600017382065,True,False,budget_exceeded,False,,0,0,not executed: budget/selection failure
case07-rep1,wine,178,forest,parameters,opaque,False,1,model_and_predictions,1,2,full_snapshot,0.2,128197,640985,640985,15142,0.00021627600017382065,True,False,budget_exceeded,False,,0,0,not executed: budget/selection failure
case07-rep1,wine,178,forest,parameters,opaque,False,1,model_and_predictions,1,3,full_snapshot,0.2,128197,640985,640985,15142,0.00021627600017382065,True,False,budget_exceeded,False,,0,0,not executed: budget/selection failure
case07-rep1,wine,178,forest,parameters,opaque,False,1,model_and_predictions,1,4,full_snapshot,0.2,128197,640985,640985,15142,0.00021627600017382065,True,False,budget_exceeded,False,,0,0,not executed: budget/selection failure
case07-rep1,wine,178,forest,parameters,opaque,False,1,model_and_predictions,1,0,full_snapshot,0.5,320492,640985,640985,15142,0.00018959600038215285,True,False,budget_exceeded,False,,0,0,not executed: budget/selection failure
case07-rep1,wine,178,forest,parameters,opaque,False,1,model_and_predictions,1,1,full_snapshot,0.5,320492,640985,640985,15142,0.00018959600038215285,True,False,budget_exceeded,False,,0,0,not executed: budget/selection failure
case07-rep1,wine,178,forest,parameters,opaque,False,1,model_and_predictions,1,2,full_snapshot,0.5,320492,640985,640985,15142,0.00018959600038215285,True,False,budget_exceeded,False,,0,0,not executed: budget/selection failure
case07-rep1,wine,178,forest,parameters,opaque,False,1,model_and_predictions,1,3,full_snapshot,0.5,320492,640985,640985,15142,0.00018959600038215285,True,False,budget_exceeded,False,,0,0,not executed: budget/selection failure
case07-rep1,wine,178,forest,parameters,opaque,False,1,model_and_predictions,1,4,full_snapshot,0.5,320492,640985,640985,15142,0.00018959600038215285,True,False,budget_exceeded,False,,0,0,not executed: budget/selection failure
case07-rep1,wine,178,forest,parameters,opaque,False,1,model_and_predictions,1,0,recoverability_v3,0.2,128197,35334,640985,15142,0.002834360999713681,False,False,proven_infeasible,False,,0,0,not executed: budget/selection failure
case07-rep1,wine,178,forest,parameters,opaque,False,1,model_and_predictions,1,1,recoverability_v3,0.2,128197,35334,640985,15142,0.002834360999713681,False,False,proven_infeasible,False,,0,0,not executed: budget/selection failure
case07-rep1,wine,178,forest,parameters,opaque,False,1,model_and_predictions,1,2,recoverability_v3,0.2,128197,35334,640985,15142,0.002834360999713681,False,False,proven_infeasible,False,,0,0,not executed: budget/selection failure
case07-rep1,wine,178,forest,parameters,opaque,False,1,model_and_predictions,1,3,recoverability_v3,0.2,128197,35334,640985,15142,0.002834360999713681,False,False,proven_infeasible,False,,0,0,not executed: budget/selection failure
case07-rep1,wine,178,forest,parameters,opaque,False,1,model_and_predictions,1,4,recoverability_v3,0.2,128197,35334,640985,15142,0.002834360999713681,False,False,proven_infeasible,False,,0,0,not executed: budget/selection failure
case07-rep1,wine,178,forest,parameters,opaque,False,1,model_and_predictions,1,0,target_snapshots,1.0,640985,432546,640985,15142,0.0002102070002365508,True,True,ok,True,0.001650773000164918,0,2,
case07-rep1,wine,178,forest,parameters,opaque,False,1,model_and_predictions,1,1,target_snapshots,1.0,640985,432546,640985,15142,0.0002102070002365508,True,True,ok,True,0.001652546000059374,0,2,
case07-rep1,wine,178,forest,parameters,opaque,False,1,model_and_predictions,1,2,target_snapshots,1.0,640985,432546,640985,15142,0.0002102070002365508,True,True,ok,True,0.001691725000000588,0,2,
case07-rep1,wine,178,forest,parameters,opaque,False,1,model_and_predictions,1,3,target_snapshots,1.0,640985,432546,640985,15142,0.0002102070002365508,True,True,ok,True,0.0018585270004223275,0,2,
case07-rep1,wine,178,forest,parameters,opaque,False,1,model_and_predictions,1,4,target_snapshots,1.0,640985,432546,640985,15142,0.0002102070002365508,True,True,ok,True,0.0016294009997182002,0,2,
case07-rep1,wine,178,forest,parameters,opaque,False,1,model_and_predictions,1,0,full_replay,0.2,128197,35334,640985,15142,0.0004167089996371942,False,True,restore_failed,False,0.00010240499977953732,0,0,No exact path for external_features: non-replayable artifact missing
case07-rep1,wine,178,forest,parameters,opaque,False,1,model_and_predictions,1,1,full_replay,0.2,128197,35334,640985,15142,0.0004167089996371942,False,True,restore_failed,False,9.881999994831858e-05,0,0,No exact path for external_features: non-replayable artifact missing
case07-rep1,wine,178,forest,parameters,opaque,False,1,model_and_predictions,1,2,full_replay,0.2,128197,35334,640985,15142,0.0004167089996371942,False,True,restore_failed,False,0.00010185400014961488,0,0,No exact path for external_features: non-replayable artifact missing
case07-rep1,wine,178,forest,parameters,opaque,False,1,model_and_predictions,1,3,full_replay,0.2,128197,35334,640985,15142,0.0004167089996371942,False,True,restore_failed,False,9.788699981072568e-05,0,0,No exact path for external_features: non-replayable artifact missing
case07-rep1,wine,178,forest,parameters,opaque,False,1,model_and_predictions,1,4,full_replay,0.2,128197,35334,640985,15142,0.0004167089996371942,False,True,restore_failed,False,0.00010265499986417126,0,0,No exact path for external_features: non-replayable artifact missing
case07-rep1,wine,178,forest,parameters,opaque,False,1,model_and_predictions,1,0,recoverability_v3,0.5,320492,317308,640985,15142,0.005891489000077854,True,True,ok,True,0.0015837619998819719,0,2,
case07-rep1,wine,178,forest,parameters,opaque,False,1,model_and_predictions,1,1,recoverability_v3,0.5,320492,317308,640985,15142,0.005891489000077854,True,True,ok,True,0.001826588999847445,0,2,
case07-rep1,wine,178,forest,parameters,opaque,False,1,model_and_predictions,1,2,recoverability_v3,0.5,320492,317308,640985,15142,0.005891489000077854,True,True,ok,True,0.0019103660001746903,0,2,
case07-rep1,wine,178,forest,parameters,opaque,False,1,model_and_predictions,1,3,recoverability_v3,0.5,320492,317308,640985,15142,0.005891489000077854,True,True,ok,True,0.022052339000310894,1,4,
case07-rep1,wine,178,forest,parameters,opaque,False,1,model_and_predictions,1,4,recoverability_v3,0.5,320492,317308,640985,15142,0.005891489000077854,True,True,ok,True,0.020524740999917412,1,4,
case07-rep1,wine,178,forest,parameters,opaque,False,1,model_and_predictions,1,0,recoverability_v2,0.2,128197,35334,640985,15142,0.0035295610000503075,False,False,proven_infeasible,False,,0,0,not executed: budget/selection failure
case07-rep1,wine,178,forest,parameters,opaque,False,1,model_and_predictions,1,1,recoverability_v2,0.2,128197,35334,640985,15142,0.0035295610000503075,False,False,proven_infeasible,False,,0,0,not executed: budget/selection failure
case07-rep1,wine,178,forest,parameters,opaque,False,1,model_and_predictions,1,2,recoverability_v2,0.2,128197,35334,640985,15142,0.0035295610000503075,False,False,proven_infeasible,False,,0,0,not executed: budget/selection failure
case07-rep1,wine,178,forest,parameters,opaque,False,1,model_and_predictions,1,3,recoverability_v2,0.2,128197,35334,640985,15142,0.0035295610000503075,False,False,proven_infeasible,False,,0,0,not executed: budget/selection failure
case07-rep1,wine,178,forest,parameters,opaque,False,1,model_and_predictions,1,4,recoverability_v2,0.2,128197,35334,640985,15142,0.0035295610000503075,False,False,proven_infeasible,False,,0,0,not executed: budget/selection failure
case07-rep1,wine,178,forest,parameters,opaque,False,1,model_and_predictions,1,0,recoverability_v2,0.5,320492,317308,640985,15142,0.004486455999995087,True,True,ok,True,0.0016076879996944626,0,2,
case07-rep1,wine,178,forest,parameters,opaque,False,1,model_and_predictions,1,1,recoverability_v2,0.5,320492,317308,640985,15142,0.004486455999995087,True,True,ok,True,0.0020028349999847705,0,2,
case07-rep1,wine,178,forest,parameters,opaque,False,1,model_and_predictions,1,2,recoverability_v2,0.5,320492,317308,640985,15142,0.004486455999995087,True,True,ok,True,0.0018501239997021912,0,2,
case07-rep1,wine,178,forest,parameters,opaque,False,1,model_and_predictions,1,3,recoverability_v2,0.5,320492,317308,640985,15142,0.004486455999995087,True,True,ok,True,0.022408658000131254,1,4,
case07-rep1,wine,178,forest,parameters,opaque,False,1,model_and_predictions,1,4,recoverability_v2,0.5,320492,317308,640985,15142,0.004486455999995087,True,True,ok,True,0.023443609999958426,1,4,
case07-rep1,wine,178,forest,parameters,opaque,False,1,model_and_predictions,1,0,target_snapshots,0.3,192295,432546,640985,15142,0.00033079000013458426,True,False,budget_exceeded,False,,0,0,not executed: budget/selection failure
case07-rep1,wine,178,forest,parameters,opaque,False,1,model_and_predictions,1,1,target_snapshots,0.3,192295,432546,640985,15142,0.00033079000013458426,True,False,budget_exceeded,False,,0,0,not executed: budget/selection failure
case07-rep1,wine,178,forest,parameters,opaque,False,1,model_and_predictions,1,2,target_snapshots,0.3,192295,432546,640985,15142,0.00033079000013458426,True,False,budget_exceeded,False,,0,0,not executed: budget/selection failure
case07-rep1,wine,178,forest,parameters,opaque,False,1,model_and_predictions,1,3,target_snapshots,0.3,192295,432546,640985,15142,0.00033079000013458426,True,False,budget_exceeded,False,,0,0,not executed: budget/selection failure
case07-rep1,wine,178,forest,parameters,opaque,False,1,model_and_predictions,1,4,target_snapshots,0.3,192295,432546,640985,15142,0.00033079000013458426,True,False,budget_exceeded,False,,0,0,not executed: budget/selection failure
case07-rep1,wine,178,forest,parameters,opaque,False,1,model_and_predictions,1,0,full_replay,0.5,320492,35334,640985,15142,0.0001874429999588756,False,True,restore_failed,False,0.00010063200033982866,0,0,No exact path for external_features: non-replayable artifact missing
case07-rep1,wine,178,forest,parameters,opaque,False,1,model_and_predictions,1,1,full_replay,0.5,320492,35334,640985,15142,0.0001874429999588756,False,True,restore_failed,False,9.966999959942768e-05,0,0,No exact path for external_features: non-replayable artifact missing
case07-rep1,wine,178,forest,parameters,opaque,False,1,model_and_predictions,1,2,full_replay,0.5,320492,35334,640985,15142,0.0001874429999588756,False,True,restore_failed,False,9.742700012793648e-05,0,0,No exact path for external_features: non-replayable artifact missing
case07-rep1,wine,178,forest,parameters,opaque,False,1,model_and_predictions,1,3,full_replay,0.5,320492,35334,640985,15142,0.0001874429999588756,False,True,restore_failed,False,9.873899989543133e-05,0,0,No exact path for external_features: non-replayable artifact missing
case07-rep1,wine,178,forest,parameters,opaque,False,1,model_and_predictions,1,4,full_replay,0.5,320492,35334,640985,15142,0.0001874429999588756,False,True,restore_failed,False,9.915999999066116e-05,0,0,No exact path for external_features: non-replayable artifact missing
case07-rep1,wine,178,forest,parameters,opaque,False,1,model_and_predictions,1,0,target_snapshots,0.1,64098,432546,640985,15142,0.00032225700033450266,True,False,budget_exceeded,False,,0,0,not executed: budget/selection failure
case07-rep1,wine,178,forest,parameters,opaque,False,1,model_and_predictions,1,1,target_snapshots,0.1,64098,432546,640985,15142,0.00032225700033450266,True,False,budget_exceeded,False,,0,0,not executed: budget/selection failure
case07-rep1,wine,178,forest,parameters,opaque,False,1,model_and_predictions,1,2,target_snapshots,0.1,64098,432546,640985,15142,0.00032225700033450266,True,False,budget_exceeded,False,,0,0,not executed: budget/selection failure
case07-rep1,wine,178,forest,parameters,opaque,False,1,model_and_predictions,1,3,target_snapshots,0.1,64098,432546,640985,15142,0.00032225700033450266,True,False,budget_exceeded,False,,0,0,not executed: budget/selection failure
case07-rep1,wine,178,forest,parameters,opaque,False,1,model_and_predictions,1,4,target_snapshots,0.1,64098,432546,640985,15142,0.00032225700033450266,True,False,budget_exceeded,False,,0,0,not executed: budget/selection failure
case07-rep1,wine,178,forest,parameters,opaque,False,1,model_and_predictions,1,0,full_replay,1.0,640985,35334,640985,15142,0.00018418800027575344,False,True,restore_failed,False,9.474399985265336e-05,0,0,No exact path for external_features: non-replayable artifact missing
case07-rep1,wine,178,forest,parameters,opaque,False,1,model_and_predictions,1,1,full_replay,1.0,640985,35334,640985,15142,0.00018418800027575344,False,True,restore_failed,False,0.0001291250000576838,0,0,No exact path for external_features: non-replayable artifact missing
case07-rep1,wine,178,forest,parameters,opaque,False,1,model_and_predictions,1,2,full_replay,1.0,640985,35334,640985,15142,0.00018418800027575344,False,True,restore_failed,False,9.672599981058738e-05,0,0,No exact path for external_features: non-replayable artifact missing
case07-rep1,wine,178,forest,parameters,opaque,False,1,model_and_predictions,1,3,full_replay,1.0,640985,35334,640985,15142,0.00018418800027575344,False,True,restore_failed,False,9.629499982111156e-05,0,0,No exact path for external_features: non-replayable artifact missing
case07-rep1,wine,178,forest,parameters,opaque,False,1,model_and_predictions,1,4,full_replay,1.0,640985,35334,640985,15142,0.00018418800027575344,False,True,restore_failed,False,0.00010032199998022406,0,0,No exact path for external_features: non-replayable artifact missing
case07-rep1,wine,178,forest,parameters,opaque,False,1,model_and_predictions,1,0,target_snapshots,0.5,320492,432546,640985,15142,0.00031300199998440803,True,False,budget_exceeded,False,,0,0,not executed: budget/selection failure
case07-rep1,wine,178,forest,parameters,opaque,False,1,model_and_predictions,1,1,target_snapshots,0.5,320492,432546,640985,15142,0.00031300199998440803,True,False,budget_exceeded,False,,0,0,not executed: budget/selection failure
case07-rep1,wine,178,forest,parameters,opaque,False,1,model_and_predictions,1,2,target_snapshots,0.5,320492,432546,640985,15142,0.00031300199998440803,True,False,budget_exceeded,False,,0,0,not executed: budget/selection failure
case07-rep1,wine,178,forest,parameters,opaque,False,1,model_and_predictions,1,3,target_snapshots,0.5,320492,432546,640985,15142,0.00031300199998440803,True,False,budget_exceeded,False,,0,0,not executed: budget/selection failure
case07-rep1,wine,178,forest,parameters,opaque,False,1,model_and_predictions,1,4,target_snapshots,0.5,320492,432546,640985,15142,0.00031300199998440803,True,False,budget_exceeded,False,,0,0,not executed: budget/selection failure
case07-rep1,wine,178,forest,parameters,opaque,False,1,model_and_predictions,1,0,recoverability_v3,0.1,64098,35334,640985,15142,0.0026822119998541893,False,False,proven_infeasible,False,,0,0,not executed: budget/selection failure
case07-rep1,wine,178,forest,parameters,opaque,False,1,model_and_predictions,1,1,recoverability_v3,0.1,64098,35334,640985,15142,0.0026822119998541893,False,False,proven_infeasible,False,,0,0,not executed: budget/selection failure
case07-rep1,wine,178,forest,parameters,opaque,False,1,model_and_predictions,1,2,recoverability_v3,0.1,64098,35334,640985,15142,0.0026822119998541893,False,False,proven_infeasible,False,,0,0,not executed: budget/selection failure
case07-rep1,wine,178,forest,parameters,opaque,False,1,model_and_predictions,1,3,recoverability_v3,0.1,64098,35334,640985,15142,0.0026822119998541893,False,False,proven_infeasible,False,,0,0,not executed: budget/selection failure
case07-rep1,wine,178,forest,parameters,opaque,False,1,model_and_predictions,1,4,recoverability_v3,0.1,64098,35334,640985,15142,0.0026822119998541893,False,False,proven_infeasible,False,,0,0,not executed: budget/selection failure
case07-rep2,wine,178,forest,parameters,opaque,False,1,model_and_predictions,2,0,recoverability_v2,0.5,329642,327860,659285,15142,0.03024066700027106,True,True,ok,True,0.001847049999923911,0,2,
case07-rep2,wine,178,forest,parameters,opaque,False,1,model_and_predictions,2,1,recoverability_v2,0.5,329642,327860,659285,15142,0.03024066700027106,True,True,ok,True,0.001626427000246622,0,2,
case07-rep2,wine,178,forest,parameters,opaque,False,1,model_and_predictions,2,2,recoverability_v2,0.5,329642,327860,659285,15142,0.03024066700027106,True,True,ok,True,0.02461852500027817,1,4,
case07-rep2,wine,178,forest,parameters,opaque,False,1,model_and_predictions,2,3,recoverability_v2,0.5,329642,327860,659285,15142,0.03024066700027106,True,True,ok,True,0.0017745609998200962,0,2,
case07-rep2,wine,178,forest,parameters,opaque,False,1,model_and_predictions,2,4,recoverability_v2,0.5,329642,327860,659285,15142,0.03024066700027106,True,True,ok,True,0.04272820400001365,1,4,
case07-rep2,wine,178,forest,parameters,opaque,False,1,model_and_predictions,2,0,full_replay,1.0,659285,35334,659285,15142,0.0005412630002865626,False,True,restore_failed,False,0.00011455300000307034,0,0,No exact path for external_features: non-replayable artifact missing
case07-rep2,wine,178,forest,parameters,opaque,False,1,model_and_predictions,2,1,full_replay,1.0,659285,35334,659285,15142,0.0005412630002865626,False,True,restore_failed,False,0.00035597799978859257,0,0,No exact path for external_features: non-replayable artifact missing
case07-rep2,wine,178,forest,parameters,opaque,False,1,model_and_predictions,2,2,full_replay,1.0,659285,35334,659285,15142,0.0005412630002865626,False,True,restore_failed,False,0.00010035199966296204,0,0,No exact path for external_features: non-replayable artifact missing
case07-rep2,wine,178,forest,parameters,opaque,False,1,model_and_predictions,2,3,full_replay,1.0,659285,35334,659285,15142,0.0005412630002865626,False,True,restore_failed,False,0.00012184399975012639,0,0,No exact path for external_features: non-replayable artifact missing
case07-rep2,wine,178,forest,parameters,opaque,False,1,model_and_predictions,2,4,full_replay,1.0,659285,35334,659285,15142,0.0005412630002865626,False,True,restore_failed,False,9.891899981084862e-05,0,0,No exact path for external_features: non-replayable artifact missing
case07-rep2,wine,178,forest,parameters,opaque,False,1,model_and_predictions,2,0,recoverability_v3,0.4,263714,263543,659285,15142,0.07938175800018143,True,True,ok,True,0.0019839669998873433,0,2,
case07-rep2,wine,178,forest,parameters,opaque,False,1,model_and_predictions,2,1,recoverability_v3,0.4,263714,263543,659285,15142,0.07938175800018143,True,True,ok,True,0.0018880409998018877,0,2,
case07-rep2,wine,178,forest,parameters,opaque,False,1,model_and_predictions,2,2,recoverability_v3,0.4,263714,263543,659285,15142,0.07938175800018143,True,True,ok,True,0.025933661999715696,2,3,
case07-rep2,wine,178,forest,parameters,opaque,False,1,model_and_predictions,2,3,recoverability_v3,0.4,263714,263543,659285,15142,0.07938175800018143,True,True,ok,True,0.023423488999924302,2,3,
case07-rep2,wine,178,forest,parameters,opaque,False,1,model_and_predictions,2,4,recoverability_v3,0.4,263714,263543,659285,15142,0.07938175800018143,True,True,ok,True,0.025950808000288816,2,3,
case07-rep2,wine,178,forest,parameters,opaque,False,1,model_and_predictions,2,0,full_replay,0.3,197785,35334,659285,15142,0.00028782499975932296,False,True,restore_failed,False,0.00011884900004588417,0,0,No exact path for external_features: non-replayable artifact missing
case07-rep2,wine,178,forest,parameters,opaque,False,1,model_and_predictions,2,1,full_replay,0.3,197785,35334,659285,15142,0.00028782499975932296,False,True,restore_failed,False,0.00010013099972638884,0,0,No exact path for external_features: non-replayable artifact missing
case07-rep2,wine,178,forest,parameters,opaque,False,1,model_and_predictions,2,2,full_replay,0.3,197785,35334,659285,15142,0.00028782499975932296,False,True,restore_failed,False,9.736699985296582e-05,0,0,No exact path for external_features: non-replayable artifact missing
case07-rep2,wine,178,forest,parameters,opaque,False,1,model_and_predictions,2,3,full_replay,0.3,197785,35334,659285,15142,0.00028782499975932296,False,True,restore_failed,False,9.822800029724021e-05,0,0,No exact path for external_features: non-replayable artifact missing
case07-rep2,wine,178,forest,parameters,opaque,False,1,model_and_predictions,2,4,full_replay,0.3,197785,35334,659285,15142,0.00028782499975932296,False,True,restore_failed,False,9.790799958864227e-05,0,0,No exact path for external_features: non-replayable artifact missing
case07-rep2,wine,178,forest,parameters,opaque,False,1,model_and_predictions,2,0,recoverability_v3,0.5,329642,327860,659285,15142,0.022640497000338655,True,True,ok,True,0.0017271689998779038,0,2,
case07-rep2,wine,178,forest,parameters,opaque,False,1,model_and_predictions,2,1,recoverability_v3,0.5,329642,327860,659285,15142,0.022640497000338655,True,True,ok,True,0.001897095000003901,0,2,
case07-rep2,wine,178,forest,parameters,opaque,False,1,model_and_predictions,2,2,recoverability_v3,0.5,329642,327860,659285,15142,0.022640497000338655,True,True,ok,True,0.023630623000371997,1,4,
case07-rep2,wine,178,forest,parameters,opaque,False,1,model_and_predictions,2,3,recoverability_v3,0.5,329642,327860,659285,15142,0.022640497000338655,True,True,ok,True,0.0016305630001625104,0,2,
case07-rep2,wine,178,forest,parameters,opaque,False,1,model_and_predictions,2,4,recoverability_v3,0.5,329642,327860,659285,15142,0.022640497000338655,True,True,ok,True,0.02227630700008376,1,4,
case07-rep2,wine,178,forest,parameters,opaque,False,1,model_and_predictions,2,0,recoverability_v2,0.3,197785,197472,659285,15142,0.00458911200030343,True,True,ok,True,0.0017388870001013856,0,2,
case07-rep2,wine,178,forest,parameters,opaque,False,1,model_and_predictions,2,1,recoverability_v2,0.3,197785,197472,659285,15142,0.00458911200030343,True,True,ok,True,0.022353734000262193,1,4,
case07-rep2,wine,178,forest,parameters,opaque,False,1,model_and_predictions,2,2,recoverability_v2,0.3,197785,197472,659285,15142,0.00458911200030343,True,True,ok,True,0.024910606000048574,1,4,
case07-rep2,wine,178,forest,parameters,opaque,False,1,model_and_predictions,2,3,recoverability_v2,0.3,197785,197472,659285,15142,0.00458911200030343,True,True,ok,True,0.02212947499992879,1,4,
case07-rep2,wine,178,forest,parameters,opaque,False,1,model_and_predictions,2,4,recoverability_v2,0.3,197785,197472,659285,15142,0.00458911200030343,True,True,ok,True,0.021618383999793878,1,4,
case07-rep2,wine,178,forest,parameters,opaque,False,1,model_and_predictions,2,0,full_snapshot,0.1,65928,659285,659285,15142,0.00028947700002390775,True,False,budget_exceeded,False,,0,0,not executed: budget/selection failure
case07-rep2,wine,178,forest,parameters,opaque,False,1,model_and_predictions,2,1,full_snapshot,0.1,65928,659285,659285,15142,0.00028947700002390775,True,False,budget_exceeded,False,,0,0,not executed: budget/selection failure
case07-rep2,wine,178,forest,parameters,opaque,False,1,model_and_predictions,2,2,full_snapshot,0.1,65928,659285,659285,15142,0.00028947700002390775,True,False,budget_exceeded,False,,0,0,not executed: budget/selection failure
case07-rep2,wine,178,forest,parameters,opaque,False,1,model_and_predictions,2,3,full_snapshot,0.1,65928,659285,659285,15142,0.00028947700002390775,True,False,budget_exceeded,False,,0,0,not executed: budget/selection failure
case07-rep2,wine,178,forest,parameters,opaque,False,1,model_and_predictions,2,4,full_snapshot,0.1,65928,659285,659285,15142,0.00028947700002390775,True,False,budget_exceeded,False,,0,0,not executed: budget/selection failure
case07-rep2,wine,178,forest,parameters,opaque,False,1,model_and_predictions,2,0,full_snapshot,0.2,131857,659285,659285,15142,0.00018984700000146404,True,False,budget_exceeded,False,,0,0,not executed: budget/selection failure
case07-rep2,wine,178,forest,parameters,opaque,False,1,model_and_predictions,2,1,full_snapshot,0.2,131857,659285,659285,15142,0.00018984700000146404,True,False,budget_exceeded,False,,0,0,not executed: budget/selection failure
case07-rep2,wine,178,forest,parameters,opaque,False,1,model_and_predictions,2,2,full_snapshot,0.2,131857,659285,659285,15142,0.00018984700000146404,True,False,budget_exceeded,False,,0,0,not executed: budget/selection failure
case07-rep2,wine,178,forest,parameters,opaque,False,1,model_and_predictions,2,3,full_snapshot,0.2,131857,659285,659285,15142,0.00018984700000146404,True,False,budget_exceeded,False,,0,0,not executed: budget/selection failure
case07-rep2,wine,178,forest,parameters,opaque,False,1,model_and_predictions,2,4,full_snapshot,0.2,131857,659285,659285,15142,0.00018984700000146404,True,False,budget_exceeded,False,,0,0,not executed: budget/selection failure
case07-rep2,wine,178,forest,parameters,opaque,False,1,model_and_predictions,2,0,target_snapshots,0.3,197785,450846,659285,15142,0.0001897570000437554,True,False,budget_exceeded,False,,0,0,not executed: budget/selection failure
case07-rep2,wine,178,forest,parameters,opaque,False,1,model_and_predictions,2,1,target_snapshots,0.3,197785,450846,659285,15142,0.0001897570000437554,True,False,budget_exceeded,False,,0,0,not executed: budget/selection failure
case07-rep2,wine,178,forest,parameters,opaque,False,1,model_and_predictions,2,2,target_snapshots,0.3,197785,450846,659285,15142,0.0001897570000437554,True,False,budget_exceeded,False,,0,0,not executed: budget/selection failure
case07-rep2,wine,178,forest,parameters,opaque,False,1,model_and_predictions,2,3,target_snapshots,0.3,197785,450846,659285,15142,0.0001897570000437554,True,False,budget_exceeded,False,,0,0,not executed: budget/selection failure
case07-rep2,wine,178,forest,parameters,opaque,False,1,model_and_predictions,2,4,target_snapshots,0.3,197785,450846,659285,15142,0.0001897570000437554,True,False,budget_exceeded,False,,0,0,not executed: budget/selection failure
case07-rep2,wine,178,forest,parameters,opaque,False,1,model_and_predictions,2,0,full_snapshot,1.0,659285,659285,659285,15142,0.00018716200020207907,True,True,ok,True,0.0017320669999207894,0,2,
case07-rep2,wine,178,forest,parameters,opaque,False,1,model_and_predictions,2,1,full_snapshot,1.0,659285,659285,659285,15142,0.00018716200020207907,True,True,ok,True,0.0014892799999870476,0,2,
case07-rep2,wine,178,forest,parameters,opaque,False,1,model_and_predictions,2,2,full_snapshot,1.0,659285,659285,659285,15142,0.00018716200020207907,True,True,ok,True,0.0017172729999401781,0,2,
case07-rep2,wine,178,forest,parameters,opaque,False,1,model_and_predictions,2,3,full_snapshot,1.0,659285,659285,659285,15142,0.00018716200020207907,True,True,ok,True,0.0016935880003075,0,2,
case07-rep2,wine,178,forest,parameters,opaque,False,1,model_and_predictions,2,4,full_snapshot,1.0,659285,659285,659285,15142,0.00018716200020207907,True,True,ok,True,0.0016098510000119859,0,2,
case07-rep2,wine,178,forest,parameters,opaque,False,1,model_and_predictions,2,0,full_snapshot,0.3,197785,659285,659285,15142,0.0002892770003199985,True,False,budget_exceeded,False,,0,0,not executed: budget/selection failure
case07-rep2,wine,178,forest,parameters,opaque,False,1,model_and_predictions,2,1,full_snapshot,0.3,197785,659285,659285,15142,0.0002892770003199985,True,False,budget_exceeded,False,,0,0,not executed: budget/selection failure
case07-rep2,wine,178,forest,parameters,opaque,False,1,model_and_predictions,2,2,full_snapshot,0.3,197785,659285,659285,15142,0.0002892770003199985,True,False,budget_exceeded,False,,0,0,not executed: budget/selection failure
case07-rep2,wine,178,forest,parameters,opaque,False,1,model_and_predictions,2,3,full_snapshot,0.3,197785,659285,659285,15142,0.0002892770003199985,True,False,budget_exceeded,False,,0,0,not executed: budget/selection failure
case07-rep2,wine,178,forest,parameters,opaque,False,1,model_and_predictions,2,4,full_snapshot,0.3,197785,659285,659285,15142,0.0002892770003199985,True,False,budget_exceeded,False,,0,0,not executed: budget/selection failure
case07-rep2,wine,178,forest,parameters,opaque,False,1,model_and_predictions,2,0,full_replay,0.2,131857,35334,659285,15142,0.00019292200022391626,False,True,restore_failed,False,0.0001277830001527036,0,0,No exact path for external_features: non-replayable artifact missing
case07-rep2,wine,178,forest,parameters,opaque,False,1,model_and_predictions,2,1,full_replay,0.2,131857,35334,659285,15142,0.00019292200022391626,False,True,restore_failed,False,9.899899987431127e-05,0,0,No exact path for external_features: non-replayable artifact missing
case07-rep2,wine,178,forest,parameters,opaque,False,1,model_and_predictions,2,2,full_replay,0.2,131857,35334,659285,15142,0.00019292200022391626,False,True,restore_failed,False,9.837900006459677e-05,0,0,No exact path for external_features: non-replayable artifact missing
case07-rep2,wine,178,forest,parameters,opaque,False,1,model_and_predictions,2,3,full_replay,0.2,131857,35334,659285,15142,0.00019292200022391626,False,True,restore_failed,False,9.472300007473677e-05,0,0,No exact path for external_features: non-replayable artifact missing
case07-rep2,wine,178,forest,parameters,opaque,False,1,model_and_predictions,2,4,full_replay,0.2,131857,35334,659285,15142,0.00019292200022391626,False,True,restore_failed,False,0.00012173400000392576,0,0,No exact path for external_features: non-replayable artifact missing
case07-rep2,wine,178,forest,parameters,opaque,False,1,model_and_predictions,2,0,recoverability_v3,0.1,65928,35334,659285,15142,0.00377737500002695,False,False,proven_infeasible,False,,0,0,not executed: budget/selection failure
case07-rep2,wine,178,forest,parameters,opaque,False,1,model_and_predictions,2,1,recoverability_v3,0.1,65928,35334,659285,15142,0.00377737500002695,False,False,proven_infeasible,False,,0,0,not executed: budget/selection failure
case07-rep2,wine,178,forest,parameters,opaque,False,1,model_and_predictions,2,2,recoverability_v3,0.1,65928,35334,659285,15142,0.00377737500002695,False,False,proven_infeasible,False,,0,0,not executed: budget/selection failure
case07-rep2,wine,178,forest,parameters,opaque,False,1,model_and_predictions,2,3,recoverability_v3,0.1,65928,35334,659285,15142,0.00377737500002695,False,False,proven_infeasible,False,,0,0,not executed: budget/selection failure
case07-rep2,wine,178,forest,parameters,opaque,False,1,model_and_predictions,2,4,recoverability_v3,0.1,65928,35334,659285,15142,0.00377737500002695,False,False,proven_infeasible,False,,0,0,not executed: budget/selection failure
case07-rep2,wine,178,forest,parameters,opaque,False,1,model_and_predictions,2,0,recoverability_v3,1.0,659285,450846,659285,15142,0.0002963279998766666,True,True,ok,True,0.001583943000241561,0,2,
case07-rep2,wine,178,forest,parameters,opaque,False,1,model_and_predictions,2,1,recoverability_v3,1.0,659285,450846,659285,15142,0.0002963279998766666,True,True,ok,True,0.001546556999983295,0,2,
case07-rep2,wine,178,forest,parameters,opaque,False,1,model_and_predictions,2,2,recoverability_v3,1.0,659285,450846,659285,15142,0.0002963279998766666,True,True,ok,True,0.0019047469995712163,0,2,
case07-rep2,wine,178,forest,parameters,opaque,False,1,model_and_predictions,2,3,recoverability_v3,1.0,659285,450846,659285,15142,0.0002963279998766666,True,True,ok,True,0.0022410050000871706,0,2,
case07-rep2,wine,178,forest,parameters,opaque,False,1,model_and_predictions,2,4,recoverability_v3,1.0,659285,450846,659285,15142,0.0002963279998766666,True,True,ok,True,0.0019863800002895005,0,2,
case07-rep2,wine,178,forest,parameters,opaque,False,1,model_and_predictions,2,0,full_snapshot,0.5,329642,659285,659285,15142,0.0004667450002671103,True,False,budget_exceeded,False,,0,0,not executed: budget/selection failure
case07-rep2,wine,178,forest,parameters,opaque,False,1,model_and_predictions,2,1,full_snapshot,0.5,329642,659285,659285,15142,0.0004667450002671103,True,False,budget_exceeded,False,,0,0,not executed: budget/selection failure
case07-rep2,wine,178,forest,parameters,opaque,False,1,model_and_predictions,2,2,full_snapshot,0.5,329642,659285,659285,15142,0.0004667450002671103,True,False,budget_exceeded,False,,0,0,not executed: budget/selection failure
case07-rep2,wine,178,forest,parameters,opaque,False,1,model_and_predictions,2,3,full_snapshot,0.5,329642,659285,659285,15142,0.0004667450002671103,True,False,budget_exceeded,False,,0,0,not executed: budget/selection failure
case07-rep2,wine,178,forest,parameters,opaque,False,1,model_and_predictions,2,4,full_snapshot,0.5,329642,659285,659285,15142,0.0004667450002671103,True,False,budget_exceeded,False,,0,0,not executed: budget/selection failure
case07-rep2,wine,178,forest,parameters,opaque,False,1,model_and_predictions,2,0,target_snapshots,0.5,329642,450846,659285,15142,0.0001922400001603819,True,False,budget_exceeded,False,,0,0,not executed: budget/selection failure
case07-rep2,wine,178,forest,parameters,opaque,False,1,model_and_predictions,2,1,target_snapshots,0.5,329642,450846,659285,15142,0.0001922400001603819,True,False,budget_exceeded,False,,0,0,not executed: budget/selection failure
case07-rep2,wine,178,forest,parameters,opaque,False,1,model_and_predictions,2,2,target_snapshots,0.5,329642,450846,659285,15142,0.0001922400001603819,True,False,budget_exceeded,False,,0,0,not executed: budget/selection failure
case07-rep2,wine,178,forest,parameters,opaque,False,1,model_and_predictions,2,3,target_snapshots,0.5,329642,450846,659285,15142,0.0001922400001603819,True,False,budget_exceeded,False,,0,0,not executed: budget/selection failure
case07-rep2,wine,178,forest,parameters,opaque,False,1,model_and_predictions,2,4,target_snapshots,0.5,329642,450846,659285,15142,0.0001922400001603819,True,False,budget_exceeded,False,,0,0,not executed: budget/selection failure
case07-rep2,wine,178,forest,parameters,opaque,False,1,model_and_predictions,2,0,target_snapshots,0.1,65928,450846,659285,15142,0.0001959659998647112,True,False,budget_exceeded,False,,0,0,not executed: budget/selection failure
case07-rep2,wine,178,forest,parameters,opaque,False,1,model_and_predictions,2,1,target_snapshots,0.1,65928,450846,659285,15142,0.0001959659998647112,True,False,budget_exceeded,False,,0,0,not executed: budget/selection failure
case07-rep2,wine,178,forest,parameters,opaque,False,1,model_and_predictions,2,2,target_snapshots,0.1,65928,450846,659285,15142,0.0001959659998647112,True,False,budget_exceeded,False,,0,0,not executed: budget/selection failure
case07-rep2,wine,178,forest,parameters,opaque,False,1,model_and_predictions,2,3,target_snapshots,0.1,65928,450846,659285,15142,0.0001959659998647112,True,False,budget_exceeded,False,,0,0,not executed: budget/selection failure
case07-rep2,wine,178,forest,parameters,opaque,False,1,model_and_predictions,2,4,target_snapshots,0.1,65928,450846,659285,15142,0.0001959659998647112,True,False,budget_exceeded,False,,0,0,not executed: budget/selection failure
case07-rep2,wine,178,forest,parameters,opaque,False,1,model_and_predictions,2,0,full_replay,0.5,329642,35334,659285,15142,0.00018153400014853105,False,True,restore_failed,False,9.890000001178123e-05,0,0,No exact path for external_features: non-replayable artifact missing
case07-rep2,wine,178,forest,parameters,opaque,False,1,model_and_predictions,2,1,full_replay,0.5,329642,35334,659285,15142,0.00018153400014853105,False,True,restore_failed,False,9.214000010615564e-05,0,0,No exact path for external_features: non-replayable artifact missing
case07-rep2,wine,178,forest,parameters,opaque,False,1,model_and_predictions,2,2,full_replay,0.5,329642,35334,659285,15142,0.00018153400014853105,False,True,restore_failed,False,9.536500010653981e-05,0,0,No exact path for external_features: non-replayable artifact missing
case07-rep2,wine,178,forest,parameters,opaque,False,1,model_and_predictions,2,3,full_replay,0.5,329642,35334,659285,15142,0.00018153400014853105,False,True,restore_failed,False,9.64660002864548e-05,0,0,No exact path for external_features: non-replayable artifact missing
case07-rep2,wine,178,forest,parameters,opaque,False,1,model_and_predictions,2,4,full_replay,0.5,329642,35334,659285,15142,0.00018153400014853105,False,True,restore_failed,False,9.665599964137073e-05,0,0,No exact path for external_features: non-replayable artifact missing
case07-rep2,wine,178,forest,parameters,opaque,False,1,model_and_predictions,2,0,recoverability_v2,0.4,263714,263543,659285,15142,0.03527672400014126,True,True,ok,True,0.0014859950001664401,0,2,
case07-rep2,wine,178,forest,parameters,opaque,False,1,model_and_predictions,2,1,recoverability_v2,0.4,263714,263543,659285,15142,0.03527672400014126,True,True,ok,True,0.0028921579996676883,0,2,
case07-rep2,wine,178,forest,parameters,opaque,False,1,model_and_predictions,2,2,recoverability_v2,0.4,263714,263543,659285,15142,0.03527672400014126,True,True,ok,True,0.025141865000023245,2,3,
case07-rep2,wine,178,forest,parameters,opaque,False,1,model_and_predictions,2,3,recoverability_v2,0.4,263714,263543,659285,15142,0.03527672400014126,True,True,ok,True,0.02997810099986964,2,3,
case07-rep2,wine,178,forest,parameters,opaque,False,1,model_and_predictions,2,4,recoverability_v2,0.4,263714,263543,659285,15142,0.03527672400014126,True,True,ok,True,0.02433912300011798,2,3,
case07-rep2,wine,178,forest,parameters,opaque,False,1,model_and_predictions,2,0,recoverability_v3,0.2,131857,131326,659285,15142,0.0049181590002262965,True,True,ok,True,0.02313795800000662,2,3,
case07-rep2,wine,178,forest,parameters,opaque,False,1,model_and_predictions,2,1,recoverability_v3,0.2,131857,131326,659285,15142,0.0049181590002262965,True,True,ok,True,0.023507987999892066,2,3,
case07-rep2,wine,178,forest,parameters,opaque,False,1,model_and_predictions,2,2,recoverability_v3,0.2,131857,131326,659285,15142,0.0049181590002262965,True,True,ok,True,0.025017147999733425,2,3,
case07-rep2,wine,178,forest,parameters,opaque,False,1,model_and_predictions,2,3,recoverability_v3,0.2,131857,131326,659285,15142,0.0049181590002262965,True,True,ok,True,0.029133935000118072,2,3,
case07-rep2,wine,178,forest,parameters,opaque,False,1,model_and_predictions,2,4,recoverability_v3,0.2,131857,131326,659285,15142,0.0049181590002262965,True,True,ok,True,0.02694855399977314,1,4,
case07-rep2,wine,178,forest,parameters,opaque,False,1,model_and_predictions,2,0,full_snapshot,0.4,263714,659285,659285,15142,0.00029140000015104306,True,False,budget_exceeded,False,,0,0,not executed: budget/selection failure
case07-rep2,wine,178,forest,parameters,opaque,False,1,model_and_predictions,2,1,full_snapshot,0.4,263714,659285,659285,15142,0.00029140000015104306,True,False,budget_exceeded,False,,0,0,not executed: budget/selection failure
case07-rep2,wine,178,forest,parameters,opaque,False,1,model_and_predictions,2,2,full_snapshot,0.4,263714,659285,659285,15142,0.00029140000015104306,True,False,budget_exceeded,False,,0,0,not executed: budget/selection failure
case07-rep2,wine,178,forest,parameters,opaque,False,1,model_and_predictions,2,3,full_snapshot,0.4,263714,659285,659285,15142,0.00029140000015104306,True,False,budget_exceeded,False,,0,0,not executed: budget/selection failure
case07-rep2,wine,178,forest,parameters,opaque,False,1,model_and_predictions,2,4,full_snapshot,0.4,263714,659285,659285,15142,0.00029140000015104306,True,False,budget_exceeded,False,,0,0,not executed: budget/selection failure
case07-rep2,wine,178,forest,parameters,opaque,False,1,model_and_predictions,2,0,full_replay,0.4,263714,35334,659285,15142,0.00018659199986359454,False,True,restore_failed,False,0.00010040100005426211,0,0,No exact path for external_features: non-replayable artifact missing
case07-rep2,wine,178,forest,parameters,opaque,False,1,model_and_predictions,2,1,full_replay,0.4,263714,35334,659285,15142,0.00018659199986359454,False,True,restore_failed,False,0.00010334700027669896,0,0,No exact path for external_features: non-replayable artifact missing
case07-rep2,wine,178,forest,parameters,opaque,False,1,model_and_predictions,2,2,full_replay,0.4,263714,35334,659285,15142,0.00018659199986359454,False,True,restore_failed,False,0.0001669420003054256,0,0,No exact path for external_features: non-replayable artifact missing
case07-rep2,wine,178,forest,parameters,opaque,False,1,model_and_predictions,2,3,full_replay,0.4,263714,35334,659285,15142,0.00018659199986359454,False,True,restore_failed,False,9.673599970483338e-05,0,0,No exact path for external_features: non-replayable artifact missing
case07-rep2,wine,178,forest,parameters,opaque,False,1,model_and_predictions,2,4,full_replay,0.4,263714,35334,659285,15142,0.00018659199986359454,False,True,restore_failed,False,9.5925000096031e-05,0,0,No exact path for external_features: non-replayable artifact missing
case07-rep2,wine,178,forest,parameters,opaque,False,1,model_and_predictions,2,0,recoverability_v2,1.0,659285,450846,659285,15142,0.00032536200023969286,True,True,ok,True,0.0021417250000013155,0,2,
case07-rep2,wine,178,forest,parameters,opaque,False,1,model_and_predictions,2,1,recoverability_v2,1.0,659285,450846,659285,15142,0.00032536200023969286,True,True,ok,True,0.0018253769999319047,0,2,
case07-rep2,wine,178,forest,parameters,opaque,False,1,model_and_predictions,2,2,recoverability_v2,1.0,659285,450846,659285,15142,0.00032536200023969286,True,True,ok,True,0.0017179149999719812,0,2,
case07-rep2,wine,178,forest,parameters,opaque,False,1,model_and_predictions,2,3,recoverability_v2,1.0,659285,450846,659285,15142,0.00032536200023969286,True,True,ok,True,0.002254745999834995,0,2,
case07-rep2,wine,178,forest,parameters,opaque,False,1,model_and_predictions,2,4,recoverability_v2,1.0,659285,450846,659285,15142,0.00032536200023969286,True,True,ok,True,0.0016518249999535328,0,2,
case07-rep2,wine,178,forest,parameters,opaque,False,1,model_and_predictions,2,0,recoverability_v2,0.1,65928,35334,659285,15142,0.0032850829998096742,False,False,proven_infeasible,False,,0,0,not executed: budget/selection failure
case07-rep2,wine,178,forest,parameters,opaque,False,1,model_and_predictions,2,1,recoverability_v2,0.1,65928,35334,659285,15142,0.0032850829998096742,False,False,proven_infeasible,False,,0,0,not executed: budget/selection failure
case07-rep2,wine,178,forest,parameters,opaque,False,1,model_and_predictions,2,2,recoverability_v2,0.1,65928,35334,659285,15142,0.0032850829998096742,False,False,proven_infeasible,False,,0,0,not executed: budget/selection failure
case07-rep2,wine,178,forest,parameters,opaque,False,1,model_and_predictions,2,3,recoverability_v2,0.1,65928,35334,659285,15142,0.0032850829998096742,False,False,proven_infeasible,False,,0,0,not executed: budget/selection failure
case07-rep2,wine,178,forest,parameters,opaque,False,1,model_and_predictions,2,4,recoverability_v2,0.1,65928,35334,659285,15142,0.0032850829998096742,False,False,proven_infeasible,False,,0,0,not executed: budget/selection failure
case07-rep2,wine,178,forest,parameters,opaque,False,1,model_and_predictions,2,0,full_replay,0.1,65928,35334,659285,15142,0.00018503000001146575,False,True,restore_failed,False,9.78580001174123e-05,0,0,No exact path for external_features: non-replayable artifact missing
case07-rep2,wine,178,forest,parameters,opaque,False,1,model_and_predictions,2,1,full_replay,0.1,65928,35334,659285,15142,0.00018503000001146575,False,True,restore_failed,False,9.908999982144451e-05,0,0,No exact path for external_features: non-replayable artifact missing
case07-rep2,wine,178,forest,parameters,opaque,False,1,model_and_predictions,2,2,full_replay,0.1,65928,35334,659285,15142,0.00018503000001146575,False,True,restore_failed,False,0.00014642099995398894,0,0,No exact path for external_features: non-replayable artifact missing
case07-rep2,wine,178,forest,parameters,opaque,False,1,model_and_predictions,2,3,full_replay,0.1,65928,35334,659285,15142,0.00018503000001146575,False,True,restore_failed,False,0.00013563499987867544,0,0,No exact path for external_features: non-replayable artifact missing
case07-rep2,wine,178,forest,parameters,opaque,False,1,model_and_predictions,2,4,full_replay,0.1,65928,35334,659285,15142,0.00018503000001146575,False,True,restore_failed,False,9.822800029724021e-05,0,0,No exact path for external_features: non-replayable artifact missing
case07-rep2,wine,178,forest,parameters,opaque,False,1,model_and_predictions,2,0,target_snapshots,0.4,263714,450846,659285,15142,0.0003161169997838442,True,False,budget_exceeded,False,,0,0,not executed: budget/selection failure
case07-rep2,wine,178,forest,parameters,opaque,False,1,model_and_predictions,2,1,target_snapshots,0.4,263714,450846,659285,15142,0.0003161169997838442,True,False,budget_exceeded,False,,0,0,not executed: budget/selection failure
case07-rep2,wine,178,forest,parameters,opaque,False,1,model_and_predictions,2,2,target_snapshots,0.4,263714,450846,659285,15142,0.0003161169997838442,True,False,budget_exceeded,False,,0,0,not executed: budget/selection failure
case07-rep2,wine,178,forest,parameters,opaque,False,1,model_and_predictions,2,3,target_snapshots,0.4,263714,450846,659285,15142,0.0003161169997838442,True,False,budget_exceeded,False,,0,0,not executed: budget/selection failure
case07-rep2,wine,178,forest,parameters,opaque,False,1,model_and_predictions,2,4,target_snapshots,0.4,263714,450846,659285,15142,0.0003161169997838442,True,False,budget_exceeded,False,,0,0,not executed: budget/selection failure
case07-rep2,wine,178,forest,parameters,opaque,False,1,model_and_predictions,2,0,target_snapshots,1.0,659285,450846,659285,15142,0.0003182199998263968,True,True,ok,True,0.0018537500000093132,0,2,
case07-rep2,wine,178,forest,parameters,opaque,False,1,model_and_predictions,2,1,target_snapshots,1.0,659285,450846,659285,15142,0.0003182199998263968,True,True,ok,True,0.0014955990000089514,0,2,
case07-rep2,wine,178,forest,parameters,opaque,False,1,model_and_predictions,2,2,target_snapshots,1.0,659285,450846,659285,15142,0.0003182199998263968,True,True,ok,True,0.0016004379999685625,0,2,
case07-rep2,wine,178,forest,parameters,opaque,False,1,model_and_predictions,2,3,target_snapshots,1.0,659285,450846,659285,15142,0.0003182199998263968,True,True,ok,True,0.0019690039998749853,0,2,
case07-rep2,wine,178,forest,parameters,opaque,False,1,model_and_predictions,2,4,target_snapshots,1.0,659285,450846,659285,15142,0.0003182199998263968,True,True,ok,True,0.0015449940001417417,0,2,
case07-rep2,wine,178,forest,parameters,opaque,False,1,model_and_predictions,2,0,recoverability_v3,0.3,197785,197472,659285,15142,0.004250640000009298,True,True,ok,True,0.001621369000076811,0,2,
case07-rep2,wine,178,forest,parameters,opaque,False,1,model_and_predictions,2,1,recoverability_v3,0.3,197785,197472,659285,15142,0.004250640000009298,True,True,ok,True,0.02276147000020501,1,4,
case07-rep2,wine,178,forest,parameters,opaque,False,1,model_and_predictions,2,2,recoverability_v3,0.3,197785,197472,659285,15142,0.004250640000009298,True,True,ok,True,0.02322567099963635,1,4,
case07-rep2,wine,178,forest,parameters,opaque,False,1,model_and_predictions,2,3,recoverability_v3,0.3,197785,197472,659285,15142,0.004250640000009298,True,True,ok,True,0.020112618999974075,1,4,
case07-rep2,wine,178,forest,parameters,opaque,False,1,model_and_predictions,2,4,recoverability_v3,0.3,197785,197472,659285,15142,0.004250640000009298,True,True,ok,True,0.021125327999925503,1,4,
case07-rep2,wine,178,forest,parameters,opaque,False,1,model_and_predictions,2,0,target_snapshots,0.2,131857,450846,659285,15142,0.0003965589999097574,True,False,budget_exceeded,False,,0,0,not executed: budget/selection failure
case07-rep2,wine,178,forest,parameters,opaque,False,1,model_and_predictions,2,1,target_snapshots,0.2,131857,450846,659285,15142,0.0003965589999097574,True,False,budget_exceeded,False,,0,0,not executed: budget/selection failure
case07-rep2,wine,178,forest,parameters,opaque,False,1,model_and_predictions,2,2,target_snapshots,0.2,131857,450846,659285,15142,0.0003965589999097574,True,False,budget_exceeded,False,,0,0,not executed: budget/selection failure
case07-rep2,wine,178,forest,parameters,opaque,False,1,model_and_predictions,2,3,target_snapshots,0.2,131857,450846,659285,15142,0.0003965589999097574,True,False,budget_exceeded,False,,0,0,not executed: budget/selection failure
case07-rep2,wine,178,forest,parameters,opaque,False,1,model_and_predictions,2,4,target_snapshots,0.2,131857,450846,659285,15142,0.0003965589999097574,True,False,budget_exceeded,False,,0,0,not executed: budget/selection failure
case07-rep2,wine,178,forest,parameters,opaque,False,1,model_and_predictions,2,0,recoverability_v2,0.2,131857,131326,659285,15142,0.005388649999986228,True,True,ok,True,0.023552934999770514,2,3,
case07-rep2,wine,178,forest,parameters,opaque,False,1,model_and_predictions,2,1,recoverability_v2,0.2,131857,131326,659285,15142,0.005388649999986228,True,True,ok,True,0.025925509999979113,2,3,
case07-rep2,wine,178,forest,parameters,opaque,False,1,model_and_predictions,2,2,recoverability_v2,0.2,131857,131326,659285,15142,0.005388649999986228,True,True,ok,True,0.02348670499986838,2,3,
case07-rep2,wine,178,forest,parameters,opaque,False,1,model_and_predictions,2,3,recoverability_v2,0.2,131857,131326,659285,15142,0.005388649999986228,True,True,ok,True,0.028511194000202522,2,3,
case07-rep2,wine,178,forest,parameters,opaque,False,1,model_and_predictions,2,4,recoverability_v2,0.2,131857,131326,659285,15142,0.005388649999986228,True,True,ok,True,0.02563341799987029,1,4,
