case_id,dataset,model,repeat,budget_fraction,trial,first_policy,status,retained_identical,v2_planning_ms,v3_planning_ms,v2_solver_ms,v3_solver_ms,v2_variables,v3_variables,v2_physical_candidates,v3_physical_candidates
case04-rep0,digits,logistic,0,0.1,0,recoverability_v2,proven_infeasible,True,3.6335469999357883,1.632546000109869,2.1770880002804915,0.9015919999910693,129,98,29,28
case04-rep0,digits,logistic,0,0.1,1,recoverability_v3,proven_infeasible,True,1.5092789999471279,1.409307999892917,0.8976560002338374,0.8230130001720681,129,98,29,28
case04-rep0,digits,logistic,0,0.1,2,recoverability_v2,proven_infeasible,True,1.552834999984043,1.625234000130149,0.8806499999991502,1.0710370002016134,129,98,29,28
case04-rep0,digits,logistic,0,0.1,3,recoverability_v3,proven_infeasible,True,1.4936960001250554,1.4674059998469602,0.883834999967803,0.8539600003132364,129,98,29,28
case04-rep0,digits,logistic,0,0.1,4,recoverability_v2,proven_infeasible,True,1.5404770001623547,1.5518939999310533,0.8992580001176975,0.7880500002102053,129,98,29,28
case04-rep0,digits,logistic,0,0.1,5,recoverability_v3,proven_infeasible,True,1.764995000030467,1.3878760000807233,1.1108879998573684,0.8108649999485351,129,98,29,28
case04-rep0,digits,logistic,0,0.1,6,recoverability_v2,proven_infeasible,True,1.4982429997871805,1.494786999955977,0.8800790001259884,0.8393970001634443,129,98,29,28
case04-rep0,digits,logistic,0,0.1,7,recoverability_v3,proven_infeasible,True,1.728010000078939,1.5019379998193472,0.9578660001352546,0.8776559998295852,129,98,29,28
case04-rep0,digits,logistic,0,0.1,8,recoverability_v2,proven_infeasible,True,1.5850439999667287,1.543420999951195,0.8983160000752832,0.9870700000647048,129,98,29,28
case04-rep0,digits,logistic,0,0.1,9,recoverability_v3,proven_infeasible,True,1.6678789997968124,2.01728699994419,0.9762139998201746,1.4290179997260566,129,98,29,28
case04-rep0,digits,logistic,0,0.1,10,recoverability_v2,proven_infeasible,True,1.4812170002187486,1.7976050003198907,0.86992399974406,0.8684219997121545,129,98,29,28
case04-rep0,digits,logistic,0,0.1,11,recoverability_v3,proven_infeasible,True,1.6491709998263104,1.6434920003121078,0.9917079996739631,0.8891529996617464,129,98,29,28
case04-rep0,digits,logistic,0,0.1,12,recoverability_v2,proven_infeasible,True,1.5403359998344968,1.3696980004169745,0.883994999639981,0.8198280002034153,129,98,29,28
case04-rep0,digits,logistic,0,0.1,13,recoverability_v3,proven_infeasible,True,1.7876490001071943,1.6741590002311568,0.9871800002656528,1.0966569998345221,129,98,29,28
case04-rep0,digits,logistic,0,0.1,14,recoverability_v2,proven_infeasible,True,1.5940469997985929,1.4062539999031287,0.9443070002816967,0.8109049999802664,129,98,29,28
case04-rep0,digits,logistic,0,0.1,15,recoverability_v3,proven_infeasible,True,1.5293999999812513,1.3340249997781939,0.9022629997161857,0.788029999966966,129,98,29,28
case04-rep0,digits,logistic,0,0.1,16,recoverability_v2,proven_infeasible,True,1.536020000003191,1.3925329999437963,0.8730090003155055,0.8029230002648546,129,98,29,28
case04-rep0,digits,logistic,0,0.1,17,recoverability_v3,proven_infeasible,True,1.4862950001770514,1.374074999603181,0.8487820000482316,0.8238039999923785,129,98,29,28
case04-rep0,digits,logistic,0,0.1,18,recoverability_v2,proven_infeasible,True,1.6184740002245235,1.9426439998824208,0.9808820000216656,1.3302990000738646,129,98,29,28
case04-rep0,digits,logistic,0,0.1,19,recoverability_v3,proven_infeasible,True,1.633426999887888,1.3677649999408459,0.9187079999719572,0.7810390002305212,129,98,29,28
case04-rep0,digits,logistic,0,0.1,20,recoverability_v2,proven_infeasible,True,1.6817390001051535,1.5735859997221269,0.9396590003234451,1.0123179999936838,129,98,29,28
case04-rep0,digits,logistic,0,0.1,21,recoverability_v3,proven_infeasible,True,1.8350110003666487,1.5666760000385693,1.2285949997021817,0.8368540002265945,129,98,29,28
case04-rep0,digits,logistic,0,0.1,22,recoverability_v2,proven_infeasible,True,1.5332259999922826,1.5717029996267229,0.8947309997893171,0.9224730001733406,129,98,29,28
case04-rep0,digits,logistic,0,0.1,23,recoverability_v3,proven_infeasible,True,2.202646999649005,1.437350999822229,0.8776549998401606,0.8798990002105711,129,98,29,28
case04-rep0,digits,logistic,0,0.1,24,recoverability_v2,proven_infeasible,True,1.6270969999823137,1.6925669997363002,0.917486000162171,1.0202410003330442,129,98,29,28
case04-rep0,digits,logistic,0,0.1,25,recoverability_v3,proven_infeasible,True,1.8224720001853711,2.381335999871226,1.1352649999025743,0.953690999722312,129,98,29,28
case04-rep0,digits,logistic,0,0.1,26,recoverability_v2,proven_infeasible,True,1.7609199999242264,1.414967000073375,0.9020530001180305,0.8080409998001414,129,98,29,28
case04-rep0,digits,logistic,0,0.1,27,recoverability_v3,proven_infeasible,True,2.507688000150665,1.3875950003239268,1.050457000019378,0.8058069997787243,129,98,29,28
case04-rep0,digits,logistic,0,0.1,28,recoverability_v2,proven_infeasible,True,1.7014000000017404,1.7662979998931405,0.9925589997692441,1.1219450002499798,129,98,29,28
case04-rep0,digits,logistic,0,0.1,29,recoverability_v3,proven_infeasible,True,1.7104339999605145,1.3612959996862628,1.072419000138325,0.8042149997891102,129,98,29,28
case04-rep1,digits,logistic,1,0.1,0,recoverability_v3,proven_infeasible,True,1.583501999903092,1.4195640001162246,0.9650069996496313,0.8244850000664883,129,98,29,28
case04-rep1,digits,logistic,1,0.1,1,recoverability_v2,proven_infeasible,True,1.5605870003128075,1.3583209997705126,0.9105450003517035,0.8062679999056854,129,98,29,28
case04-rep1,digits,logistic,1,0.1,2,recoverability_v3,proven_infeasible,True,1.541248000194173,1.7238330001418944,0.865367000187689,1.040270999965287,129,98,29,28
case04-rep1,digits,logistic,1,0.1,3,recoverability_v2,proven_infeasible,True,2.277338999647327,1.4552879997609125,1.5077570001267304,0.891505999788933,129,98,29,28
case04-rep1,digits,logistic,1,0.1,4,recoverability_v3,proven_infeasible,True,1.7188460001307249,1.3990729999022733,1.0271310002281098,0.8147309999912977,129,98,29,28
case04-rep1,digits,logistic,1,0.1,5,recoverability_v2,proven_infeasible,True,1.8908060001194826,1.4701009999953385,1.1678939999910654,0.8343099998455727,129,98,29,28
case04-rep1,digits,logistic,1,0.1,6,recoverability_v3,proven_infeasible,True,1.6386950001106015,1.513545999841881,0.9072499997273553,0.9312160000263248,129,98,29,28
case04-rep1,digits,logistic,1,0.1,7,recoverability_v2,proven_infeasible,True,2.327595999759069,1.5522740000051272,0.9252569998352556,0.8236029998442973,129,98,29,28
case04-rep1,digits,logistic,1,0.1,8,recoverability_v3,proven_infeasible,True,1.5000260000306298,1.8213909997939481,0.8843160003380035,1.2689769996541145,129,98,29,28
case04-rep1,digits,logistic,1,0.1,9,recoverability_v2,proven_infeasible,True,1.929113000187499,1.5151289999266737,1.1328010000397626,0.813128000118013,129,98,29,28
case04-rep1,digits,logistic,1,0.1,10,recoverability_v3,proven_infeasible,True,1.5867669999352074,1.502108999829943,0.9098840000660857,0.9485330001552938,129,98,29,28
case04-rep1,digits,logistic,1,0.1,11,recoverability_v2,proven_infeasible,True,2.0854790000157664,1.5884189997450449,1.3606550000986317,0.9335499998996966,129,98,29,28
case04-rep1,digits,logistic,1,0.1,12,recoverability_v3,proven_infeasible,True,1.481988000250567,1.4066549997551192,0.8721270000933146,0.8141890002661967,129,98,29,28
case04-rep1,digits,logistic,1,0.1,13,recoverability_v2,proven_infeasible,True,1.544443000057072,1.3546860000133165,0.904185999843321,0.8024419998946541,129,98,29,28
case04-rep1,digits,logistic,1,0.1,14,recoverability_v3,proven_infeasible,True,1.548428000205604,1.3966890001029242,0.9306959996138175,0.8068779998211539,129,98,29,28
case04-rep1,digits,logistic,1,0.1,15,recoverability_v2,proven_infeasible,True,2.2188809998624492,1.4733650000380294,1.3576299998021568,0.8670289998917724,129,98,29,28
case04-rep1,digits,logistic,1,0.1,16,recoverability_v3,proven_infeasible,True,1.7252859997824999,1.7261069997402956,0.9256879998247314,1.0810720000336005,129,98,29,28
case04-rep1,digits,logistic,1,0.1,17,recoverability_v2,proven_infeasible,True,1.5396850003526197,1.7604889999347506,0.878096999713307,1.0315989998161967,129,98,29,28
case04-rep1,digits,logistic,1,0.1,18,recoverability_v3,proven_infeasible,True,1.7562020002515055,1.3836600001013721,0.8951820000220323,0.8450870000160648,129,98,29,28
case04-rep1,digits,logistic,1,0.1,19,recoverability_v2,proven_infeasible,True,1.6083589998743264,1.523521000308392,0.9646769999562821,0.9261489999516925,129,98,29,28
case04-rep1,digits,logistic,1,0.1,20,recoverability_v3,proven_infeasible,True,1.595760000327573,1.438001000224176,0.9316870000475319,0.8479710004394292,129,98,29,28
case04-rep1,digits,logistic,1,0.1,21,recoverability_v2,proven_infeasible,True,1.6828620000524097,1.3833600000907609,0.9000190002552699,0.820469999780471,129,98,29,28
case04-rep1,digits,logistic,1,0.1,22,recoverability_v3,proven_infeasible,True,1.6085090001070057,1.4715020001858647,0.8934990000852849,0.7893819997661922,129,98,29,28
case04-rep1,digits,logistic,1,0.1,23,recoverability_v2,proven_infeasible,True,1.862553000137268,1.3799439998365415,1.2099769996893883,0.7882210002208012,129,98,29,28
case04-rep1,digits,logistic,1,0.1,24,recoverability_v3,proven_infeasible,True,2.2696270002597885,1.4940569999453146,1.6233319997809303,0.8872700000210898,129,98,29,28
case04-rep1,digits,logistic,1,0.1,25,recoverability_v2,proven_infeasible,True,1.678996000009647,1.9719479996638256,1.0108870001204195,1.0014630001933256,129,98,29,28
case04-rep1,digits,logistic,1,0.1,26,recoverability_v3,proven_infeasible,True,1.9606910000220523,1.5891799998826173,1.083365999875241,1.0064399998555018,129,98,29,28
case04-rep1,digits,logistic,1,0.1,27,recoverability_v2,proven_infeasible,True,1.8691529999159684,1.5320239999709884,0.9796889999051928,0.9245070000361011,129,98,29,28
case04-rep1,digits,logistic,1,0.1,28,recoverability_v3,proven_infeasible,True,1.6017089997149014,1.3656920000357786,0.9528290001981077,0.8063880000008794,129,98,29,28
case04-rep1,digits,logistic,1,0.1,29,recoverability_v2,proven_infeasible,True,2.168786000311229,1.3861530001122446,1.5200850002656807,0.8327179998559586,129,98,29,28
case04-rep2,digits,logistic,2,0.1,0,recoverability_v2,proven_infeasible,True,1.7727570002534776,2.1851900000910973,0.9151720000772912,1.2356560000625905,129,98,29,28
case04-rep2,digits,logistic,2,0.1,1,recoverability_v3,proven_infeasible,True,1.641118999941682,1.496579999638925,0.8966440000222065,0.8650270001453464,129,98,29,28
case04-rep2,digits,logistic,2,0.1,2,recoverability_v2,proven_infeasible,True,1.4983119999669725,1.4930950001144083,0.8769440000833129,0.880169000083697,129,98,29,28
case04-rep2,digits,logistic,2,0.1,3,recoverability_v3,proven_infeasible,True,1.9213919999856444,1.451762999749917,1.171559000340494,0.8271290002994647,129,98,29,28
case04-rep2,digits,logistic,2,0.1,4,recoverability_v2,proven_infeasible,True,1.6701720001037756,2.0521090000329423,0.9966949996851326,1.0543119997237227,129,98,29,28
case04-rep2,digits,logistic,2,0.1,5,recoverability_v3,proven_infeasible,True,1.5089690000422706,1.6597359999650507,0.88658899994698,0.9178459999930055,129,98,29,28
case04-rep2,digits,logistic,2,0.1,6,recoverability_v2,proven_infeasible,True,1.9245169996793265,1.592114000231959,0.9810719998313289,0.9970559999601392,129,98,29,28
case04-rep2,digits,logistic,2,0.1,7,recoverability_v3,proven_infeasible,True,1.5532649999840942,1.472763999572635,0.904435999927955,0.9114060003412305,129,98,29,28
case04-rep2,digits,logistic,2,0.1,8,recoverability_v2,proven_infeasible,True,1.9450370000413386,1.4454030001616047,1.1920800002371834,0.9060090001185017,129,98,29,28
case04-rep2,digits,logistic,2,0.1,9,recoverability_v3,proven_infeasible,True,2.28042499975345,1.5676180000809836,0.9906260002026102,0.9842059998845798,129,98,29,28
case04-rep2,digits,logistic,2,0.1,10,recoverability_v2,proven_infeasible,True,1.5256639999279287,1.710182999886456,0.9081719999812776,0.9843369998634444,129,98,29,28
case04-rep2,digits,logistic,2,0.1,11,recoverability_v3,proven_infeasible,True,1.689661000000342,1.8570740003269748,0.9380470000905916,1.0408520001874422,129,98,29,28
case04-rep2,digits,logistic,2,0.1,12,recoverability_v2,proven_infeasible,True,1.5927860004012473,1.6331460001310916,0.9190479995595524,0.8465089999845077,129,98,29,28
case04-rep2,digits,logistic,2,0.1,13,recoverability_v3,proven_infeasible,True,1.6323049999300565,1.7227009998350695,1.0070810003526276,0.9183870001834293,129,98,29,28
case04-rep2,digits,logistic,2,0.1,14,recoverability_v2,proven_infeasible,True,1.744524000059755,1.7216210003425658,0.9297840001636359,0.8927379999477125,129,98,29,28
case04-rep2,digits,logistic,2,0.1,15,recoverability_v3,proven_infeasible,True,1.7149290001725603,1.7203980000886077,0.9540710002511332,1.159291000021767,129,98,29,28
case04-rep2,digits,logistic,2,0.1,16,recoverability_v2,proven_infeasible,True,1.6328659999089723,2.0922889998473693,0.9775770004125661,1.3191020002523146,129,98,29,28
case04-rep2,digits,logistic,2,0.1,17,recoverability_v3,proven_infeasible,True,1.5988340001058532,1.7079790000025241,0.9401600000273902,1.03415200010204,129,98,29,28
case04-rep2,digits,logistic,2,0.1,18,recoverability_v2,proven_infeasible,True,2.1273229999678733,1.9057380000049307,1.1775980001402786,0.9298640002270986,129,98,29,28
case04-rep2,digits,logistic,2,0.1,19,recoverability_v3,proven_infeasible,True,1.7230220000783447,1.7750209999576327,0.9627439999349008,1.047652000124799,129,98,29,28
case04-rep2,digits,logistic,2,0.1,20,recoverability_v2,proven_infeasible,True,1.8270089999532502,1.6443729996353795,1.1007220000465168,0.9580969999660738,129,98,29,28
case04-rep2,digits,logistic,2,0.1,21,recoverability_v3,proven_infeasible,True,1.9977280003331543,1.586505999966903,1.2778899999830173,0.9860889999799838,129,98,29,28
case04-rep2,digits,logistic,2,0.1,22,recoverability_v2,proven_infeasible,True,1.634949000163033,1.6317240001626487,0.893388999884337,0.847539999995206,129,98,29,28
case04-rep2,digits,logistic,2,0.1,23,recoverability_v3,proven_infeasible,True,2.490821999799664,2.1190600000409177,1.0276420002810482,1.5384640000775107,129,98,29,28
case04-rep2,digits,logistic,2,0.1,24,recoverability_v2,proven_infeasible,True,1.721359999919514,2.05875899973762,0.9750130002430524,1.2013439995826047,129,98,29,28
case04-rep2,digits,logistic,2,0.1,25,recoverability_v3,proven_infeasible,True,2.0200710000608524,1.6305829999510024,1.0015719999501016,0.9605199998077296,129,98,29,28
case04-rep2,digits,logistic,2,0.1,26,recoverability_v2,proven_infeasible,True,3.1553849998999794,1.5950890001477092,1.2701279997600068,0.9240860003956186,129,98,29,28
case04-rep2,digits,logistic,2,0.1,27,recoverability_v3,proven_infeasible,True,2.0192699998915487,1.674378999723558,1.1789310001404374,0.9989879999920959,129,98,29,28
case04-rep2,digits,logistic,2,0.1,28,recoverability_v2,proven_infeasible,True,1.7108240003835817,1.74944200034588,0.8862580002642062,1.1052390000259038,129,98,29,28
case04-rep2,digits,logistic,2,0.1,29,recoverability_v3,proven_infeasible,True,1.5754500000184635,1.4545260000886628,0.9684319998086721,0.8610199997747259,129,98,29,28
case05-rep0,digits,forest,0,0.2,0,recoverability_v3,proven_infeasible,True,3.498724000110087,2.9799900003126822,2.456679999795597,2.366242999869428,129,98,29,28
case05-rep0,digits,forest,0,0.2,1,recoverability_v2,proven_infeasible,True,3.221815999950195,2.4406560000898025,2.3964100000739563,1.791765999769268,129,98,29,28
case05-rep0,digits,forest,0,0.2,2,recoverability_v3,proven_infeasible,True,2.8988180001761066,3.293183000096178,2.206783000019641,2.273684000101639,129,98,29,28
case05-rep0,digits,forest,0,0.2,3,recoverability_v2,proven_infeasible,True,3.6028120002811193,2.402648000042973,2.609790999940742,1.810985000247456,129,98,29,28
case05-rep0,digits,forest,0,0.2,4,recoverability_v3,proven_infeasible,True,2.76479499962079,2.339152999866201,2.008223000302678,1.6153289998328546,129,98,29,28
case05-rep0,digits,forest,0,0.2,5,recoverability_v2,proven_infeasible,True,2.8423530002328334,2.3396829997182067,2.1523700002035184,1.714689999971597,129,98,29,28
case05-rep0,digits,forest,0,0.2,6,recoverability_v3,proven_infeasible,True,2.761390000159736,2.568058999713685,2.0702169999822218,1.94645000010496,129,98,29,28
case05-rep0,digits,forest,0,0.2,7,recoverability_v2,proven_infeasible,True,2.6072069999827363,2.908121000018582,1.9689939999807393,1.7988160002460063,129,98,29,28
case05-rep0,digits,forest,0,0.2,8,recoverability_v3,proven_infeasible,True,3.6044029998265614,2.5886490002449136,2.978648000407702,1.6159509996214183,129,98,29,28
case05-rep0,digits,forest,0,0.2,9,recoverability_v2,proven_infeasible,True,3.12237499974799,2.3314009999921836,2.1563459999924817,1.7506540002614202,129,98,29,28
case05-rep0,digits,forest,0,0.2,10,recoverability_v3,proven_infeasible,True,2.8444559998206387,2.780730000267795,2.211850000094273,1.8522479999774077,129,98,29,28
case05-rep0,digits,forest,0,0.2,11,recoverability_v2,proven_infeasible,True,3.1676439998591377,2.195385999584687,2.232021000054374,1.620638000076724,129,98,29,28
case05-rep0,digits,forest,0,0.2,12,recoverability_v3,proven_infeasible,True,2.6467469997442095,2.5255539999307075,1.9903260003957257,1.9479219999993802,129,98,29,28
case05-rep0,digits,forest,0,0.2,13,recoverability_v2,proven_infeasible,True,3.157018000365497,2.3264129999915895,2.4083280000013474,1.650753000376426,129,98,29,28
case05-rep0,digits,forest,0,0.2,14,recoverability_v3,proven_infeasible,True,2.992118999827653,2.3395329999402747,2.3204739995890122,1.7682499997135892,129,98,29,28
case05-rep0,digits,forest,0,0.2,15,recoverability_v2,proven_infeasible,True,2.8720179998344975,2.284079000219208,2.0797610000045097,1.7118559999289573,129,98,29,28
case05-rep0,digits,forest,0,0.2,16,recoverability_v3,proven_infeasible,True,3.0403519999708806,2.575769000031869,2.335627000320528,1.9557239997993747,129,98,29,28
case05-rep0,digits,forest,0,0.2,17,recoverability_v2,proven_infeasible,True,3.0292750002445246,2.465433999986999,2.1607539997603453,1.711916000203928,129,98,29,28
case05-rep0,digits,forest,0,0.2,18,recoverability_v3,proven_infeasible,True,2.883183999983885,2.334616000098322,2.2486660000140546,1.7245040003217582,129,98,29,28
case05-rep0,digits,forest,0,0.2,19,recoverability_v2,proven_infeasible,True,3.4123630002795835,2.7137779998156475,2.5022089998856245,1.859948999936023,129,98,29,28
case05-rep0,digits,forest,0,0.2,20,recoverability_v3,proven_infeasible,True,2.96701099978236,2.4880370001483243,2.3013149998405424,1.901932999771816,129,98,29,28
case05-rep0,digits,forest,0,0.2,21,recoverability_v2,proven_infeasible,True,2.7271280000604747,2.5536070002090128,2.0254490000297665,1.9770459998653678,129,98,29,28
case05-rep0,digits,forest,0,0.2,22,recoverability_v3,proven_infeasible,True,2.8127880000283767,2.448166999784007,2.156807000119443,1.8280899998899258,129,98,29,28
case05-rep0,digits,forest,0,0.2,23,recoverability_v2,proven_infeasible,True,3.196327999830828,2.1963670001241553,2.5626309998187935,1.6178539999600616,129,98,29,28
case05-rep0,digits,forest,0,0.2,24,recoverability_v3,proven_infeasible,True,3.0684440002914926,2.364830999795231,2.313834999768005,1.6614190003565454,129,98,29,28
case05-rep0,digits,forest,0,0.2,25,recoverability_v2,proven_infeasible,True,2.8651570000874926,3.003476000230876,2.2314099996947334,2.376899999944726,129,98,29,28
case05-rep0,digits,forest,0,0.2,26,recoverability_v3,proven_infeasible,True,3.162715999678767,2.6818399996955122,2.503100000012637,1.990646000194829,129,98,29,28
case05-rep0,digits,forest,0,0.2,27,recoverability_v2,proven_infeasible,True,2.8446360001908033,2.7223010001762304,2.164448999792512,2.0827650000683207,129,98,29,28
case05-rep0,digits,forest,0,0.2,28,recoverability_v3,proven_infeasible,True,2.7886809998562967,2.4245619997600443,2.0669420000558603,1.8487820002519584,129,98,29,28
case05-rep0,digits,forest,0,0.2,29,recoverability_v2,proven_infeasible,True,2.848772000106692,2.643942999839055,1.9950920000155747,1.802591999876313,129,98,29,28
case05-rep0,digits,forest,0,0.3,0,recoverability_v2,proven_infeasible,True,2.9253480001898424,2.2077539997553686,2.326112999980978,1.6215690002354677,129,98,29,28
case05-rep0,digits,forest,0,0.3,1,recoverability_v3,proven_infeasible,True,4.469563999919046,2.4097489999803656,3.261285999997199,1.6907939998418442,129,98,29,28
case05-rep0,digits,forest,0,0.3,2,recoverability_v2,proven_infeasible,True,3.892768999776308,2.4231200000031095,2.771655999822542,1.7287900000155787,129,98,29,28
case05-rep0,digits,forest,0,0.3,3,recoverability_v3,proven_infeasible,True,3.096765999998752,2.3025870000310533,2.358341999752156,1.627298000130395,129,98,29,28
case05-rep0,digits,forest,0,0.3,4,recoverability_v2,proven_infeasible,True,2.9899060000389,2.583220999895275,2.333444000214513,1.6184749997592007,129,98,29,28
case05-rep0,digits,forest,0,0.3,5,recoverability_v3,proven_infeasible,True,3.194042999894009,2.364260999911494,2.173102000142535,1.6754099997342564,129,98,29,28
case05-rep0,digits,forest,0,0.3,6,recoverability_v2,proven_infeasible,True,2.8348010000627255,2.2142640000311076,2.0715189998554706,1.657933999922534,129,98,29,28
case05-rep0,digits,forest,0,0.3,7,recoverability_v3,proven_infeasible,True,2.7476799996293266,2.186542000345071,1.9794190002357936,1.6127060002872895,129,98,29,28
case05-rep0,digits,forest,0,0.3,8,recoverability_v2,proven_infeasible,True,2.877495000120689,2.30820600017978,2.0678529999713646,1.6342279996024445,129,98,29,28
case05-rep0,digits,forest,0,0.3,9,recoverability_v3,proven_infeasible,True,3.073072000006505,2.1572579998974106,2.38498199996684,1.567437999710819,129,98,29,28
case05-rep0,digits,forest,0,0.3,10,recoverability_v2,proven_infeasible,True,2.894250999815995,2.3216260001390765,2.1683049999410287,1.6181740002139122,129,98,29,28
case05-rep0,digits,forest,0,0.3,11,recoverability_v3,proven_infeasible,True,2.5971829995796725,2.2169079998093366,1.9636959996205405,1.6374429997085826,129,98,29,28
case05-rep0,digits,forest,0,0.3,12,recoverability_v2,proven_infeasible,True,2.8232340000613476,2.3805949999768927,2.0452190001378767,1.7593369998394337,129,98,29,28
case05-rep0,digits,forest,0,0.3,13,recoverability_v3,proven_infeasible,True,2.6408480002828583,2.156116000151087,2.0235560000401165,1.6035010003179195,129,98,29,28
case05-rep0,digits,forest,0,0.3,14,recoverability_v2,proven_infeasible,True,2.622620000238385,2.2270240001489583,1.957926999693882,1.5773019999869575,129,98,29,28
case05-rep0,digits,forest,0,0.3,15,recoverability_v3,proven_infeasible,True,3.000902000167116,2.2450210003626125,2.3573799999212497,1.6446530003122461,129,98,29,28
case05-rep0,digits,forest,0,0.3,16,recoverability_v2,proven_infeasible,True,2.869594000003417,2.4165800000446325,2.2248800000852498,1.6577540000071167,129,98,29,28
case05-rep0,digits,forest,0,0.3,17,recoverability_v3,proven_infeasible,True,2.746167999703175,2.4986539997371437,2.0630659996641043,1.9201000000066415,129,98,29,28
case05-rep0,digits,forest,0,0.3,18,recoverability_v2,proven_infeasible,True,2.788470999803394,2.206070999818621,2.032439000231534,1.6185539998332388,129,98,29,28
case05-rep0,digits,forest,0,0.3,19,recoverability_v3,proven_infeasible,True,2.708150000216847,2.4570310001763573,1.9848580000143556,1.8574460000309045,129,98,29,28
case05-rep0,digits,forest,0,0.3,20,recoverability_v2,proven_infeasible,True,2.7085599999736587,2.219441000306688,2.009243999964383,1.6146090001711855,129,98,29,28
case05-rep0,digits,forest,0,0.3,21,recoverability_v3,proven_infeasible,True,2.6496010000300885,2.1951060002720624,1.986620000025141,1.5964310000526893,129,98,29,28
case05-rep0,digits,forest,0,0.3,22,recoverability_v2,proven_infeasible,True,2.8064289999747416,2.566987000136578,2.1385499999269086,1.986639999813633,129,98,29,28
case05-rep0,digits,forest,0,0.3,23,recoverability_v3,proven_infeasible,True,2.65261599997757,2.2419859997171443,2.0206210001560976,1.620898000055604,129,98,29,28
case05-rep0,digits,forest,0,0.3,24,recoverability_v2,proven_infeasible,True,2.8621229998861963,2.381787000103941,1.9883919999301725,1.7751109999153414,129,98,29,28
case05-rep0,digits,forest,0,0.3,25,recoverability_v3,proven_infeasible,True,2.6389949998701923,2.263399000185018,1.9708969998646353,1.687419000063528,129,98,29,28
case05-rep0,digits,forest,0,0.3,26,recoverability_v2,proven_infeasible,True,2.661890000126732,2.142876000107208,1.9953830001213646,1.5665249998164654,129,98,29,28
case05-rep0,digits,forest,0,0.3,27,recoverability_v3,proven_infeasible,True,2.556260999881488,2.352513000005274,1.9501759998092894,1.6420599999946717,129,98,29,28
case05-rep0,digits,forest,0,0.3,28,recoverability_v2,proven_infeasible,True,2.6866170001085266,2.289787999870896,1.9758940002247982,1.7023010000229988,129,98,29,28
case05-rep0,digits,forest,0,0.3,29,recoverability_v3,proven_infeasible,True,4.403651000302489,2.490039999884175,3.7317259998417285,1.9250370000918338,129,98,29,28
case05-rep0,digits,forest,0,0.1,0,recoverability_v3,proven_infeasible,True,1.5625099999851955,1.6159000001607637,0.8340899998984241,0.9988980000343872,129,98,29,28
case05-rep0,digits,forest,0,0.1,1,recoverability_v2,proven_infeasible,True,1.4255030000640545,1.429638999979943,0.7967829997141962,0.7562319997305167,129,98,29,28
case05-rep0,digits,forest,0,0.1,2,recoverability_v3,proven_infeasible,True,1.4553070000147272,1.3724929999625601,0.7803779999449034,0.8217210001930653,129,98,29,28
case05-rep0,digits,forest,0,0.1,3,recoverability_v2,proven_infeasible,True,1.6808880000098725,1.459663999867189,1.0399299999335199,0.8527479999429488,129,98,29,28
case05-rep0,digits,forest,0,0.1,4,recoverability_v3,proven_infeasible,True,1.4092679998611857,1.3499590004357742,0.7661969998480345,0.7859669999561447,129,98,29,28
case05-rep0,digits,forest,0,0.1,5,recoverability_v2,proven_infeasible,True,1.539656000204559,1.3081849997433892,0.9028640001815802,0.7589260003442178,129,98,29,28
case05-rep0,digits,forest,0,0.1,6,recoverability_v3,proven_infeasible,True,1.4271450004343933,1.3667240000359016,0.8138989996950841,0.7827019999240292,129,98,29,28
case05-rep0,digits,forest,0,0.1,7,recoverability_v2,proven_infeasible,True,1.4083370001571893,1.4263339999160962,0.7677690000491566,0.8369239999410638,129,98,29,28
case05-rep0,digits,forest,0,0.1,8,recoverability_v3,proven_infeasible,True,1.4445219999288383,1.362757999686437,0.8109249997687584,0.7552600000053644,129,98,29,28
case05-rep0,digits,forest,0,0.1,9,recoverability_v2,proven_infeasible,True,1.4942859997972846,1.689422000254126,0.8825830000205315,1.0435160002089106,129,98,29,28
case05-rep0,digits,forest,0,0.1,10,recoverability_v3,proven_infeasible,True,1.4903710002727166,1.426914999683504,0.8327979999194213,0.855061000038404,129,98,29,28
case05-rep0,digits,forest,0,0.1,11,recoverability_v2,proven_infeasible,True,1.5699010000389535,1.6309230004480924,0.9541109998281172,1.0188689998358313,129,98,29,28
case05-rep0,digits,forest,0,0.1,12,recoverability_v3,proven_infeasible,True,1.507726999989245,1.7068279998966318,0.8890519998203672,1.0960059998978977,129,98,29,28
case05-rep0,digits,forest,0,0.1,13,recoverability_v2,proven_infeasible,True,1.4813579996371118,1.4485480000985262,0.8245249996434723,0.8183760000974871,129,98,29,28
case05-rep0,digits,forest,0,0.1,14,recoverability_v3,proven_infeasible,True,2.009665000059613,1.5080070002113644,1.0753339997791045,0.9100039997065323,129,98,29,28
case05-rep0,digits,forest,0,0.1,15,recoverability_v2,proven_infeasible,True,1.9234249998589803,1.4823290002823342,1.2221360002513393,0.904546000128903,129,98,29,28
case05-rep0,digits,forest,0,0.1,16,recoverability_v3,proven_infeasible,True,1.504210999883071,1.4353980000123556,0.8164030000443745,0.8344200000465207,129,98,29,28
case05-rep0,digits,forest,0,0.1,17,recoverability_v2,proven_infeasible,True,1.4543570000569161,1.2917110002490517,0.7907439999144117,0.7371140000032028,129,98,29,28
case05-rep0,digits,forest,0,0.1,18,recoverability_v3,proven_infeasible,True,1.6440429999420303,1.2854310002694547,0.8379050000257848,0.7362619999184972,129,98,29,28
case05-rep0,digits,forest,0,0.1,19,recoverability_v2,proven_infeasible,True,1.4407359999495384,1.4803660001234675,0.81953800008705,0.8972749997155915,129,98,29,28
case05-rep0,digits,forest,0,0.1,20,recoverability_v3,proven_infeasible,True,1.6183039997486048,1.404930999797216,0.9536500001559034,0.8496929999637359,129,98,29,28
case05-rep0,digits,forest,0,0.1,21,recoverability_v2,proven_infeasible,True,1.5273869998964074,1.6573729999436182,0.8768450002207828,0.8854580000843271,129,98,29,28
case05-rep0,digits,forest,0,0.1,22,recoverability_v3,proven_infeasible,True,1.7719560000841739,1.32628300025317,1.0994299996127666,0.7315349998862075,129,98,29,28
case05-rep0,digits,forest,0,0.1,23,recoverability_v2,proven_infeasible,True,1.5794749997439794,1.3303089999681106,0.9165739998024947,0.7650850002391962,129,98,29,28
case05-rep0,digits,forest,0,0.1,24,recoverability_v3,proven_infeasible,True,1.574878000155877,1.321055000062188,0.8232830000451941,0.7211689999166992,129,98,29,28
case05-rep0,digits,forest,0,0.1,25,recoverability_v2,proven_infeasible,True,1.4692889999423642,1.331950999883702,0.7959819999996398,0.7437340000251424,129,98,29,28
case05-rep0,digits,forest,0,0.1,26,recoverability_v3,proven_infeasible,True,1.4575509999303904,1.3625579999825277,0.7915750002212008,0.7413700000142853,129,98,29,28
case05-rep0,digits,forest,0,0.1,27,recoverability_v2,proven_infeasible,True,1.4014160001352138,1.4398850003090047,0.7926970001790323,0.751825000406825,129,98,29,28
case05-rep0,digits,forest,0,0.1,28,recoverability_v3,proven_infeasible,True,2.8090720002182934,1.3484359997164574,2.1984300001349766,0.7473089999621152,129,98,29,28
case05-rep0,digits,forest,0,0.1,29,recoverability_v2,proven_infeasible,True,1.434396000149718,1.3820870003655727,0.8019719998628716,0.8007289998204214,129,98,29,28
case05-rep0,digits,forest,0,0.4,0,recoverability_v2,ok,True,5.1397530000940606,5.334766000032687,4.306554999857326,4.7106940000958275,129,98,29,28
case05-rep0,digits,forest,0,0.4,1,recoverability_v3,ok,True,3.986901000189391,8.785117999650538,3.272662000199489,8.133462999921903,129,98,29,28
case05-rep0,digits,forest,0,0.4,2,recoverability_v2,ok,True,3.7661379997189215,6.801122000069881,3.0681929997626867,6.186432999584213,129,98,29,28
case05-rep0,digits,forest,0,0.4,3,recoverability_v3,ok,True,4.047862999868812,5.123266999817133,3.2884569995985657,4.487086000153795,129,98,29,28
case05-rep0,digits,forest,0,0.4,4,recoverability_v2,ok,True,4.830084999866813,4.799507999905472,3.9101550000850693,4.1816849998213,129,98,29,28
case05-rep0,digits,forest,0,0.4,5,recoverability_v3,ok,True,3.9956939999683527,4.95475300022008,3.240092999931221,4.302447999634751,129,98,29,28
case05-rep0,digits,forest,0,0.4,6,recoverability_v2,ok,True,4.247203999966587,4.784696999649896,3.5378329998820846,4.170629000327608,129,98,29,28
case05-rep0,digits,forest,0,0.4,7,recoverability_v3,ok,True,4.2440299998816045,4.633898000065528,3.444693000346888,3.9633449996472336,129,98,29,28
case05-rep0,digits,forest,0,0.4,8,recoverability_v2,ok,True,4.282015999706346,5.484162000357173,3.4577119999994466,4.867170000125043,129,98,29,28
case05-rep0,digits,forest,0,0.4,9,recoverability_v3,ok,True,3.9784179998605396,4.729852999844297,3.3120319999397907,4.063918000156264,129,98,29,28
case05-rep0,digits,forest,0,0.4,10,recoverability_v2,ok,True,3.9262390000658343,5.23818100009521,3.2680149997759145,4.629221999948641,129,98,29,28
case05-rep0,digits,forest,0,0.4,11,recoverability_v3,ok,True,3.915313000106835,7.606898000176443,3.213041999970301,6.756063000011636,129,98,29,28
case05-rep0,digits,forest,0,0.4,12,recoverability_v2,ok,True,4.254926000157866,5.039830999976402,3.5173420001228806,4.425753999839799,129,98,29,28
case05-rep0,digits,forest,0,0.4,13,recoverability_v3,ok,True,4.255787000147393,6.112150000262773,3.3327440000903152,5.4649640001116495,129,98,29,28
case05-rep0,digits,forest,0,0.4,14,recoverability_v2,ok,True,3.9499750000686618,5.526376000034361,3.131639000002906,4.647378999834473,129,98,29,28
case05-rep0,digits,forest,0,0.4,15,recoverability_v3,ok,True,4.0408729996670445,5.111479999868607,3.303639000023395,4.4432810000216705,129,98,29,28
case05-rep0,digits,forest,0,0.4,16,recoverability_v2,ok,True,3.9445479997084476,4.733708999992814,3.243599000143149,4.131990000132646,129,98,29,28
case05-rep0,digits,forest,0,0.4,17,recoverability_v3,ok,True,4.00627999988501,6.231490000118356,3.1967979998626106,5.4817989998809935,129,98,29,28
case05-rep0,digits,forest,0,0.4,18,recoverability_v2,ok,True,4.223087000355008,5.058509999798844,3.4808770001291123,4.190297999684844,129,98,29,28
case05-rep0,digits,forest,0,0.4,19,recoverability_v3,ok,True,3.9463699999942037,5.330900999979349,3.2317099999090715,4.679667999880621,129,98,29,28
case05-rep0,digits,forest,0,0.4,20,recoverability_v2,ok,True,4.308648000005633,4.72996400003467,3.584474000035698,4.116325999802939,129,98,29,28
case05-rep0,digits,forest,0,0.4,21,recoverability_v3,ok,True,3.938408000067284,5.788351999854058,3.1611549998160626,5.147903999841219,129,98,29,28
case05-rep0,digits,forest,0,0.4,22,recoverability_v2,ok,True,4.084990000137623,5.100612999740406,3.3809159999691474,4.43988500001069,129,98,29,28
case05-rep0,digits,forest,0,0.4,23,recoverability_v3,ok,True,3.880369999933464,5.120913999689947,3.155967000111559,4.3461950003802485,129,98,29,28
case05-rep0,digits,forest,0,0.4,24,recoverability_v2,ok,True,3.8815520001662662,5.148206000285427,3.1429370001205825,4.451473000244732,129,98,29,28
case05-rep0,digits,forest,0,0.4,25,recoverability_v3,ok,True,4.007691999959206,5.132240999955684,3.301486000054865,4.46524299968587,129,98,29,28
case05-rep0,digits,forest,0,0.4,26,recoverability_v2,ok,True,3.9640370000597613,5.019030000312341,3.249477000281331,4.36249799986399,129,98,29,28
case05-rep0,digits,forest,0,0.4,27,recoverability_v3,ok,True,5.650214000070264,6.279082999753882,4.626356999779091,5.568168999616319,129,98,29,28
case05-rep0,digits,forest,0,0.4,28,recoverability_v2,ok,True,5.041364000135218,6.130458999905386,4.082656000264251,5.199923999953171,129,98,29,28
case05-rep0,digits,forest,0,0.4,29,recoverability_v3,ok,True,4.8334099997191515,5.5052340003385325,3.8999800003693963,4.563611999856221,129,98,29,28
case05-rep1,digits,forest,1,0.1,0,recoverability_v3,proven_infeasible,True,1.9902650001313305,1.8705850002334046,1.1245279997638136,1.0808219999489665,129,98,29,28
case05-rep1,digits,forest,1,0.1,1,recoverability_v2,proven_infeasible,True,1.918696999837266,1.7681399999673886,1.098309000099107,0.9939509996002016,129,98,29,28
case05-rep1,digits,forest,1,0.1,2,recoverability_v3,proven_infeasible,True,1.476228999763407,1.5927650001685834,0.8375349998459569,0.8034430002226145,129,98,29,28
case05-rep1,digits,forest,1,0.1,3,recoverability_v2,proven_infeasible,True,1.668059000166977,1.3506400000551366,1.00616000008813,0.7343590000346012,129,98,29,28
case05-rep1,digits,forest,1,0.1,4,recoverability_v3,proven_infeasible,True,1.8582869997771922,1.3463230002344062,0.9990379999180732,0.7543190004071221,129,98,29,28
case05-rep1,digits,forest,1,0.1,5,recoverability_v2,proven_infeasible,True,1.5465359997506312,1.3524730002245633,0.8304939997287875,0.75813500006916,129,98,29,28
case05-rep1,digits,forest,1,0.1,6,recoverability_v3,proven_infeasible,True,1.4337859997795022,1.494818000082887,0.7847960000617604,0.777754999944591,129,98,29,28
case05-rep1,digits,forest,1,0.1,7,recoverability_v2,proven_infeasible,True,1.4937659998395247,1.3179400002627517,0.8424229999945965,0.757293999868125,129,98,29,28
case05-rep1,digits,forest,1,0.1,8,recoverability_v3,proven_infeasible,True,1.4660539995929867,1.3273149997985456,0.8509849999427388,0.7441839998136857,129,98,29,28
case05-rep1,digits,forest,1,0.1,9,recoverability_v2,proven_infeasible,True,1.6155289999915112,1.33950300005381,0.9545820003040717,0.7643740000276011,129,98,29,28
case05-rep1,digits,forest,1,0.1,10,recoverability_v3,proven_infeasible,True,1.4797450003243284,1.4283369996519468,0.8140800000546733,0.8077699999375909,129,98,29,28
case05-rep1,digits,forest,1,0.1,11,recoverability_v2,proven_infeasible,True,1.4571099995919212,1.4313619999484217,0.8116760000120848,0.7677489998059173,129,98,29,28
case05-rep1,digits,forest,1,0.1,12,recoverability_v3,proven_infeasible,True,1.4843119997749454,1.4232399998945766,0.8317759998135443,0.868942999659339,129,98,29,28
case05-rep1,digits,forest,1,0.1,13,recoverability_v2,proven_infeasible,True,1.429037999969296,1.631685000120342,0.8081809996838274,0.9914669999488979,129,98,29,28
case05-rep1,digits,forest,1,0.1,14,recoverability_v3,proven_infeasible,True,1.746306999848457,1.370278999729635,1.0440269998071017,0.7582250000268687,129,98,29,28
case05-rep1,digits,forest,1,0.1,15,recoverability_v2,proven_infeasible,True,1.4914919997863763,1.3303890000315732,0.8255570000983425,0.7427919999827282,129,98,29,28
case05-rep1,digits,forest,1,0.1,16,recoverability_v3,proven_infeasible,True,1.6901419999157952,1.299181999911525,1.0470110000824207,0.7444950001627149,129,98,29,28
case05-rep1,digits,forest,1,0.1,17,recoverability_v2,proven_infeasible,True,1.4164190001793031,1.4299499998742249,0.8010500000636966,0.7744690001345589,129,98,29,28
case05-rep1,digits,forest,1,0.1,18,recoverability_v3,proven_infeasible,True,1.5533660002802208,1.6315840002789628,0.8310850002999359,0.7662570001230051,129,98,29,28
case05-rep1,digits,forest,1,0.1,19,recoverability_v2,proven_infeasible,True,1.431921999937913,1.3789029999315972,0.8141100001921586,0.7582660000480246,129,98,29,28
case05-rep1,digits,forest,1,0.1,20,recoverability_v3,proven_infeasible,True,1.597531999777857,1.3115110000399,0.8621620004305441,0.745195000035892,129,98,29,28
case05-rep1,digits,forest,1,0.1,21,recoverability_v2,proven_infeasible,True,1.4278359999480017,1.3095280000925413,0.8059669999056496,0.7193559999905119,129,98,29,28
case05-rep1,digits,forest,1,0.1,22,recoverability_v3,proven_infeasible,True,1.4240000000427244,1.3584020002781472,0.8046350003496627,0.773848999870097,129,98,29,28
case05-rep1,digits,forest,1,0.1,23,recoverability_v2,proven_infeasible,True,1.4504099999612663,1.3519009999072296,0.8102040001176647,0.7838639999135921,129,98,29,28
case05-rep1,digits,forest,1,0.1,24,recoverability_v3,proven_infeasible,True,1.4623279998886574,1.3168390000828367,0.816051999663614,0.7592169999952603,129,98,29,28
case05-rep1,digits,forest,1,0.1,25,recoverability_v2,proven_infeasible,True,1.4620480001212854,1.4759289997527958,0.8092319999377651,0.7607489997099037,129,98,29,28
case05-rep1,digits,forest,1,0.1,26,recoverability_v3,proven_infeasible,True,1.5884790000200155,1.5872479998506606,0.8423320000474632,0.7685809996473836,129,98,29,28
case05-rep1,digits,forest,1,0.1,27,recoverability_v2,proven_infeasible,True,1.521927999874606,1.3846110000486078,0.9014719998958753,0.776683000367484,129,98,29,28
case05-rep1,digits,forest,1,0.1,28,recoverability_v3,proven_infeasible,True,1.438913000129105,1.300805000028049,0.7777539999551664,0.7429219999721681,129,98,29,28
case05-rep1,digits,forest,1,0.1,29,recoverability_v2,proven_infeasible,True,1.5322039998864057,1.339252999969176,0.8346899999196467,0.7325070000661071,129,98,29,28
case05-rep1,digits,forest,1,0.4,0,recoverability_v2,ok,True,4.402259000016784,5.927521999637975,3.76062900022589,5.1250799997433205,129,98,29,28
case05-rep1,digits,forest,1,0.4,1,recoverability_v3,ok,True,4.601109000304859,5.217769999944721,3.8623229997938324,4.400164999879053,129,98,29,28
case05-rep1,digits,forest,1,0.4,2,recoverability_v2,ok,True,5.093972999929974,5.97384200000306,4.193783000118856,5.084578999685618,129,98,29,28
case05-rep1,digits,forest,1,0.4,3,recoverability_v3,ok,True,4.452323999885266,5.166491999716527,3.728710999894247,4.365082000276743,129,98,29,28
case05-rep1,digits,forest,1,0.4,4,recoverability_v2,ok,True,4.851597000197216,5.950316000053135,3.963776000091457,5.124138000155654,129,98,29,28
case05-rep1,digits,forest,1,0.4,5,recoverability_v3,ok,True,4.542619999938324,5.623582999760401,3.6081390003346314,4.771887000060815,129,98,29,28
case05-rep1,digits,forest,1,0.4,6,recoverability_v2,ok,True,5.02085200014335,6.612185999983922,4.114413000024797,5.736953999985417,129,98,29,28
case05-rep1,digits,forest,1,0.4,7,recoverability_v3,ok,True,5.848692000199662,6.957798000257753,4.6491610000884975,5.8507759999884,129,98,29,28
case05-rep1,digits,forest,1,0.4,8,recoverability_v2,ok,True,5.431031999705738,7.092321000072843,4.2896580002889095,6.1038190001454495,129,98,29,28
case05-rep1,digits,forest,1,0.4,9,recoverability_v3,ok,True,5.6047250000119675,7.031969999843568,4.471892999845295,5.918457999996463,129,98,29,28
case05-rep1,digits,forest,1,0.4,10,recoverability_v2,ok,True,4.992719000256329,4.970597000010457,3.9386280000144325,4.274787000213109,129,98,29,28
case05-rep1,digits,forest,1,0.4,11,recoverability_v3,ok,True,3.9315569997597777,4.751485999804572,3.205491000244365,4.0447080000376445,129,98,29,28
case05-rep1,digits,forest,1,0.4,12,recoverability_v2,ok,True,4.790365000189922,5.15792899977896,4.063977999976487,4.471914000077959,129,98,29,28
case05-rep1,digits,forest,1,0.4,13,recoverability_v3,ok,True,4.333464999945136,5.461468000248715,3.2471140002598986,4.719618000308401,129,98,29,28
case05-rep1,digits,forest,1,0.4,14,recoverability_v2,ok,True,3.9181279998956597,5.275816999983363,3.070878000016819,4.496220999953948,129,98,29,28
case05-rep1,digits,forest,1,0.4,15,recoverability_v3,ok,True,3.983256000083202,5.136537999987922,3.2195419998970465,4.460155999822746,129,98,29,28
case05-rep1,digits,forest,1,0.4,16,recoverability_v2,ok,True,4.47802300004696,5.232882999735011,3.6799280001105217,4.484472000058304,129,98,29,28
case05-rep1,digits,forest,1,0.4,17,recoverability_v3,ok,True,4.282506999970792,4.820330000256945,3.5528059997886885,4.121543999644928,129,98,29,28
case05-rep1,digits,forest,1,0.4,18,recoverability_v2,ok,True,4.115746000024956,5.14607100012654,3.2102280001709005,4.445963999842206,129,98,29,28
case05-rep1,digits,forest,1,0.4,19,recoverability_v3,ok,True,5.333465000148863,5.946080999819969,4.239512999902217,5.171059999611316,129,98,29,28
case05-rep1,digits,forest,1,0.4,20,recoverability_v2,ok,True,5.365654000343056,6.66421400001127,4.3762089999290765,5.648719999953755,129,98,29,28
case05-rep1,digits,forest,1,0.4,21,recoverability_v3,ok,True,5.10728300014307,6.542491000345763,4.119251000247459,5.551514000217139,129,98,29,28
case05-rep1,digits,forest,1,0.4,22,recoverability_v2,ok,True,4.9826439999378636,6.455458999880648,4.022584999802348,5.57126400008201,129,98,29,28
case05-rep1,digits,forest,1,0.4,23,recoverability_v3,ok,True,5.323100000168779,6.7103740002494305,4.275205999874743,5.747018999954889,129,98,29,28
case05-rep1,digits,forest,1,0.4,24,recoverability_v2,ok,True,5.0983189998987655,6.396651000159181,4.091148000043177,5.3896089998488605,129,98,29,28
case05-rep1,digits,forest,1,0.4,25,recoverability_v3,ok,True,4.289408000204276,5.714690000331757,3.3171590002893936,4.612716999872646,129,98,29,28
case05-rep1,digits,forest,1,0.4,26,recoverability_v2,ok,True,4.307165000227542,5.596212000000378,3.2902799998737464,4.8932600002444815,129,98,29,28
case05-rep1,digits,forest,1,0.4,27,recoverability_v3,ok,True,4.95805799982918,5.384792999848287,4.06604999989213,4.452434000086214,129,98,29,28
case05-rep1,digits,forest,1,0.4,28,recoverability_v2,ok,True,5.173702999854868,5.837756999881094,3.622180000093067,4.993051000383275,129,98,29,28
case05-rep1,digits,forest,1,0.4,29,recoverability_v3,ok,True,5.049384999892936,6.389159000264044,4.042144999857555,5.361026000173297,129,98,29,28
case05-rep1,digits,forest,1,0.3,0,recoverability_v3,proven_infeasible,True,4.100673000266397,3.433946000313881,3.2377200000155426,2.377029999934166,129,98,29,28
case05-rep1,digits,forest,1,0.3,1,recoverability_v2,proven_infeasible,True,3.6186550000820716,2.9414630002975173,2.670633999969141,2.1326209998733248,129,98,29,28
case05-rep1,digits,forest,1,0.3,2,recoverability_v3,proven_infeasible,True,3.4687389997998253,2.8591469999810215,2.5809680000747903,2.0739120000143885,129,98,29,28
case05-rep1,digits,forest,1,0.3,3,recoverability_v2,proven_infeasible,True,3.491553000003478,2.8455269998630683,2.625725000143575,2.0994000001337554,129,98,29,28
case05-rep1,digits,forest,1,0.3,4,recoverability_v3,proven_infeasible,True,3.483410000171716,2.815401000134443,2.6162010003645264,2.0718690002468065,129,98,29,28
case05-rep1,digits,forest,1,0.3,5,recoverability_v2,proven_infeasible,True,3.395326999907411,2.9050869998172857,2.5250439998671936,2.124068000284751,129,98,29,28
case05-rep1,digits,forest,1,0.3,6,recoverability_v3,proven_infeasible,True,3.592304999983753,2.838537000116048,2.7162320002389606,2.051188000223192,129,98,29,28
case05-rep1,digits,forest,1,0.3,7,recoverability_v2,proven_infeasible,True,3.5141070002282504,2.8964839998479874,2.6029109999399225,2.0588600000337465,129,98,29,28
case05-rep1,digits,forest,1,0.3,8,recoverability_v3,proven_infeasible,True,3.5990450001008867,2.8764839998984826,2.7226120000705123,2.083957000195369,129,98,29,28
case05-rep1,digits,forest,1,0.3,9,recoverability_v2,proven_infeasible,True,3.624534000209678,3.036875999896438,2.7095819996247883,2.1604230000775715,129,98,29,28
case05-rep1,digits,forest,1,0.3,10,recoverability_v3,proven_infeasible,True,3.577633000077185,3.016476000084367,2.6676689999476366,2.1394909999798983,129,98,29,28
case05-rep1,digits,forest,1,0.3,11,recoverability_v2,proven_infeasible,True,3.6583249998329848,2.961271999993187,2.7468879998195916,2.174875000036991,129,98,29,28
case05-rep1,digits,forest,1,0.3,12,recoverability_v3,proven_infeasible,True,3.50338099997316,2.8844670000580663,2.639435999753914,2.1135219999450783,129,98,29,28
case05-rep1,digits,forest,1,0.3,13,recoverability_v2,proven_infeasible,True,3.4516729997449147,2.890334999847255,2.5548690000505303,2.0837470001424663,129,98,29,28
case05-rep1,digits,forest,1,0.3,14,recoverability_v3,proven_infeasible,True,3.5538970000743575,2.8409709998413746,2.708180000354332,2.083856999888667,129,98,29,28
case05-rep1,digits,forest,1,0.3,15,recoverability_v2,proven_infeasible,True,3.1489060002058977,3.0205620000742783,2.2889770002620935,1.9999310002276616,129,98,29,28
case05-rep1,digits,forest,1,0.3,16,recoverability_v3,proven_infeasible,True,2.749993000179529,2.364700999805791,2.0637770003304468,1.6791159996500937,129,98,29,28
case05-rep1,digits,forest,1,0.3,17,recoverability_v2,proven_infeasible,True,2.769142000033753,2.4787339998511015,2.0459299998947245,1.843092999934015,129,98,29,28
case05-rep1,digits,forest,1,0.3,18,recoverability_v3,proven_infeasible,True,3.5904520000258344,2.608128000247234,2.8056470000592526,1.9433749998825078,129,98,29,28
case05-rep1,digits,forest,1,0.3,19,recoverability_v2,proven_infeasible,True,3.2655109998813714,2.4021580002226983,2.5467160003245226,1.7385260002811265,129,98,29,28
case05-rep1,digits,forest,1,0.3,20,recoverability_v3,proven_infeasible,True,3.190459000052215,2.488899000127276,2.3386520001622557,1.763533000030293,129,98,29,28
case05-rep1,digits,forest,1,0.3,21,recoverability_v2,proven_infeasible,True,2.878286999930424,2.9497949999495177,2.086901999973634,2.310209000370378,129,98,29,28
case05-rep1,digits,forest,1,0.3,22,recoverability_v3,proven_infeasible,True,3.00068199976522,2.58501400003297,2.1740329998465313,1.8999100002474734,129,98,29,28
case05-rep1,digits,forest,1,0.3,23,recoverability_v2,proven_infeasible,True,2.8953430000910885,2.472795000358019,2.0593600002030144,1.8266289998791763,129,98,29,28
case05-rep1,digits,forest,1,0.3,24,recoverability_v3,proven_infeasible,True,3.1728519998068805,2.482729999883304,2.416068999991694,1.848521999818331,129,98,29,28
case05-rep1,digits,forest,1,0.3,25,recoverability_v2,proven_infeasible,True,2.7544399999896996,2.2545950000676385,2.0331310001893144,1.598553999883734,129,98,29,28
case05-rep1,digits,forest,1,0.3,26,recoverability_v3,proven_infeasible,True,2.9620740001519152,2.6096209999195707,2.2090160000516335,1.9897649999620626,129,98,29,28
case05-rep1,digits,forest,1,0.3,27,recoverability_v2,proven_infeasible,True,3.044177999981912,2.252902000236645,2.2460929999397194,1.6155800003616605,129,98,29,28
case05-rep1,digits,forest,1,0.3,28,recoverability_v3,proven_infeasible,True,2.7052559998992365,2.221305000148277,2.0605120002983313,1.608590000159893,129,98,29,28
case05-rep1,digits,forest,1,0.3,29,recoverability_v2,proven_infeasible,True,3.269768000336626,3.438914000071236,2.5399559999641497,2.3234189998220245,129,98,29,28
case05-rep1,digits,forest,1,0.2,0,recoverability_v2,proven_infeasible,True,3.871547000017017,3.3260939999308903,2.933020000000397,2.3854739997659635,129,98,29,28
case05-rep1,digits,forest,1,0.2,1,recoverability_v3,proven_infeasible,True,3.6855959997410537,3.2996939999065944,2.7059170001848543,2.249206999749731,129,98,29,28
case05-rep1,digits,forest,1,0.2,2,recoverability_v2,proven_infeasible,True,3.6662869997599046,3.0385390000446932,2.69785500040598,2.210888999798044,129,98,29,28
case05-rep1,digits,forest,1,0.2,3,recoverability_v3,proven_infeasible,True,3.5386640001888736,2.9220729998087336,2.6782350000758015,2.132480999989639,129,98,29,28
case05-rep1,digits,forest,1,0.2,4,recoverability_v2,proven_infeasible,True,3.5112730001856107,2.8210609998495784,2.6017189998128742,1.851826999882178,129,98,29,28
case05-rep1,digits,forest,1,0.2,5,recoverability_v3,proven_infeasible,True,3.073651999784488,2.345862999845849,2.377931999944849,1.6732469998714805,129,98,29,28
case05-rep1,digits,forest,1,0.2,6,recoverability_v2,proven_infeasible,True,3.311831999781134,3.659237000192661,2.448128000196448,2.543892000176129,129,98,29,28
case05-rep1,digits,forest,1,0.2,7,recoverability_v3,proven_infeasible,True,3.2522219999009394,2.8390180000315013,2.444823000132601,2.082726000026014,129,98,29,28
case05-rep1,digits,forest,1,0.2,8,recoverability_v2,proven_infeasible,True,3.4765009995680884,2.796292999846628,2.5834010002654395,2.0698560001619626,129,98,29,28
case05-rep1,digits,forest,1,0.2,9,recoverability_v3,proven_infeasible,True,3.4717030002866522,2.4606759998277994,2.7235140000811953,1.7173629998978868,129,98,29,28
case05-rep1,digits,forest,1,0.2,10,recoverability_v2,proven_infeasible,True,3.0823649999547342,2.521699000226363,2.1778899999844725,1.7381950001436053,129,98,29,28
case05-rep1,digits,forest,1,0.2,11,recoverability_v3,proven_infeasible,True,3.5885099996448844,3.098229999977775,2.8301049997025984,2.4297199997818097,129,98,29,28
case05-rep1,digits,forest,1,0.2,12,recoverability_v2,proven_infeasible,True,3.944678000152635,2.9015220002293063,3.085419999933947,1.9352130002516787,129,98,29,28
case05-rep1,digits,forest,1,0.2,13,recoverability_v3,proven_infeasible,True,3.1366780003736494,2.7373339999030577,2.3636299997633614,1.9610020003710815,129,98,29,28
case05-rep1,digits,forest,1,0.2,14,recoverability_v2,proven_infeasible,True,3.234606000205531,3.482609999991837,2.3274250002032204,2.4026689998208894,129,98,29,28
case05-rep1,digits,forest,1,0.2,15,recoverability_v3,proven_infeasible,True,3.2321720000254572,3.015774999767018,2.3085069997250685,2.1641680000357155,129,98,29,28
case05-rep1,digits,forest,1,0.2,16,recoverability_v2,proven_infeasible,True,3.9871320000202104,3.1731230001241784,3.202636999958486,2.1177080002416915,129,98,29,28
case05-rep1,digits,forest,1,0.2,17,recoverability_v3,proven_infeasible,True,3.473525999652338,2.530591999857279,2.5128150000455207,1.7897230000016862,129,98,29,28
case05-rep1,digits,forest,1,0.2,18,recoverability_v2,proven_infeasible,True,2.9713070002799213,2.3657029996684287,2.168455000173708,1.6939090000960277,129,98,29,28
case05-rep1,digits,forest,1,0.2,19,recoverability_v3,proven_infeasible,True,2.6984050000464777,2.2544949997609365,2.0246379999662167,1.648630000090634,129,98,29,28
case05-rep1,digits,forest,1,0.2,20,recoverability_v2,proven_infeasible,True,2.6955009998346213,2.906018999965454,2.050597000106791,2.268926999931864,129,98,29,28
case05-rep1,digits,forest,1,0.2,21,recoverability_v3,proven_infeasible,True,3.322378000120807,2.6401869999972405,2.5348590002067795,1.8936800001938536,129,98,29,28
case05-rep1,digits,forest,1,0.2,22,recoverability_v2,proven_infeasible,True,3.088065000156348,2.853348999906302,2.2309490000225196,2.1372579999479058,129,98,29,28
case05-rep1,digits,forest,1,0.2,23,recoverability_v3,proven_infeasible,True,2.8809909999836236,2.7998590003335266,2.0898860002489528,2.096986999731598,129,98,29,28
case05-rep1,digits,forest,1,0.2,24,recoverability_v2,proven_infeasible,True,3.3000840003296616,3.371542000422778,2.568919999703212,2.273703999890131,129,98,29,28
case05-rep1,digits,forest,1,0.2,25,recoverability_v3,proven_infeasible,True,3.0033160001039505,3.0171170001267456,2.240062999590009,1.9837569998344406,129,98,29,28
case05-rep1,digits,forest,1,0.2,26,recoverability_v2,proven_infeasible,True,3.155765999963478,2.458703000229434,2.4255030002677813,1.8348410003454774,129,98,29,28
case05-rep1,digits,forest,1,0.2,27,recoverability_v3,proven_infeasible,True,3.3158179999190907,2.6430019997860654,2.4685180001142726,1.7909650000547117,129,98,29,28
case05-rep1,digits,forest,1,0.2,28,recoverability_v2,proven_infeasible,True,3.041093000319961,3.8747520002289093,2.3106200001166144,3.1484860001000925,129,98,29,28
case05-rep1,digits,forest,1,0.2,29,recoverability_v3,proven_infeasible,True,3.124178999769356,2.635259999806294,2.396468999904755,1.9622539998636057,129,98,29,28
case05-rep2,digits,forest,2,0.2,0,recoverability_v3,proven_infeasible,True,2.8398889999152743,2.298061000146845,2.064487999632547,1.6578240001763334,129,98,29,28
case05-rep2,digits,forest,2,0.2,1,recoverability_v2,proven_infeasible,True,2.810285000123258,2.4850740001056693,2.114032000008592,1.7343190002065967,129,98,29,28
case05-rep2,digits,forest,2,0.2,2,recoverability_v3,proven_infeasible,True,3.4538859999884153,2.7476000000206113,2.374526000039623,1.8418120002934302,129,98,29,28
case05-rep2,digits,forest,2,0.2,3,recoverability_v2,proven_infeasible,True,3.7313259999791626,4.435037999883207,3.016105999904539,3.81669399985185,129,98,29,28
case05-rep2,digits,forest,2,0.2,4,recoverability_v3,proven_infeasible,True,3.593777999867598,3.101674999925308,2.665936000084912,2.1968779997223464,129,98,29,28
case05-rep2,digits,forest,2,0.2,5,recoverability_v2,proven_infeasible,True,3.5097009999844886,2.9316479999579315,2.612455999951635,2.1343830003388575,129,98,29,28
case05-rep2,digits,forest,2,0.2,6,recoverability_v3,proven_infeasible,True,3.860069999973348,2.939239000170346,2.9703660002269316,2.1302370000739757,129,98,29,28
case05-rep2,digits,forest,2,0.2,7,recoverability_v2,proven_infeasible,True,3.6092509999434697,2.9789489999529906,2.6912839998658455,2.17002700037483,129,98,29,28
case05-rep2,digits,forest,2,0.2,8,recoverability_v3,proven_infeasible,True,3.513206000206992,2.9973770001561206,2.6264769999215787,2.150488000097539,129,98,29,28
case05-rep2,digits,forest,2,0.2,9,recoverability_v2,proven_infeasible,True,3.5881690000678645,3.0437570003414294,2.709521999804565,2.1785809999528283,129,98,29,28
case05-rep2,digits,forest,2,0.2,10,recoverability_v3,proven_infeasible,True,3.4749679998640204,2.9868710003029264,2.568620000147348,2.1669630000360485,129,98,29,28
case05-rep2,digits,forest,2,0.2,11,recoverability_v2,proven_infeasible,True,3.553907999958028,3.0289950000224053,2.6724260001174116,2.2125519999462995,129,98,29,28
case05-rep2,digits,forest,2,0.2,12,recoverability_v3,proven_infeasible,True,3.5832519997711643,3.0317589998958283,2.6873390002037922,2.215486000295641,129,98,29,28
case05-rep2,digits,forest,2,0.2,13,recoverability_v2,proven_infeasible,True,3.5969529999420047,3.075615000398102,2.7203690001442737,2.191228999890882,129,98,29,28
case05-rep2,digits,forest,2,0.2,14,recoverability_v3,proven_infeasible,True,3.6128970000390837,3.1984710003598593,2.714719999858062,2.29154099997686,129,98,29,28
case05-rep2,digits,forest,2,0.2,15,recoverability_v2,proven_infeasible,True,3.648820999842428,3.049404999728722,2.7355309998711164,2.210138000009465,129,98,29,28
case05-rep2,digits,forest,2,0.2,16,recoverability_v3,proven_infeasible,True,3.561739999895508,3.001422999659553,2.6339489995734766,2.1851110000170593,129,98,29,28
case05-rep2,digits,forest,2,0.2,17,recoverability_v2,proven_infeasible,True,3.600377000111621,2.767530000255647,2.6568230000521,1.9713070000761945,129,98,29,28
case05-rep2,digits,forest,2,0.2,18,recoverability_v3,proven_infeasible,True,2.7138689997627807,2.490962000138097,2.0119689997954993,1.749943000049825,129,98,29,28
case05-rep2,digits,forest,2,0.2,19,recoverability_v2,proven_infeasible,True,3.152761999899667,2.400956000201404,2.2695580000799964,1.7420909998691059,129,98,29,28
case05-rep2,digits,forest,2,0.2,20,recoverability_v3,proven_infeasible,True,3.0499670001518098,3.012741000020469,2.3268439999810653,2.387375999660435,129,98,29,28
case05-rep2,digits,forest,2,0.2,21,recoverability_v2,proven_infeasible,True,3.3238900000469584,2.4149669998223544,2.3649019999538723,1.7517649998808338,129,98,29,28
case05-rep2,digits,forest,2,0.2,22,recoverability_v3,proven_infeasible,True,3.106792999915342,2.456010000059905,2.382787999977154,1.8286519998582662,129,98,29,28
case05-rep2,digits,forest,2,0.2,23,recoverability_v2,proven_infeasible,True,2.962893999665539,3.4565599999041297,2.111047999733273,2.7677799998855335,129,98,29,28
case05-rep2,digits,forest,2,0.2,24,recoverability_v3,proven_infeasible,True,3.547046999756276,3.282497999862244,2.608520000194403,2.4275069999930565,129,98,29,28
case05-rep2,digits,forest,2,0.2,25,recoverability_v2,proven_infeasible,True,3.520006000144349,2.9048369997326517,2.6318149998587614,2.1098859997437103,129,98,29,28
case05-rep2,digits,forest,2,0.2,26,recoverability_v3,proven_infeasible,True,3.417170999910013,2.8186770000502293,2.607107999665459,2.0561650003401155,129,98,29,28
case05-rep2,digits,forest,2,0.2,27,recoverability_v2,proven_infeasible,True,3.4108320000996173,2.9332300000532996,2.5384030000168423,2.1589610000773973,129,98,29,28
case05-rep2,digits,forest,2,0.2,28,recoverability_v3,proven_infeasible,True,3.5369420002098195,2.852889000223513,2.6236720000269997,2.0743629997923563,129,98,29,28
case05-rep2,digits,forest,2,0.2,29,recoverability_v2,proven_infeasible,True,3.372282999862364,2.8960240001651982,2.5221690002581454,2.0815240000047197,129,98,29,28
case05-rep2,digits,forest,2,0.1,0,recoverability_v2,proven_infeasible,True,1.92397599994365,1.7553220000081637,1.1078640000050655,0.9862399997473403,129,98,29,28
case05-rep2,digits,forest,2,0.1,1,recoverability_v3,proven_infeasible,True,1.4733049997630587,1.7226109998773609,0.7996780000212311,0.9622540001146263,129,98,29,28
case05-rep2,digits,forest,2,0.1,2,recoverability_v2,proven_infeasible,True,1.482258000123693,1.7320960000688501,0.8254270001089026,0.8174039999175875,129,98,29,28
case05-rep2,digits,forest,2,0.1,3,recoverability_v3,proven_infeasible,True,1.7470890002186934,1.3353869999264134,0.9658690000833303,0.7568430000901571,129,98,29,28
case05-rep2,digits,forest,2,0.1,4,recoverability_v2,proven_infeasible,True,1.4994349999142287,1.3795340000797296,0.8562230000279669,0.7726469998488028,129,98,29,28
case05-rep2,digits,forest,2,0.1,5,recoverability_v3,proven_infeasible,True,1.640348000364611,1.4077559999350342,0.8739190002415853,0.8343399999830581,129,98,29,28
case05-rep2,digits,forest,2,0.1,6,recoverability_v2,proven_infeasible,True,1.4976219999880414,1.4148870000099123,0.8369140000468178,0.7803380003679194,129,98,29,28
case05-rep2,digits,forest,2,0.1,7,recoverability_v3,proven_infeasible,True,1.4936960001250554,1.3214460000199324,0.8348510000359965,0.7573340003546036,129,98,29,28
case05-rep2,digits,forest,2,0.1,8,recoverability_v2,proven_infeasible,True,1.454756999919482,1.3157369999134971,0.8260869999503484,0.7267979999596719,129,98,29,28
case05-rep2,digits,forest,2,0.1,9,recoverability_v3,proven_infeasible,True,1.4554889999089937,1.3698990001103084,0.8369839997612871,0.781420999828697,129,98,29,28
case05-rep2,digits,forest,2,0.1,10,recoverability_v2,proven_infeasible,True,1.4609769996241084,1.3399340000432858,0.816754000425135,0.7789470000716392,129,98,29,28
case05-rep2,digits,forest,2,0.1,11,recoverability_v3,proven_infeasible,True,1.4769509998586727,1.3086160001876124,0.8129279999593564,0.7221400001071743,129,98,29,28
case05-rep2,digits,forest,2,0.1,12,recoverability_v2,proven_infeasible,True,1.4878779998070968,1.3842799999110866,0.8194769998226548,0.7933789997878193,129,98,29,28
case05-rep2,digits,forest,2,0.1,13,recoverability_v3,proven_infeasible,True,1.462910000100237,1.337629999852652,0.7894630002738268,0.7743700002720288,129,98,29,28
case05-rep2,digits,forest,2,0.1,14,recoverability_v2,proven_infeasible,True,1.4568599999620346,1.3297479999891948,0.8108239999273792,0.7642539999324072,129,98,29,28
case05-rep2,digits,forest,2,0.1,15,recoverability_v3,proven_infeasible,True,1.6135870000653085,1.384930999847711,0.8776459999353392,0.7567129996459698,129,98,29,28
case05-rep2,digits,forest,2,0.1,16,recoverability_v2,proven_infeasible,True,1.5098399999260437,1.3213160000304924,0.8559819998481544,0.7579150001220114,129,98,29,28
case05-rep2,digits,forest,2,0.1,17,recoverability_v3,proven_infeasible,True,1.5069559999574267,1.3267440003801312,0.8591770001658006,0.7263269999384647,129,98,29,28
case05-rep2,digits,forest,2,0.1,18,recoverability_v2,proven_infeasible,True,1.4961099996071425,1.352163000319706,0.7915149999462301,0.7563730000583746,129,98,29,28
case05-rep2,digits,forest,2,0.1,19,recoverability_v3,proven_infeasible,True,1.4775609997741412,1.349439000023267,0.8236240000769612,0.7518059996982629,129,98,29,28
case05-rep2,digits,forest,2,0.1,20,recoverability_v2,proven_infeasible,True,1.437821999843436,1.3641099999404105,0.8172940001713869,0.7323260001612653,129,98,29,28
case05-rep2,digits,forest,2,0.1,21,recoverability_v3,proven_infeasible,True,1.4159180000206106,1.334625999788841,0.8045350000429607,0.744204000056925,129,98,29,28
case05-rep2,digits,forest,2,0.1,22,recoverability_v2,proven_infeasible,True,1.5124340002330428,1.313855000262265,0.826198000140721,0.7459660000677104,129,98,29,28
case05-rep2,digits,forest,2,0.1,23,recoverability_v3,proven_infeasible,True,1.4547280002261687,1.3530930000342778,0.8100130003185768,0.7641739998689445,129,98,29,28
case05-rep2,digits,forest,2,0.1,24,recoverability_v2,proven_infeasible,True,1.4333849999275117,1.3879570001336106,0.813268000001699,0.8032740001908678,129,98,29,28
case05-rep2,digits,forest,2,0.1,25,recoverability_v3,proven_infeasible,True,1.4359889996740094,1.3158380002096237,0.7834329999241163,0.753497999994579,129,98,29,28
case05-rep2,digits,forest,2,0.1,26,recoverability_v2,proven_infeasible,True,1.4839220002613729,1.318009999977221,0.8326369998030714,0.7228119998217153,129,98,29,28
case05-rep2,digits,forest,2,0.1,27,recoverability_v3,proven_infeasible,True,1.468207000016264,1.3426980003714561,0.8407599998463411,0.7544200002485013,129,98,29,28
case05-rep2,digits,forest,2,0.1,28,recoverability_v2,proven_infeasible,True,1.4569200002370053,1.3209049998295086,0.8088409999800206,0.7540190003965108,129,98,29,28
case05-rep2,digits,forest,2,0.1,29,recoverability_v3,proven_infeasible,True,1.4780420001443417,1.3405839999904856,0.8231629999500001,0.7440039998982684,129,98,29,28
case05-rep2,digits,forest,2,0.3,0,recoverability_v3,proven_infeasible,True,2.8516370002762415,2.367515999594616,2.1648199999617646,1.7983259999709844,129,98,29,28
case05-rep2,digits,forest,2,0.3,1,recoverability_v2,proven_infeasible,True,3.432165000049281,2.847590999863314,2.537453000059031,2.033561999724043,129,98,29,28
case05-rep2,digits,forest,2,0.3,2,recoverability_v3,proven_infeasible,True,3.49058200026775,2.7735789999496774,2.6528170001256512,2.045649000137928,129,98,29,28
case05-rep2,digits,forest,2,0.3,3,recoverability_v2,proven_infeasible,True,3.3567400000720227,2.790733999972872,2.4995849998958874,1.9967260000157694,129,98,29,28
case05-rep2,digits,forest,2,0.3,4,recoverability_v3,proven_infeasible,True,3.5958200001005025,2.7848159998029587,2.6309640002182277,2.0341720000942587,129,98,29,28
case05-rep2,digits,forest,2,0.3,5,recoverability_v2,proven_infeasible,True,3.399244000320323,2.7765029999500257,2.54974100016625,2.045197999905213,129,98,29,28
case05-rep2,digits,forest,2,0.3,6,recoverability_v3,proven_infeasible,True,3.4936170000037237,2.7683309999702033,2.6128270001208875,2.0406819999152503,129,98,29,28
case05-rep2,digits,forest,2,0.3,7,recoverability_v2,proven_infeasible,True,3.3805160001065815,2.842722999957914,2.5149789998977212,2.0775879997927404,129,98,29,28
case05-rep2,digits,forest,2,0.3,8,recoverability_v3,proven_infeasible,True,3.41803199989954,2.790784999888274,2.5929570001608226,1.9988690000900533,129,98,29,28
case05-rep2,digits,forest,2,0.3,9,recoverability_v2,proven_infeasible,True,3.373474999989412,2.7725370000553085,2.5380829997629917,2.0532419998744444,129,98,29,28
case05-rep2,digits,forest,2,0.3,10,recoverability_v3,proven_infeasible,True,3.4180719999312714,2.742191999914212,2.588779999769031,1.9959639998887724,129,98,29,28
case05-rep2,digits,forest,2,0.3,11,recoverability_v2,proven_infeasible,True,3.319484000257944,2.797595000174624,2.5208080000993505,2.0442280001589097,129,98,29,28
case05-rep2,digits,forest,2,0.3,12,recoverability_v3,proven_infeasible,True,3.3985029999712424,2.7232540001023153,2.569601000232069,2.001573000143253,129,98,29,28
case05-rep2,digits,forest,2,0.3,13,recoverability_v2,proven_infeasible,True,3.47812400013936,2.9392989999905694,2.643432000240864,2.140773000064655,129,98,29,28
case05-rep2,digits,forest,2,0.3,14,recoverability_v3,proven_infeasible,True,3.5662760001287097,2.7873899998667184,2.6795170001605584,2.014391999637155,129,98,29,28
case05-rep2,digits,forest,2,0.3,15,recoverability_v2,proven_infeasible,True,3.3812159999797586,2.7937999998357554,2.4931949997153424,2.035533999787731,129,98,29,28
case05-rep2,digits,forest,2,0.3,16,recoverability_v3,proven_infeasible,True,3.408668999782094,2.810485000281915,2.6045340000564465,2.050627000244276,129,98,29,28
case05-rep2,digits,forest,2,0.3,17,recoverability_v2,proven_infeasible,True,3.349828999944293,2.836964999914926,2.480035000189673,2.0743430000038643,129,98,29,28
case05-rep2,digits,forest,2,0.3,18,recoverability_v3,proven_infeasible,True,3.5666169997057295,2.8700140001092223,2.698746000078245,2.072279999993043,129,98,29,28
case05-rep2,digits,forest,2,0.3,19,recoverability_v2,proven_infeasible,True,3.4152490002270497,2.9021929999544227,2.5364099997204903,2.066301000013482,129,98,29,28
case05-rep2,digits,forest,2,0.3,20,recoverability_v3,proven_infeasible,True,3.586556999835011,2.9127590000825876,2.7064779997090227,2.1164059999136953,129,98,29,28
case05-rep2,digits,forest,2,0.3,21,recoverability_v2,proven_infeasible,True,3.4894109999186185,2.870645999792032,2.6264769999215787,2.071808999971836,129,98,29,28
case05-rep2,digits,forest,2,0.3,22,recoverability_v3,proven_infeasible,True,3.4701710001172614,2.8856889998678525,2.6226710001537867,2.070567999908235,129,98,29,28
case05-rep2,digits,forest,2,0.3,23,recoverability_v2,proven_infeasible,True,3.3801349995883356,2.8039150001859525,2.539966000313143,2.068344000235811,129,98,29,28
case05-rep2,digits,forest,2,0.3,24,recoverability_v3,proven_infeasible,True,3.471011999863549,2.7337289998285996,2.6393470002403774,1.9999910000478849,129,98,29,28
case05-rep2,digits,forest,2,0.3,25,recoverability_v2,proven_infeasible,True,3.391952999663772,2.7988169999844104,2.5078779999603285,2.0360650000839087,129,98,29,28
case05-rep2,digits,forest,2,0.3,26,recoverability_v3,proven_infeasible,True,3.5044830001425,2.770304000023316,2.6286000002073706,2.0157349999863072,129,98,29,28
case05-rep2,digits,forest,2,0.3,27,recoverability_v2,proven_infeasible,True,3.3577210001567437,2.7645059999485966,2.511082000182796,2.0378280000841187,129,98,29,28
case05-rep2,digits,forest,2,0.3,28,recoverability_v3,proven_infeasible,True,3.154635000100825,2.3799650002729322,2.0993809998799406,1.6237929999078915,129,98,29,28
case05-rep2,digits,forest,2,0.3,29,recoverability_v2,proven_infeasible,True,3.403369999887218,2.4600060000921076,2.593998000065767,1.806809000299836,129,98,29,28
case05-rep2,digits,forest,2,0.4,0,recoverability_v2,ok,True,8.050639999964915,4.08585100012715,7.3519140000826155,3.3736959999259852,129,98,29,28
case05-rep2,digits,forest,2,0.4,1,recoverability_v3,ok,True,8.644426000046224,3.7246159999995143,7.900252000126784,3.072099999826605,129,98,29,28
case05-rep2,digits,forest,2,0.4,2,recoverability_v2,ok,True,8.630706000076316,4.6341090001078555,7.584105000205454,3.8617730001533346,129,98,29,28
case05-rep2,digits,forest,2,0.4,3,recoverability_v3,ok,True,9.451245000036579,4.054374000133976,8.513058000062301,3.327246000026207,129,98,29,28
case05-rep2,digits,forest,2,0.4,4,recoverability_v2,ok,True,8.85069800006022,4.852318999837735,7.930057000066881,4.01130899990676,129,98,29,28
case05-rep2,digits,forest,2,0.4,5,recoverability_v3,ok,True,8.176208999884693,4.738076000194269,7.315808999919682,3.8512169999194157,129,98,29,28
case05-rep2,digits,forest,2,0.4,6,recoverability_v2,ok,True,7.570874999601074,4.72014000024501,6.746129000021028,3.985509999893111,129,98,29,28
case05-rep2,digits,forest,2,0.4,7,recoverability_v3,ok,True,8.191421999981685,3.8554939997084148,7.469831999969756,3.1590309999955934,129,98,29,28
case05-rep2,digits,forest,2,0.4,8,recoverability_v2,ok,True,7.286995999947976,4.122295999877679,6.463602000167157,3.4035100002256513,129,98,29,28
case05-rep2,digits,forest,2,0.4,9,recoverability_v3,ok,True,7.999301999916497,4.495148999922094,7.252733999848715,3.758196000035241,129,98,29,28
case05-rep2,digits,forest,2,0.4,10,recoverability_v2,ok,True,8.99092899999232,4.211801000110427,7.864347000122507,3.487367000161612,129,98,29,28
case05-rep2,digits,forest,2,0.4,11,recoverability_v3,ok,True,7.944809000036912,4.325993999827915,7.122576999790908,3.3934150001186936,129,98,29,28
case05-rep2,digits,forest,2,0.4,12,recoverability_v2,ok,True,7.419637000111834,5.182296999919345,6.610455000100046,4.369788999611046,129,98,29,28
case05-rep2,digits,forest,2,0.4,13,recoverability_v3,ok,True,8.001164999768662,4.367666000234749,7.253344999753608,3.563091000160057,129,98,29,28
case05-rep2,digits,forest,2,0.4,14,recoverability_v2,ok,True,7.338042999890604,4.179872999884537,6.508749999738939,3.384632000233978,129,98,29,28
case05-rep2,digits,forest,2,0.4,15,recoverability_v3,ok,True,8.241737000389548,4.083256999820151,7.392925999738509,3.2184509996113775,129,98,29,28
case05-rep2,digits,forest,2,0.4,16,recoverability_v2,ok,True,7.50036799990994,3.81349000008413,6.634610000219254,3.13720900021508,129,98,29,28
case05-rep2,digits,forest,2,0.4,17,recoverability_v3,ok,True,7.377642999927048,3.7760129998787306,6.630563999806327,3.093391999755113,129,98,29,28
case05-rep2,digits,forest,2,0.4,18,recoverability_v2,ok,True,8.539909000319312,4.404061000059301,7.777255999826593,3.299894000065251,129,98,29,28
case05-rep2,digits,forest,2,0.4,19,recoverability_v3,ok,True,8.282379000320361,4.167765000147483,7.48919100033163,3.469169999789301,129,98,29,28
case05-rep2,digits,forest,2,0.4,20,recoverability_v2,ok,True,7.725157000095351,3.7411009998322697,6.955826000194065,3.115115000127844,129,98,29,28
case05-rep2,digits,forest,2,0.4,21,recoverability_v3,ok,True,7.780792000176007,3.7091720000717032,7.045500999993237,3.066591999868251,129,98,29,28
case05-rep2,digits,forest,2,0.4,22,recoverability_v2,ok,True,7.854893000057928,4.005298999800289,7.002496000040992,3.2623769998281205,129,98,29,28
case05-rep2,digits,forest,2,0.4,23,recoverability_v3,ok,True,9.306667000146263,4.114835000109451,8.587131000240333,3.377390999958152,129,98,29,28
case05-rep2,digits,forest,2,0.4,24,recoverability_v2,ok,True,8.49814499997592,4.069687000082922,7.667670000046201,3.2959980003397504,129,98,29,28
case05-rep2,digits,forest,2,0.4,25,recoverability_v3,ok,True,8.218963000217627,4.322157999922638,7.359485000051791,3.333734999614535,129,98,29,28
case05-rep2,digits,forest,2,0.4,26,recoverability_v2,ok,True,8.147325000209094,4.028725000353006,7.272874000136653,3.3151970001199516,129,98,29,28
case05-rep2,digits,forest,2,0.4,27,recoverability_v3,ok,True,8.764877999965393,4.0055899999060784,7.852068999909534,3.2681860002412577,129,98,29,28
case05-rep2,digits,forest,2,0.4,28,recoverability_v2,ok,True,7.723804999841377,3.9625360000172805,6.9567880000249716,3.096767999977601,129,98,29,28
case05-rep2,digits,forest,2,0.4,29,recoverability_v3,ok,True,8.76795200019842,3.945869999824936,7.833080999716913,3.2404340004177357,129,98,29,28
case07-rep0,wine,forest,0,0.2,0,recoverability_v3,ok,True,4.779468999913661,4.029086000173265,3.842934000203968,3.3565789999556728,129,98,29,28
case07-rep0,wine,forest,0,0.2,1,recoverability_v2,ok,True,4.841762000069139,3.753257999960624,4.114774999834481,2.935062999767979,129,98,29,28
case07-rep0,wine,forest,0,0.2,2,recoverability_v3,ok,True,4.813490000287857,3.2876360000955174,4.075696000199969,2.6664470001378504,129,98,29,28
case07-rep0,wine,forest,0,0.2,3,recoverability_v2,ok,True,5.407166999702895,4.149255999891466,4.514307999670564,3.2579110002188827,129,98,29,28
case07-rep0,wine,forest,0,0.2,4,recoverability_v3,ok,True,5.279714000153035,4.125631000079011,4.417361999912828,3.2784909999463707,129,98,29,28
case07-rep0,wine,forest,0,0.2,5,recoverability_v2,ok,True,5.444171999897662,4.154754999944998,4.540608000297652,3.3073550002882257,129,98,29,28
case07-rep0,wine,forest,0,0.2,6,recoverability_v3,ok,True,5.365573000290169,4.2455529996914265,4.437282000253617,3.3901499996318307,129,98,29,28
case07-rep0,wine,forest,0,0.2,7,recoverability_v2,ok,True,5.552395999984583,4.1769690001274284,4.6414210000875755,3.357650999987527,129,98,29,28
case07-rep0,wine,forest,0,0.2,8,recoverability_v3,ok,True,5.364953000025707,4.374997000013536,4.4691499997497885,3.391603000181931,129,98,29,28
case07-rep0,wine,forest,0,0.2,9,recoverability_v2,ok,True,5.440497000108735,4.194816000108403,4.54941099997086,3.3466240001871483,129,98,29,28
case07-rep0,wine,forest,0,0.2,10,recoverability_v3,ok,True,5.319624000094336,4.163638000136416,4.40179800034457,3.3151470001939742,129,98,29,28
case07-rep0,wine,forest,0,0.2,11,recoverability_v2,ok,True,5.447957999876962,4.145731999869895,4.517062000104488,3.323871000247891,129,98,29,28
case07-rep0,wine,forest,0,0.2,12,recoverability_v3,ok,True,5.284261999804585,4.1488359997856605,4.41933499996594,3.301606000150059,129,98,29,28
case07-rep0,wine,forest,0,0.2,13,recoverability_v2,ok,True,4.958058999818604,3.9192589997583127,4.0705880001041805,3.2199740003306943,129,98,29,28
case07-rep0,wine,forest,0,0.2,14,recoverability_v3,ok,True,4.278791999695386,3.64134900019053,3.4919639997497143,2.7558019996831717,129,98,29,28
case07-rep0,wine,forest,0,0.2,15,recoverability_v2,ok,True,4.8714579997977125,3.315516999919055,4.152470999997604,2.6770429999487533,129,98,29,28
case07-rep0,wine,forest,0,0.2,16,recoverability_v3,ok,True,4.315146999942954,3.475729000001593,3.602981000312866,2.810625000165601,129,98,29,28
case07-rep0,wine,forest,0,0.2,17,recoverability_v2,ok,True,4.508920000262151,3.644234000148572,3.813600000285078,2.9423739997582743,129,98,29,28
case07-rep0,wine,forest,0,0.2,18,recoverability_v3,ok,True,4.871456999808288,3.462249000222073,4.039411000121618,2.6563219998934073,129,98,29,28
case07-rep0,wine,forest,0,0.2,19,recoverability_v2,ok,True,4.819227999632858,3.211840999938431,3.7960029999339895,2.565154999956576,129,98,29,28
case07-rep0,wine,forest,0,0.2,20,recoverability_v3,ok,True,4.787071000009746,3.1950449997566466,3.9803020004001155,2.523491999909311,129,98,29,28
case07-rep0,wine,forest,0,0.2,21,recoverability_v2,ok,True,4.293575000247074,3.177097999923717,3.458904999661172,2.541229000144085,129,98,29,28
case07-rep0,wine,forest,0,0.2,22,recoverability_v3,ok,True,4.243820000283449,3.1871840001258533,3.547478000200499,2.580216999831464,129,98,29,28
case07-rep0,wine,forest,0,0.2,23,recoverability_v2,ok,True,4.253483999946184,3.216146999875491,3.5516339999048796,2.562320000379259,129,98,29,28
case07-rep0,wine,forest,0,0.2,24,recoverability_v3,ok,True,4.421978999744169,3.3253830001740425,3.7225229998512077,2.7103839997835166,129,98,29,28
case07-rep0,wine,forest,0,0.2,25,recoverability_v2,ok,True,4.292974000236427,4.05231000013373,3.4942180000143708,3.3093780002673157,129,98,29,28
case07-rep0,wine,forest,0,0.2,26,recoverability_v3,ok,True,4.6919960000195715,3.659977999632247,3.9242870002453856,3.0104470001788286,129,98,29,28
case07-rep0,wine,forest,0,0.2,27,recoverability_v2,ok,True,4.440556999725231,4.036928000004991,3.5920159998568124,2.975193000111176,129,98,29,28
case07-rep0,wine,forest,0,0.2,28,recoverability_v3,ok,True,4.684084000018629,3.6752910000359407,3.9300059997913195,2.7384559998608893,129,98,29,28
case07-rep0,wine,forest,0,0.2,29,recoverability_v2,ok,True,4.396399999677669,3.7347100001170475,3.4905430002254434,3.036024999801157,129,98,29,28
case07-rep0,wine,forest,0,0.1,0,recoverability_v2,proven_infeasible,True,2.0981890002076398,1.7155710002043634,1.416218000031222,1.0993400001098053,129,98,29,28
case07-rep0,wine,forest,0,0.1,1,recoverability_v3,proven_infeasible,True,2.0080730000699987,1.7310639996139798,1.343129000360932,1.0829160000866977,129,98,29,28
case07-rep0,wine,forest,0,0.1,2,recoverability_v2,proven_infeasible,True,3.019320000021253,1.8257369997627393,2.3110500001166656,1.2079739999535377,129,98,29,28
case07-rep0,wine,forest,0,0.1,3,recoverability_v3,proven_infeasible,True,2.0490649999374,2.19852100008211,1.323428999967291,1.3976709997223224,129,98,29,28
case07-rep0,wine,forest,0,0.1,4,recoverability_v2,proven_infeasible,True,2.2737240001333703,2.1115789995747036,1.427895999768225,1.1422859997765045,129,98,29,28
case07-rep0,wine,forest,0,0.1,5,recoverability_v3,proven_infeasible,True,2.514117000373517,1.7490219997853274,1.808881999750156,1.1630170001808438,129,98,29,28
case07-rep0,wine,forest,0,0.1,6,recoverability_v2,proven_infeasible,True,1.9393399998079985,1.8089019999933953,1.2917310000375437,1.1266219999015448,129,98,29,28
case07-rep0,wine,forest,0,0.1,7,recoverability_v3,proven_infeasible,True,2.0739020001201425,1.6476979999424657,1.4167999997880543,1.0714979998738272,129,98,29,28
case07-rep0,wine,forest,0,0.1,8,recoverability_v2,proven_infeasible,True,2.206052000019554,1.777243999640632,1.3046509998275724,1.1847799996758113,129,98,29,28
case07-rep0,wine,forest,0,0.1,9,recoverability_v3,proven_infeasible,True,1.9241969998802233,1.6958510000222304,1.267854999696283,1.0778079999909096,129,98,29,28
case07-rep0,wine,forest,0,0.1,10,recoverability_v2,proven_infeasible,True,1.9064999996771803,1.6918749997785199,1.243187999989459,1.1221939998904418,129,98,29,28
case07-rep0,wine,forest,0,0.1,11,recoverability_v3,proven_infeasible,True,2.0209420003993728,2.0052089998898737,1.3222070001575048,1.3187619997552247,129,98,29,28
case07-rep0,wine,forest,0,0.1,12,recoverability_v2,proven_infeasible,True,1.869213000190939,1.6714439998395392,1.2334430002738372,1.0687140002119122,129,98,29,28
case07-rep0,wine,forest,0,0.1,13,recoverability_v3,proven_infeasible,True,1.9290339996587136,1.6936580000219692,1.3056220000180474,1.0714980003285746,129,98,29,28
case07-rep0,wine,forest,0,0.1,14,recoverability_v2,proven_infeasible,True,2.0378579997668567,1.9126279998999962,1.2590709998221428,1.096305999908509,129,98,29,28
case07-rep0,wine,forest,0,0.1,15,recoverability_v3,proven_infeasible,True,1.9980479996775102,2.0927909999954863,1.2500689999797032,1.4034999999239517,129,98,29,28
case07-rep0,wine,forest,0,0.1,16,recoverability_v2,proven_infeasible,True,1.9412220003687253,1.6479289997732849,1.2521810003818246,1.075683999715693,129,98,29,28
case07-rep0,wine,forest,0,0.1,17,recoverability_v3,proven_infeasible,True,1.903885000047012,2.195867000409635,1.2676350002038816,1.1004319999301515,129,98,29,28
case07-rep0,wine,forest,0,0.1,18,recoverability_v2,proven_infeasible,True,2.2206740000001446,1.661450000028708,1.5884890003690089,1.0752439998213958,129,98,29,28
case07-rep0,wine,forest,0,0.1,19,recoverability_v3,proven_infeasible,True,2.287163999881159,1.7949709999811603,1.6250439998657384,1.1219949997212098,129,98,29,28
case07-rep0,wine,forest,0,0.1,20,recoverability_v2,proven_infeasible,True,2.105450000271958,1.8651969999154971,1.296427999932348,1.1160560002281272,129,98,29,28
case07-rep0,wine,forest,0,0.1,21,recoverability_v3,proven_infeasible,True,2.003365999826201,1.899308999782079,1.2691160000031232,1.325442000052135,129,98,29,28
case07-rep0,wine,forest,0,0.1,22,recoverability_v2,proven_infeasible,True,2.022905000103492,1.9001800001205993,1.3606349998553924,1.2950959999216138,129,98,29,28
case07-rep0,wine,forest,0,0.1,23,recoverability_v3,proven_infeasible,True,1.9167350001225714,1.84793099970193,1.2635690000024624,1.2471529998947517,129,98,29,28
case07-rep0,wine,forest,0,0.1,24,recoverability_v2,proven_infeasible,True,2.035124000030919,1.6870079998625442,1.3793729999633797,1.0815430000548076,129,98,29,28
case07-rep0,wine,forest,0,0.1,25,recoverability_v3,proven_infeasible,True,2.134303999810072,1.7810399999689253,1.2896980001642078,1.2072539998371212,129,98,29,28
case07-rep0,wine,forest,0,0.1,26,recoverability_v2,proven_infeasible,True,2.0995209997636266,1.8522569998822291,1.4735959998688486,1.1197009998795693,129,98,29,28
case07-rep0,wine,forest,0,0.1,27,recoverability_v3,proven_infeasible,True,2.143808000255376,1.7931880001924583,1.3947059997008182,1.218349999817292,129,98,29,28
case07-rep0,wine,forest,0,0.1,28,recoverability_v2,proven_infeasible,True,2.129264999894076,1.922624000144424,1.3792230001854477,1.3172890003261273,129,98,29,28
case07-rep0,wine,forest,0,0.1,29,recoverability_v3,proven_infeasible,True,2.0901869997942413,1.8028019999292155,1.437350999822229,1.2236080001457594,129,98,29,28
case07-rep0,wine,forest,0,0.3,0,recoverability_v3,ok,True,19.677819999742496,88.25560700006463,18.68790499975148,87.58718700028112,129,98,29,28
case07-rep0,wine,forest,0,0.3,1,recoverability_v2,ok,True,20.334291999915877,86.67814399996132,19.416054999965127,85.62477400028001,129,98,29,28
case07-rep0,wine,forest,0,0.3,2,recoverability_v3,ok,True,23.46595700009857,90.91116800027521,22.443331999966176,89.99987099969076,129,98,29,28
case07-rep0,wine,forest,0,0.3,3,recoverability_v2,ok,True,23.60897800008388,93.36624499974278,22.38564100025542,92.34467200030849,129,98,29,28
case07-rep0,wine,forest,0,0.3,4,recoverability_v3,ok,True,22.835960000065825,93.31170299992664,21.648296999956074,91.90859399996043,129,98,29,28
case07-rep0,wine,forest,0,0.3,5,recoverability_v2,ok,True,21.09795500018663,92.26075600008699,19.836719999602792,90.9890150001047,129,98,29,28
case07-rep0,wine,forest,0,0.3,6,recoverability_v3,ok,True,21.35087700025906,94.44446500037884,20.234961999904044,93.32315099982225,129,98,29,28
case07-rep0,wine,forest,0,0.3,7,recoverability_v2,ok,True,21.16208200004621,93.0221660000825,19.494712999858166,91.95038699999714,129,98,29,28
case07-rep0,wine,forest,0,0.3,8,recoverability_v3,ok,True,21.38619099969219,90.87526299981619,20.30127200032439,89.93148699983067,129,98,29,28
case07-rep0,wine,forest,0,0.3,9,recoverability_v2,ok,True,22.753696000108903,93.66644800002177,21.64698500018858,92.68040000006295,129,98,29,28
case07-rep0,wine,forest,0,0.3,10,recoverability_v3,ok,True,20.009009999739646,87.40950999981578,19.00217000002158,86.32576299987704,129,98,29,28
case07-rep0,wine,forest,0,0.3,11,recoverability_v2,ok,True,19.864181999764696,93.12554200005252,18.991173000358685,92.24386999994749,129,98,29,28
case07-rep0,wine,forest,0,0.3,12,recoverability_v3,ok,True,20.641154999793798,90.10826499979885,19.73760000009861,88.96563899998,129,98,29,28
case07-rep0,wine,forest,0,0.3,13,recoverability_v2,ok,True,21.716669999932492,93.53919600016525,20.79377600011867,92.50032700037991,129,98,29,28
case07-rep0,wine,forest,0,0.3,14,recoverability_v3,ok,True,20.125486999859277,93.55365800001891,19.063121999806754,92.49103399997693,129,98,29,28
case07-rep0,wine,forest,0,0.3,15,recoverability_v2,ok,True,22.202162999747088,94.29505800017068,21.28452599981756,93.09995300009177,129,98,29,28
case07-rep0,wine,forest,0,0.3,16,recoverability_v3,ok,True,19.07402799997726,95.08871700018062,17.930261000401515,94.21215300017138,129,98,29,28
case07-rep0,wine,forest,0,0.3,17,recoverability_v2,ok,True,19.90837899984399,88.404712999818,19.04844000000594,87.58083799966698,129,98,29,28
case07-rep0,wine,forest,0,0.3,18,recoverability_v3,ok,True,20.709958999759692,89.072410999961,19.668807000016386,88.11556399996334,129,98,29,28
case07-rep0,wine,forest,0,0.3,19,recoverability_v2,ok,True,19.945955999901344,87.64368199990713,19.085725999957504,86.75559100038299,129,98,29,28
case07-rep0,wine,forest,0,0.3,20,recoverability_v3,ok,True,19.84186799973031,85.19680700010213,18.836378999822045,84.37780999975075,129,98,29,28
case07-rep0,wine,forest,0,0.3,21,recoverability_v2,ok,True,19.95105300011346,91.17842100022244,18.681194999771833,90.30330899986438,129,98,29,28
case07-rep0,wine,forest,0,0.3,22,recoverability_v3,ok,True,21.764180999980454,87.06811399997605,20.602866999979597,86.10661099965,129,98,29,28
case07-rep0,wine,forest,0,0.3,23,recoverability_v2,ok,True,20.961809999789693,93.45380900003875,19.878613999935624,92.47730399965803,129,98,29,28
case07-rep0,wine,forest,0,0.3,24,recoverability_v3,ok,True,20.470767000006163,89.13730799986297,19.416324999838253,88.07139900000038,129,98,29,28
case07-rep0,wine,forest,0,0.3,25,recoverability_v2,ok,True,22.550884999873233,101.27737900029388,21.440347999941878,100.35208199997214,129,98,29,28
case07-rep0,wine,forest,0,0.3,26,recoverability_v3,ok,True,21.71384500024942,99.75789899999654,20.541235000109737,98.50408600004812,129,98,29,28
case07-rep0,wine,forest,0,0.3,27,recoverability_v2,ok,True,21.47414299997763,89.5530569996481,20.36126300026808,88.30255900011252,129,98,29,28
case07-rep0,wine,forest,0,0.3,28,recoverability_v3,ok,True,18.965354000101797,84.77565100020001,18.041418999928283,83.86499600010211,129,98,29,28
case07-rep0,wine,forest,0,0.3,29,recoverability_v2,ok,True,19.48433899997326,85.79141499967591,18.571961000361625,84.93286800012356,129,98,29,28
case07-rep0,wine,forest,0,0.5,0,recoverability_v2,ok,True,5.571214000156033,4.89658500009682,4.733780000151455,4.1136630002256425,129,98,29,28
case07-rep0,wine,forest,0,0.5,1,recoverability_v3,ok,True,5.715572999633878,4.6369140000024345,4.884948000380973,3.815472000042064,129,98,29,28
case07-rep0,wine,forest,0,0.5,2,recoverability_v2,ok,True,6.413347000034264,5.7117070000458625,5.6455369999639515,4.895493999811151,129,98,29,28
case07-rep0,wine,forest,0,0.5,3,recoverability_v3,ok,True,6.062836999717547,7.287106000148924,5.081805000372697,6.461159000082262,129,98,29,28
case07-rep0,wine,forest,0,0.5,4,recoverability_v2,ok,True,6.662062000032165,5.506306999905064,5.629542999940895,4.339614999935293,129,98,29,28
case07-rep0,wine,forest,0,0.5,5,recoverability_v3,ok,True,6.1422470002980845,4.728421999971033,5.339995000213094,3.909994999958144,129,98,29,28
case07-rep0,wine,forest,0,0.5,6,recoverability_v2,ok,True,7.468410000001313,6.399575999694207,6.566056999872671,5.395979000240914,129,98,29,28
case07-rep0,wine,forest,0,0.5,7,recoverability_v3,ok,True,8.99861099969712,6.119432000105007,7.665958999950817,5.083037000076729,129,98,29,28
case07-rep0,wine,forest,0,0.5,8,recoverability_v2,ok,True,7.354327000030025,7.008044000031077,5.9677539998119755,5.601519999800075,129,98,29,28
case07-rep0,wine,forest,0,0.5,9,recoverability_v3,ok,True,7.42822000029264,6.580278000001272,6.128496000201267,5.481087999669398,129,98,29,28
case07-rep0,wine,forest,0,0.5,10,recoverability_v2,ok,True,7.683093999730772,6.072352000046521,6.559336999998777,4.782002999945689,129,98,29,28
case07-rep0,wine,forest,0,0.5,11,recoverability_v3,ok,True,6.502981999801705,5.392784999912692,5.4855749999660475,4.560929000035685,129,98,29,28
case07-rep0,wine,forest,0,0.5,12,recoverability_v2,ok,True,6.93913099985366,5.2619369998865295,5.657004000113375,4.267185000117024,129,98,29,28
case07-rep0,wine,forest,0,0.5,13,recoverability_v3,ok,True,8.017340000151307,6.690395000077842,6.691796999803046,5.720480000036332,129,98,29,28
case07-rep0,wine,forest,0,0.5,14,recoverability_v2,ok,True,6.08496999984709,5.9753850000561215,5.003626999950939,5.02795399961542,129,98,29,28
case07-rep0,wine,forest,0,0.5,15,recoverability_v3,ok,True,8.769794999807345,5.426895999789849,7.621040000231005,4.326684000261594,129,98,29,28
case07-rep0,wine,forest,0,0.5,16,recoverability_v2,ok,True,10.335370999655424,5.3560690002996125,9.348620000309893,4.454909000287444,129,98,29,28
case07-rep0,wine,forest,0,0.5,17,recoverability_v3,ok,True,5.351773000256799,4.526486000031582,4.5402269997794065,3.7063579998175555,129,98,29,28
case07-rep0,wine,forest,0,0.5,18,recoverability_v2,ok,True,5.835382999975991,5.012721000184683,5.030097000144451,4.122386000290135,129,98,29,28
case07-rep0,wine,forest,0,0.5,19,recoverability_v3,ok,True,6.663175000085175,8.034204000068712,5.648582000048918,6.543782999870018,129,98,29,28
case07-rep0,wine,forest,0,0.5,20,recoverability_v2,ok,True,8.039222000206792,9.096427999793377,6.982656000218412,7.172803000230488,129,98,29,28
case07-rep0,wine,forest,0,0.5,21,recoverability_v3,ok,True,9.018249999826367,5.3586240001095575,8.102496999981668,4.327525999997306,129,98,29,28
case07-rep0,wine,forest,0,0.5,22,recoverability_v2,ok,True,6.827892999808682,5.568269999912445,5.677535999893735,4.594989999986865,129,98,29,28
case07-rep0,wine,forest,0,0.5,23,recoverability_v3,ok,True,6.556081999860908,5.077327999970294,5.653348000123515,4.268185999990237,129,98,29,28
case07-rep0,wine,forest,0,0.5,24,recoverability_v2,ok,True,6.926822000423272,5.436541000108264,5.88163300017186,4.531483999926422,129,98,29,28
case07-rep0,wine,forest,0,0.5,25,recoverability_v3,ok,True,6.4482799998586415,4.49072299988984,5.6494230002499535,3.722663000189641,129,98,29,28
case07-rep0,wine,forest,0,0.5,26,recoverability_v2,ok,True,6.4493810000385565,5.579926999871532,5.4025489998821286,4.629922999811242,129,98,29,28
case07-rep0,wine,forest,0,0.5,27,recoverability_v3,ok,True,6.351854000058665,4.581650000091031,5.5066570002964,3.8427140002568194,129,98,29,28
case07-rep0,wine,forest,0,0.5,28,recoverability_v2,ok,True,6.47743299987269,5.7797700001174235,5.451553000057174,4.798847999609279,129,98,29,28
case07-rep0,wine,forest,0,0.5,29,recoverability_v3,ok,True,12.146886000209633,11.277263000010862,11.13156200017329,10.461620000114635,129,98,29,28
case07-rep0,wine,forest,0,0.4,0,recoverability_v3,ok,True,8.740913000110595,8.671527000387869,7.927873999960866,7.545336000021052,129,98,29,28
case07-rep0,wine,forest,0,0.4,1,recoverability_v2,ok,True,10.06577299995115,9.013783999762381,8.955907000199659,8.12884800006941,129,98,29,28
case07-rep0,wine,forest,0,0.4,2,recoverability_v3,ok,True,7.9906999999366235,8.276400999875477,7.072682999933022,7.181807000051776,129,98,29,28
case07-rep0,wine,forest,0,0.4,3,recoverability_v2,ok,True,7.919742000012775,8.3561199999167,7.056947999899421,7.454729999608389,129,98,29,28
case07-rep0,wine,forest,0,0.4,4,recoverability_v3,ok,True,8.575101999667822,8.088687000054051,7.495280000057392,7.087834999765619,129,98,29,28
case07-rep0,wine,forest,0,0.4,5,recoverability_v2,ok,True,8.848473999933049,10.446017000049324,7.5567339999906835,9.688853999705316,129,98,29,28
case07-rep0,wine,forest,0,0.4,6,recoverability_v3,ok,True,9.116529000039009,8.534560000043712,7.942175000152929,7.71540300002016,129,98,29,28
case07-rep0,wine,forest,0,0.4,7,recoverability_v2,ok,True,10.165775000132271,9.919070999785617,8.99298300009832,8.53924700004427,129,98,29,28
case07-rep0,wine,forest,0,0.4,8,recoverability_v3,ok,True,9.580829999777052,8.862535000389471,8.619888999874092,7.908023999789293,129,98,29,28
case07-rep0,wine,forest,0,0.4,9,recoverability_v2,ok,True,8.772839999892312,11.127006000151596,7.834321999780514,9.827982999922824,129,98,29,28
case07-rep0,wine,forest,0,0.4,10,recoverability_v3,ok,True,12.620756000160327,9.78032200009693,11.304584000299656,8.93473400037692,129,98,29,28
case07-rep0,wine,forest,0,0.4,11,recoverability_v2,ok,True,9.17579899987686,9.548731999984739,8.272754999779863,8.558485999856202,129,98,29,28
case07-rep0,wine,forest,0,0.4,12,recoverability_v3,ok,True,9.489932999713346,9.462731999974494,8.412436000071466,8.39036200022747,129,98,29,28
case07-rep0,wine,forest,0,0.4,13,recoverability_v2,ok,True,9.280556999783585,9.21777200028373,8.276650999960111,8.168578000095295,129,98,29,28
case07-rep0,wine,forest,0,0.4,14,recoverability_v3,ok,True,8.382039000025543,7.7346369998849696,7.537995000348019,6.866396000077657,129,98,29,28
case07-rep0,wine,forest,0,0.4,15,recoverability_v2,ok,True,7.904588000201329,7.269629999882454,7.144990999677248,6.541680000282213,129,98,29,28
case07-rep0,wine,forest,0,0.4,16,recoverability_v3,ok,True,7.409061000089423,6.991007999658905,6.6712660000121105,6.26634499985812,129,98,29,28
case07-rep0,wine,forest,0,0.4,17,recoverability_v2,ok,True,9.256249999907595,9.15956400012874,8.134966999932658,8.381899000141857,129,98,29,28
case07-rep0,wine,forest,0,0.4,18,recoverability_v3,ok,True,7.337461999668449,7.508429999688815,6.589953000002424,6.791538000015862,129,98,29,28
case07-rep0,wine,forest,0,0.4,19,recoverability_v2,ok,True,7.263600999976916,8.304867999868293,6.488901000011538,7.564750999790704,129,98,29,28
case07-rep0,wine,forest,0,0.4,20,recoverability_v3,ok,True,10.575332000371418,8.18874800006597,9.437003000130062,7.474600000023202,129,98,29,28
case07-rep0,wine,forest,0,0.4,21,recoverability_v2,ok,True,7.866671000101633,8.113704000152211,6.924848999915412,7.298082000033901,129,98,29,28
case07-rep0,wine,forest,0,0.4,22,recoverability_v3,ok,True,8.76424699981726,8.536933999948815,7.719498999904317,7.549682999979268,129,98,29,28
case07-rep0,wine,forest,0,0.4,23,recoverability_v2,ok,True,8.367889000055584,7.773119999910705,7.5613809999595105,6.964730000163399,129,98,29,28
case07-rep0,wine,forest,0,0.4,24,recoverability_v3,ok,True,10.970240000006015,8.934234000207653,10.09539799997583,7.8250190003927855,129,98,29,28
case07-rep0,wine,forest,0,0.4,25,recoverability_v2,ok,True,8.947003000230325,8.907182999791985,8.034454000153346,7.804357000168238,129,98,29,28
case07-rep0,wine,forest,0,0.4,26,recoverability_v3,ok,True,8.052783000039199,8.314577999954054,7.065721999879315,7.335739000154717,129,98,29,28
case07-rep0,wine,forest,0,0.4,27,recoverability_v2,ok,True,8.295869999983552,8.125081000343926,7.405374999962078,7.068386000355531,129,98,29,28
case07-rep0,wine,forest,0,0.4,28,recoverability_v3,ok,True,8.189678999769967,7.366505999925721,7.424664000154735,6.678367000404251,129,98,29,28
case07-rep0,wine,forest,0,0.4,29,recoverability_v2,ok,True,7.6629739996860735,7.542230999661115,6.880372000068746,6.732619000104023,129,98,29,28
case07-rep1,wine,forest,1,0.4,0,recoverability_v2,ok,True,3.4175109999523556,2.7847760002259747,2.7242450000812823,2.111610000156361,129,98,29,28
case07-rep1,wine,forest,1,0.4,1,recoverability_v3,ok,True,3.358221999860689,2.750424000169005,2.6824309998119134,2.069374999791762,129,98,29,28
case07-rep1,wine,forest,1,0.4,2,recoverability_v2,ok,True,3.5620600001493585,5.89509299970814,2.6460159997441224,4.991768999843771,129,98,29,28
case07-rep1,wine,forest,1,0.4,3,recoverability_v3,ok,True,3.8693239998792706,3.486486000383593,3.1265819998225197,2.8149120003035932,129,98,29,28
case07-rep1,wine,forest,1,0.4,4,recoverability_v2,ok,True,3.5833619999721122,3.3183219998136337,2.733768999860331,2.659586999925523,129,98,29,28
case07-rep1,wine,forest,1,0.4,5,recoverability_v3,ok,True,3.698987000007037,3.191389999756211,2.9192889996920712,2.4269850000564475,129,98,29,28
case07-rep1,wine,forest,1,0.4,6,recoverability_v2,ok,True,3.418462999889016,2.7333589996487717,2.639837000060652,2.0621749999918393,129,98,29,28
case07-rep1,wine,forest,1,0.4,7,recoverability_v3,ok,True,3.443861000050674,3.1053300003804907,2.6719960001173604,2.3114610003176495,129,98,29,28
case07-rep1,wine,forest,1,0.4,8,recoverability_v2,ok,True,3.4293789999537694,2.8493029999481223,2.636122000239993,2.237259000139602,129,98,29,28
case07-rep1,wine,forest,1,0.4,9,recoverability_v3,ok,True,3.7079399999129237,2.8773359999831882,2.8013609999106848,2.266462999614305,129,98,29,28
case07-rep1,wine,forest,1,0.4,10,recoverability_v2,ok,True,3.462408999894251,3.1905099999676167,2.7429729998402763,2.5572829999873647,129,98,29,28
case07-rep1,wine,forest,1,0.4,11,recoverability_v3,ok,True,3.5401270001784724,3.020791999915673,2.7101330001642054,2.3505599997406534,129,98,29,28
case07-rep1,wine,forest,1,0.4,12,recoverability_v2,ok,True,3.446626000368269,2.811305999784963,2.753558999756933,2.1387500000855653,129,98,29,28
case07-rep1,wine,forest,1,0.4,13,recoverability_v3,ok,True,3.3805160001065815,2.728260999901977,2.710764999847015,2.1096769996802323,129,98,29,28
case07-rep1,wine,forest,1,0.4,14,recoverability_v2,ok,True,3.6295220002102724,3.0201919998944504,2.9068499998174957,2.3120420000850572,129,98,29,28
case07-rep1,wine,forest,1,0.4,15,recoverability_v3,ok,True,3.3111509997070243,2.7681010001288087,2.5908339998750307,2.156657999876188,129,98,29,28
case07-rep1,wine,forest,1,0.4,16,recoverability_v2,ok,True,3.5458260003906616,3.2575800000813615,2.882384000258753,2.3759590003464837,129,98,29,28
case07-rep1,wine,forest,1,0.4,17,recoverability_v3,ok,True,3.7946510001347633,3.1347549997917667,3.018518999851949,2.5200959998983308,129,98,29,28
case07-rep1,wine,forest,1,0.4,18,recoverability_v2,ok,True,3.826860000117449,3.2452609998472326,2.834861000337696,2.317560999927082,129,98,29,28
case07-rep1,wine,forest,1,0.4,19,recoverability_v3,ok,True,3.405804000067292,2.771486000256118,2.569100999608054,2.119701000083296,129,98,29,28
case07-rep1,wine,forest,1,0.4,20,recoverability_v2,ok,True,3.885769000135042,3.070358000059059,3.1652299999223033,2.4549869999646035,129,98,29,28
case07-rep1,wine,forest,1,0.4,21,recoverability_v3,ok,True,3.2907999998315063,2.7296729999761737,2.5883690000227944,2.1232570002212015,129,98,29,28
case07-rep1,wine,forest,1,0.4,22,recoverability_v2,ok,True,3.356058999997913,2.9616330002681934,2.6942189997498645,2.2866529998282203,129,98,29,28
case07-rep1,wine,forest,1,0.4,23,recoverability_v3,ok,True,3.348528000060469,2.9264400000101887,2.63973699975395,2.2675649997836445,129,98,29,28
case07-rep1,wine,forest,1,0.4,24,recoverability_v2,ok,True,3.4034810000775906,3.269408000051044,2.7031619997615053,2.40311900006418,129,98,29,28
case07-rep1,wine,forest,1,0.4,25,recoverability_v3,ok,True,3.7705950003328326,2.939109000180906,2.939859999969485,2.2695380002915044,129,98,29,28
case07-rep1,wine,forest,1,0.4,26,recoverability_v2,ok,True,3.5008879999622877,2.826338999966538,2.814029999626655,2.1791110002595815,129,98,29,28
case07-rep1,wine,forest,1,0.4,27,recoverability_v3,ok,True,3.7415809997582983,3.130648000023939,2.9947729999548756,2.46830800006137,129,98,29,28
case07-rep1,wine,forest,1,0.4,28,recoverability_v2,ok,True,3.3763299998099683,2.842063000116468,2.639115999954811,2.1924009997746907,129,98,29,28
case07-rep1,wine,forest,1,0.4,29,recoverability_v3,ok,True,3.304550999928324,3.0838070001664164,2.60240999978123,2.3589929996887804,129,98,29,28
case07-rep1,wine,forest,1,0.1,0,recoverability_v3,proven_infeasible,True,2.0656800002143427,1.8208400001640257,1.291069999751926,1.2790719997610722,129,98,29,28
case07-rep1,wine,forest,1,0.1,1,recoverability_v2,proven_infeasible,True,2.0440669995878125,1.7096319998017862,1.40865700041104,1.1335419999340957,129,98,29,28
case07-rep1,wine,forest,1,0.1,2,recoverability_v3,proven_infeasible,True,2.232251000350516,1.735251000354765,1.538013000299543,1.1588800002755306,129,98,29,28
case07-rep1,wine,forest,1,0.1,3,recoverability_v2,proven_infeasible,True,2.0779090000360156,4.414918000293255,1.3651819999722647,2.3809359995539126,129,98,29,28
case07-rep1,wine,forest,1,0.1,4,recoverability_v3,proven_infeasible,True,2.1168370003579184,2.0331709997662983,1.3742359997195308,1.3714020001316385,129,98,29,28
case07-rep1,wine,forest,1,0.1,5,recoverability_v2,proven_infeasible,True,2.5290899998253735,2.20188599996618,1.5947289998621272,1.525674000276922,129,98,29,28
case07-rep1,wine,forest,1,0.1,6,recoverability_v3,proven_infeasible,True,3.81362000007357,3.616021999732766,3.1448000004274945,2.956715999971493,129,98,29,28
case07-rep1,wine,forest,1,0.1,7,recoverability_v2,proven_infeasible,True,2.564753999649838,2.2122310001577716,1.808852000067418,1.3411059999270947,129,98,29,28
case07-rep1,wine,forest,1,0.1,8,recoverability_v3,proven_infeasible,True,3.4017379998658726,3.0104570000730746,1.543151000078069,1.8933790001938178,129,98,29,28
case07-rep1,wine,forest,1,0.1,9,recoverability_v2,proven_infeasible,True,2.5655049998931645,2.347885999824939,1.5261849998751131,1.5075670003170671,129,98,29,28
case07-rep1,wine,forest,1,0.1,10,recoverability_v3,proven_infeasible,True,2.0481339997786563,1.98926399980337,1.3287360002323112,1.325422000263643,129,98,29,28
case07-rep1,wine,forest,1,0.1,11,recoverability_v2,proven_infeasible,True,1.9619230001808319,1.8218110003545007,1.3211249997766572,1.1350839999977325,129,98,29,28
case07-rep1,wine,forest,1,0.1,12,recoverability_v3,proven_infeasible,True,2.1068920000288927,1.9799299998339848,1.4211870002327487,1.2195520002933335,129,98,29,28
case07-rep1,wine,forest,1,0.1,13,recoverability_v2,proven_infeasible,True,1.9230640000387211,1.6919049999160052,1.2819170001421298,1.0809730001710705,129,98,29,28
case07-rep1,wine,forest,1,0.1,14,recoverability_v3,proven_infeasible,True,2.4197149996325606,1.7191359997923428,1.719707000120252,1.1157949998050753,129,98,29,28
case07-rep1,wine,forest,1,0.1,15,recoverability_v2,proven_infeasible,True,2.2317409998322546,2.040602000306535,1.4205249999577063,1.1652600001070823,129,98,29,28
case07-rep1,wine,forest,1,0.1,16,recoverability_v3,proven_infeasible,True,3.7066790000608307,1.7711450000206241,1.6356799997083726,1.1832769996544812,129,98,29,28
case07-rep1,wine,forest,1,0.1,17,recoverability_v2,proven_infeasible,True,1.9845370002258278,1.9515170001795923,1.2791819999620202,1.3397339998846292,129,98,29,28
case07-rep1,wine,forest,1,0.1,18,recoverability_v3,proven_infeasible,True,2.1245990001261816,1.72336199966594,1.455617999909009,1.1033260002477618,129,98,29,28
case07-rep1,wine,forest,1,0.1,19,recoverability_v2,proven_infeasible,True,1.963144999990618,1.869112999884237,1.2870240002484934,1.2790109999514243,129,98,29,28
case07-rep1,wine,forest,1,0.1,20,recoverability_v3,proven_infeasible,True,2.038628999798675,1.8059679996440536,1.3963290002720896,1.1365960003786313,129,98,29,28
case07-rep1,wine,forest,1,0.1,21,recoverability_v2,proven_infeasible,True,2.0352040000943816,1.6593559998909768,1.3889379997635842,1.081592999980785,129,98,29,28
case07-rep1,wine,forest,1,0.1,22,recoverability_v3,proven_infeasible,True,2.03851800006305,1.6939079996518558,1.3709199997720134,1.0814639999807696,129,98,29,28
case07-rep1,wine,forest,1,0.1,23,recoverability_v2,proven_infeasible,True,2.070156999707251,1.7407899999852816,1.349919000404043,1.1007319999407628,129,98,29,28
case07-rep1,wine,forest,1,0.1,24,recoverability_v3,proven_infeasible,True,2.3640809999960766,1.787089000117703,1.7030619997058238,1.092870000320545,129,98,29,28
case07-rep1,wine,forest,1,0.1,25,recoverability_v2,proven_infeasible,True,2.0827959997404832,1.8651369996405265,1.2970490001862345,1.2512599996625795,129,98,29,28
case07-rep1,wine,forest,1,0.1,26,recoverability_v3,proven_infeasible,True,2.2484860000986373,1.827790000334062,1.5520339998147392,1.1960570000155712,129,98,29,28
case07-rep1,wine,forest,1,0.1,27,recoverability_v2,proven_infeasible,True,2.08765300021696,1.909424000132276,1.269337999929121,1.3016359998800908,129,98,29,28
case07-rep1,wine,forest,1,0.1,28,recoverability_v3,proven_infeasible,True,2.645785999902728,1.849923999998282,1.6404479997618182,1.1925510002583906,129,98,29,28
case07-rep1,wine,forest,1,0.1,29,recoverability_v2,proven_infeasible,True,2.0544530002553074,1.7013289998430992,1.3127329998496862,1.1197209996680613,129,98,29,28
case07-rep1,wine,forest,1,0.3,0,recoverability_v2,ok,True,33.88036199976341,32.06195500024478,33.108676000210835,30.853810000280646,129,98,29,28
case07-rep1,wine,forest,1,0.3,1,recoverability_v3,ok,True,32.79793599995173,29.37190200009354,31.76738000001933,28.37891200033482,129,98,29,28
case07-rep1,wine,forest,1,0.3,2,recoverability_v2,ok,True,30.298290999780875,27.39469600010125,29.34914800016486,26.428115999806323,129,98,29,28
case07-rep1,wine,forest,1,0.3,3,recoverability_v3,ok,True,29.978167999615835,28.54450299992095,29.073721000258956,27.718024000023433,129,98,29,28
case07-rep1,wine,forest,1,0.3,4,recoverability_v2,ok,True,31.535228999928222,28.11960100007127,30.45747099986329,27.22775400025057,129,98,29,28
case07-rep1,wine,forest,1,0.3,5,recoverability_v3,ok,True,30.753057999845623,28.905308000048535,29.7385559997565,27.933170000324026,129,98,29,28
case07-rep1,wine,forest,1,0.3,6,recoverability_v2,ok,True,31.041202999858797,33.32967999995162,30.01264899967282,32.44709699993109,129,98,29,28
case07-rep1,wine,forest,1,0.3,7,recoverability_v3,ok,True,29.514947999814467,29.190488000040204,28.523781999865605,28.278310999667156,129,98,29,28
case07-rep1,wine,forest,1,0.3,8,recoverability_v2,ok,True,34.984630000053585,27.929942999890045,33.69205699982558,26.926958999865747,129,98,29,28
case07-rep1,wine,forest,1,0.3,9,recoverability_v3,ok,True,31.559485999878234,30.96581999989212,30.409648999921046,30.024438000054943,129,98,29,28
case07-rep1,wine,forest,1,0.3,10,recoverability_v2,ok,True,31.928121999953873,29.06320500005677,30.834662000415847,28.165970999907586,129,98,29,28
case07-rep1,wine,forest,1,0.3,11,recoverability_v3,ok,True,28.574528000262944,28.10864399998536,27.622290000181238,27.213191999635455,129,98,29,28
case07-rep1,wine,forest,1,0.3,12,recoverability_v2,ok,True,31.92845400008082,27.58714699984921,29.773258000204805,26.686255999720743,129,98,29,28
case07-rep1,wine,forest,1,0.3,13,recoverability_v3,ok,True,29.453374999775406,27.39856099969984,28.40539200042258,26.506853999762825,129,98,29,28
case07-rep1,wine,forest,1,0.3,14,recoverability_v2,ok,True,28.64793800017651,27.43075000034878,27.739346000089427,26.420063000387017,129,98,29,28
case07-rep1,wine,forest,1,0.3,15,recoverability_v3,ok,True,30.418222000207606,29.4768510002541,29.41613899974982,28.39120999988154,129,98,29,28
case07-rep1,wine,forest,1,0.3,16,recoverability_v2,ok,True,31.015694999950938,27.134041999943292,29.92083100025411,26.280011999915587,129,98,29,28
case07-rep1,wine,forest,1,0.3,17,recoverability_v3,ok,True,28.882842999792047,26.99939900003301,27.76691799999753,26.087771999755205,129,98,29,28
case07-rep1,wine,forest,1,0.3,18,recoverability_v2,ok,True,29.04412699990644,27.61580900005356,28.13626600027419,26.767348000248603,129,98,29,28
case07-rep1,wine,forest,1,0.3,19,recoverability_v3,ok,True,29.643171999850892,28.604141999949206,28.739036999922973,27.6458950002052,129,98,29,28
case07-rep1,wine,forest,1,0.3,20,recoverability_v2,ok,True,29.619515999911528,27.296487000057823,28.67968700002166,26.330106999921554,129,98,29,28
case07-rep1,wine,forest,1,0.3,21,recoverability_v3,ok,True,35.6046309998419,28.295145999891247,34.54389899980015,27.274514000055206,129,98,29,28
case07-rep1,wine,forest,1,0.3,22,recoverability_v2,ok,True,32.29612899986023,29.696070999762014,31.08751299987489,28.864344999874447,129,98,29,28
case07-rep1,wine,forest,1,0.3,23,recoverability_v3,ok,True,33.053962999929354,33.32690500019453,31.992681000247103,32.475428999987344,129,98,29,28
case07-rep1,wine,forest,1,0.3,24,recoverability_v2,ok,True,33.59089900004619,32.67068400009521,32.42291500009742,31.605735999619355,129,98,29,28
case07-rep1,wine,forest,1,0.3,25,recoverability_v3,ok,True,31.469700999878114,30.119892000129767,30.189387000064016,29.063435999887588,129,98,29,28
case07-rep1,wine,forest,1,0.3,26,recoverability_v2,ok,True,33.04888499997105,32.01806900005977,31.65293699976246,30.786017999616888,129,98,29,28
case07-rep1,wine,forest,1,0.3,27,recoverability_v3,ok,True,30.9699150002416,27.803302999927837,30.078839999987395,26.94669900029112,129,98,29,28
case07-rep1,wine,forest,1,0.3,28,recoverability_v2,ok,True,31.680759000209946,29.872427000100288,30.71475000024293,29.007081000145263,129,98,29,28
case07-rep1,wine,forest,1,0.3,29,recoverability_v3,ok,True,30.69236600003933,28.44911800002592,29.48278899975776,27.55465699965498,129,98,29,28
case07-rep1,wine,forest,1,0.2,0,recoverability_v3,proven_infeasible,True,2.722962000007101,2.422088999992411,2.016124999954627,1.6114539998852706,129,98,29,28
case07-rep1,wine,forest,1,0.2,1,recoverability_v2,proven_infeasible,True,2.7331479996064445,2.186792999964382,1.9034540000575362,1.3340750001589186,129,98,29,28
case07-rep1,wine,forest,1,0.2,2,recoverability_v3,proven_infeasible,True,2.601278999918577,1.8722579998211586,1.8870100002459367,1.2750050000249757,129,98,29,28
case07-rep1,wine,forest,1,0.2,3,recoverability_v2,proven_infeasible,True,2.9721589999098796,2.238740999928268,2.298681999945984,1.4182620002429758,129,98,29,28
case07-rep1,wine,forest,1,0.2,4,recoverability_v3,proven_infeasible,True,2.6090309997925942,2.0031660001222917,1.8854079999073292,1.2938739996570803,129,98,29,28
case07-rep1,wine,forest,1,0.2,5,recoverability_v2,proven_infeasible,True,3.5222800001974974,2.1405030001915293,2.444082000238268,1.5251929999067215,129,98,29,28
case07-rep1,wine,forest,1,0.2,6,recoverability_v3,proven_infeasible,True,2.8275800000301388,2.0831660003750585,2.0387690001371084,1.4107010001680464,129,98,29,28
case07-rep1,wine,forest,1,0.2,7,recoverability_v2,proven_infeasible,True,2.561678999882133,1.8680110001696448,1.810784999634052,1.231981000273663,129,98,29,28
case07-rep1,wine,forest,1,0.2,8,recoverability_v3,proven_infeasible,True,2.942044000064925,1.9102649998785637,2.218781999999919,1.30367900010242,129,98,29,28
case07-rep1,wine,forest,1,0.2,9,recoverability_v2,proven_infeasible,True,2.7097430001958855,1.9458189999568276,1.9619230001808319,1.3574800000242249,129,98,29,28
case07-rep1,wine,forest,1,0.2,10,recoverability_v3,proven_infeasible,True,3.8605810000262863,2.083486999708839,2.8258979996280686,1.5018489998510631,129,98,29,28
case07-rep1,wine,forest,1,0.2,11,recoverability_v2,proven_infeasible,True,2.9971569997542247,2.7181749996998406,2.1833779996995872,2.124087999618496,129,98,29,28
case07-rep1,wine,forest,1,0.2,12,recoverability_v3,proven_infeasible,True,2.4650430000292545,2.02817400031563,1.790926000012405,1.3811569997415063,129,98,29,28
case07-rep1,wine,forest,1,0.2,13,recoverability_v2,proven_infeasible,True,2.9422640000120737,2.3147259998950176,2.1111880000717065,1.6144280002663436,129,98,29,28
case07-rep1,wine,forest,1,0.2,14,recoverability_v3,proven_infeasible,True,2.4562889998378523,2.144819000022835,1.770693999787909,1.502339000126085,129,98,29,28
case07-rep1,wine,forest,1,0.2,15,recoverability_v2,proven_infeasible,True,2.604694000183372,2.3987130002751655,1.9679130000440637,1.771826000094734,129,98,29,28
case07-rep1,wine,forest,1,0.2,16,recoverability_v3,proven_infeasible,True,3.4256129997629614,2.1611440001834126,2.1934520000286284,1.5064649996929802,129,98,29,28
case07-rep1,wine,forest,1,0.2,17,recoverability_v2,proven_infeasible,True,4.035105000184558,1.859939000041777,3.169236000303499,1.2360169998828496,129,98,29,28
case07-rep1,wine,forest,1,0.2,18,recoverability_v3,proven_infeasible,True,2.5541979998706665,1.8380159999651369,1.852798000072653,1.2323920000198996,129,98,29,28
case07-rep1,wine,forest,1,0.2,19,recoverability_v2,proven_infeasible,True,2.6525869998295093,2.1035669997218065,2.0044779998897866,1.336749000074633,129,98,29,28
case07-rep1,wine,forest,1,0.2,20,recoverability_v3,proven_infeasible,True,2.4446130000796984,2.1774189999632654,1.8061780001517036,1.5627500001755834,129,98,29,28
case07-rep1,wine,forest,1,0.2,21,recoverability_v2,proven_infeasible,True,2.802943000006053,2.078258999972604,1.9939520002481004,1.4713819996359234,129,98,29,28
case07-rep1,wine,forest,1,0.2,22,recoverability_v3,proven_infeasible,True,6.034613999872818,2.328988000044774,2.574898999682773,1.5905830000519927,129,98,29,28
case07-rep1,wine,forest,1,0.2,23,recoverability_v2,proven_infeasible,True,2.852057999916724,1.9733099998120451,2.0498459998634644,1.2867929999629268,129,98,29,28
case07-rep1,wine,forest,1,0.2,24,recoverability_v3,proven_infeasible,True,3.1874249998509185,2.566415999808669,2.1507980000023963,1.46795699993163,129,98,29,28
case07-rep1,wine,forest,1,0.2,25,recoverability_v2,proven_infeasible,True,2.7310250002301473,1.9292540000606095,1.8679520003388461,1.336638999873685,129,98,29,28
case07-rep1,wine,forest,1,0.2,26,recoverability_v3,proven_infeasible,True,2.78149099995062,1.8214209999314335,2.105580000261398,1.2369579999358393,129,98,29,28
case07-rep1,wine,forest,1,0.2,27,recoverability_v2,proven_infeasible,True,2.7640150001388974,1.9915180000680266,2.025269000114349,1.259502000266366,129,98,29,28
case07-rep1,wine,forest,1,0.2,28,recoverability_v3,proven_infeasible,True,3.214145000129065,1.8697939999583468,1.9651980001071934,1.2413750000632717,129,98,29,28
case07-rep1,wine,forest,1,0.2,29,recoverability_v2,proven_infeasible,True,2.786437999930058,1.9588889999795356,2.102194999679341,1.2507290002758964,129,98,29,28
case07-rep1,wine,forest,1,0.5,0,recoverability_v2,ok,True,3.9960659996722825,3.4049030000460334,3.291180999895005,2.7213299999857554,129,98,29,28
case07-rep1,wine,forest,1,0.5,1,recoverability_v3,ok,True,4.00618100002248,3.2699789999242057,3.3150469998872722,2.6591769997139636,129,98,29,28
case07-rep1,wine,forest,1,0.5,2,recoverability_v2,ok,True,4.236038000271947,3.24155599992082,3.3736949999365606,2.5938180001503497,129,98,29,28
case07-rep1,wine,forest,1,0.5,3,recoverability_v3,ok,True,4.229357999975036,3.2774710002740903,3.5567220002121758,2.547006999975565,129,98,29,28
case07-rep1,wine,forest,1,0.5,4,recoverability_v2,ok,True,4.029796000395436,3.3501799998703063,3.3232300002055126,2.57928599967272,129,98,29,28
case07-rep1,wine,forest,1,0.5,5,recoverability_v3,ok,True,4.949254999701225,4.287916000066616,4.018819000066287,3.4476770001674595,129,98,29,28
case07-rep1,wine,forest,1,0.5,6,recoverability_v2,ok,True,4.796124000222335,4.150018000018463,3.902122999988933,3.284420999989379,129,98,29,28
case07-rep1,wine,forest,1,0.5,7,recoverability_v3,ok,True,4.969666000306461,4.114724000373826,3.9010919999782345,3.285982999841508,129,98,29,28
case07-rep1,wine,forest,1,0.5,8,recoverability_v2,ok,True,4.774401999839029,4.202757000257407,3.8731199997528165,3.371170999798778,129,98,29,28
case07-rep1,wine,forest,1,0.5,9,recoverability_v3,ok,True,4.698636999819428,4.0845400003490795,3.8197590001800563,3.302778000033868,129,98,29,28
case07-rep1,wine,forest,1,0.5,10,recoverability_v2,ok,True,4.752517999804695,4.1146440003103635,3.8510869999299757,3.2926129997576936,129,98,29,28
case07-rep1,wine,forest,1,0.5,11,recoverability_v3,ok,True,4.947102000187442,4.220032999910472,3.9798910001991317,3.3751869996194728,129,98,29,28
case07-rep1,wine,forest,1,0.5,12,recoverability_v2,ok,True,4.810626000107732,4.12168599996221,3.923986999780027,3.2888279997678183,129,98,29,28
case07-rep1,wine,forest,1,0.5,13,recoverability_v3,ok,True,4.737425000257645,4.104740000002494,3.8716879998901277,3.312542999992729,129,98,29,28
case07-rep1,wine,forest,1,0.5,14,recoverability_v2,ok,True,4.827540999940538,4.170178000094893,3.9125190000959265,3.348947999711527,129,98,29,28
case07-rep1,wine,forest,1,0.5,15,recoverability_v3,ok,True,4.823605000183306,4.2206240000268735,3.88364599984925,3.377871999873605,129,98,29,28
case07-rep1,wine,forest,1,0.5,16,recoverability_v2,ok,True,4.8483829996257555,4.195235999759461,3.9373869999508315,3.3091180002884357,129,98,29,28
case07-rep1,wine,forest,1,0.5,17,recoverability_v3,ok,True,5.16480100031913,4.347826999946847,4.145441000218852,3.5008680001737957,129,98,29,28
case07-rep1,wine,forest,1,0.5,18,recoverability_v2,ok,True,5.114605000017036,4.283108999970864,4.140494000239414,3.347815999859449,129,98,29,28
case07-rep1,wine,forest,1,0.5,19,recoverability_v3,ok,True,4.508188999807317,3.432725000038772,3.1875139998192026,2.6273080002283677,129,98,29,28
case07-rep1,wine,forest,1,0.5,20,recoverability_v2,ok,True,4.178981999757525,3.3565700000508514,3.4258339996995346,2.5246240002161358,129,98,29,28
case07-rep1,wine,forest,1,0.5,21,recoverability_v3,ok,True,3.710213999966072,3.2152369999494113,3.0126199999358505,2.5479790001554647,129,98,29,28
case07-rep1,wine,forest,1,0.5,22,recoverability_v2,ok,True,3.6742289998983324,3.135196000130236,2.976504999878671,2.5254050001422,129,98,29,28
case07-rep1,wine,forest,1,0.5,23,recoverability_v3,ok,True,3.930896999918332,3.343710000081046,3.0975179997767555,2.6100320001205546,129,98,29,28
case07-rep1,wine,forest,1,0.5,24,recoverability_v2,ok,True,5.7295279998470505,4.223688999900332,4.926866000005248,3.362538000146742,129,98,29,28
case07-rep1,wine,forest,1,0.5,25,recoverability_v3,ok,True,4.780240000400227,4.110417999982019,3.873339999699965,3.2887279999158636,129,98,29,28
case07-rep1,wine,forest,1,0.5,26,recoverability_v2,ok,True,4.841413000121975,4.119952000110061,3.8766849997955433,3.307355999822903,129,98,29,28
case07-rep1,wine,forest,1,0.5,27,recoverability_v3,ok,True,4.788783000094554,4.064758999902551,3.8930999999138294,3.25835100011318,129,98,29,28
case07-rep1,wine,forest,1,0.5,28,recoverability_v2,ok,True,4.822153000077378,4.229468000175984,3.911748000064108,3.4003450000454905,129,98,29,28
case07-rep1,wine,forest,1,0.5,29,recoverability_v3,ok,True,4.824796999855607,4.212291999920126,3.9034149999679357,3.352583999912895,129,98,29,28
case07-rep2,wine,forest,2,0.5,0,recoverability_v3,ok,True,25.797813999815844,20.97496999977011,24.840629000209447,20.126958999753697,129,98,29,28
case07-rep2,wine,forest,2,0.5,1,recoverability_v2,ok,True,26.324078000016016,19.890030999704322,25.233041000319645,19.03224500028955,129,98,29,28
case07-rep2,wine,forest,2,0.5,2,recoverability_v3,ok,True,26.21246999979121,22.46271700005309,25.184307000017725,21.509856999728072,129,98,29,28
case07-rep2,wine,forest,2,0.5,3,recoverability_v2,ok,True,26.539584000147443,20.264406000023882,25.454376000197954,19.235672999911912,129,98,29,28
case07-rep2,wine,forest,2,0.5,4,recoverability_v3,ok,True,26.441905999945448,19.695788000262837,25.534735999826808,18.823660000180098,129,98,29,28
case07-rep2,wine,forest,2,0.5,5,recoverability_v2,ok,True,26.138168000215956,21.630088999700092,25.13982099981149,20.762167999691883,129,98,29,28
case07-rep2,wine,forest,2,0.5,6,recoverability_v3,ok,True,26.50215699986802,20.39849900029367,25.522528999772476,19.484427999941545,129,98,29,28
case07-rep2,wine,forest,2,0.5,7,recoverability_v2,ok,True,26.32781400006934,19.810060000054364,25.42744499987748,18.933496000045125,129,98,29,28
case07-rep2,wine,forest,2,0.5,8,recoverability_v3,ok,True,25.315494999631483,19.868287999997847,24.402805999670818,18.961027999921498,129,98,29,28
case07-rep2,wine,forest,2,0.5,9,recoverability_v2,ok,True,26.67337699995187,20.152396999947086,25.7569630002763,19.229602999985218,129,98,29,28
case07-rep2,wine,forest,2,0.5,10,recoverability_v3,ok,True,32.64310300028228,20.87125299976833,31.716442999822902,19.746925000163174,129,98,29,28
case07-rep2,wine,forest,2,0.5,11,recoverability_v2,ok,True,30.831847000172274,22.648728000149276,29.85688500029937,21.722988999954396,129,98,29,28
case07-rep2,wine,forest,2,0.5,12,recoverability_v3,ok,True,27.55751099994086,21.389716000157932,26.612584000304196,19.97576099984144,129,98,29,28
case07-rep2,wine,forest,2,0.5,13,recoverability_v2,ok,True,28.971017000003485,21.696448999591667,27.999679999993532,20.152226999925915,129,98,29,28
case07-rep2,wine,forest,2,0.5,14,recoverability_v3,ok,True,25.49115100009658,19.94337100040866,24.5032689999789,19.179727000391722,129,98,29,28
case07-rep2,wine,forest,2,0.5,15,recoverability_v2,ok,True,26.68909999965763,19.28332399984356,25.50896799994007,18.3960939998542,129,98,29,28
case07-rep2,wine,forest,2,0.5,16,recoverability_v3,ok,True,25.872716000321816,20.08949199989729,24.904743999741186,19.280952000372054,129,98,29,28
case07-rep2,wine,forest,2,0.5,17,recoverability_v2,ok,True,26.316597999993974,62.57799500008332,25.283377000050677,61.61666400021204,129,98,29,28
case07-rep2,wine,forest,2,0.5,18,recoverability_v3,ok,True,26.460354999926494,19.857070999933057,25.5237199999101,18.909019000147964,129,98,29,28
case07-rep2,wine,forest,2,0.5,19,recoverability_v2,ok,True,28.610372000002826,23.127750999719865,27.634236999801942,22.102663000168832,129,98,29,28
case07-rep2,wine,forest,2,0.5,20,recoverability_v3,ok,True,28.585073000158445,22.40659199969741,27.525322000201413,21.3263509999706,129,98,29,28
case07-rep2,wine,forest,2,0.5,21,recoverability_v2,ok,True,28.037586999744235,22.361082999850623,27.051196999764215,21.297777999734535,129,98,29,28
case07-rep2,wine,forest,2,0.5,22,recoverability_v3,ok,True,27.907329999834474,22.06589699972028,26.754578999771184,21.045456000138074,129,98,29,28
case07-rep2,wine,forest,2,0.5,23,recoverability_v2,ok,True,28.046099000221147,22.18119100007243,27.160621999883006,21.107649999976275,129,98,29,28
case07-rep2,wine,forest,2,0.5,24,recoverability_v3,ok,True,28.035403000103543,22.22647999997207,26.913348000107362,21.195201999944402,129,98,29,28
case07-rep2,wine,forest,2,0.5,25,recoverability_v2,ok,True,27.865546999692015,22.30894400008765,26.96873200011396,21.23507199985397,129,98,29,28
case07-rep2,wine,forest,2,0.5,26,recoverability_v3,ok,True,27.764904999912687,22.1052760002749,26.527556000019104,21.07313799979238,129,98,29,28
case07-rep2,wine,forest,2,0.5,27,recoverability_v2,ok,True,28.046620000168332,22.49310199977117,27.106771000035224,21.413271000255918,129,98,29,28
case07-rep2,wine,forest,2,0.5,28,recoverability_v3,ok,True,27.935292000165646,22.1836959999564,26.710111999818764,21.15143699984401,129,98,29,28
case07-rep2,wine,forest,2,0.5,29,recoverability_v2,ok,True,28.680487999736215,23.32471899990196,27.716490999864618,22.133037999992666,129,98,29,28
case07-rep2,wine,forest,2,0.3,0,recoverability_v2,ok,True,4.448598999715614,3.489250000257016,3.4022889999505423,2.601288999812823,129,98,29,28
case07-rep2,wine,forest,2,0.3,1,recoverability_v3,ok,True,3.7816919998476806,3.4388539997962653,2.789634000237129,2.5507529999231338,129,98,29,28
case07-rep2,wine,forest,2,0.3,2,recoverability_v2,ok,True,4.134735000207002,3.3973310000874335,3.1203329999698326,2.5033910001184267,129,98,29,28
case07-rep2,wine,forest,2,0.3,3,recoverability_v3,ok,True,3.741099999842845,3.3978810001826787,2.809713999795349,2.5250140001844557,129,98,29,28
case07-rep2,wine,forest,2,0.3,4,recoverability_v2,ok,True,4.050436999932572,3.3698890001687687,3.085379999902216,2.5354290000905166,129,98,29,28
case07-rep2,wine,forest,2,0.3,5,recoverability_v3,ok,True,3.6876000003758236,3.273633999924641,2.7905749998353713,2.4600159999863536,129,98,29,28
case07-rep2,wine,forest,2,0.3,6,recoverability_v2,ok,True,3.993450999587367,3.223047999654227,3.0541820001417364,2.416228999663872,129,98,29,28
case07-rep2,wine,forest,2,0.3,7,recoverability_v3,ok,True,3.6450550001063675,3.4759299996949267,2.74948400010544,2.44961999987936,129,98,29,28
case07-rep2,wine,forest,2,0.3,8,recoverability_v2,ok,True,3.9061099996615667,3.2118610001816705,3.007942999829538,2.401166999788984,129,98,29,28
case07-rep2,wine,forest,2,0.3,9,recoverability_v3,ok,True,3.718755999670975,3.237620000163588,2.863554000214208,2.433756000300491,129,98,29,28
case07-rep2,wine,forest,2,0.3,10,recoverability_v2,ok,True,3.973550999944564,3.3754080000107933,3.0558660000679083,2.5157499999295396,129,98,29,28
case07-rep2,wine,forest,2,0.3,11,recoverability_v3,ok,True,3.713177999998152,3.2303089997185452,2.7876599997398444,2.4376010001105897,129,98,29,28
case07-rep2,wine,forest,2,0.3,12,recoverability_v2,ok,True,3.905018000295968,3.233394000289991,2.973391000068659,2.4176120000447554,129,98,29,28
case07-rep2,wine,forest,2,0.3,13,recoverability_v3,ok,True,3.753840000172204,3.2372900000154914,2.8734299999086943,2.4302209999405022,129,98,29,28
case07-rep2,wine,forest,2,0.3,14,recoverability_v2,ok,True,3.933280999717681,3.222236000056,3.012469999703171,2.4190140002247063,129,98,29,28
case07-rep2,wine,forest,2,0.3,15,recoverability_v3,ok,True,3.799748999881558,3.2218559999819263,2.8703550001409894,2.4094589998640004,129,98,29,28
case07-rep2,wine,forest,2,0.3,16,recoverability_v2,ok,True,3.981993999786937,3.2703789997867716,3.0591899999308225,2.418243000192888,129,98,29,28
case07-rep2,wine,forest,2,0.3,17,recoverability_v3,ok,True,3.566867999779788,4.9535919997651945,2.7484610000101384,4.12288699999408,129,98,29,28
case07-rep2,wine,forest,2,0.3,18,recoverability_v2,ok,True,4.112070999781281,3.285222000158683,3.096297000411141,2.421637999759696,129,98,29,28
case07-rep2,wine,forest,2,0.3,19,recoverability_v3,ok,True,3.7487220001821697,3.2645809997120523,2.728380999997171,2.4084070000753854,129,98,29,28
case07-rep2,wine,forest,2,0.3,20,recoverability_v2,ok,True,3.9267399997697794,3.1957559999682417,3.0248380003286,2.3910009999781323,129,98,29,28
case07-rep2,wine,forest,2,0.3,21,recoverability_v3,ok,True,3.889855000124953,3.2292870000674156,2.877445999729389,2.420595999865327,129,98,29,28
case07-rep2,wine,forest,2,0.3,22,recoverability_v2,ok,True,4.049426000165113,3.203348999704758,3.170788999796059,2.4175610001293535,129,98,29,28
case07-rep2,wine,forest,2,0.3,23,recoverability_v3,ok,True,3.72771999991528,3.2647210000504856,2.836084000136907,2.4377620002269396,129,98,29,28
case07-rep2,wine,forest,2,0.3,24,recoverability_v2,ok,True,3.9970369998627575,3.5030409999308176,3.1094060000214085,2.676262000022689,129,98,29,28
case07-rep2,wine,forest,2,0.3,25,recoverability_v3,ok,True,3.7248749999889696,3.4192640000583197,2.7623820001281274,2.566396000020177,129,98,29,28
case07-rep2,wine,forest,2,0.3,26,recoverability_v2,ok,True,4.180965000159631,3.082670999901893,3.28006399968217,2.217709999968065,129,98,29,28
case07-rep2,wine,forest,2,0.3,27,recoverability_v3,ok,True,4.299143000025651,2.7217199999540753,3.565183999853616,2.067902999897342,129,98,29,28
case07-rep2,wine,forest,2,0.3,28,recoverability_v2,ok,True,3.4417179999763903,2.859910000097443,2.6953709998451814,2.1587010000985174,129,98,29,28
case07-rep2,wine,forest,2,0.3,29,recoverability_v3,ok,True,3.0500670000037644,2.7503850001266983,2.338983000299777,2.0719300000564544,129,98,29,28
case07-rep2,wine,forest,2,0.4,0,recoverability_v3,ok,True,33.00567099995533,67.67855799989775,31.915374000163865,66.97516600024755,129,98,29,28
case07-rep2,wine,forest,2,0.4,1,recoverability_v2,ok,True,32.24169599980087,67.68511900008889,31.290339999941352,66.52227199992922,129,98,29,28
case07-rep2,wine,forest,2,0.4,2,recoverability_v3,ok,True,32.894853000016155,65.01045899995006,31.894582000404625,64.14118599968788,129,98,29,28
case07-rep2,wine,forest,2,0.4,3,recoverability_v2,ok,True,34.22981899984734,67.24489399994127,33.07765899990045,66.25431799966464,129,98,29,28
case07-rep2,wine,forest,2,0.4,4,recoverability_v3,ok,True,35.47505000005913,70.65755300027377,34.4111829999747,69.64777899975161,129,98,29,28
case07-rep2,wine,forest,2,0.4,5,recoverability_v2,ok,True,32.59862499999144,64.97940200006269,31.462187999750313,64.13850199987792,129,98,29,28
case07-rep2,wine,forest,2,0.4,6,recoverability_v3,ok,True,33.29955399976825,68.61352100031581,32.340374999876076,67.56991499969445,129,98,29,28
case07-rep2,wine,forest,2,0.4,7,recoverability_v2,ok,True,32.43057100007718,66.71458199980407,31.29181200029052,65.78643100010595,129,98,29,28
case07-rep2,wine,forest,2,0.4,8,recoverability_v3,ok,True,47.32358499995826,73.87261299982129,46.2015309999515,72.7598839998791,129,98,29,28
case07-rep2,wine,forest,2,0.4,9,recoverability_v2,ok,True,34.13583700012168,68.75882999975147,33.12231599966253,67.75074799998038,129,98,29,28
case07-rep2,wine,forest,2,0.4,10,recoverability_v3,ok,True,33.12753399995927,69.33009299973492,32.056517000000895,66.70009000026766,129,98,29,28
case07-rep2,wine,forest,2,0.4,11,recoverability_v2,ok,True,36.24307000018234,67.9937339996286,35.177560999727575,66.47581100014577,129,98,29,28
case07-rep2,wine,forest,2,0.4,12,recoverability_v3,ok,True,33.92680200022369,73.48243500018725,32.83868800008349,72.21446899984585,129,98,29,28
case07-rep2,wine,forest,2,0.4,13,recoverability_v2,ok,True,31.890826000108063,66.05827199973646,30.698394999944867,63.04088400020191,129,98,29,28
case07-rep2,wine,forest,2,0.4,14,recoverability_v3,ok,True,33.83705599981113,68.2792350003183,32.84137299988288,67.12251800036029,129,98,29,28
case07-rep2,wine,forest,2,0.4,15,recoverability_v2,ok,True,33.39904499989643,62.781141999948886,32.24387899990688,61.813059999622055,129,98,29,28
case07-rep2,wine,forest,2,0.4,16,recoverability_v3,ok,True,32.08360700000412,67.13873400030934,31.094293000023754,66.21097199968062,129,98,29,28
case07-rep2,wine,forest,2,0.4,17,recoverability_v2,ok,True,33.29055000040171,67.2377230002894,32.22297799993612,66.07232299984389,129,98,29,28
case07-rep2,wine,forest,2,0.4,18,recoverability_v3,ok,True,30.696721999902365,66.4928979999786,29.734217999703105,65.43946700003289,129,98,29,28
case07-rep2,wine,forest,2,0.4,19,recoverability_v2,ok,True,33.074714000122185,67.01988399981929,32.107993999943574,65.92181600035474,129,98,29,28
case07-rep2,wine,forest,2,0.4,20,recoverability_v3,ok,True,32.99333099994328,66.69314999999187,31.96685000011712,65.7669709999027,129,98,29,28
case07-rep2,wine,forest,2,0.4,21,recoverability_v2,ok,True,31.38461099979395,61.823215000003984,30.21100900014062,60.804114999882586,129,98,29,28
case07-rep2,wine,forest,2,0.4,22,recoverability_v3,ok,True,33.898518000114564,61.91632500031119,32.828602000336105,61.04713200011247,129,98,29,28
case07-rep2,wine,forest,2,0.4,23,recoverability_v2,ok,True,32.603782000023784,62.83867799993459,31.385984000280587,61.92530899988924,129,98,29,28
case07-rep2,wine,forest,2,0.4,24,recoverability_v3,ok,True,56.85176999986652,64.36317999987295,54.60229399977834,63.4397059998264,129,98,29,28
case07-rep2,wine,forest,2,0.4,25,recoverability_v2,ok,True,43.28649699982634,86.36642300007225,39.953813000010996,85.36654300041846,129,98,29,28
case07-rep2,wine,forest,2,0.4,26,recoverability_v3,ok,True,36.1849210003129,78.9758509999956,34.483561999877566,77.65786100026162,129,98,29,28
case07-rep2,wine,forest,2,0.4,27,recoverability_v2,ok,True,34.61945699973512,77.70098499986489,33.52984200000719,76.48619099973075,129,98,29,28
case07-rep2,wine,forest,2,0.4,28,recoverability_v3,ok,True,33.1312500002241,71.10574300031658,31.86547800032713,70.18187800031228,129,98,29,28
case07-rep2,wine,forest,2,0.4,29,recoverability_v2,ok,True,33.41082099996129,72.11767200033137,32.319874000222626,71.17770300010307,129,98,29,28
case07-rep2,wine,forest,2,0.1,0,recoverability_v2,proven_infeasible,True,2.531293000174628,2.3374110000986548,1.6471979997731978,1.5265659999386116,129,98,29,28
case07-rep2,wine,forest,2,0.1,1,recoverability_v3,proven_infeasible,True,2.3805849996278994,2.1300169996720797,1.4925340001354925,1.271189999897615,129,98,29,28
case07-rep2,wine,forest,2,0.1,2,recoverability_v2,proven_infeasible,True,2.5149380003313127,2.040641999883519,1.7941389996849466,1.3448609997794847,129,98,29,28
case07-rep2,wine,forest,2,0.1,3,recoverability_v3,proven_infeasible,True,2.637272999891138,1.9112170002699713,1.4429799998652015,1.1564769997676194,129,98,29,28
case07-rep2,wine,forest,2,0.1,4,recoverability_v2,proven_infeasible,True,2.5053839999600314,2.212040999893361,1.8207100001745857,1.4845919999970647,129,98,29,28
case07-rep2,wine,forest,2,0.1,5,recoverability_v3,proven_infeasible,True,2.3137839998526033,1.987762000226212,1.5004259998931957,1.29266199974154,129,98,29,28
case07-rep2,wine,forest,2,0.1,6,recoverability_v2,proven_infeasible,True,2.2309490000225196,2.465102999849478,1.5572920001432067,1.4982029997554491,129,98,29,28
case07-rep2,wine,forest,2,0.1,7,recoverability_v3,proven_infeasible,True,2.043566999873292,2.1068519999971613,1.3612060001833015,1.3580309996541473,129,98,29,28
case07-rep2,wine,forest,2,0.1,8,recoverability_v2,proven_infeasible,True,2.0507969998107,1.789163000012195,1.3865240002814971,1.1922499998036074,129,98,29,28
case07-rep2,wine,forest,2,0.1,9,recoverability_v3,proven_infeasible,True,4.403801000080421,2.1451400002661103,3.463892000127089,1.3867140000911604,129,98,29,28
case07-rep2,wine,forest,2,0.1,10,recoverability_v2,proven_infeasible,True,2.5021890000971325,2.17196999983571,1.5047520000734949,1.3179100001252664,129,98,29,28
case07-rep2,wine,forest,2,0.1,11,recoverability_v3,proven_infeasible,True,2.028454000083002,1.8966850002470892,1.3430680000965367,1.1783200002355443,129,98,29,28
case07-rep2,wine,forest,2,0.1,12,recoverability_v2,proven_infeasible,True,2.090617999783717,1.7566039996381733,1.4387530000021798,1.1241080001127557,129,98,29,28
case07-rep2,wine,forest,2,0.1,13,recoverability_v3,proven_infeasible,True,2.0034860003761423,2.019300000029034,1.3417969998954504,1.1514789998727792,129,98,29,28
case07-rep2,wine,forest,2,0.1,14,recoverability_v2,proven_infeasible,True,2.0879339999737567,2.210468999692239,1.4311919999272504,1.4400149998436973,129,98,29,28
case07-rep2,wine,forest,2,0.1,15,recoverability_v3,proven_infeasible,True,2.8638859998864064,3.3406950001335645,1.5184939998107438,1.2105890000384534,129,98,29,28
case07-rep2,wine,forest,2,0.1,16,recoverability_v2,proven_infeasible,True,2.5685900000098627,2.05815800018172,1.5741269999125507,1.2776489998032048,129,98,29,28
case07-rep2,wine,forest,2,0.1,17,recoverability_v3,proven_infeasible,True,2.1927119996689726,2.0257290002518857,1.3132539997968706,1.4454830002250674,129,98,29,28
case07-rep2,wine,forest,2,0.1,18,recoverability_v2,proven_infeasible,True,4.2197530001431005,1.9587490000958496,3.548609000063152,1.288036000005377,129,98,29,28
case07-rep2,wine,forest,2,0.1,19,recoverability_v3,proven_infeasible,True,2.0874430001640576,1.8180859997301013,1.396247999764455,1.1407419997340185,129,98,29,28
case07-rep2,wine,forest,2,0.1,20,recoverability_v2,proven_infeasible,True,1.9825439999294758,1.7903739999383106,1.3019960001656727,1.1798419996011944,129,98,29,28
case07-rep2,wine,forest,2,0.1,21,recoverability_v3,proven_infeasible,True,2.1010830000705027,2.162967000003846,1.4223180000954017,1.2449000000742672,129,98,29,28
case07-rep2,wine,forest,2,0.1,22,recoverability_v2,proven_infeasible,True,2.0511069997155573,1.8332790000386012,1.2966290000804293,1.226512999892293,129,98,29,28
case07-rep2,wine,forest,2,0.1,23,recoverability_v3,proven_infeasible,True,2.1522110000660177,1.7372239999531303,1.3813659998049843,1.1148439998578397,129,98,29,28
case07-rep2,wine,forest,2,0.1,24,recoverability_v2,proven_infeasible,True,2.0140419997005665,1.680128000316472,1.2821270001950325,1.075714999842603,129,98,29,28
case07-rep2,wine,forest,2,0.1,25,recoverability_v3,proven_infeasible,True,1.9770260000768758,1.642050999635103,1.2719310002466955,1.0686639998311875,129,98,29,28
case07-rep2,wine,forest,2,0.1,26,recoverability_v2,proven_infeasible,True,1.9121279997307283,1.7244750001736975,1.2524909998319345,1.087833000383398,129,98,29,28
case07-rep2,wine,forest,2,0.1,27,recoverability_v3,proven_infeasible,True,2.0100360002288653,1.9880730001204938,1.2756370001625328,1.3262729999041767,129,98,29,28
case07-rep2,wine,forest,2,0.1,28,recoverability_v2,proven_infeasible,True,2.01500399998622,1.735271000143257,1.3553679996221035,1.0982290000356443,129,98,29,28
case07-rep2,wine,forest,2,0.1,29,recoverability_v3,proven_infeasible,True,2.007262000006449,1.721220000035828,1.3504600001397193,1.1431570001150249,129,98,29,28
case07-rep2,wine,forest,2,0.2,0,recoverability_v3,ok,True,3.8980170002105297,2.8130380001130106,3.2024969996200525,2.1150740003577084,129,98,29,28
case07-rep2,wine,forest,2,0.2,1,recoverability_v2,ok,True,4.327115000251069,2.9071310000290396,3.47551899994869,2.0570770002450445,129,98,29,28
case07-rep2,wine,forest,2,0.2,2,recoverability_v3,ok,True,4.065771000114182,2.5944089998120035,3.3011259997692832,1.9216830000914342,129,98,29,28
case07-rep2,wine,forest,2,0.2,3,recoverability_v2,ok,True,3.3803450000959856,2.817776000028971,2.6980850002473744,2.178641000227799,129,98,29,28
case07-rep2,wine,forest,2,0.2,4,recoverability_v3,ok,True,3.9931009996507782,3.0901270001777448,2.873399999771209,2.483499999925698,129,98,29,28
case07-rep2,wine,forest,2,0.2,5,recoverability_v2,ok,True,3.4472470001674083,2.6718449998952565,2.684124000097654,1.9548129998838704,129,98,29,28
case07-rep2,wine,forest,2,0.2,6,recoverability_v3,ok,True,3.9485930001319502,2.8834649997406814,3.242686999783473,2.039520000380435,129,98,29,28
case07-rep2,wine,forest,2,0.2,7,recoverability_v2,ok,True,3.74601800012897,2.9395199999271426,2.8333390000625513,2.2070229997552815,129,98,29,28
case07-rep2,wine,forest,2,0.2,8,recoverability_v3,ok,True,3.7823729999217903,3.236980000110634,2.97108799986745,2.290829999765265,129,98,29,28
case07-rep2,wine,forest,2,0.2,9,recoverability_v2,ok,True,3.4412079999128764,3.0352440003298398,2.7344199997969554,2.2784009997849353,129,98,29,28
case07-rep2,wine,forest,2,0.2,10,recoverability_v3,ok,True,3.5976639996988524,3.1969290002962225,2.8951930003131565,2.0399810000526486,129,98,29,28
case07-rep2,wine,forest,2,0.2,11,recoverability_v2,ok,True,3.60654699989027,2.7330079997227585,2.7634339999167423,2.0028449998790165,129,98,29,28
case07-rep2,wine,forest,2,0.2,12,recoverability_v3,ok,True,3.3444209998378938,2.6189349996457167,2.6363319998381485,1.9424740003159968,129,98,29,28
case07-rep2,wine,forest,2,0.2,13,recoverability_v2,ok,True,3.586075999919558,2.7979860001323686,2.849272999810637,2.0739530000355444,129,98,29,28
case07-rep2,wine,forest,2,0.2,14,recoverability_v3,ok,True,3.510082000047987,2.756493000106275,2.7997180000056687,2.1385400000326626,129,98,29,28
case07-rep2,wine,forest,2,0.2,15,recoverability_v2,ok,True,3.433425999901374,2.886830000079499,2.7260369997748057,2.240422999875591,129,98,29,28
case07-rep2,wine,forest,2,0.2,16,recoverability_v3,ok,True,3.367406000052142,2.5995959999818297,2.66798899974674,1.9453380000413745,129,98,29,28
case07-rep2,wine,forest,2,0.2,17,recoverability_v2,ok,True,3.407595999760815,2.554487999987032,2.7039139999942563,1.9389479998608294,129,98,29,28
case07-rep2,wine,forest,2,0.2,18,recoverability_v3,ok,True,3.548188999957347,2.9476920003617124,2.839319000031537,2.3072849999152822,129,98,29,28
case07-rep2,wine,forest,2,0.2,19,recoverability_v2,ok,True,3.550251999968168,3.0356950001078076,2.7551609996407933,2.354175000164105,129,98,29,28
case07-rep2,wine,forest,2,0.2,20,recoverability_v3,ok,True,4.121334000046772,2.8238449999662407,3.046370999982173,2.1549250000134634,129,98,29,28
case07-rep2,wine,forest,2,0.2,21,recoverability_v2,ok,True,3.6883610000586486,2.7280610001980676,2.7767940000558156,2.04501899997922,129,98,29,28
case07-rep2,wine,forest,2,0.2,22,recoverability_v3,ok,True,7.852018999983557,3.011137999692437,6.843767000191292,2.381806999892433,129,98,29,28
case07-rep2,wine,forest,2,0.2,23,recoverability_v2,ok,True,4.011218999949051,2.7791380002781807,3.09057800041046,2.0941030002177285,129,98,29,28
case07-rep2,wine,forest,2,0.2,24,recoverability_v3,ok,True,4.034052999941196,3.786869999657938,3.094985000188899,2.4027690001275914,129,98,29,28
case07-rep2,wine,forest,2,0.2,25,recoverability_v2,ok,True,3.738326000075176,2.6791960003720305,2.9906460003985558,2.013230999637017,129,98,29,28
case07-rep2,wine,forest,2,0.2,26,recoverability_v3,ok,True,3.531423999902472,2.9598800001622294,2.845397999863053,2.1224959996288817,129,98,29,28
case07-rep2,wine,forest,2,0.2,27,recoverability_v2,ok,True,3.7497329999496287,2.7988669999103877,2.986551000049076,2.1026760000495415,129,98,29,28
case07-rep2,wine,forest,2,0.2,28,recoverability_v3,ok,True,3.718666000168014,2.7655660001073556,2.9601810001622653,1.980221000394522,129,98,29,28
case07-rep2,wine,forest,2,0.2,29,recoverability_v2,ok,True,3.5472469999149325,2.8546809999170364,2.7856070000780164,2.2315400001389207,129,98,29,28
