case_id,case,baseline,budget_fraction,requests,baseline_planning_s,v2_planning_s,baseline_restore_sum_s,v2_restore_sum_s,baseline_plan_and_restore_s,v2_plan_and_restore_s,planning_speedup,restore_speedup,plan_and_restore_speedup,baseline_retained_bytes,v2_retained_bytes
case00-rep0,case00,cost_cache,0.5,5,0.00013398700048128376,0.00012520400014182087,0.0010144739990209928,0.001141461000770505,0.0011484609995022765,0.001266665000912326,1.0701495186217231,0.8887504683350601,0.9066809287973442,407874,391244
case00-rep0,case00,full_replay,0.5,5,0.00010914999984379392,0.00012520400014182087,0.03351188400029059,0.001141461000770505,0.03362103400013439,0.001266665000912326,0.871777257277385,29.358763880386203,26.54295648487845,346117,391244
case00-rep0,case00,pinned_cost,0.5,5,0.00013536799997382332,0.00012520400014182087,0.001032672000292223,0.001141461000770505,0.0011680400002660463,0.001266665000912326,1.0811795135977245,0.9046931954706751,0.922138054990669,407874,391244
case00-rep0,case00,recoverability,0.5,5,0.0029824519997418975,0.00012520400014182087,0.0011081430002377601,0.001141461000770505,0.004090594999979658,0.001266665000912326,23.820740522376436,0.9708110916533682,3.229421352159705,391244,391244
case00-rep0,case00,target_snapshots,0.5,5,0.0002089259996864712,0.00012520400014182087,0.0010192830004598363,0.001141461000770505,0.0012282090001463075,0.001266665000912326,1.6686847021646023,0.8929634913254184,0.969639959469694,391244,391244
case00-rep0,case00,cost_cache,1.0,5,0.00013334600043890532,0.00038659599977108883,0.0010227680013485951,0.0010136430000784458,0.0011561140017875005,0.0014002389998495346,0.344923383888768,1.0090021844667632,0.8256547645878546,1048152,391244
case00-rep0,case00,full_replay,1.0,5,0.0001076380003723898,0.00038659599977108883,0.03354856799978734,0.0010136430000784458,0.03365620600015973,0.0014002389998495346,0.27842502363222693,33.09702528127853,24.03604384949735,346117,391244
case00-rep0,case00,full_snapshot,1.0,5,0.00016124600006151013,0.00038659599977108883,0.0011328190012136474,0.0010136430000784458,0.0012940650012751576,0.0014002389998495346,0.4170917447593537,1.117571966783156,0.9241743740991458,1048152,391244
case00-rep0,case00,pinned_cost,1.0,5,0.00013357599982555257,0.00038659599977108883,0.0010344760003135889,0.0010136430000784458,0.0011680520001391415,0.0014002389998495346,0.34551831861852056,1.0205526010967676,0.8341804508120805,1048152,391244
case00-rep0,case00,recoverability,1.0,5,0.0025445480005146237,0.00038659599977108883,0.0009809180000956985,0.0010136430000784458,0.0035254660006103222,0.0014002389998495346,6.581930495973319,0.9677154580259375,2.517760183075288,391244,391244
case00-rep0,case00,target_snapshots,1.0,5,0.00018600299972604262,0.00038659599977108883,0.00104784799987101,0.0010136430000784458,0.0012338509995970526,0.0014002389998495346,0.48113017164217603,1.0337446219131559,0.8811717140642693,391244,391244
case00-rep1,case00,cost_cache,0.5,5,0.00020201600000291364,0.00017449500046495814,0.0010696459994505858,0.0009912020004776423,0.0012716619994534994,0.0011656970009426004,1.1577179831205664,1.0791402750752548,1.0909026946326654,407877,391247
case00-rep1,case00,full_replay,0.5,5,0.000193632999980764,0.00017449500046495814,0.034028861999104265,0.0009912020004776423,0.03422249499908503,0.0011656970009426004,1.1096764919614366,34.33090528742514,29.35796778357686,346120,391247
case00-rep1,case00,pinned_cost,0.5,5,0.00013271500029077288,0.00017449500046495814,0.001006995001262112,0.0009912020004776423,0.001139710001552885,0.0011656970009426004,0.760566204975165,1.015933180902439,0.9777069003620135,407877,391247
case00-rep1,case00,recoverability,0.5,5,0.002305757999238267,0.00017449500046495814,0.0009615480003049015,0.0009912020004776423,0.0032673059995431686,0.0011656970009426004,13.213891475941205,0.9700827882122403,2.8028775890314335,391247,391247
case00-rep1,case00,target_snapshots,0.5,5,0.00010922999990725657,0.00017449500046495814,0.0009877969996523461,0.0009912020004776423,0.0010970269995596027,0.0011656970009426004,0.625977819514617,0.9965647760762636,0.9410910370984311,391247,391247
case00-rep1,case00,cost_cache,1.0,5,0.00013305499942362076,0.0001863229999798932,0.0010227280017716112,0.0010165399999095825,0.001155783001195232,0.0012028629998894758,0.7141093661972983,1.0060873176289955,0.9608600491505934,1048155,391247
case00-rep1,case00,full_replay,1.0,5,0.0001065460000972962,0.0001863229999798932,0.03375075599979027,0.0010165399999095825,0.03385730199988757,0.0012028629998894758,0.5718349323958608,33.201601513754774,28.14726365595959,346120,391247
case00-rep1,case00,full_snapshot,1.0,5,0.0001751569998305058,0.0001863229999798932,0.0010710710012062918,0.0010165399999095825,0.0012462280010367977,0.0012028629998894758,0.9400718099719715,1.0536437339421563,1.0360514881173555,1048155,391247
case00-rep1,case00,pinned_cost,1.0,5,0.00019732900000235531,0.0001863229999798932,0.0009749489991008886,0.0010165399999095825,0.001172277999103244,0.0012028629998894758,1.0590694655176753,0.9590857213563723,0.9745731635364608,1048155,391247
case00-rep1,case00,recoverability,1.0,5,0.0024355479999940144,0.0001863229999798932,0.001113289999011613,0.0010165399999095825,0.0035488379990056274,0.0012028629998894758,13.071644403840875,1.095175791518913,2.9503260132963685,391247,391247
case00-rep1,case00,target_snapshots,1.0,5,0.00010791800013976172,0.0001863229999798932,0.0010346759991080035,0.0010165399999095825,0.0011425939992477652,0.0012028629998894758,0.5791984894586687,1.0178409105397073,0.9498953740806323,391247,391247
case00-rep2,case00,cost_cache,0.5,5,0.00020320800012996187,0.0001436100001228624,0.001081403999705799,0.0009626300006857491,0.0012846119998357608,0.0011062400008086115,1.4149989551988837,1.1233848923630458,1.1612416825433607,407880,391250
case00-rep2,case00,full_replay,0.5,5,0.00017496599957667058,0.0001436100001228624,0.03360630499901163,0.0009626300006857491,0.0337812709985883,0.0011062400008086115,1.2183413371421365,34.91092629054932,30.53701816413772,346123,391250
case00-rep2,case00,pinned_cost,0.5,5,0.00022793400057707913,0.0001436100001228624,0.0010173310001846403,0.0009626300006857491,0.0012452650007617194,0.0011062400008086115,1.5871735978140462,1.056824532229334,1.1256734522811387,407880,391250
case00-rep2,case00,recoverability,0.5,5,0.002253030999781913,0.0001436100001228624,0.001045482000336051,0.0009626300006857491,0.003298513000117964,0.0011062400008086115,15.68853838767761,1.0860683747559088,2.9817336181180396,391250,391250
case00-rep2,case00,target_snapshots,0.5,5,0.0001108030000978033,0.0001436100001228624,0.0010282260009262245,0.0009626300006857491,0.0011390290010240278,0.0011062400008086115,0.7715549056681862,1.068142484852692,1.0296400421169447,391250,391250
case00-rep2,case00,cost_cache,1.0,5,0.00013309499991009943,0.00012386199978209333,0.0009994850006478373,0.0010091889998875558,0.0011325800005579367,0.0011330509996696492,1.0745426373241949,0.9903843588854023,0.9995843089924021,1048158,391250
case00-rep2,case00,full_replay,1.0,5,0.00016799600052763708,0.00012386199978209333,0.03392170499955682,0.0010091889998875558,0.03408970100008446,0.0011330509996696492,1.3563159065991777,33.61283664738358,30.08664306374877,346123,391250
case00-rep2,case00,full_snapshot,1.0,5,0.00016550199961784529,0.00012386199978209333,0.001046062999193964,0.0010091889998875558,0.0012115649988118093,0.0011330509996696492,1.3361805873391996,1.0365382493373558,1.069294320524894,1048158,391250
case00-rep2,case00,pinned_cost,1.0,5,0.00013615899933938636,0.00012386199978209333,0.0009929350007951143,0.0010091889998875558,0.0011290940001345007,0.0011330509996696492,1.0992798402974824,0.9838939989494014,0.9965076598173408,1048158,391250
case00-rep2,case00,recoverability,1.0,5,0.0025640779995228513,0.00012386199978209333,0.0010034999995696126,0.0010091889998875558,0.003567577999092464,0.0011330509996696492,20.70108672582193,0.9943627999130221,3.148647324906489,391250,391250
case00-rep2,case00,target_snapshots,1.0,5,0.00017981400014832616,0.00012386199978209333,0.0010183039994444698,0.0010091889998875558,0.001198117999592796,0.0011330509996696492,1.4517285403486742,1.0090320044688652,1.0574263646933082,391250,391250
case00-rep3,case00,cost_cache,0.5,5,0.00015200300003925804,0.00012603499999386258,0.00095042300017667,0.0009581040003467933,0.001102426000215928,0.001084139000340656,1.2060380056861983,0.991983124830558,1.0168677631461704,407875,391245
case00-rep3,case00,full_replay,0.5,5,0.0001221189995703753,0.00012603499999386258,0.031215085999065195,0.0009581040003467933,0.03133720499863557,0.001084139000340656,0.9689292623185785,32.58006018946445,28.90515421803741,346118,391245
case00-rep3,case00,pinned_cost,0.5,5,0.00017719999959808774,0.00012603499999386258,0.00106343799870956,0.0009581040003467933,0.0012406379983076476,0.001084139000340656,1.4059586591559226,1.109940046513364,1.1443532590542513,407875,391245
case00-rep3,case00,recoverability,0.5,5,0.0022243789999265573,0.00012603499999386258,0.000980156998593884,0.0009581040003467933,0.0032045359985204414,0.001084139000340656,17.648899115601825,1.0230173323972225,2.9558349967241457,391245,391245
case00-rep3,case00,target_snapshots,0.5,5,0.00019875199996022275,0.00012603499999386258,0.0010386209987700568,0.0009581040003467933,0.0012373729987302795,0.001084139000340656,1.5769587810520982,1.0840378480771604,1.1413416529997304,391245,391245
case00-rep3,case00,cost_cache,1.0,5,0.00022085300042817835,0.000189667999620724,0.001002028000584687,0.0009583050004948745,0.0012228810010128655,0.0011479730001155986,1.1644188838908751,1.0456253489935186,1.0652524065371953,1048153,391245
case00-rep3,case00,full_replay,1.0,5,0.00010699700033001136,0.000189667999620724,0.03143136300150218,0.0009583050004948745,0.03153836000183219,0.0011479730001155986,0.5641278473119953,32.798913691643925,27.473085167208932,346118,391245
case00-rep3,case00,full_snapshot,1.0,5,0.00016930800029513193,0.000189667999620724,0.00098256000001129,0.0009583050004948745,0.0011518680003064219,0.0011479730001155986,0.8926545365253726,1.0253103130046175,1.0033929371077814,1048153,391245
case00-rep3,case00,pinned_cost,1.0,5,0.00015661899942642776,0.000189667999620724,0.0010251129997413955,0.0009583050004948745,0.0011817319991678232,0.0011479730001155986,0.8257534203957242,1.0697147559618503,1.0294074852359987,1048153,391245
case00-rep3,case00,recoverability,1.0,5,0.002468527000019094,0.000189667999620724,0.0009909919990604976,0.0009583050004948745,0.0034595189990795916,0.0011479730001155986,13.01498937593778,1.0341091808440355,3.013589168674895,391245,391245
case00-rep3,case00,target_snapshots,1.0,5,0.00011150299997098045,0.000189667999620724,0.001030938999974751,0.0009583050004948745,0.0011424419999457314,0.0011479730001155986,0.5878851476999345,1.075794240291314,0.9951819422849577,391245,391245
case00-rep4,case00,cost_cache,0.5,5,0.00019732900000235531,0.00012250899999344256,0.0009669149994806503,0.001006112999675679,0.0011642439994830056,0.0011286219996691216,1.610730640303305,0.961040161286392,1.0315623829983178,407877,391247
case00-rep4,case00,full_replay,0.5,5,0.0001063959998646169,0.00012250899999344256,0.03572562399949675,0.001006112999675679,0.035832019999361364,0.0011286219996691216,0.8684749681273365,35.508560182616584,31.74846849509069,346120,391247
case00-rep4,case00,pinned_cost,0.5,5,0.00013472699993144488,0.00012250899999344256,0.0011355470005582902,0.001006112999675679,0.001270274000489735,0.0011286219996691216,1.0997314478010294,1.128647578278319,1.1255088070781374,407877,391247
case00-rep4,case00,recoverability,0.5,5,0.0022772680003981804,0.00012250899999344256,0.0009964399996533757,0.001006112999675679,0.003273708000051556,0.0011286219996691216,18.58857717000444,0.9903857717518595,2.90062394762047,391247,391247
case00-rep4,case00,target_snapshots,0.5,5,0.0001689079999778187,0.00012250899999344256,0.0011228860003029695,0.001006112999675679,0.0012917940002807882,0.0011286219996691216,1.378739521070776,1.1160635044621552,1.1445763069118835,391247,391247
case00-rep4,case00,cost_cache,1.0,5,0.00020476099962252192,0.00012887899993074825,0.0010000770016631577,0.0011126919998787344,0.0012048380012856796,0.0012415709998094826,1.5887848271056422,0.8987905024680236,0.9704140975188373,1048155,391247
case00-rep4,case00,full_replay,1.0,5,0.00019467499987513293,0.00012887899993074825,0.03570520600078453,0.0011126919998787344,0.03589988100065966,0.0012415709998094826,1.510525376358751,32.08902913355702,28.91488364835233,346120,391247
case00-rep4,case00,full_snapshot,1.0,5,0.00017406499955541221,0.00012887899993074825,0.0011688830009006779,0.0011126919998787344,0.00134294800045609,0.0012415709998094826,1.3506079318503728,1.0505000494548962,1.0816521976287814,1048155,391247
case00-rep4,case00,pinned_cost,1.0,5,0.0001496499999120715,0.00012887899993074825,0.0010128549984074198,0.0011126919998787344,0.0011625049983194913,0.0012415709998094826,1.1611666756607697,0.9102743603061807,0.9363177768310279,1048155,391247
case00-rep4,case00,recoverability,1.0,5,0.0026221930002066074,0.00012887899993074825,0.0012604459989233874,0.0011126919998787344,0.0038826389991299948,0.0012415709998094826,20.34616191633714,1.13278966601787,3.1271985248735517,391247,391247
case00-rep4,case00,target_snapshots,1.0,5,0.00013462700007949024,0.00012887899993074825,0.0009726660000524134,0.0011126919998787344,0.0011072930001319037,0.0012415709998094826,1.044599974796752,0.8741556514816485,0.8918483117774306,391247,391247
case01-rep0,case01,cost_cache,0.25,5,0.0003807579996646382,0.0002616829997350578,0.0009898119988065446,0.0011230250011067255,0.0013705699984711828,0.0013847080008417834,1.4550352909823658,0.8813801988656518,0.9897899034583422,735225,396560
case01-rep0,case01,recoverability,0.25,5,0.0037293460000000778,0.0002616829997350578,0.0009964890004994231,0.0011230250011067255,0.004725835000499501,0.0013847080008417834,14.251388144342092,0.8873257492196497,3.4128747704401214,396560,396560
case01-rep0,case01,target_snapshots,0.25,5,0.00017540699991513975,0.0002616829997350578,0.0010560779992374592,0.0011230250011067255,0.001231484999152599,0.0013847080008417834,0.6703033826910093,0.9403868998434665,0.8893463447917986,396560,396560
case01-rep0,case01,cost_cache,0.5,5,0.0002851880008165608,0.00026744200022221776,0.0010014879999289406,0.0010346170010961941,0.0012866760007455014,0.001302059001318412,1.0663545762430653,0.9679794541050912,0.9881856347851101,1695642,396560
case01-rep0,case01,pinned_cost,0.5,5,0.00028446699980122503,0.00026744200022221776,0.007194682999397628,0.0010346170010961941,0.007479149999198853,0.001302059001318412,1.0636586608119187,6.953957833454061,5.744094539207341,1967105,396560
case01-rep0,case01,recoverability,0.5,5,0.0052206509999450645,0.00026744200022221776,0.0009998150007959339,0.0010346170010961941,0.006220466000740998,0.001302059001318412,19.520684842347954,0.9663624314472051,4.777407163916848,396560,396560
case01-rep0,case01,target_snapshots,0.5,5,0.0002571059994807001,0.00026744200022221776,0.0011142630000904319,0.0010346170010961941,0.001371368999571132,0.001302059001318412,0.9613523652495515,1.0769811426932396,1.0532310733864898,396560,396560
case01-rep0,case01,cost_cache,1.0,5,0.0003485909992377856,0.0003413499998714542,0.0010545149998506531,0.0010472750009284937,0.0014031059990884387,0.0013886250007999479,1.0212128295563445,1.00691317840657,1.0104283001387335,3936615,396560
case01-rep0,case01,full_snapshot,1.0,5,0.0002815019997797208,0.0003413499998714542,0.0010393419988758978,0.0010472750009284937,0.0013208439986556186,0.0013886250007999479,0.8246726230722982,0.9924251012909097,0.9511884042810099,3936615,396560
case01-rep0,case01,pinned_cost,1.0,5,0.00031904699972074013,0.0003413499998714542,0.0010580099997241632,0.0010472750009284937,0.0013770569994449033,0.0013886250007999479,0.9346623695353363,1.010250410623907,0.9916694562258489,3936615,396560
case01-rep0,case01,recoverability,1.0,5,0.006383275000189315,0.0003413499998714542,0.0009925239992298884,0.0010472750009284937,0.007375798999419203,0.0013886250007999479,18.700087893930373,0.9477205111837254,5.311584477573292,396560,396560
case01-rep0,case01,target_snapshots,1.0,5,0.00026412700026412494,0.0003413499998714542,0.001120131998504803,0.0010472750009284937,0.001384258998768928,0.0013886250007999479,0.7737717895520435,1.0695681626236813,0.9968558811568964,396560,396560
case01-rep1,case01,cost_cache,0.25,5,0.00029906799954915186,0.00045641899941983866,0.0010120840006493381,0.0011858580000989605,0.00131115200019849,0.0016422769995187991,0.6552487953597503,0.8534613761216597,0.7983744524112976,735219,396554
case01-rep1,case01,recoverability,0.25,5,0.0035680090004461817,0.00045641899941983866,0.0010688649981602794,0.0011858580000989605,0.004636873998606461,0.0016422769995187991,7.817398059637162,0.9013431608768352,2.823442086788711,396554,396554
case01-rep1,case01,target_snapshots,0.25,5,0.0001772800005710451,0.00045641899941983866,0.001042257999870344,0.0011858580000989605,0.0012195380004413892,0.0016422769995187991,0.38841503267039384,0.8789062432292628,0.742589709774127,396554,396554
case01-rep1,case01,cost_cache,0.5,5,0.00030897299984644633,0.00020917599977110513,0.000989139999546751,0.0010498479996385868,0.0012981129993931972,0.001259023999409692,1.4770958436175565,0.9421744861039553,1.0310470650296044,1695636,396554
case01-rep1,case01,pinned_cost,0.5,5,0.0002764649998425739,0.00020917599977110513,0.00683624999874155,0.0010498479996385868,0.007112714998584124,0.001259023999409692,1.321686044981743,6.511656926616948,5.6493879401179035,1967099,396554
case01-rep1,case01,recoverability,0.5,5,0.005507822000254237,0.00020917599977110513,0.0009973820006052847,0.0010498479996385868,0.006505204000859521,0.001259023999409692,26.33104183214746,0.9500251474009918,5.166862588727111,396554,396554
case01-rep1,case01,target_snapshots,0.5,5,0.0002614429995446699,0.00020917599977110513,0.001158038001449313,0.0010498479996385868,0.0014194810009939829,0.001259023999409692,1.2498709212852284,1.103053015148832,1.1274455464387678,396554,396554
case01-rep1,case01,cost_cache,1.0,5,0.00029727499986620387,0.00025028700019902317,0.0009784340008991421,0.001881056999991415,0.001275709000765346,0.0021313440001904382,1.1877364770436212,0.5201511708064177,0.5985467388893392,3936609,396554
case01-rep1,case01,full_snapshot,1.0,5,0.00024486899928888306,0.00025028700019902317,0.0009583939981894218,0.001881056999991415,0.001203262997478305,0.0021313440001904382,0.9783528473079631,0.5094975847057244,0.5645559784674796,3936609,396554
case01-rep1,case01,pinned_cost,1.0,5,0.0003072599993174663,0.00025028700019902317,0.001344590998996864,0.001881056999991415,0.0016518509983143304,0.0021313440001904382,1.2276306762761924,0.7148060898755331,0.7750278688783864,3936609,396554
case01-rep1,case01,recoverability,1.0,5,0.006623575999583409,0.00025028700019902317,0.0010670229994502733,0.001881056999991415,0.007690598999033682,0.0021313440001904382,26.463923393210493,0.5672464999493068,3.6083330510450295,396554,396554
case01-rep1,case01,target_snapshots,1.0,5,0.00028401600047800457,0.00025028700019902317,0.0010311999985788134,0.001881056999991415,0.001315215999056818,0.0021313440001904382,1.134761295041935,0.5482024194819826,0.617082929334402,396554,396554
case01-rep2,case01,cost_cache,0.25,5,0.0002185200000894838,0.00026704100037022727,0.0010381919992141775,0.0010323119995518937,0.0012567119993036613,0.001299352999922121,0.8183013087373338,1.005695952061815,0.9671828974720377,735227,396562
case01-rep2,case01,recoverability,0.25,5,0.003732029999810038,0.00026704100037022727,0.0010663019993444323,0.0010323119995518937,0.00479833199915447,0.001299352999922121,13.975494379649302,1.032926091925012,3.692862524227109,396562,396562
case01-rep2,case01,target_snapshots,0.25,5,0.00029208800060587237,0.00026704100037022727,0.0009684900014690356,0.0010323119995518937,0.001260578002074908,0.001299352999922121,1.0937945866025058,0.9381756696516539,0.9701582265561883,396562,396562
case01-rep2,case01,cost_cache,0.5,5,0.0002849769998647389,0.00019049899947276572,0.0010882870001296396,0.0010178319998885854,0.0013732639999943785,0.0012083309993613511,1.495950113404559,1.0692206574845027,1.1364965400376228,1695644,396562
case01-rep2,case01,pinned_cost,0.5,5,0.00028906300030939747,0.00019049899947276572,0.00696766100008972,0.0010178319998885854,0.007256724000399117,0.0012083309993613511,1.5173990472885541,6.845590432264282,6.005576290134551,1967107,396562
case01-rep2,case01,recoverability,0.5,5,0.0050868949992946,0.00019049899947276572,0.0009589959990989882,0.0010178319998885854,0.006045890998393588,0.0012083309993613511,26.703001135824007,0.942194781853943,5.003505663257064,396562,396562
case01-rep2,case01,target_snapshots,0.5,5,0.0002751040001385263,0.00019049899947276572,0.001055445000929467,0.0010178319998885854,0.0013305490010679932,0.0012083309993613511,1.4441230709868162,1.0369540366632202,1.1011461278169963,396562,396562
case01-rep2,case01,cost_cache,1.0,5,0.0004314520001571509,0.0002676520007298677,0.0011754629995266441,0.0009766410003066994,0.001606914999683795,0.0012442930010365671,1.611988697938414,1.2035773627745585,1.2914281430058219,3936617,396562
case01-rep2,case01,full_snapshot,1.0,5,0.00027182800022274023,0.0002676520007298677,0.0009806680009205593,0.0009766410003066994,0.0012524960011432995,0.0012442930010365671,1.0156023473819917,1.0041233171785695,1.0065924987924055,3936617,396562
case01-rep2,case01,pinned_cost,1.0,5,0.00021528599972953089,0.0002676520007298677,0.0011073109999415465,0.0009766410003066994,0.0013225969996710774,0.0012442930010365671,0.8043504219750328,1.1337953245806924,1.0629305144120222,3936617,396562
case01-rep2,case01,recoverability,1.0,5,0.0060752740000680205,0.0002676520007298677,0.001070409999556432,0.0009766410003066994,0.0071456839996244526,0.0012442930010365671,22.6984068249114,1.096011737394074,5.742766369071987,396562,396562
case01-rep2,case01,target_snapshots,1.0,5,0.00021275200015224982,0.0002676520007298677,0.0010099799992531189,0.0009766410003066994,0.0012227319994053687,0.0012442930010365671,0.7948829060574568,1.0341363908907673,0.9826720863870191,396562,396562
case01-rep3,case01,cost_cache,0.25,5,0.0002973359996758518,0.00027736599986383226,0.0010445100006108987,0.0010494189991732128,0.0013418460002867505,0.001326784999037045,1.0719987302763259,0.9953221748737333,1.011351501004787,735221,396556
case01-rep3,case01,recoverability,0.25,5,0.003654496000308427,0.00027736599986383226,0.0010198539985140087,0.0010494189991732128,0.004674349998822436,0.001326784999037045,13.175717290881128,0.9718272675809215,3.5230651554057277,396556,396556
case01-rep3,case01,target_snapshots,0.25,5,0.00024783299977571005,0.00027736599986383226,0.0011878120003530057,0.0010494189991732128,0.0014356450001287158,0.001326784999037045,0.8935233586574386,1.131875829662724,1.0820479589162368,396556,396556
case01-rep3,case01,cost_cache,0.5,5,0.00032013899999583373,0.00019077900014963234,0.0011643859988907934,0.0013578519992734073,0.0014845249988866271,0.0015486309994230396,1.6780620495166731,0.8575205541648586,0.9586047285891243,1695638,396556
case01-rep3,case01,pinned_cost,0.5,5,0.0005178190003789496,0.00019077900014963234,0.007556664001640456,0.0013578519992734073,0.008074483002019406,0.0015486309994230396,2.7142347950917673,5.565160272020854,5.213948968493881,1967101,396556
case01-rep3,case01,recoverability,0.5,5,0.0057655199998407625,0.00019077900014963234,0.0011624139997366,0.0013578519992734073,0.0069279339995773626,0.0015486309994230396,30.22093624203258,0.8560682610171161,4.47358602672841,396556,396556
case01-rep3,case01,target_snapshots,0.5,5,0.00024526999914087355,0.00019077900014963234,0.0010633990004862426,0.0013578519992734073,0.0013086689996271161,0.0015486309994230396,1.2856236742435103,0.7831479432627946,0.845048949759288,396556,396556
case01-rep3,case01,cost_cache,1.0,5,0.00030320499990921235,0.00021958100023766747,0.0010151970000151778,0.001007034998110612,0.0013184019999243901,0.0012266159983482794,1.3808344054405113,1.0081049833619282,1.074828635611884,3936611,396556
case01-rep3,case01,full_snapshot,1.0,5,0.00032051000016508624,0.00021958100023766747,0.0010690169992813026,0.001007034998110612,0.0013895269994463888,0.0012266159983482794,1.4596435931076752,1.0615490040435343,1.1328133672783331,3936611,396556
case01-rep3,case01,pinned_cost,1.0,5,0.00022313699992082547,0.00021958100023766747,0.0010063559993795934,0.001007034998110612,0.0012294929993004189,0.0012266159983482794,1.0161944780254626,0.9993257446540662,1.0023454780925845,3936611,396556
case01-rep3,case01,recoverability,1.0,5,0.006762369999705697,0.00021958100023766747,0.0010012249995270395,0.001007034998110612,0.007763594999232737,0.0012266159983482794,30.79669913328714,0.9942305892104315,6.329279097685777,396556,396556
case01-rep3,case01,target_snapshots,1.0,5,0.0002946619997601374,0.00021958100023766747,0.001231335000738909,0.001007034998110612,0.0015259970004990464,0.0012266159983482794,1.3419284885359146,1.222733075860448,1.2440706810883795,396556,396556
case01-rep4,case01,cost_cache,0.25,5,0.00030117100050119916,0.0003909029992428259,0.0010824049986695172,0.002417943999716954,0.0013835759991707164,0.0028088469989597797,0.770449449312396,0.4476551147570929,0.4925779153094155,735215,396550
case01-rep4,case01,recoverability,0.25,5,0.00553502699949604,0.0003909029992428259,0.0013409960010903887,0.002417943999716954,0.006876023000586429,0.0028088469989597797,14.15959204768783,0.554601761350704,2.447987734160271,396550,396550
case01-rep4,case01,target_snapshots,0.25,5,0.0002797500001179287,0.0003909029992428259,0.0010246619985991856,0.002417943999716954,0.0013044119987171143,0.0028088469989597797,0.7156506874078759,0.42377408191386284,0.46439410875714715,396550,396550
case01-rep4,case01,cost_cache,0.5,5,0.00032454600022902014,0.00019916200017178198,0.001086792000933201,0.001112711000132549,0.0014113380011622212,0.001311873000304331,1.6295578471249106,0.9767064411187986,1.0758190776354235,1695632,396550
case01-rep4,case01,pinned_cost,0.5,5,0.0003252770002291072,0.00019916200017178198,0.007950822000566404,0.001112711000132549,0.008276099000795512,0.001311873000304331,1.6332282260097208,7.145451064669336,6.308612951768658,1967095,396550
case01-rep4,case01,recoverability,0.5,5,0.005148975999873073,0.00019916200017178198,0.0011190399991392042,0.001112711000132549,0.0062680159990122775,0.001311873000304331,25.853204905714737,1.0056879090850195,4.777913713871853,396550,396550
case01-rep4,case01,target_snapshots,0.5,5,0.0002629849996083067,0.00019916200017178198,0.0010102200003530015,0.001112711000132549,0.0012732049999613082,0.001311873000304331,1.3204577147321066,0.9078907283496447,0.9705245855856073,396550,396550
case01-rep4,case01,cost_cache,1.0,5,0.00022502899992105085,0.00021614699926431058,0.001175382000837999,0.0012810670004910207,0.0014004110007590498,0.0014972139997553313,1.0410924078843173,0.9175023635668441,0.9353445806597449,3936605,396550
case01-rep4,case01,full_snapshot,1.0,5,0.00017872199987323256,0.00021614699926431058,0.0012882369992439635,0.0012810670004910207,0.001466958999117196,0.0014972139997553313,0.8268539488474985,1.0055968959860762,0.9797924674474862,3936605,396550
case01-rep4,case01,pinned_cost,1.0,5,0.0003956700002163416,0.00021614699926431058,0.001053995000802388,0.0012810670004910207,0.0014496650010187295,0.0014972139997553313,1.830559765174002,0.8227477566734619,0.968241681720601,3936605,396550
case01-rep4,case01,recoverability,1.0,5,0.007109197999852768,0.00021614699926431058,0.001129372998548206,0.0012810670004910207,0.008238570998400974,0.0014972139997553313,32.89056995493813,0.8815877687235156,5.5026008304405964,396550,396550
case01-rep4,case01,target_snapshots,1.0,5,0.00017721000040182844,0.00021614699926431058,0.0013999109987707925,0.0012810670004910207,0.001577120999172621,0.0014972139997553313,0.8198587119182308,1.0927695415104908,1.0533704596873579,396550,396550
case02-rep0,case02,cost_cache,0.25,5,0.0002796299995679874,0.004608764000295196,0.08537935300046229,0.0944122110004173,0.08565898300003028,0.0990209750007125,0.060673534064681296,0.9043253208007692,0.8650589736105297,1694767,1694767
case02-rep0,case02,full_replay,0.25,5,0.00029035500028840033,0.004608764000295196,0.09651757600113342,0.0944122110004173,0.09680793100142182,0.0990209750007125,0.06300062235119933,1.022299710793838,0.97765075531447,1693872,1694767
case02-rep0,case02,pinned_cost,0.25,5,0.00017844200010586064,0.004608764000295196,0.08729978799965465,0.0944122110004173,0.08747822999976052,0.0990209750007125,0.038717972995456325,0.9246662807130827,0.8834313134073976,1694767,1694767
case02-rep0,case02,recoverability,0.25,5,0.005600095999398036,0.004608764000295196,0.08518718100094702,0.0944122110004173,0.09078727700034506,0.0990209750007125,1.2150971494828862,0.9022898637610605,0.9168489504339036,1694767,1694767
case02-rep0,case02,cost_cache,0.5,5,0.0003347609999764245,0.00018949700006487546,0.0011369659996489645,0.001187211000797106,0.001471726999625389,0.0013767080008619814,1.7665767788504145,0.9576781203051468,1.0690189921929083,3252514,1898999
case02-rep0,case02,full_replay,0.5,5,0.00022033300047041848,0.00018949700006487546,0.09938430900092499,0.001187211000797106,0.0996046420013954,0.0013767080008619814,1.1627255333592939,83.7124225889057,72.34986790156748,1693872,1898999
case02-rep0,case02,pinned_cost,0.5,5,0.0003175860001647379,0.00018949700006487546,0.0013603739998870878,0.001187211000797106,0.0016779600000518258,0.0013767080008619814,1.6759420996427934,1.1458569698004133,1.218820548003807,3252514,1898999
case02-rep0,case02,recoverability,0.5,5,0.005653288000758039,0.00018949700006487546,0.0012015919992336421,0.001187211000797106,0.006854879999991681,0.0013767080008619814,29.833126639591132,1.012113262450298,4.9791822199767255,1898999,1898999
case02-rep0,case02,target_snapshots,0.5,5,0.00015072100086399587,0.00018949700006487546,0.0011830429994006408,0.001187211000797106,0.0013337640002646367,0.0013767080008619814,0.7953740735335948,0.9964892496837827,0.9688067472765055,1898999,1898999
case02-rep0,case02,cost_cache,1.0,5,0.0002796400003717281,0.00026007100041169906,0.0012176340014775633,0.001176403000499704,0.0014972740018492914,0.001436474000911403,1.0752448367140157,1.0350483643448254,1.042325862423763,6780611,1898999
case02-rep0,case02,full_replay,1.0,5,0.00023629599945707014,0.00026007100041169906,0.09447126900067815,0.001176403000499704,0.09470756500013522,0.001436474000911403,0.9085826527487014,80.30519214975594,65.93058067187147,1693872,1898999
case02-rep0,case02,full_snapshot,1.0,5,0.0002671820002433378,0.00026007100041169906,0.0012433229976522853,0.001176403000499704,0.001510504997895623,0.001436474000911403,1.0273425326944636,1.0568852656140417,1.051536607649877,6780611,1898999
case02-rep0,case02,pinned_cost,1.0,5,0.00030751100075576687,0.00026007100041169906,0.0012850229995819973,0.001176403000499704,0.0015925340003377642,0.001436474000911403,1.1824117270628753,1.0923323036715773,1.108641019139466,6780611,1898999
case02-rep0,case02,recoverability,1.0,5,0.005840622999130574,0.00026007100041169906,0.001281898998968245,0.001176403000499704,0.007122521998098819,0.001436474000911403,22.457801869046214,1.0896767505894913,4.958336867621534,1898999,1898999
case02-rep0,case02,target_snapshots,1.0,5,0.0002761249998002313,0.00026007100041169906,0.0012973920001968509,0.001176403000499704,0.0015735169999970822,0.001436474000911403,1.0617292945507895,1.1028465582336615,1.0954023525651904,1898999,1898999
case02-rep1,case02,cost_cache,0.25,5,0.00018925699987448752,0.0040874540000004345,0.08731215900024836,0.09162485100023332,0.08750141600012284,0.09571230500023375,0.046301927770799965,0.9529309793914538,0.9142128172538436,1694767,1694767
case02-rep1,case02,full_replay,0.25,5,0.0001508109999122098,0.0040874540000004345,0.10124225199979264,0.09162485100023332,0.10139306299970485,0.09571230500023375,0.03689607269273092,1.1049649837851832,1.0593524312203872,1693872,1694767
case02-rep1,case02,pinned_cost,0.25,5,0.0002643170000737882,0.0040874540000004345,0.08536106400060817,0.09162485100023332,0.08562538100068195,0.09571230500023375,0.06466543723152851,0.9316365927884652,0.8946120459691451,1694767,1694767
case02-rep1,case02,recoverability,0.25,5,0.0057073979996857815,0.0040874540000004345,0.08646386400050687,0.09162485100023332,0.09217126200019266,0.09571230500023375,1.396321034973158,0.9436726287313328,0.9630032627462848,1694767,1694767
case02-rep1,case02,cost_cache,0.5,5,0.00019262299974798225,0.0001658830005908385,0.0012370739987090928,0.0011988079995717271,0.001429696998457075,0.0013646910001625656,1.1611979471187632,1.031920039865463,1.0476342251006021,3252514,1898999
case02-rep1,case02,full_replay,0.5,5,0.0002505080001355964,0.0001658830005908385,0.09640140400006203,0.0011988079995717271,0.09665191200019763,0.0013646910001625656,1.510148714716652,80.41438164785464,70.82329405607877,1693872,1898999
case02-rep1,case02,pinned_cost,0.5,5,0.00030505700033245375,0.0001658830005908385,0.0014369150003403774,0.0011988079995717271,0.0017419720006728312,0.0013646910001625656,1.8389889213837964,1.198619796375828,1.2764589203455747,3252514,1898999
case02-rep1,case02,recoverability,0.5,5,0.005927670999881229,0.0001658830005908385,0.0012783450001734309,0.0011988079995717271,0.00720601600005466,0.0013646910001625656,35.73404736331136,1.0663467382851284,5.280327927125086,1898999,1898999
case02-rep1,case02,target_snapshots,0.5,5,0.00022257599994190969,0.0001658830005908385,0.0012158830013504485,0.0011988079995717271,0.0014384590012923582,0.0013646910001625656,1.3417649738016753,1.0142433165150895,1.0540547282285917,1898999,1898999
case02-rep1,case02,cost_cache,1.0,5,0.00032593800005997764,0.00025553399973432533,0.0013275960000100895,0.0012333479990047636,0.0016535340000700671,0.0014888819987390889,1.2755171538771757,1.0764163894386485,1.1105876768410252,6780611,1898999
case02-rep1,case02,full_replay,1.0,5,0.00019450499985396164,0.00025553399973432533,0.09973952299969824,0.0012333479990047636,0.0999340279995522,0.0014888819987390889,0.7611707250549258,80.86892189404932,67.1201801648383,1693872,1898999
case02-rep1,case02,full_snapshot,1.0,5,0.0002559750000727945,0.00025553399973432533,0.001188823999655142,0.0012333479990047636,0.0014447989997279365,0.0014888819987390889,1.0017257990675514,0.9638998892562767,0.9703918785716493,6780611,1898999
case02-rep1,case02,pinned_cost,1.0,5,0.00020920699989801506,0.00025553399973432533,0.001189984000120603,0.0012333479990047636,0.001399191000018618,0.0014888819987390889,0.8187051434076259,0.964840418990299,0.9397594982030619,6780611,1898999
case02-rep1,case02,recoverability,1.0,5,0.006137979999948584,0.00025553399973432533,0.0012895010004285723,0.0012333479990047636,0.007427481000377156,0.0014888819987390889,24.02020868585059,1.0455289192256532,4.988629727988769,1898999,1898999
case02-rep1,case02,target_snapshots,1.0,5,0.0001862440003606025,0.00025553399973432533,0.0011934799995287904,0.0012333479990047636,0.0013797239998893929,0.0014888819987390889,0.7288423480015868,0.967674979399047,0.9266845868630689,1898999,1898999
case02-rep2,case02,cost_cache,0.25,5,0.0002031479998549912,0.004481187999772374,0.11564844900021853,0.11869252899941785,0.11585159700007353,0.12317371699919022,0.045333514207685624,0.9743532299390618,0.940554525937016,1694766,1694766
case02-rep2,case02,full_replay,0.25,5,0.0001495690003139316,0.004481187999772374,0.10459634999915579,0.11869252899941785,0.10474591899946972,0.12317371699919022,0.03337708668360469,0.8812378578576652,0.8503918007131209,1693871,1694766
case02-rep2,case02,pinned_cost,0.25,5,0.000289204000182508,0.004481187999772374,0.09156555599838612,0.11869252899941785,0.09185475999856862,0.12317371699919022,0.06453735040734698,0.7714517229541483,0.7457334424613694,1694766,1694766
case02-rep2,case02,recoverability,0.25,5,0.005758417999459198,0.004481187999772374,0.10264099899904977,0.11869252899941785,0.10839941699850897,0.12317371699919022,1.2850204007847255,0.864763771269489,0.8800531447729357,1694766,1694766
case02-rep2,case02,cost_cache,0.5,5,0.00031931700050336076,0.000167094999596884,0.0012907919990539085,0.0012432499988790369,0.0016101089995572693,0.0014103449984759209,1.9109907613855095,1.03824009669635,1.1416419395943702,3252513,1898998
case02-rep2,case02,full_replay,0.5,5,0.0002481930005160393,0.000167094999596884,0.10960471799899096,0.0012432499988790369,0.109852910999507,0.0014103449984759209,1.4853406811382979,88.15983760129893,77.89080765218351,1693871,1898998
case02-rep2,case02,pinned_cost,0.5,5,0.0001866430002337438,0.000167094999596884,0.0013214060008976958,0.0012432499988790369,0.0015080490011314396,0.0014103449984759209,1.1169873466232938,1.062864268722403,1.069276668305345,3252513,1898998
case02-rep2,case02,recoverability,0.5,5,0.006047591999958968,0.000167094999596884,0.0014509960010400391,0.0012432499988790369,0.007498588000999007,0.0014103449984759209,36.1925372665176,1.1670991372196373,5.316846593636523,1898998,1898998
case02-rep2,case02,target_snapshots,0.5,5,0.00029546299992944114,0.000167094999596884,0.0012065990013070405,0.0012432499988790369,0.0015020620012364816,0.0014103449984759209,1.7682336433899541,0.970520009969803,1.065031607769499,1898998,1898998
case02-rep2,case02,cost_cache,1.0,5,0.0003167039994877996,0.00017462499999965075,0.0012659750000239,0.001338211000074807,0.0015826789995116997,0.0015128360000744578,1.813623475953804,0.946020470578355,1.0461669337811925,6780610,1898998
case02-rep2,case02,full_replay,1.0,5,0.0002881620002881391,0.00017462499999965075,0.11375291000058496,0.001338211000074807,0.1140410720008731,0.0015128360000744578,1.6501760932782559,85.00371764559257,75.38230977796688,1693871,1898998
case02-rep2,case02,full_snapshot,1.0,5,0.00028685999950539554,0.00017462499999965075,0.0014468509989455924,0.001338211000074807,0.001733710998450988,0.0015128360000744578,1.642720111702043,1.0811830113970908,1.1460006229132962,6780610,1898998
case02-rep2,case02,pinned_cost,1.0,5,0.00018707500021264423,0.00017462499999965075,0.0013789819995508878,0.001338211000074807,0.001566056999763532,0.0015128360000744578,1.0712956347202198,1.0304667944545378,1.0351796226996548,6780610,1898998
case02-rep2,case02,recoverability,1.0,5,0.006205454999872018,0.00017462499999965075,0.0013092399985907832,0.001338211000074807,0.007514694998462801,0.0015128360000744578,35.53589119475693,0.978350946538024,4.96728990987321,1898998,1898998
case02-rep2,case02,target_snapshots,1.0,5,0.00024081299943645718,0.00017462499999965075,0.0012604269995790673,0.001338211000074807,0.0015012399990155245,0.0015128360000744578,1.3790293453797497,0.9418746367415964,0.9923349252276106,1898998,1898998
case02-rep3,case02,cost_cache,0.25,5,0.00027189899992663413,0.003926954000235128,0.09044355300102325,0.08759275399916078,0.09071545200094988,0.0915197079993959,0.06923916091463106,1.0325460597104845,0.9912122097411922,1694764,1694764
case02-rep3,case02,full_replay,0.25,5,0.0002474530001563835,0.003926954000235128,0.10207565699965926,0.08759275399916078,0.10232310999981564,0.0915197079993959,0.0630139798280212,1.1653436196404698,1.1180445418432832,1693868,1694764
case02-rep3,case02,pinned_cost,0.25,5,0.0002837960000761086,0.003926954000235128,0.08720540500053175,0.08759275399916078,0.08748920100060786,0.0915197079993959,0.07226873552863523,0.9955778419909855,0.955960228819626,1694764,1694764
case02-rep3,case02,recoverability,0.25,5,0.005797996000183048,0.003926954000235128,0.08395706499959488,0.08759275399916078,0.08975506099977792,0.0915197079993959,1.4764613998116327,0.9584932676097758,0.9807183934674526,1694764,1694764
case02-rep3,case02,cost_cache,0.5,5,0.0002916569992521545,0.0001678059998084791,0.0015098230005605728,0.00125252699945122,0.0018014799998127273,0.0014203329992596991,1.738060615145045,1.205421520831155,1.2683504507405574,3252510,1898995
case02-rep3,case02,full_replay,0.5,5,0.0002552639998611994,0.0001678059998084791,0.10487381799975992,0.00125252699945122,0.10512908199962112,0.0014203329992596991,1.5211851790313706,83.72978630058206,74.0172072707007,1693868,1898995
case02-rep3,case02,pinned_cost,0.5,5,0.00027600399971561274,0.0001678059998084791,0.0011400909988878993,0.00125252699945122,0.001416094998603512,0.0014203329992596991,1.6447802821747883,0.9102326731379178,0.997016192218025,3252510,1898995
case02-rep3,case02,recoverability,0.5,5,0.005928537999352557,0.0001678059998084791,0.0011106860010841046,0.00125252699945122,0.007039224000436661,0.0014203329992596991,35.32971411105047,0.8867561350539658,4.95603777713087,1898995,1898995
case02-rep3,case02,target_snapshots,0.5,5,0.00015560700012429152,0.0001678059998084791,0.001260801000171341,0.00125252699945122,0.0014164080002956325,0.0014203329992596991,0.9273029587850816,1.0066058462003182,0.997236564266188,1898995,1898995
case02-rep3,case02,cost_cache,1.0,5,0.00024399700032518012,0.00017165000008390052,0.0015428710012201918,0.0015322780000133207,0.001786868001545372,0.0017039280000972212,1.4214797565156845,1.0069132371585177,1.048675766489792,6780607,1898995
case02-rep3,case02,full_replay,1.0,5,0.0001495989999966696,0.00017165000008390052,0.09730393400150206,0.0015322780000133207,0.09745353300149873,0.0017039280000972212,0.8715351000497952,63.50279387986785,57.19345711552267,1693868,1898995
case02-rep3,case02,full_snapshot,1.0,5,0.00015891200018813834,0.00017165000008390052,0.0015858139995543752,0.0015322780000133207,0.0017447259997425135,0.0017039280000972212,0.9257908541244626,1.0349388293381416,1.0239434997505554,6780607,1898995
case02-rep3,case02,pinned_cost,1.0,5,0.0004042919999847072,0.00017165000008390052,0.0014560549998350325,0.0015322780000133207,0.0018603469998197397,0.0017039280000972212,2.355327700478264,0.9502551102491679,1.0917990664591424,6780607,1898995
case02-rep3,case02,recoverability,1.0,5,0.005911862999710138,0.00017165000008390052,0.0011558830010471866,0.0015322780000133207,0.0070677460007573245,0.0017039280000972212,34.4413806980512,0.7543559334775661,4.147913527070427,1898995,1898995
case02-rep3,case02,target_snapshots,1.0,5,0.0002414939999653143,0.00017165000008390052,0.0011563440011741477,0.0015322780000133207,0.001397838001139462,0.0017039280000972212,1.406897756174045,0.7546567928039789,0.8203621285991576,1898995,1898995
case02-rep4,case02,cost_cache,0.25,5,0.00018567099959909683,0.0038657169998259633,0.09088022300056764,0.0883331229997566,0.09106589400016674,0.09219883999958256,0.048030158339955005,1.0288351630092152,0.9877119278353074,1694768,1694768
case02-rep4,case02,full_replay,0.25,5,0.00016047400004026713,0.0038657169998259633,0.09897536799962836,0.0883331229997566,0.09913584199966863,0.09219883999958256,0.04151209207696574,1.1204785321571964,1.0752395800220207,1693873,1694768
case02-rep4,case02,pinned_cost,0.25,5,0.0001885860001493711,0.0038657169998259633,0.11865865899926575,0.0883331229997566,0.11884724499941512,0.09219883999958256,0.04878422299352522,1.3433087721758996,1.2890318902054865,1694768,1694768
case02-rep4,case02,recoverability,0.25,5,0.006047473999387876,0.0038657169998259633,0.09049717400012014,0.0883331229997566,0.09654464799950802,0.09219883999958256,1.5643861150881289,1.0244987489049777,1.0471351700297438,1694768,1694768
case02-rep4,case02,cost_cache,0.5,5,0.00029878599980293075,0.00025685499986138893,0.0012945510006829863,0.0012859680000474327,0.001593337000485917,0.0015428229999088217,1.1632477466437086,1.006674350088989,1.0327412804839444,3290915,1899000
case02-rep4,case02,full_replay,0.5,5,0.0001484160002291901,0.00025685499986138893,0.10169014299845003,0.0012859680000474327,0.10183855899867922,0.0015428229999088217,0.5778201721176631,79.07672896580569,66.00793416010632,1693873,1899000
case02-rep4,case02,pinned_cost,0.5,5,0.0002751420006461558,0.00025685499986138893,0.0014360060004037223,0.0012859680000474327,0.001711148001049878,0.0015428229999088217,1.0711958139597648,1.116673198983766,1.1091019521688517,3290915,1899000
case02-rep4,case02,recoverability,0.5,5,0.006119999000475218,0.00025685499986138893,0.0014094789994487655,0.0012859680000474327,0.007529477999923984,0.0015428229999088217,23.826668757773287,1.0960451577308121,4.880325222251006,1899000,1899000
case02-rep4,case02,target_snapshots,0.5,5,0.00028465600007621106,0.00025685499986138893,0.001720092999676126,0.0012859680000474327,0.002004748999752337,0.0015428229999088217,1.1082361652676602,1.3375861604741959,1.2994031070776197,1899000,1899000
case02-rep4,case02,cost_cache,1.0,5,0.000313076999191253,0.0002732090006247745,0.0014004460008436581,0.0011543439986780868,0.001713523000034911,0.0014275529993028613,1.1459249090451205,1.2131964149745644,1.2003218100285606,6780612,1899000
case02-rep4,case02,full_replay,1.0,5,0.00030973299999459414,0.0002732090006247745,0.10180322999894997,0.0011543439986780868,0.10211296299894457,0.0014275529993028613,1.1336851980948526,88.1914144445082,71.53006791958754,1693873,1899000
case02-rep4,case02,full_snapshot,1.0,5,0.00025181799992424203,0.0002732090006247745,0.001315560999501031,0.0011543439986780868,0.001567378999425273,0.0014275529993028613,0.9217046266718318,1.1396611417459301,1.097948027282136,6780612,1899000
case02-rep4,case02,pinned_cost,1.0,5,0.0002946109998447355,0.0002732090006247745,0.0012939790003656526,0.0011543439986780868,0.001588590000210388,0.0014275529993028613,1.0783356301257239,1.1209648093180808,1.1128063203160712,6780612,1899000
case02-rep4,case02,recoverability,1.0,5,0.006158406000395189,0.0002732090006247745,0.0012415419987519272,0.0011543439986780868,0.007399947999147116,0.0014275529993028613,22.54100701774884,1.0755390075867302,5.183659032456831,1899000,1899000
case02-rep4,case02,target_snapshots,1.0,5,0.00017397400006302632,0.0002732090006247745,0.0012132929996369057,0.0011543439986780868,0.001387266999699932,0.0014275529993028613,0.636779899875855,1.0510671004711984,0.9717796819994755,1899000,1899000
case03-rep0,case03,cost_cache,0.1,5,0.00039273200036404887,0.00035347499942872673,0.0013849570004822453,0.0011666780019368161,0.0017776890008462942,0.0015201530013655429,1.1110601909576854,1.1870944666678052,1.169414525544079,1986855,1904320
case03-rep0,case03,recoverability,0.1,5,0.005142997000803007,0.00035347499942872673,0.0012625610015675193,0.0011666780019368161,0.006405558002370526,0.0015201530013655429,14.549818259042164,1.0821846297534767,4.213758744426684,1904320,1904320
case03-rep0,case03,target_snapshots,0.1,5,0.00031536200003756676,0.00035347499942872673,0.0013118029992256197,0.0011666780019368161,0.0016271649992631865,0.0015201530013655429,0.8921762516365888,1.1243916462364765,1.0703955442652913,1904320,1904320
case03-rep0,case03,cost_cache,0.25,5,0.0002865899996322696,0.0003338690003147349,0.0012304430010772194,0.0012181650008642464,0.001517033000709489,0.0015520340011789813,0.8583905644492426,1.010079094543237,0.9774483030378818,5187133,1904320
case03-rep0,case03,recoverability,0.25,5,0.0052422089993342524,0.0003338690003147349,0.0011046190002161893,0.0012181650008642464,0.006346827999550442,0.0015520340011789813,15.701394841666868,0.906789309685059,4.089361441005262,1904320,1904320
case03-rep0,case03,target_snapshots,0.25,5,0.00036207999983162154,0.0003338690003147349,0.0011659780002446496,0.0012181650008642464,0.0015280580000762711,0.0015520340011789813,1.084497211452074,0.9571593334379399,0.9845518841181977,1904320,1904320
case03-rep0,case03,cost_cache,0.5,5,0.0003880889998981729,0.0002345140001125401,0.0011902039987035096,0.0012082759994882508,0.0015782929986016825,0.001442789999600791,1.6548649535291464,0.9850431517365276,1.0939173400414366,9988106,1904320
case03-rep0,case03,pinned_cost,0.5,5,0.0003053660002478864,0.0002345140001125401,0.0011097639999206876,0.0012082759994882508,0.001415130000168574,0.001442789999600791,1.3021226882034564,0.9184689594022503,0.9808288112338801,10315369,1904320
case03-rep0,case03,recoverability,0.5,5,0.008420645000114746,0.0002345140001125401,0.001121993000197108,0.0012082759994882508,0.009542638000311854,0.001442789999600791,35.90679019620915,0.9285899915849632,6.614017287999106,1904320,1904320
case03-rep0,case03,target_snapshots,0.5,5,0.0004893669993180083,0.0002345140001125401,0.0011943809995500487,0.0012082759994882508,0.001683747998868057,0.001442789999600791,2.086728293761429,0.9885001440531078,1.1670083652741823,1904320,1904320
case03-rep0,case03,cost_cache,1.0,5,0.00035972400019090855,0.00036964799983252306,0.0011341199997332296,0.0011334589989928645,0.0014938439999241382,0.0015031069988253876,0.9731528382512261,1.000583171284495,0.9938374321265965,21189079,1904320
case03-rep0,case03,full_snapshot,1.0,5,0.00036855999951512786,0.00036964799983252306,0.0011339199991198257,0.0011334589989928645,0.0015024799986349535,0.0015031069988253876,0.9970566584483397,1.0004067197202287,0.9995828639006245,21189079,1904320
case03-rep0,case03,pinned_cost,1.0,5,0.0005072339999969699,0.00036964799983252306,0.0011537520013007452,0.0011334589989928645,0.0016609860012977151,0.0015031069988253876,1.372208155398604,1.0179036050937105,1.105035105681567,21189079,1904320
case03-rep0,case03,recoverability,1.0,5,0.009117128999605484,0.00036964799983252306,0.0012078780000592815,0.0011334589989928645,0.010325006999664765,0.0015031069988253876,24.66435366547687,1.065656544376587,6.869109789079093,1904320,1904320
case03-rep0,case03,target_snapshots,1.0,5,0.00033507799980725395,0.00036964799983252306,0.001170574000752822,0.0011334589989928645,0.001505652000560076,0.0015031069988253876,0.9064785957426206,1.0327449001621902,1.0016931607242048,1904320,1904320
case03-rep1,case03,cost_cache,0.1,5,0.0004434449992913869,0.0003202300003977143,0.0013018749987168121,0.0012465049994716537,0.001745319998008199,0.001566734999869368,1.384770317398882,1.044420198289319,1.1139854526475257,1986849,1904314
case03-rep1,case03,recoverability,0.1,5,0.0049534660001882,0.0003202300003977143,0.0013586300010501873,0.0012465049994716537,0.0063120960012383875,0.001566734999869368,15.468463273385288,1.0899515057108147,4.028821722732102,1904314,1904314
case03-rep1,case03,target_snapshots,0.1,5,0.0004034910007248982,0.0003202300003977143,0.0012259380000614328,0.0012465049994716537,0.001629429000786331,0.001566734999869368,1.2600037480054231,0.9835002672119739,1.0400157020314158,1904314,1904314
case03-rep1,case03,cost_cache,0.25,5,0.00031910400048218435,0.0003807949997280957,0.001113610001084453,0.0011934269987250445,0.0014327140015666373,0.0015742219984531403,0.8379941982169896,0.9331194972747715,0.9101092495051197,5187127,1904314
case03-rep1,case03,recoverability,0.25,5,0.0054094739998618024,0.0003807949997280957,0.0012710909995803377,0.0011934269987250445,0.00668056499944214,0.0015742219984531403,14.205738005289994,1.0650764570755167,4.243724840592106,1904314,1904314
case03-rep1,case03,target_snapshots,0.25,5,0.0003026430003956193,0.0003807949997280957,0.0012598450002769823,0.0011934269987250445,0.0015624880006726016,0.0015742219984531403,0.7947662143980873,1.0556531749515412,0.9925461607117239,1904314,1904314
case03-rep1,case03,cost_cache,0.5,5,0.0003641840003183461,0.00036979200012865476,0.0012907700011055567,0.0012831989997721394,0.0016549540014239028,0.0016529909999007941,0.9848347184137093,1.0059000991543492,1.0011875451972978,9988100,1904314
case03-rep1,case03,pinned_cost,0.5,5,0.0003546500001903041,0.00036979200012865476,0.001301535000493459,0.0012831989997721394,0.001656185000683763,0.0016529909999007941,0.9590526568095509,1.0142892885083106,1.0019322553983419,10315363,1904314
case03-rep1,case03,recoverability,0.5,5,0.00844612099990627,0.00036979200012865476,0.0012349400003586197,0.0012831989997721394,0.00968106100026489,0.0016529909999007941,22.840193938667603,0.9623916481994694,5.856693110153599,1904314,1904314
case03-rep1,case03,target_snapshots,0.5,5,0.0003122470006928779,0.00036979200012865476,0.001130775999627076,0.0012831989997721394,0.001443023000319954,0.0016529909999007941,0.8443854939648335,0.881216397322528,0.8729769251051932,1904314,1904314
case03-rep1,case03,cost_cache,1.0,5,0.0004271559992048424,0.00037821400019311113,0.0011514780007928493,0.0014066399999137502,0.0015786339999976917,0.0017848540001068613,1.1294029279369406,0.8186017750550628,0.8844611379435948,21189073,1904314
case03-rep1,case03,full_snapshot,1.0,5,0.0003199579996362445,0.00037821400019311113,0.0011329500002830173,0.0014066399999137502,0.0014529079999192618,0.0017848540001068613,0.845970798206513,0.8054299610081367,0.8140206424908001,21189073,1904314
case03-rep1,case03,pinned_cost,1.0,5,0.00029140700007701525,0.00037821400019311113,0.0013643579995914479,0.0014066399999137502,0.0016557649996684631,0.0017848540001068613,0.7704817905424618,0.9699411360938869,0.9276753166193596,21189073,1904314
case03-rep1,case03,recoverability,1.0,5,0.008817764000013995,0.00037821400019311113,0.0011603289995036903,0.0014066399999137502,0.009978092999517685,0.0017848540001068613,23.31421892238722,0.8248940735190505,5.590425322698823,1904314,1904314
case03-rep1,case03,target_snapshots,1.0,5,0.00033857300059025874,0.00037821400019311113,0.0012866130000475096,0.0014066399999137502,0.0016251860006377683,0.0017848540001068613,0.8951889681962798,0.9146711312961381,0.9105428234132688,1904314,1904314
case03-rep2,case03,cost_cache,0.1,5,0.00044903799971507397,0.00038569499974983046,0.0011445030013419455,0.0012440609998520813,0.0015935410010570195,0.0016297559996019118,1.1642308041492087,0.9199733786992975,0.9777788831249965,1986858,1904323
case03-rep2,case03,recoverability,0.1,5,0.005079393999949389,0.00038569499974983046,0.001273355002012977,0.0012440609998520813,0.006352749001962366,0.0016297559996019118,13.16945774055662,1.0235470786114014,3.897975527326854,1904323,1904323
case03-rep2,case03,target_snapshots,0.1,5,0.00031345899969892344,0.00038569499974983046,0.001304790000176581,0.0012440609998520813,0.0016182489998755045,0.0016297559996019118,0.8127121168338693,1.0488151307144267,0.9929394340445944,1904323,1904323
case03-rep2,case03,cost_cache,0.25,5,0.0003960700005336548,0.00033598199934203876,0.001179377000880777,0.0011879709982167697,0.0015754470014144317,0.0015239529975588084,1.1788429181006357,0.9927658189056021,1.03378975856743,5187692,1904323
case03-rep2,case03,recoverability,0.25,5,0.0052035980006621685,0.00033598199934203876,0.0010828419999597827,0.0011879709982167697,0.006286440000621951,0.0015239529975588084,15.487728541566195,0.9115054168706196,4.125087854213405,1904323,1904323
case03-rep2,case03,target_snapshots,0.25,5,0.00034742900061246473,0.00033598199934203876,0.0011439460004112334,0.0011879709982167697,0.0014913750010236981,0.0015239529975588084,1.0340702814223468,0.9629410163449942,0.9786227025457502,1904323,1904323
case03-rep2,case03,cost_cache,0.5,5,0.0005471920003401465,0.00023864900049375137,0.0011933480000152485,0.0012753170003634295,0.001740540000355395,0.001513966000857181,2.2928736311823514,0.9357265681200657,1.1496559363750123,9988109,1904323
case03-rep2,case03,pinned_cost,0.5,5,0.00036257099964132067,0.00023864900049375137,0.0011013529992851545,0.0012753170003634295,0.0014639239989264752,0.001513966000857181,1.5192646895280586,0.8635915611344472,0.9669464162984025,10315372,1904323
case03-rep2,case03,recoverability,0.5,5,0.008047392000662512,0.00023864900049375137,0.0011144800000693067,0.0012753170003634295,0.009161872000731819,0.001513966000857181,33.72061891737619,0.8738846888669336,6.05157050788758,1904323,1904323
case03-rep2,case03,target_snapshots,0.5,5,0.00036258100044506136,0.00023864900049375137,0.0011043970007449389,0.0012753170003634295,0.0014669780011900002,0.001513966000857181,1.519306595438915,0.865978419820497,0.9689636361446843,1904323,1904323
case03-rep2,case03,cost_cache,1.0,5,0.00027544299973669695,0.00022950600032345392,0.0012320659998295014,0.001137626999479835,0.0015075089995661983,0.0013671329998032888,1.2001559843686083,1.0830140286691925,1.102679110066912,21189082,1904323
case03-rep2,case03,full_snapshot,1.0,5,0.00033571200037840754,0.00022950600032345392,0.0012045340008626226,0.001137626999479835,0.0015402460012410302,0.0013671329998032888,1.4627591431390568,1.0588127755524264,1.1266248429835648,21189082,1904323
case03-rep2,case03,pinned_cost,1.0,5,0.0003788250005527516,0.00022950600032345392,0.0012099919995307573,0.001137626999479835,0.001588817000083509,0.0013671329998032888,1.6506104416392389,1.063610480486144,1.1621524755178299,21189082,1904323
case03-rep2,case03,recoverability,1.0,5,0.008855497999320505,0.00022950600032345392,0.0011686340003507212,0.001137626999479835,0.010024131999671226,0.0013671329998032888,38.58503911374876,1.0272558588052707,7.3322288329764245,1904323,1904323
case03-rep2,case03,target_snapshots,1.0,5,0.0002544030003264197,0.00022950600032345392,0.001239608001014858,0.001137626999479835,0.0014940110013412777,0.0013671329998032888,1.1084808238907795,1.0896436192017704,1.092805894932128,1904323,1904323
case03-rep3,case03,cost_cache,0.1,5,0.0006164329997773166,0.00034435399993526516,0.001274297999771079,0.0014992689993960084,0.0018907309995483956,0.0018436229993312736,1.7901142425910526,0.8499462073079876,1.0255518618688362,1986848,1904313
case03-rep3,case03,recoverability,0.1,5,0.00758978300018498,0.00034435399993526516,0.0014239859992812853,0.0014992689993960084,0.009013768999466265,0.0018436229993312736,22.040641321465053,0.9497868627010554,4.889160637904699,1904313,1904313
case03-rep3,case03,target_snapshots,0.1,5,0.0002278139991176431,0.00034435399993526516,0.0011666090013022767,0.0014992689993960084,0.0013944230004199198,0.0018436229993312736,0.66156919670011,0.7781185376155004,0.7563493192077289,1904313,1904313
case03-rep3,case03,cost_cache,0.25,5,0.0004031309999845689,0.00023206000059872167,0.0011810500000137836,0.0011420740011089947,0.0015841809999983525,0.0013741340017077164,1.7371843443268078,1.0341273847990076,1.1528577256873045,5187682,1904313
case03-rep3,case03,recoverability,0.25,5,0.005679072000020824,0.00023206000059872167,0.0011661790003927308,0.0011420740011089947,0.006845251000413555,0.0013741340017077164,24.47242948103357,1.0211063374705398,4.981501798155466,1904313,1904313
case03-rep3,case03,target_snapshots,0.25,5,0.00032676899991201935,0.00023206000059872167,0.0011122580008304794,0.0011420740011089947,0.0014390270007424988,0.0013741340017077164,1.4081228952380662,0.9738931100352841,1.0472246512742833,1904313,1904313
case03-rep3,case03,cost_cache,0.5,5,0.0004330040001150337,0.0003299429999970016,0.0014809599988439004,0.0012974320006833295,0.001913963998958934,0.0016273750006803311,1.3123600140599094,1.1414548107830782,1.1761050760634724,9988099,1904313
case03-rep3,case03,pinned_cost,0.5,5,0.0004530440000962699,0.0003299429999970016,0.0012966790000064066,0.0012974320006833295,0.0017497230001026765,0.0016273750006803311,1.3730977777991562,0.9994196222410682,1.0751811963261062,10315362,1904313
case03-rep3,case03,recoverability,0.5,5,0.00845907700022508,0.0003299429999970016,0.0011744489984266693,0.0012974320006833295,0.009633525998651749,0.0016273750006803311,25.637995048544603,0.9052104447925688,5.919671860895252,1904313,1904313
case03-rep3,case03,target_snapshots,0.5,5,0.0003478899998299312,0.0003299429999970016,0.001152377999460441,0.0012974320006833295,0.0015002679992903722,0.0016273750006803311,1.0543942433483744,0.888199149437896,0.9218944611187826,1904313,1904313
case03-rep3,case03,cost_cache,1.0,5,0.00028047199975844705,0.00033321799946861574,0.001224384999659378,0.0011983659996985807,0.0015048569994178251,0.0015315839991671965,0.8417072313191876,1.0217120645673707,0.9825494391663113,21189072,1904313
case03-rep3,case03,full_snapshot,1.0,5,0.00035110499993606936,0.00033321799946861574,0.0013505480001185788,0.0011983659996985807,0.0017016530000546481,0.0015315839991671965,1.053679574620753,1.1269912534720408,1.1110412494384423,21189072,1904313
case03-rep3,case03,pinned_cost,1.0,5,0.0003885400001308881,0.00033321799946861574,0.001632251999581058,0.0011983659996985807,0.002020791999711946,0.0015315839991671965,1.1660234463639256,1.3620646780629713,1.319413104871008,21189072,1904313
case03-rep3,case03,recoverability,1.0,5,0.009158943999864277,0.00033321799946861574,0.0021214789994701277,0.0011983659996985807,0.011280422999334405,0.0015315839991671965,27.486342317852237,1.7703097384302735,7.365200345177391,1904313,1904313
case03-rep3,case03,target_snapshots,1.0,5,0.0002781569992293953,0.00033321799946861574,0.0012051969997628476,0.0011983659996985807,0.0014833539989922429,0.0015315839991671965,0.8347598259186885,1.0057002619116238,0.9685097257472142,1904313,1904313
case03-rep4,case03,cost_cache,0.1,5,0.0003920340004697209,0.0003341800002090167,0.0013057950000074925,0.001336267999249685,0.0016978290004772134,0.0016704479994587018,1.1731222701074833,0.977195443384633,1.016391411781381,1986854,1904319
case03-rep4,case03,recoverability,0.1,5,0.005510376000529504,0.0003341800002090167,0.0012110860016036895,0.001336267999249685,0.006721462002133194,0.0016704479994587018,16.489245308166186,0.9063196920705388,4.023748122845633,1904319,1904319
case03-rep4,case03,target_snapshots,0.1,5,0.0004018890003862907,0.0003341800002090167,0.0015434830002050148,0.001336267999249685,0.0019453720005913056,0.0016704479994587018,1.2026123649976797,1.1550699418617232,1.164580999361663,1904319,1904319
case03-rep4,case03,cost_cache,0.25,5,0.0005919080003877752,0.00036141000055067707,0.001390977999108145,0.001663177999034815,0.0019828859994959203,0.002024587999585492,1.6377742715638486,0.836337421439777,0.9794022289482552,5187688,1904319
case03-rep4,case03,recoverability,0.25,5,0.005448827000691381,0.00036141000055067707,0.0013384909989326843,0.001663177999034815,0.006787317999624065,0.002024587999585492,15.076580593755164,0.8047791635708536,3.3524440533153808,1904319,1904319
case03-rep4,case03,target_snapshots,0.25,5,0.00022001200068189064,0.00036141000055067707,0.0012788539997927728,0.001663177999034815,0.0014988660004746635,0.002024587999585492,0.6087601348791134,0.7689219076580647,0.7403313665701549,1904319,1904319
case03-rep4,case03,cost_cache,0.5,5,0.0004732830002467381,0.0027179730004718294,0.0014385190006578341,0.0013479170002028695,0.0019118020009045722,0.004065890000674699,0.17413086891024232,1.0672163051889163,0.470205047501857,9988105,1904319
case03-rep4,case03,pinned_cost,0.5,5,0.0004495089997362811,0.0027179730004718294,0.0013012270001127035,0.0013479170002028695,0.0017507359998489846,0.004065890000674699,0.16538390913311063,0.9653613686279356,0.43059108818941616,10315368,1904319
case03-rep4,case03,recoverability,0.5,5,0.008661304999804997,0.0027179730004718294,0.001500759000009566,0.0013479170002028695,0.010162063999814563,0.004065890000674699,3.1866780863170563,1.1133912546423057,2.4993455302844536,1904319,1904319
case03-rep4,case03,target_snapshots,0.5,5,0.000337133999892103,0.0027179730004718294,0.003582210998501978,0.0013479170002028695,0.003919344998394081,0.004065890000674699,0.12403875970569903,2.6575901913566145,0.9639574601732216,1904319,1904319
case03-rep4,case03,cost_cache,1.0,5,0.00052399800006242,0.00026339600026403787,0.0013548970000556437,0.0014301450000857585,0.0018788950001180638,0.0016935410003497964,1.9893923960012494,0.9473843561138189,1.1094476010500973,21189078,1904319
case03-rep4,case03,full_snapshot,1.0,5,0.001010331000543374,0.00026339600026403787,0.0015466059994651005,0.0014301450000857585,0.0025569370000084746,0.0016935410003497964,3.835787177977574,1.0814330011099282,1.5098170044187569,21189078,1904319
case03-rep4,case03,pinned_cost,1.0,5,0.00042286000007152325,0.00026339600026403787,0.001181022999844572,0.0014301450000857585,0.0016038829999160953,0.0016935410003497964,1.6054154187900833,0.8258064740105039,0.9470588545448959,21189078,1904319
case03-rep4,case03,recoverability,1.0,5,0.011360690999936196,0.00026339600026403787,0.0012715749990093173,0.0014301450000857585,0.012632265998945513,0.0016935410003497964,43.13160028454426,0.8891231301253141,7.459084838416285,1904319,1904319
case03-rep4,case03,target_snapshots,1.0,5,0.00032988299972203095,0.00026339600026403787,0.0013214279988460476,0.0014301450000857585,0.0016513109985680785,0.0016935410003497964,1.2524222060750507,0.9239818331475538,0.9750640806611736,1904319,1904319
case04-rep0,case04,cost_cache,0.25,5,0.00037860500015085563,0.0004006369999842718,0.0014416719996006577,0.001525316000879684,0.0018202769997515134,0.0019259530008639558,0.9450075758497565,0.9451628375819916,0.9451305400157545,5268531,3219082
case04-rep0,case04,full_replay,0.25,5,0.00025362199994560797,0.0004006369999842718,0.10439910800050711,0.001525316000879684,0.10465273000045272,0.0019259530008639558,0.6330468727440667,68.44424889026129,54.33815360681541,3013957,3219082
case04-rep0,case04,pinned_cost,0.25,5,0.0004611160002241377,0.0004006369999842718,0.0013492380003299331,0.001525316000879684,0.0018103540005540708,0.0019259530008639558,1.1509571014215865,0.8845629361730928,0.9399782859405038,5268531,3219082
case04-rep0,case04,recoverability,0.25,5,0.018595110999740427,0.0004006369999842718,0.001236500001141394,0.001525316000879684,0.01983161100088182,0.0019259530008639558,46.41386342367388,0.8106516947493351,10.297037877863913,3219082,3219082
case04-rep0,case04,target_snapshots,0.25,5,0.00042592399950081017,0.0004006369999842718,0.0013372389994401601,0.001525316000879684,0.0017631629989409703,0.0019259530008639558,1.0631169849952227,0.8766963689287626,0.9154756103342292,3219082,3219082
case04-rep0,case04,cost_cache,0.5,5,0.0004884660002062446,0.00028913400001329137,0.0012822399994547595,0.0015078410006026388,0.0017707059996610042,0.0017969750006159302,1.6894104470030853,0.850381438720851,0.9853815434572423,11014005,3219082
case04-rep0,case04,full_replay,0.5,5,0.0004123150001760223,0.00028913400001329137,0.10335179200046696,0.0015078410006026388,0.10376410700064298,0.0017969750006159302,1.4260342960601948,68.54289806362895,57.743767701318525,3013957,3219082
case04-rep0,case04,pinned_cost,0.5,5,0.0004975990004822961,0.00028913400001329137,0.0012688280003203545,0.0015078410006026388,0.0017664270008026506,0.0017969750006159302,1.7209978780061206,0.8414866022433678,0.9830003200919273,11014005,3219082
case04-rep0,case04,recoverability,0.5,5,0.01806639699952939,0.00028913400001329137,0.0014761430002181442,0.0015078410006026388,0.019542539999747532,0.0017969750006159302,62.48451236692635,0.9789778893319482,10.87524311303671,3219082,3219082
case04-rep0,case04,target_snapshots,0.5,5,0.00039081300019461196,0.00028913400001329137,0.0017845860011220793,0.0015078410006026388,0.0021753990013166913,0.0017969750006159302,1.3516673935844503,1.1835372565203055,1.2105894631650707,3219082,3219082
case04-rep0,case04,cost_cache,1.0,5,0.0004280479997760267,0.00028903399925184203,0.0017337010003757314,0.0013871439996364643,0.002161749000151758,0.0016761779988883063,1.480960720482778,1.2498349131958117,1.2896894014749614,22214978,3219082
case04-rep0,case04,full_replay,1.0,5,0.00042458200005057734,0.00028903399925184203,0.10528923000038048,0.0013871439996364643,0.10571381200043106,0.0016761779988883063,1.4689690526014179,75.90360483697017,63.068368675966255,3013957,3219082
case04-rep0,case04,full_snapshot,1.0,5,0.00039216400000441354,0.00028903399925184203,0.0013213470001574024,0.0013871439996364643,0.001713511000161816,0.0016761779988883063,1.3568092370431202,0.9525665687943676,1.0222726949633452,22214978,3219082
case04-rep0,case04,pinned_cost,1.0,5,0.00033168600020871963,0.00028903399925184203,0.0011344410004312522,0.0013871439996364643,0.0014661270006399718,0.0016761779988883063,1.1475674179068254,0.8178249703913658,0.8746845511707904,22214978,3219082
case04-rep0,case04,recoverability,1.0,5,0.017938822000360233,0.00028903399925184203,0.0013156280010662158,0.0013871439996364643,0.01925445000142645,0.0016761779988883063,62.064746869899274,0.9484437098174443,11.48711533870305,3219082,3219082
case04-rep0,case04,target_snapshots,1.0,5,0.000411383000027854,0.00028903399925184203,0.0014071619998503593,0.0013871439996364643,0.0018185449998782133,0.0016761779988883063,1.423303144587521,1.0144310902250533,1.0849354907917472,3219082,3219082
case04-rep1,case04,cost_cache,0.25,5,0.0004530440000962699,0.0007041219996608561,0.0011527389988259529,0.0013734240001213038,0.0016057829989222228,0.00207754599978216,0.6434169083120266,0.8393176460613332,0.7729229577061574,5519000,3219088
case04-rep1,case04,full_replay,0.25,5,0.0004140069995628437,0.0007041219996608561,0.10182518500187143,0.0013734240001213038,0.10223919200143428,0.00207754599978216,0.5879762310540677,74.13965752227863,49.21151782543179,3013963,3219088
case04-rep1,case04,pinned_cost,0.25,5,0.0004974990006303415,0.0007041219996608561,0.0012175229994682013,0.0013734240001213038,0.0017150220000985428,0.00207754599978216,0.706552274847206,0.8864873479425632,0.8255037434927412,5519000,3219088
case04-rep1,case04,recoverability,0.25,5,0.01879665699925681,0.0007041219996608561,0.0014508369995382964,0.0013734240001213038,0.020247493998795107,0.00207754599978216,26.695170735057726,1.0563649677085556,9.745870368655206,3219088,3219088
case04-rep1,case04,target_snapshots,0.25,5,0.0003750400001081289,0.0007041219996608561,0.002471400998729223,0.0013734240001213038,0.002846440998837352,0.00207754599978216,0.5326349699182369,1.799445035554165,1.3700977013918412,3219088,3219088
case04-rep1,case04,cost_cache,0.5,5,0.00046077499973762315,0.00027441199927125126,0.001273737000701658,0.0014676900000267779,0.0017345120004392811,0.0017421019992980291,1.6791357555839075,0.867851522241358,0.9956431949094793,11014011,3219088
case04-rep1,case04,full_replay,0.5,5,0.00036313199962023646,0.00027441199927125126,0.10101984599896241,0.0014676900000267779,0.10138297799858265,0.0017421019992980291,1.3233094783923318,68.8291437545526,58.19577615973943,3013963,3219088
case04-rep1,case04,pinned_cost,0.5,5,0.0005113789993629325,0.00027441199927125126,0.001304602000345767,0.0014676900000267779,0.0018159809997086995,0.0017421019992980291,1.863544599802444,0.8888811672232997,1.0424079648840536,11014011,3219088
case04-rep1,case04,recoverability,0.5,5,0.02026368699989689,0.00027441199927125126,0.0012260870016689296,0.0014676900000267779,0.02148977400156582,0.0017421019992980291,73.84402669602872,0.8353855389398032,12.335542930451266,3219088,3219088
case04-rep1,case04,target_snapshots,0.5,5,0.00040436200015392387,0.00027441199927125126,0.0012403780010572518,0.0014676900000267779,0.0016447400012111757,0.0017421019992980291,1.473558012141515,0.845122608340059,0.9441123435217428,3219088,3219088
case04-rep1,case04,cost_cache,1.0,5,0.00033630199959588936,0.0003137100002277293,0.0012967510010639671,0.001185847001579532,0.0016330530006598565,0.0014995570018072613,1.0720155537016989,1.0935230255983381,1.0890236241047897,22214984,3219088
case04-rep1,case04,full_replay,1.0,5,0.00028950399973837193,0.0003137100002277293,0.1015660309994928,0.001185847001579532,0.10185553499923117,0.0014995570018072613,0.9228395636996407,85.6485118773402,67.92375006516939,3013963,3219088
case04-rep1,case04,full_snapshot,1.0,5,0.00026510799943935126,0.0003137100002277293,0.0014756419996047043,0.001185847001579532,0.0017407499990440556,0.0014995570018072613,0.8450734731022386,1.2443780670180633,1.1608428335475807,22214984,3219088
case04-rep1,case04,pinned_cost,1.0,5,0.0005491940000865725,0.0003137100002277293,0.0016190430014830781,0.001185847001579532,0.0021682370015696506,0.0014995570018072613,1.7506423119693344,1.365305135760798,1.4459183605268078,22214984,3219088
case04-rep1,case04,recoverability,1.0,5,0.021498695999980555,0.0003137100002277293,0.001446842000405013,0.001185847001579532,0.022945538000385568,0.0014995570018072613,68.53047714250154,1.2200916294242339,15.301544371258764,3219088,3219088
case04-rep1,case04,target_snapshots,1.0,5,0.0003655860000435496,0.0003137100002277293,0.0012349990001894184,0.001185847001579532,0.001600585000232968,0.0014995570018072613,1.1653629140867752,1.0414488534730169,1.067371896035928,3219088,3219088
case04-rep2,case04,cost_cache,0.25,5,0.00033987799997703405,0.00027547299941943493,0.0012208480011395295,0.001154369999312621,0.0015607260011165636,0.001429842998732056,1.2337978701844972,1.0575881232763267,1.0915366250004868,5268535,3219086
case04-rep2,case04,full_replay,0.25,5,0.0002561649998824578,0.00027547299941943493,0.10817736999888439,0.001154369999312621,0.10843353499876685,0.001429842998732056,0.9299096478505365,93.71117584769136,75.83597296690799,3013961,3219086
case04-rep2,case04,pinned_cost,0.25,5,0.0003249359997425927,0.00027547299941943493,0.0012341760011622682,0.001154369999312621,0.001559112000904861,0.001429842998732056,1.1795566187154534,1.0691338148922513,1.090407829592086,5268535,3219086
case04-rep2,case04,recoverability,0.25,5,0.02247310600068886,0.00027547299941943493,0.0013448700010485481,0.001154369999312621,0.023817976001737406,0.001429842998732056,81.58006791246837,1.165025080216362,16.657756147254286,3219086,3219086
case04-rep2,case04,target_snapshots,0.25,5,0.00037104399962117895,0.00027547299941943493,0.0012403469991113525,0.001154369999312621,0.0016113909987325314,0.001429842998732056,1.3469341837608837,1.0744795861378302,1.1269705835965675,3219086,3219086
case04-rep2,case04,cost_cache,0.5,5,0.00045276400032889796,0.0005785869998362614,0.0012626690013348707,0.0011652170005618245,0.0017154330016637687,0.001743804000398086,0.7825340017266703,1.083634207813702,0.9837303970355381,11014009,3219086
case04-rep2,case04,full_replay,0.5,5,0.0002542219999668305,0.0005785869998362614,0.10592530100075237,0.0011652170005618245,0.1061795230007192,0.001743804000398086,0.4393842240471608,90.90607238795788,60.88959709719665,3013961,3219086
case04-rep2,case04,pinned_cost,0.5,5,0.0005196820002311142,0.0005785869998362614,0.0012595950001923484,0.0011652170005618245,0.0017792770004234626,0.001743804000398086,0.8981916295702856,1.0809960716201517,1.02034230912263,11014009,3219086
case04-rep2,case04,recoverability,0.5,5,0.01777955000034126,0.0005785869998362614,0.0012054659991918015,0.0011652170005618245,0.01898501599953306,0.001743804000398086,30.729259394650807,1.0345420626463315,10.887127220260448,3219086,3219086
case04-rep2,case04,target_snapshots,0.5,5,0.0003619799999796669,0.0005785869998362614,0.0011578880012166337,0.0011652170005618245,0.0015198680011963006,0.001743804000398086,0.6256276067075588,0.9937101850199087,0.8715818984526564,3219086,3219086
case04-rep2,case04,cost_cache,1.0,5,0.000440705000073649,0.0004526530001385254,0.0015346169984695734,0.0011962529988522874,0.0019753219985432224,0.0016489059989908128,0.9736045048608538,1.2828532090970055,1.1979591315406624,22214982,3219086
case04-rep2,case04,full_replay,1.0,5,0.0004441009996298817,0.0004526530001385254,0.10666315999878861,0.0011962529988522874,0.1071072609984185,0.0016489059989908128,0.981106939518734,89.1643825354032,64.95655972139821,3013961,3219086
case04-rep2,case04,full_snapshot,1.0,5,0.0003788049998547649,0.0004526530001385254,0.001145038000686327,0.0011962529988522874,0.001523843000541092,0.0016489059989908128,0.8368551622077821,0.9571871517019416,0.9241539550912764,22214982,3219086
case04-rep2,case04,pinned_cost,1.0,5,0.00042080599996552337,0.0004526530001385254,0.0011322580021442263,0.0011962529988522874,0.0015530640021097497,0.0016489059989908128,0.9296436781303651,0.9465037941225983,0.9418754028794112,22214982,3219086
case04-rep2,case04,recoverability,1.0,5,0.01775603299938666,0.0004526530001385254,0.0011890720006704214,0.0011962529988522874,0.018945105000057083,0.0016489059989908128,39.22658856552985,0.9939970907585973,11.48949971171925,3219086,3219086
case04-rep2,case04,target_snapshots,1.0,5,0.0003083219999098219,0.0004526530001385254,0.0013283949992910493,0.0011962529988522874,0.0016367169992008712,0.0016489059989908128,0.6811442756713556,1.110463255319353,0.9926078261602531,3219086,3219086
case04-rep3,case04,cost_cache,0.25,5,0.00031761499940330395,0.0004052439999213675,0.0012079209982402972,0.0010987699997713207,0.0015255359976436011,0.0015040139996926882,0.7837623739399797,1.0993392598011351,1.0143097058639816,5518993,3219081
case04-rep3,case04,full_replay,0.25,5,0.0003417810003156774,0.0004052439999213675,0.09377004800080613,0.0010987699997713207,0.0941118290011218,0.0015040139996926882,0.8433955848377661,85.34092487082995,62.57377193320771,3013956,3219081
case04-rep3,case04,pinned_cost,0.25,5,0.0003216210006939946,0.0004052439999213675,0.0011717070010490716,0.0010987699997713207,0.0014933280017430661,0.0015040139996926882,0.7936477795017349,1.0663805903809993,0.992895014307177,5518993,3219081
case04-rep3,case04,recoverability,0.25,5,0.029168057999413577,0.0004052439999213675,0.0012880179992862395,0.0010987699997713207,0.030456075998699816,0.0015040139996926882,71.97653266938751,1.172236227376344,20.24986203913184,3219081,3219081
case04-rep3,case04,target_snapshots,0.25,5,0.0003508339996187715,0.0004052439999213675,0.0011825530000351137,0.0010987699997713207,0.0015333869996538851,0.0015040139996926882,0.8657352106060704,1.0762516270750295,1.019529738398179,3219081,3219081
case04-rep3,case04,cost_cache,0.5,5,0.0003241949998482596,0.000274181999884604,0.0014151149980534683,0.0011367560000508092,0.001739309997901728,0.0014109379999354132,1.182408035482653,1.2448713690450874,1.2327331165376127,11014004,3219081
case04-rep3,case04,full_replay,0.5,5,0.00046327900054166093,0.000274181999884604,0.09200684600000386,0.0011367560000508092,0.09247012500054552,0.0014109379999354132,1.6896769326091534,80.93807817675162,65.53804986808663,3013956,3219081
case04-rep3,case04,pinned_cost,0.5,5,0.0003425920003792271,0.000274181999884604,0.0011535399999047513,0.0011367560000508092,0.0014961320002839784,0.0014109379999354132,1.2495058046239909,1.0147648218731125,1.0603811084204018,11014004,3219081
case04-rep3,case04,recoverability,0.5,5,0.01794914299989614,0.000274181999884604,0.0011944119996769587,0.0011367560000508092,0.019143554999573098,0.0014109379999354132,65.46433758397875,1.050719767147543,13.567963298493208,3219081,3219081
case04-rep3,case04,target_snapshots,0.5,5,0.00034933200004161336,0.000274181999884604,0.0011699839997163508,0.0011367560000508092,0.0015193159997579642,0.0014109379999354132,1.2740880152184972,1.029230546981108,1.0768127301323744,3219081,3219081
case04-rep3,case04,cost_cache,1.0,5,0.00042063700038852403,0.00030879300084052375,0.001173128000118595,0.0011814610006695148,0.0015937650005071191,0.0014902540015100385,1.3621973271530274,0.992946867864282,1.0694586284567567,22214977,3219081
case04-rep3,case04,full_replay,1.0,5,0.0002494849995855475,0.00030879300084052375,0.09875177800131496,0.0011814610006695148,0.09900126300090051,0.0014902540015100385,0.807936057185422,83.58445851818547,66.4324758736329,3013956,3219081
case04-rep3,case04,full_snapshot,1.0,5,0.0003856550001728465,0.00030879300084052375,0.0011655279995466117,0.0011814610006695148,0.0015511829997194582,0.0014902540015100385,1.2489110799892065,0.9865141539891084,1.0408849754120317,22214977,3219081
case04-rep3,case04,pinned_cost,1.0,5,0.00043569799981924007,0.00030879300084052375,0.0012060870003551827,0.0011814610006695148,0.0016417850001744227,0.0014902540015100385,1.410971099193587,1.020843683940234,1.1016813231240055,22214977,3219081
case04-rep3,case04,recoverability,1.0,5,0.01854193400049553,0.00030879300084052375,0.0011727370010703453,0.0011814610006695148,0.019714671001565875,0.0014902540015100385,60.04648405250454,0.9926159224940766,13.229067649937175,3219081,3219081
case04-rep3,case04,target_snapshots,1.0,5,0.00038774899985583033,0.00030879300084052375,0.0011285850005151588,0.0011814610006695148,0.001516334000370989,0.0014902540015100385,1.2556923207468793,0.9552452428608376,1.01750037163767,3219081,3219081
case04-rep4,case04,cost_cache,0.25,5,0.00040844799968908774,0.0003836519999822485,0.0011669590003293706,0.0011710750004567672,0.0015754070000184583,0.0015547270004390157,1.0646314881923893,0.9964852805108203,1.0133013703200646,5268534,3219085
case04-rep4,case04,full_replay,0.25,5,0.0003768320002563996,0.0003836519999822485,0.09802758999921934,0.0011710750004567672,0.09840442199947574,0.0015547270004390157,0.9822234740698225,83.70735432058969,63.29369848963118,3013960,3219085
case04-rep4,case04,pinned_cost,0.25,5,0.00047533700035273796,0.0003836519999822485,0.0012824209998143488,0.0011710750004567672,0.0017577580001670867,0.0015547270004390157,1.238979597069041,1.095080160804519,1.130589485916653,5268534,3219085
case04-rep4,case04,recoverability,0.25,5,0.018094056000336423,0.0003836519999822485,0.0011991479996140697,0.0011710750004567672,0.019293203999950492,0.0015547270004390157,47.16267868061063,1.0239719908172857,12.409383766090496,3219085,3219085
case04-rep4,case04,target_snapshots,0.25,5,0.00035684300019056536,0.0003836519999822485,0.0011650990009002271,0.0011710750004567672,0.0015219420010907925,0.0015547270004390157,0.9301215690445414,0.994896996730176,0.9789126969950573,3219085,3219085
case04-rep4,case04,cost_cache,0.5,5,0.00040670599992154166,0.0002886629999920842,0.001202680000460532,0.0011977449985351996,0.0016093860003820737,0.0014864079985272838,1.4089301362928204,1.0041202442350983,1.082735024284473,11014008,3219085
case04-rep4,case04,full_replay,0.5,5,0.00025293099952250486,0.0002886629999920842,0.096963099000277,0.0011977449985351996,0.0972160299997995,0.0014864079985272838,0.8762155161189372,80.95470999157541,65.40332808765834,3013960,3219085
case04-rep4,case04,pinned_cost,0.5,5,0.00044640400028583826,0.0002886629999920842,0.0011722689996531699,0.0011977449985351996,0.0016186729999390082,0.0014864079985272838,1.546453824349084,0.9787300310891,1.088982972066062,11014008,3219085
case04-rep4,case04,recoverability,0.5,5,0.01857547199961118,0.0002886629999920842,0.0012135570004829788,0.0011977449985351996,0.01978902900009416,0.0014864079985272838,64.35002754118318,1.0132014760797305,13.313322465770439,3219085,3219085
case04-rep4,case04,target_snapshots,0.5,5,0.0002603920002002269,0.0002886629999920842,0.0012774930019077146,0.0011977449985351996,0.0015378850021079415,0.0014864079985272838,0.902062267098199,1.0665817878346762,1.034631812821016,3219085,3219085
case04-rep4,case04,cost_cache,1.0,5,0.0003248860002713627,0.0008202830003938288,0.0011412329995437176,0.0013255739995656768,0.0014661189998150803,0.0021458569999595056,0.39606574818127477,0.8609349609434416,0.6832323868005871,22214981,3219085
case04-rep4,case04,full_replay,1.0,5,0.0002484950000507524,0.0008202830003938288,0.0964485139993485,0.0013255739995656768,0.09669700899939926,0.0021458569999595056,0.3029381322439288,72.75981124475116,45.06218680984988,3013960,3219085
case04-rep4,case04,full_snapshot,1.0,5,0.0003903219994754181,0.0008202830003938288,0.0011791389997597435,0.0013255739995656768,0.0015694609992351616,0.0021458569999595056,0.4758382159425702,0.8895308750368425,0.7313912340220149,22214981,3219085
case04-rep4,case04,pinned_cost,1.0,5,0.0005632559996229247,0.0008202830003938288,0.0011365940017640241,0.0013255739995656768,0.0016998500013869489,0.0021458569999595056,0.6866605785472794,0.8574353466018707,0.7921543706868756,22214981,3219085
case04-rep4,case04,recoverability,1.0,5,0.018519230000492826,0.0008202830003938288,0.0012655230002565077,0.0013255739995656768,0.019784753000749333,0.0021458569999595056,22.57663512665933,0.9546981161905372,9.219977380190148,3219085,3219085
case04-rep4,case04,target_snapshots,1.0,5,0.00042674599990277784,0.0008202830003938288,0.0012749389998134575,0.0013255739995656768,0.0017016849997162353,0.0021458569999595056,0.5202424037775882,0.9618014537333941,0.7930095061079782,3219085,3219085
case05-rep0,case05,cost_cache,0.25,5,0.00048561099993094103,0.0004396049998831586,0.001196953000544454,0.0012083999990863958,0.001682564000475395,0.0016480049989695544,1.1046530409344986,0.9905271445294636,1.0209702042939488,7487812,3220986
case05-rep0,case05,recoverability,0.25,5,0.008476343999973324,0.0004396049998831586,0.0011135529985040193,0.0012083999990863958,0.009589896998477343,0.0016480049989695544,19.281727919896788,0.9215102609615318,5.819094604976079,3220986,3220986
case05-rep0,case05,target_snapshots,0.25,5,0.0004033509994769702,0.0004396049998831586,0.0011613030001171865,0.0012083999990863958,0.0015646539995941566,0.0016480049989695544,0.9175305093986095,0.9610253235643688,0.9494230906899466,3220986,3220986
case05-rep0,case05,cost_cache,0.5,5,0.0004880050000792835,0.00030767099997319747,0.0011116589994344395,0.001464124999984051,0.001599663999513723,0.0017717959999572486,1.5861260896275426,0.7592650896928533,0.9028488604513843,14216187,3220986
case05-rep0,case05,pinned_cost,0.5,5,0.0005278429998725187,0.00030767099997319747,0.0011876489998030593,0.001464124999984051,0.001715491999675578,0.0017717959999572486,1.7156085556276066,0.8111663961861156,0.9682220750678807,14871269,3220986
case05-rep0,case05,recoverability,0.5,5,0.01360601200030942,0.00030767099997319747,0.0012099219993615407,0.001464124999984051,0.01481593399967096,0.0017717959999572486,44.2226014200061,0.826378894817533,8.362099248462268,3220986,3220986
case05-rep0,case05,target_snapshots,0.5,5,0.0004169410003669327,0.00030767099997319747,0.001174623001134023,0.001464124999984051,0.0015915640015009558,0.0017717959999572486,1.355152095593196,0.8022696157410183,0.8982772291727481,3220986,3220986
case05-rep0,case05,cost_cache,1.0,5,0.00041496799985907273,0.0002936200007752632,0.0012181440015410772,0.0012523249997684616,0.00163311200140015,0.0015459450005437247,1.413282469734374,0.9727059683119765,1.0563842832867714,30217577,3220986
case05-rep0,case05,full_snapshot,1.0,5,0.00027638499977911124,0.0002936200007752632,0.0012160010001025512,0.0012523249997684616,0.0014923859998816624,0.0015459450005437247,0.9413016792090276,0.9709947500268491,0.9653551706928609,30217577,3220986
case05-rep0,case05,pinned_cost,1.0,5,0.00048602300012134947,0.0002936200007752632,0.0012302340001042467,0.0012523249997684616,0.0017162570002255961,0.0015459450005437247,1.6552789279956157,0.9823600106455599,1.1101669203121527,30217577,3220986
case05-rep0,case05,recoverability,1.0,5,0.013903197000217915,0.0002936200007752632,0.0013137760006429744,0.0012523249997684616,0.01521697300086089,0.0015459450005437247,47.35098754685797,1.049069531380332,9.843152890632542,3220986,3220986
case05-rep0,case05,target_snapshots,1.0,5,0.0002817430004142807,0.0002936200007752632,0.0012892310005554464,0.0012523249997684616,0.001570974000969727,0.0015459450005437247,0.9595497570682415,1.0294699864602306,1.0161900975889824,3220986,3220986
case05-rep1,case05,cost_cache,0.25,5,0.0004047129996251897,0.0003029040008186712,0.0012703800002782373,0.0014456089993473142,0.001675092999903427,0.0017485130001659854,1.3361097857121567,0.8787853429605156,0.9580100346662629,7487818,3220992
case05-rep1,case05,recoverability,0.25,5,0.008460570000352163,0.0003029040008186712,0.0013254110008347197,0.0014456089993473142,0.009785981001186883,0.0017485130001659854,27.931522784398457,0.9168530366324066,5.596744776995027,3220992,3220992
case05-rep1,case05,target_snapshots,0.25,5,0.0005842669997946359,0.0003029040008186712,0.0013054950004516286,0.0014456089993473142,0.0018897620002462645,0.0017485130001659854,1.9288850534014517,0.903076143715938,1.080782356246062,3220992,3220992
case05-rep1,case05,cost_cache,0.5,5,0.0004600140000547981,0.00040080800044961507,0.0011612620010055252,0.0012924440006827353,0.0016212760010603233,0.0016932520011323504,1.1477166112921084,0.8985008250973249,0.9574924464734761,14216193,3220992
case05-rep1,case05,pinned_cost,0.5,5,0.0005763849994764314,0.00040080800044961507,0.00117641300039395,0.0012924440006827353,0.0017527979998703813,0.0016932520011323504,1.4380576206808722,0.9102235762419943,1.035166648967909,14871275,3220992
case05-rep1,case05,recoverability,0.5,5,0.013429863999590452,0.00040080800044961507,0.0012563310028781416,0.0012924440006827353,0.014686195002468594,0.0016932520011323504,33.50697587005551,0.9720583655574113,8.673366393571248,3220992,3220992
case05-rep1,case05,target_snapshots,0.5,5,0.0004401850001158891,0.00040080800044961507,0.0012818280001738458,0.0012924440006827353,0.001722013000289735,0.0016932520011323504,1.0982440460821692,0.991786104076245,1.0169856578572776,3220992,3220992
case05-rep1,case05,cost_cache,1.0,5,0.000448978000349598,0.0005484240000441787,0.0013790010007141973,0.0012489409991758293,0.0018279790010637953,0.001797364999220008,0.8186694971653872,1.104136225509607,1.0170327128085128,30217583,3220992
case05-rep1,case05,full_snapshot,1.0,5,0.0004727730001832242,0.0005484240000441787,0.0012656960016101948,0.0012489409991758293,0.001738469001793419,0.001797364999220008,0.8620574594568065,1.013415367455646,0.9672320327523081,30217583,3220992
case05-rep1,case05,pinned_cost,1.0,5,0.0005133629992997157,0.0005484240000441787,0.0013422469992292463,0.0012489409991758293,0.001855609998528962,0.001797364999220008,0.9360695360858777,1.0747080927882016,1.0324057714121675,30217583,3220992
case05-rep1,case05,recoverability,1.0,5,0.013672789999873203,0.0005484240000441787,0.0011219349999009864,0.0012489409991758293,0.01479472499977419,0.001797364999220008,24.9310569901605,0.8983090479384906,8.231341439381856,3220992,3220992
case05-rep1,case05,target_snapshots,1.0,5,0.0003121169993391959,0.0005484240000441787,0.0012383749990476645,0.0012489409991758293,0.0015504919983868604,0.001797364999220008,0.5691162299863848,0.9915400326075152,0.8626472636663773,3220992,3220992
case05-rep2,case05,cost_cache,0.25,5,0.0003623610000431654,0.0005138229998919996,0.0013855599991074996,0.0012357619998510927,0.001747920999150665,0.0017495849997430923,0.7052253404758643,1.1212191338416762,0.9990489169759276,6215497,3220991
case05-rep2,case05,recoverability,0.25,5,0.008579112999541394,0.0005138229998919996,0.001420711000719166,0.0012357619998510927,0.00999982400026056,0.0017495849997430923,16.6966309436219,1.1496639327721352,5.715540543459692,3220991,3220991
case05-rep2,case05,target_snapshots,0.25,5,0.00027446199965197593,0.0005138229998919996,0.0011265210014244076,0.0012357619998510927,0.0014009830010763835,0.0017495849997430923,0.5341567032025912,0.9116002932281067,0.8007516075424188,3220991,3220991
case05-rep2,case05,cost_cache,0.5,5,0.000508224999975937,0.00044013500064465916,0.0011473429985926487,0.0011939289988731616,0.0016555679985685856,0.0016340639995178208,1.15470253270371,0.9609809290799695,1.0131598267002457,14216192,3220991
case05-rep2,case05,pinned_cost,0.5,5,0.000376541999685287,0.00044013500064465916,0.0011485230015750858,0.0011939289988731616,0.0015250650012603728,0.0016340639995178208,0.8555147832682508,0.9619692650560207,0.9332957593523807,14216192,3220991
case05-rep2,case05,recoverability,0.5,5,0.019831969000733807,0.00044013500064465916,0.0012975509998796042,0.0011939289988731616,0.02112952000061341,0.0016340639995178208,45.05883188495852,1.0867907564890724,12.930656330993342,3220991,3220991
case05-rep2,case05,target_snapshots,0.5,5,0.0004381219996503205,0.00044013500064465916,0.0012693299995589769,0.0011939289988731616,0.0017074519992092974,0.0016340639995178208,0.9954264010101668,1.0631536722510126,1.044911337446472,3220991,3220991
case05-rep2,case05,cost_cache,1.0,5,0.0005567360003624344,0.0003661269993244787,0.0012605660003828234,0.0012742270009766798,0.0018173020007452578,0.0016403540003011585,1.5206089728144556,0.989278989863356,1.1078718376713885,30217582,3220991
case05-rep2,case05,full_snapshot,1.0,5,0.0004362090003269259,0.0003661269993244787,0.0013234090010882937,0.0012742270009766798,0.0017596180014152196,0.0016403540003011585,1.1914144576383379,1.038597518396578,1.0727062579736844,30217582,3220991
case05-rep2,case05,pinned_cost,1.0,5,0.000516508000146132,0.0003661269993244787,0.0012620689994946588,0.0012742270009766798,0.0017785769996407907,0.0016403540003011585,1.410734529546068,0.9904585278190604,1.0842641279347356,30217582,3220991
case05-rep2,case05,recoverability,1.0,5,0.01336666199949832,0.0003661269993244787,0.0011690139999700477,0.0012742270009766798,0.014535675999468367,0.0016403540003011585,36.50826632332615,0.9174299391505693,8.861304326261106,3220991,3220991
case05-rep2,case05,target_snapshots,1.0,5,0.00047224299942172365,0.0003661269993244787,0.001130597999690508,0.0012742270009766798,0.0016028409991122317,0.0016403540003011585,1.2898338562658147,0.8872814646243707,0.977131155115274,3220991,3220991
case05-rep3,case05,cost_cache,0.25,5,0.0005151550003574812,0.002531760999772814,0.0015461760012840386,0.0013623960003315005,0.00206133100164152,0.0038941570001043146,0.20347694762803767,1.1348947008856607,0.5293394697713272,7526213,3220987
case05-rep3,case05,recoverability,0.25,5,0.009141106999777548,0.002531760999772814,0.0014068119999137707,0.0013623960003315005,0.01054791899969132,0.0038941570001043146,3.610572641176564,1.032601387240907,2.7086527326475967,3220987,3220987
case05-rep3,case05,target_snapshots,0.25,5,0.0005461609998747008,0.002531760999772814,0.0013740140002482804,0.0013623960003315005,0.0019201750001229811,0.0038941570001043146,0.21572375904507188,1.0085276233297462,0.4930913160593023,3220987,3220987
case05-rep3,case05,cost_cache,0.5,5,0.00037547099964285735,0.00032026900044002105,0.0012348610016488237,0.0014806509998379624,0.001610332001291681,0.0018009200002779835,1.172361356006962,0.8339986950226372,0.8941718682912712,14216188,3220987
case05-rep3,case05,pinned_cost,0.5,5,0.0005172680002942798,0.00032026900044002105,0.0013948039995739236,0.0014806509998379624,0.0019120719998682034,0.0018009200002779835,1.615104801225219,0.9420207731103186,1.0617195653183167,14871270,3220987
case05-rep3,case05,recoverability,0.5,5,0.014480435000223224,0.00032026900044002105,0.0013341859994397964,0.0014806509998379624,0.01581462099966302,0.0018009200002779835,45.21335183963605,0.9010806730186961,8.781412276626353,3220987,3220987
case05-rep3,case05,target_snapshots,0.5,5,0.0003040149995285901,0.00032026900044002105,0.001433331000043836,0.0014806509998379624,0.001737345999572426,0.0018009200002779835,0.9492489098567162,0.9680410847665621,0.9646991533795258,3220987,3220987
case05-rep3,case05,cost_cache,1.0,5,0.0003742889994100551,0.0004458430003069225,0.0012447240005712956,0.001294867999604321,0.0016190129999813507,0.0017407109999112436,0.8395085246429597,0.9612748179363856,0.9300871885476119,30217578,3220987
case05-rep3,case05,full_snapshot,1.0,5,0.00040531400009058416,0.0004458430003069225,0.001357149999421381,0.001294867999604321,0.001762463999511965,0.0017407109999112436,0.9090958023599389,1.0480991111341786,1.0124966175326235,30217578,3220987
case05-rep3,case05,pinned_cost,1.0,5,0.0005125810002937214,0.0004458430003069225,0.0013958259987703059,0.001294867999604321,0.0019084069990640273,0.0017407109999112436,1.1496894645443707,1.077967792235838,1.0963376454571347,30217578,3220987
case05-rep3,case05,recoverability,1.0,5,0.014028782000423234,0.0004458430003069225,0.001336328999059333,0.001294867999604321,0.015365110999482567,0.0017407109999112436,31.465744647254056,1.0320194795667832,8.826916702580734,3220987,3220987
case05-rep3,case05,target_snapshots,1.0,5,0.0005173780000404804,0.0004458430003069225,0.0012755480011037434,0.001294867999604321,0.0017929260011442238,0.0017407109999112436,1.1604488568494125,0.9850795613865805,1.0299963642647416,3220987,3220987
case05-rep4,case05,cost_cache,0.25,5,0.00048827600039658137,0.00043437699969217647,0.0011623330001384602,0.0013422169995465083,0.0016506090005350416,0.0017765939992386848,1.1240834591670386,0.8659799425362478,0.929086218484566,6215492,3220986
case05-rep4,case05,recoverability,0.25,5,0.008493318000546424,0.00043437699969217647,0.0011648979998426512,0.0013422169995465083,0.009658216000389075,0.0017765939992386848,19.552872289659117,0.8678909596855297,5.436366443052191,3220986,3220986
case05-rep4,case05,target_snapshots,0.25,5,0.00031451099948753836,0.00043437699969217647,0.00122872999872925,0.0013422169995465083,0.0015432409982167883,0.0017765939992386848,0.7240507662938375,0.9154480975463715,0.8686514751699633,3220986,3220986
case05-rep4,case05,cost_cache,0.5,5,0.000496677999763051,0.0004503899999690475,0.0012230719994477113,0.001222481001605047,0.0017197499992107623,0.0016728710015740944,1.102773151706709,1.0004834413311032,1.0280230798385273,14216187,3220986
case05-rep4,case05,pinned_cost,0.5,5,0.0005304769993017544,0.0004503899999690475,0.0011940700005652616,0.001222481001605047,0.001724546999867016,0.0016728710015740944,1.177817001572439,0.9767595561792098,1.0308906055782525,14216187,3220986
case05-rep4,case05,recoverability,0.5,5,0.013912600000367092,0.0004503899999690475,0.0012211190005473327,0.001222481001605047,0.015133719000914425,0.0016728710015740944,30.890117456700235,0.9988858713911087,9.046554687524797,3220986,3220986
case05-rep4,case05,target_snapshots,0.5,5,0.0002787989997159457,0.0004503899999690475,0.0011436049999247189,0.001222481001605047,0.0014224039996406646,0.0016728710015740944,0.6190168514734026,0.9354787505271915,0.8502771572358228,3220986,3220986
case05-rep4,case05,cost_cache,1.0,5,0.0004678659997807699,0.00029232899942144286,0.0012055860006512376,0.0012957489998370875,0.0016734520004320075,0.0015880779992585303,1.6004775465545247,0.9304163080988788,1.0537593249282076,30217577,3220986
case05-rep4,case05,full_snapshot,1.0,5,0.000412423999478051,0.00029232899942144286,0.0011784470016209525,0.0012957489998370875,0.0015908710010990035,0.0015880779992585303,1.4108213700806,0.9094716660164252,1.0017587308946898,30217577,3220986
case05-rep4,case05,pinned_cost,1.0,5,0.00046033499984332593,0.00029232899942144286,0.0011521280002853018,0.0012957489998370875,0.0016124630001286278,0.0015880779992585303,1.574715477268382,0.8891598607679089,1.0153550397911706,30217577,3220986
case05-rep4,case05,recoverability,1.0,5,0.013915515000007872,0.00029232899942144286,0.0011725279991878779,0.0012957489998370875,0.01508804299919575,0.0015880779992585303,47.60223935206048,0.904903649808179,9.500819862903661,3220986,3220986
case05-rep4,case05,target_snapshots,1.0,5,0.0004350279996288009,0.00029232899942144286,0.001182503002382873,0.0012957489998370875,0.001617531002011674,0.0015880779992585303,1.4881452079327673,0.9126019024761334,1.018546319996181,3220986,3220986
case06-rep0,case06,cost_cache,0.5,5,0.00022069300030125305,0.0002089059998979792,0.0009877279999273014,0.0010183430003962712,0.0012084210002285545,0.0012272490002942504,1.0564225077739755,0.9699364551461969,0.9846583700119685,173654,168313
case06-rep0,case06,full_replay,0.5,5,0.00010886900054174475,0.0002089059998979792,0.026016008999249607,0.0010183430003962712,0.02612487799979135,0.0012272490002942504,0.5211386968057966,25.54739315645702,21.287349179773248,151231,168313
case06-rep0,case06,pinned_cost,0.5,5,0.0004554070001177024,0.0002089059998979792,0.0010099290011567064,0.0010183430003962712,0.0014653360012744088,0.0012272490002942504,2.179961323945238,0.9917375587240344,1.194000566244563,173654,168313
case06-rep0,case06,recoverability,0.5,5,0.0025817440000537317,0.0002089059998979792,0.0009842210001806961,0.0010183430003962712,0.003565965000234428,0.0012272490002942504,12.358400435193559,0.9664926255669287,2.9056572866463424,168313,168313
case06-rep0,case06,target_snapshots,0.5,5,0.00021081900013086852,0.0002089059998979792,0.0012641449993679998,0.0010183430003962712,0.0014749639994988684,0.0012272490002942504,1.0091572297292732,1.2413744670273954,1.2018457535066027,168313,168313
case06-rep0,case06,cost_cache,1.0,5,0.00013208299969846848,0.0001296399996135733,0.0009791140009838273,0.0010280969991072197,0.0011111970006822958,0.001157736998720793,1.018844493151629,0.9523556647223672,0.95980088907073,447052,168313
case06-rep0,case06,full_replay,1.0,5,0.0001674249997449806,0.0001296399996135733,0.026481981999495474,0.0010280969991072197,0.026649406999240455,0.001157736998720793,1.2914609707191884,25.758252404677705,23.01853273125582,151231,168313
case06-rep0,case06,full_snapshot,1.0,5,0.00021021799966547405,0.0001296399996135733,0.0011584979993131128,0.0010280969991072197,0.0013687159989785869,0.001157736998720793,1.6215519923795512,1.1268372539936706,1.1822339620232478,447052,168313
case06-rep0,case06,pinned_cost,1.0,5,0.00013625999963551294,0.0001296399996135733,0.0009570810007062391,0.0010280969991072197,0.001093341000341752,0.001157736998720793,1.0510644865911163,0.9309248072286471,0.9443776967910731,447052,168313
case06-rep0,case06,recoverability,1.0,5,0.002593932000308996,0.0001296399996135733,0.001016148999951838,0.0010280969991072197,0.003610081000260834,0.001157736998720793,20.00873193490361,0.9883785292965964,3.118222017824156,168313,168313
case06-rep0,case06,target_snapshots,1.0,5,0.00012851800056523643,0.0001296399996135733,0.001110137998693972,0.0010280969991072197,0.0012386559992592083,0.001157736998720793,0.991345271122483,1.0797988902389513,1.0698941129356878,168313,168313
case06-rep1,case06,cost_cache,0.5,5,0.0001350780003122054,0.0001315930003329413,0.001023571001496748,0.001051901001119404,0.0011586490018089535,0.0011834940014523454,1.0264831713726927,0.9730678080993287,0.979007075986103,173655,168314
case06-rep1,case06,full_replay,0.5,5,0.0001092709999284125,0.0001315930003329413,0.02915758399922197,0.001051901001119404,0.029266854999150382,0.0011834940014523454,0.8303709137412151,27.71894310224372,24.729195892192987,151232,168314
case06-rep1,case06,pinned_cost,0.5,5,0.00013723099982598796,0.0001315930003329413,0.0010835769999175682,0.001051901001119404,0.0012208079997435561,0.0011834940014523454,1.0428442202760182,1.0301130988224703,1.0315286754689252,173655,168314
case06-rep1,case06,recoverability,0.5,5,0.002585430000181077,0.0001315930003329413,0.001114803999371361,0.001051901001119404,0.003700233999552438,0.0011834940014523454,19.647169633944987,1.0597993520160331,3.1265338016176094,168314,168314
case06-rep1,case06,target_snapshots,0.5,5,0.00024021199988055741,0.0001315930003329413,0.0010134259991900763,0.001051901001119404,0.0012536379990706337,0.0011834940014523454,1.8254162400188532,0.9634233621905638,1.0592685704635678,168314,168314
case06-rep1,case06,cost_cache,1.0,5,0.00029741599973931443,0.00014318000012281118,0.0009793760000320617,0.0009923440002239658,0.0012767919997713761,0.001135524000346777,2.077217484873648,0.9869319508265507,1.1244077618627677,447053,168314
case06-rep1,case06,full_replay,1.0,5,0.00011068200001318473,0.00014318000012281118,0.02612301700082753,0.0009923440002239658,0.026233699000840716,0.001135524000346777,0.7730269585015253,26.324557809521426,23.10272525532637,151232,168314
case06-rep1,case06,full_snapshot,1.0,5,0.00011481799992907327,0.00014318000012281118,0.0014406809996216907,0.0009923440002239658,0.001555498999550764,0.001135524000346777,0.801913673911086,1.4517959490827153,1.369851274896639,447053,168314
case06-rep1,case06,pinned_cost,1.0,5,0.0002484739998180885,0.00014318000012281118,0.0009706819992061355,0.0009923440002239658,0.001219155999024224,0.001135524000346777,1.7353960022696078,0.9781708752076484,1.0736505777525676,447053,168314
case06-rep1,case06,recoverability,1.0,5,0.0025399320002179593,0.00014318000012281118,0.001093181999749504,0.0009923440002239658,0.0036331139999674633,0.001135524000346777,17.739432867993845,1.1016159713796623,3.199504368783001,168314,168314
case06-rep1,case06,target_snapshots,1.0,5,0.00019746899943129392,0.00014318000012281118,0.001121532999604824,0.0009923440002239658,0.001319001999036118,0.001135524000346777,1.3791660794937626,1.1301857010791632,1.1615800270476966,168314,168314
case06-rep2,case06,cost_cache,0.5,5,0.00013008099995204248,0.00013138299982529134,0.0010634179998305626,0.0009873970002445276,0.001193498999782605,0.001118780000069819,0.9900900430422489,1.0769913211881428,1.066786141786699,173650,168309
case06-rep2,case06,full_replay,0.5,5,0.00015444699965883046,0.00013138299982529134,0.027047153000239632,0.0009873970002445276,0.027201599999898463,0.001118780000069819,1.1755478247886626,27.392379147942965,24.31362734246314,151227,168309
case06-rep2,case06,pinned_cost,0.5,5,0.0001329750002696528,0.00013138299982529134,0.0010431880000396632,0.0009873970002445276,0.001176163000309316,0.001118780000069819,1.0121172483995529,1.0565031084572052,1.0512906918571265,173650,168309
case06-rep2,case06,recoverability,0.5,5,0.0024596949997430784,0.00013138299982529134,0.0009462879997954587,0.0009873970002445276,0.003405982999538537,0.001118780000069819,18.72156217329409,0.9583662899128839,3.0443724408069346,168309,168309
case06-rep2,case06,target_snapshots,0.5,5,0.0001115830000344431,0.00013138299982529134,0.0009889389993986697,0.0009873970002445276,0.0011005219994331128,0.001118780000069819,0.8492955723558024,1.0015616810196508,0.9836804370514608,168309,168309
case06-rep2,case06,cost_cache,1.0,5,0.00013555900022765854,0.00020214599953760626,0.0016527119996680995,0.001116457000534865,0.001788270999895758,0.0013186030000724713,0.6705994703716104,1.4803185423857155,1.3561860543298274,447048,168309
case06-rep2,case06,full_replay,1.0,5,0.00010795799971674569,0.00020214599953760626,0.02742117900015728,0.001116457000534865,0.027529136999874027,0.0013186030000724713,0.5340595409441269,24.560891272140815,20.877502173407013,151227,168309
case06-rep2,case06,full_snapshot,1.0,5,0.0001094900007956312,0.00020214599953760626,0.0012379139989207033,0.001116457000534865,0.0013474039997163345,0.0013186030000724713,0.541638227054116,1.1087878873325632,1.0218420552981302,447048,168309
case06-rep2,case06,pinned_cost,1.0,5,0.00020553200010908768,0.00020214599953760626,0.0010233189996142755,0.001116457000534865,0.0012288509997233632,0.0013186030000724713,1.0167502724725033,0.9165771714665504,0.9319340238539005,447048,168309
case06-rep2,case06,recoverability,1.0,5,0.0027149790003022645,0.00020214599953760626,0.0009895599987430614,0.001116457000534865,0.003704538999045326,0.0013186030000724713,13.430782733828888,0.8863395529509774,2.8094422649134896,168309,168309
case06-rep2,case06,target_snapshots,1.0,5,0.00011339699995005503,0.00020214599953760626,0.0009645030004321598,0.001116457000534865,0.0010779000003822148,0.0013186030000724713,0.560965837609659,0.8638962360127544,0.8174560503221763,168309,168309
case06-rep3,case06,cost_cache,0.5,5,0.0002155660004063975,0.0002364470001339214,0.0011313069990137592,0.0012003809979432845,0.0013468729994201567,0.0014368279980772058,0.9116884556974837,0.9424566041549511,0.9373933422946735,173655,168314
case06-rep3,case06,full_replay,0.5,5,0.00010767700041469652,0.0002364470001339214,0.028494852000221726,0.0012003809979432845,0.028602529000636423,0.0014368279980772058,0.45539592531818657,23.738173170888572,19.906717462989963,151232,168314
case06-rep3,case06,pinned_cost,0.5,5,0.00016928799959714524,0.0002364470001339214,0.0011606810012381175,0.0012003809979432845,0.0013299690008352627,0.0014368279980772058,0.7159659437474871,0.9669271699792079,0.9256285391258076,173655,168314
case06-rep3,case06,recoverability,0.5,5,0.0023271799991562148,0.0002364470001339214,0.0012098930001229746,0.0012003809979432845,0.0035370729992791894,0.0014368279980772058,9.842290229261193,1.007924152578213,2.461723326669982,168314,168314
case06-rep3,case06,target_snapshots,0.5,5,0.00011546999940037495,0.0002364470001339214,0.0012398170001688413,0.0012003809979432845,0.0013552869995692163,0.0014368279980772058,0.48835468132382226,1.0328529044471098,0.9432492973291796,168314,168314
case06-rep3,case06,cost_cache,1.0,5,0.00013024100007896777,0.0001256040004591341,0.0012099239993403899,0.001074684999366582,0.0013401649994193576,0.001200288999825716,1.0369176109270686,1.1258405952009358,1.1165352674347193,447053,168314
case06-rep3,case06,full_replay,1.0,5,0.0001256240002476261,0.0001256040004591341,0.027854215000843396,0.001074684999366582,0.027979839001091023,0.001200288999825716,1.0001592289132422,25.91849241150722,23.310918458099458,151232,168314
case06-rep3,case06,full_snapshot,1.0,5,0.0002985580003951327,0.0001256040004591341,0.001054846999977599,0.001074684999366582,0.0013534050003727316,0.001200288999825716,2.3769784346340943,0.9815406380467993,1.1275659450092839,447053,168314
case06-rep3,case06,pinned_cost,1.0,5,0.00021979200027999468,0.0001256040004591341,0.0010254830003759707,0.001074684999366582,0.0012452750006559654,0.001200288999825716,1.7498805728843414,0.9542172831856677,1.0374793077640314,447053,168314
case06-rep3,case06,recoverability,1.0,5,0.0026999669998986064,0.0001256040004591341,0.0012946760007253033,0.001074684999366582,0.00399464300062391,0.001200288999825716,21.495867886604888,1.2047027747557506,3.3280676580423036,168314,168314
case06-rep3,case06,target_snapshots,1.0,5,0.00019833100031974027,0.0001256040004591341,0.0011156240007039742,0.001074684999366582,0.0013139550010237144,0.001200288999825716,1.5790181809079262,1.038093954378745,1.0946988610363861,168314,168314
case06-rep4,case06,cost_cache,0.5,5,0.00013130200022715144,0.0001884260000224458,0.0010446309997860226,0.0010463729995535687,0.001175933000013174,0.0012347989995760145,0.6968358942582785,0.9983352019133814,0.952327464159711,173653,168312
case06-rep4,case06,full_replay,0.5,5,0.00010759799988591112,0.0001884260000224458,0.02718133200050943,0.0010463729995535687,0.02728893000039534,0.0012347989995760145,0.5710358436367261,25.976713860264216,22.09989642829754,151230,168312
case06-rep4,case06,pinned_cost,0.5,5,0.00013854300050297752,0.0001884260000224458,0.0010299300001861411,0.0010463729995535687,0.0011684730006891186,0.0012347989995760145,0.735264774959262,0.9842857189793287,0.9462859956076497,173653,168312
case06-rep4,case06,recoverability,0.5,5,0.002762009000434773,0.0001884260000224458,0.0010992320003424538,0.0010463729995535687,0.003861241000777227,0.0012347989995760145,14.658322100483772,1.0505164036260848,3.1270198648549585,168312,168312
case06-rep4,case06,target_snapshots,0.5,5,0.00018405000082566403,0.0001884260000224458,0.0011306880005577113,0.0010463729995535687,0.0013147380013833754,0.0012347989995760145,0.9767760330513809,1.0805783416048726,1.0647384730914173,168312,168312
case06-rep4,case06,cost_cache,1.0,5,0.0001298199995289906,0.0001877549993878347,0.0011235659985686652,0.0010653909985194332,0.0012533859980976558,0.0012531459979072679,0.6914329842201906,1.0546043660309476,1.000191518139777,447051,168312
case06-rep4,case06,full_replay,1.0,5,0.00011119299961137585,0.0001877549993878347,0.02562188799947762,0.0010653909985194332,0.025733080999088997,0.0012531459979072679,0.5922239086784096,24.049281470449994,20.534782892067483,151230,168312
case06-rep4,case06,full_snapshot,1.0,5,0.00017980299980990821,0.0001877549993878347,0.0011110690002169576,0.0010653909985194332,0.0012908720000268659,0.0012531459979072679,0.9576469356136798,1.04287440175579,1.0301050333980237,447051,168312
case06-rep4,case06,pinned_cost,1.0,5,0.00020661300004576333,0.0001877549993878347,0.0012434219979695627,0.0010653909985194332,0.001450034998015326,0.0012531459979072679,1.1004394062443832,1.1671039080464711,1.157115771376088,447051,168312
case06-rep4,case06,recoverability,1.0,5,0.002623606000270229,0.0001877549993878347,0.0010383419994468568,0.0010653909985194332,0.0036619479997170856,0.0012531459979072679,13.973561336978287,0.9746111999161189,2.9222038021367625,168312,168312
case06-rep4,case06,target_snapshots,1.0,5,0.00019432499993854435,0.0001877549993878347,0.0010699779995775316,0.0010653909985194332,0.001264302999516076,0.0012531459979072679,1.0349924133691821,1.0043054625620762,1.0089031937439372,168312,168312
case07-rep0,case07,cost_cache,0.25,5,0.000218741000026057,0.0003435140006331494,0.0012465390000215848,0.001182464000521577,0.0014652800000476418,0.0015259780011547264,0.6367746281749318,1.0541876957537353,0.9602235411905324,318201,173625
case07-rep0,case07,recoverability,0.25,5,0.0036990010003137286,0.0003435140006331494,0.0010515720005059848,0.001182464000521577,0.004750573000819713,0.0015259780011547264,10.768122968775357,0.8893057209709077,3.1131333461064945,173625,173625
case07-rep0,case07,target_snapshots,0.25,5,0.00018290800016984576,0.0003435140006331494,0.001165548001154093,0.001182464000521577,0.0013484560013239388,0.0015259780011547264,0.5324615585761222,0.9856942796059565,0.8836667372029908,173625,173625
case07-rep0,case07,cost_cache,0.5,5,0.00040321100004803156,0.0002729600000748178,0.0010546759995122557,0.0010711599989008391,0.0014578869995602872,0.001344119998975657,1.4771798063361379,0.9846110763980186,1.0846405087874083,728298,173625
case07-rep0,case07,pinned_cost,0.5,5,0.00022141400040709414,0.0002729600000748178,0.016988155999570154,0.0010711599989008391,0.017209569999977248,0.001344119998975657,0.8111591454660206,15.859587752532201,12.80359641482347,842037,173625
case07-rep0,case07,recoverability,0.5,5,0.0040492549996997695,0.0002729600000748178,0.0010972979980579112,0.0010711599989008391,0.005146552997757681,0.001344119998975657,14.834609461422467,1.0244015825683308,3.828938637681031,173625,173625
case07-rep0,case07,target_snapshots,0.5,5,0.00025378199916303856,0.0002729600000748178,0.0009975119974114932,0.0010711599989008391,0.0012512939965745318,0.001344119998975657,0.9297406180153774,0.9312446305267942,0.9309392000179544,173625,173625
case07-rep0,case07,cost_cache,1.0,5,0.00031674399997427827,0.00020935700013069436,0.001049630999659712,0.0012696109997705207,0.0013663749996339902,0.001478967999901215,1.512937230551383,0.8267343303180504,0.9238705636127723,1685191,173625
case07-rep0,case07,full_snapshot,1.0,5,0.00026115299988305196,0.00020935700013069436,0.0009995149994210806,0.0012696109997705207,0.0012606679993041325,0.001478967999901215,1.2474051487173734,0.7872608220956975,0.8523970764670612,1685191,173625
case07-rep0,case07,pinned_cost,1.0,5,0.00029907799944339786,0.00020935700013069436,0.0010054630001832265,0.0012696109997705207,0.0013045409996266244,0.001478967999901215,1.4285550483465743,0.7919457222448149,0.8820616806541851,1685191,173625
case07-rep0,case07,recoverability,1.0,5,0.006115963999945961,0.00020935700013069436,0.00114256300003035,0.0012696109997705207,0.007258526999976311,0.001478967999901215,29.213085763208184,0.8999315540247096,4.9078323536825215,173625,173625
case07-rep0,case07,target_snapshots,1.0,5,0.0002738919993134914,0.00020935700013069436,0.001013664999845787,0.0012696109997705207,0.0012875569991592783,0.001478967999901215,1.3082533621637207,0.7984059684651477,0.8705779971204775,173625,173625
case07-rep1,case07,cost_cache,0.25,5,0.0003907430000253953,0.00032748000012361445,0.0011913959997400525,0.0011235080000915332,0.0015821389997654478,0.0014509880002151476,1.1931812626050473,1.0604250255832521,1.0903873771050163,318201,173625
case07-rep1,case07,recoverability,0.25,5,0.0037980980005158926,0.00032748000012361445,0.001253668000572361,0.0011235080000915332,0.005051766001088254,0.0014509880002151476,11.59795407072865,1.1158514229273166,3.481604258849277,173625,173625
case07-rep1,case07,target_snapshots,0.25,5,0.0002953629991679918,0.00032748000012361445,0.0011581989992919262,0.0011235080000915332,0.001453561998459918,0.0014509880002151476,0.9019268323454886,1.0308773940172804,1.001773962461708,173625,173625
case07-rep1,case07,cost_cache,0.5,5,0.00023293100002774736,0.0001923219997479464,0.0011898849998033256,0.0011453179995442042,0.001422815999831073,0.0013376399992921506,1.2111510920904647,1.0389123372520623,1.0636763259053226,728298,173625
case07-rep1,case07,pinned_cost,0.5,5,0.00028875299994979287,0.0001923219997479464,0.01814218600065942,0.0011453179995442042,0.018430939000609214,0.0013376399992921506,1.501403897256825,15.840304620969343,13.778699059808662,842036,173625
case07-rep1,case07,recoverability,0.5,5,0.012382804000480974,0.0001923219997479464,0.0012349489998086938,0.0011453179995442042,0.013617753000289667,0.0013376399992921506,64.38579058407069,1.0782586149001059,10.180431960389852,173625,173625
case07-rep1,case07,target_snapshots,0.5,5,0.00027546300043468364,0.0001923219997479464,0.001164357000561722,0.0011453179995442042,0.0014398200009964057,0.0013376399992921506,1.4323010409401955,1.0166233317079578,1.0763882672156384,173625,173625
case07-rep1,case07,cost_cache,1.0,5,0.00032985300003929297,0.0003146310000374797,0.0010870039996007108,0.0011491940003907075,0.0014168569996400038,0.0014638250004281872,1.048380483804838,0.9458838100713604,0.9679141968647587,1685191,173625
case07-rep1,case07,full_snapshot,1.0,5,0.0004153889994995552,0.0003146310000374797,0.001033554001878656,0.0011491940003907075,0.0014489430013782112,0.0014638250004281872,1.320241805321386,0.8993729531543536,0.9898334848457823,1685191,173625
case07-rep1,case07,pinned_cost,1.0,5,0.0004869639997195918,0.0003146310000374797,0.0011239779987590737,0.0011491940003907075,0.0016109419984786655,0.0014638250004281872,1.547730514989252,0.9780576633509566,1.1005017662681296,1685191,173625
case07-rep1,case07,recoverability,1.0,5,0.006066520999411296,0.0003146310000374797,0.0011484730002848664,0.0011491940003907075,0.007214993999696162,0.0014638250004281872,19.281383584861743,0.9993726036634407,4.928863762803399,173625,173625
case07-rep1,case07,target_snapshots,1.0,5,0.0003087819995926111,0.0003146310000374797,0.0011633159992925357,0.0011491940003907075,0.0014720979988851468,0.0014638250004281872,0.9814099677267281,1.0122886117548708,1.0056516307991321,173625,173625
case07-rep2,case07,cost_cache,0.25,5,0.00032373399972129846,0.000305097999444115,0.0013722109979426023,0.0011443880002843798,0.0016959449976639007,0.0014494859997284948,1.0610820140123438,1.1990784573078437,1.1700319961569623,318203,173627
case07-rep2,case07,recoverability,0.25,5,0.004051107999657688,0.000305097999444115,0.0010293080003975774,0.0011443880002843798,0.005080416000055266,0.0014494859997284948,13.278054943128963,0.8994397006450565,3.504977627246407,173627,173627
case07-rep2,case07,target_snapshots,0.25,5,0.00018097499923896976,0.000305097999444115,0.001439919999029371,0.0011443880002843798,0.0016208949982683407,0.0014494859997284948,0.5931700619758377,1.2582445802223998,1.1182550218297747,173627,173627
case07-rep2,case07,cost_cache,0.5,5,0.00034724899978755275,0.0002749229997789371,0.0014497950005534221,0.0011229350002395222,0.0017970440003409749,0.0013978580000184593,1.2630772982499547,1.291076509543456,1.2855697791315315,728300,173627
case07-rep2,case07,pinned_cost,0.5,5,0.00037869500010856427,0.0002749229997789371,0.018094451999786543,0.0011229350002395222,0.018473146999895107,0.0013978580000184593,1.377458417131594,16.11353461770004,13.215324446153444,842038,173627
case07-rep2,case07,recoverability,0.5,5,0.006796581000344304,0.0002749229997789371,0.0012049560000377824,0.0011229350002395222,0.008001537000382086,0.0013978580000184593,24.72176211451704,1.0730416273255041,5.72414150813346,173627,173627
case07-rep2,case07,target_snapshots,0.5,5,0.00019906200031982735,0.0002749229997789371,0.002028834999691753,0.0011229350002395222,0.0022278970000115805,0.0013978580000184593,0.7240645580031179,1.8067252327685952,1.5937935040484514,173627,173627
case07-rep2,case07,cost_cache,1.0,5,0.0003808390001722728,0.00019412399979046313,0.0012078509989805752,0.0011093149996668217,0.001588689999152848,0.0013034389994572848,1.9618336763272408,1.088825986616379,1.218844917034348,1685193,173627
case07-rep2,case07,full_snapshot,1.0,5,0.00030872199931764044,0.00019412399979046313,0.0010635190001266892,0.0011093149996668217,0.0013722409994443296,0.0013034389994572848,1.5903340115126108,0.9587168662157394,1.052784978825777,1685193,173627
case07-rep2,case07,pinned_cost,1.0,5,0.00036974100021325285,0.00019412399979046313,0.0012487100011639996,0.0011093149996668217,0.0016184510013772524,0.0013034389994572848,1.904664032331655,1.1256586285582044,1.2416775944644358,1685193,173627
case07-rep2,case07,recoverability,1.0,5,0.006835600000158593,0.00019412399979046313,0.0011731000004147063,0.0011093149996668217,0.008008700000573299,0.0013034389994572848,35.21254459797304,1.0574994485489173,6.14428446893786,173627,173627
case07-rep2,case07,target_snapshots,1.0,5,0.0002633059993968345,0.00019412399979046313,0.001197765000142681,0.0011093149996668217,0.0014610709995395155,0.0013034389994572848,1.356380456208641,1.0797338902858293,1.1209354639134352,173627,173627
case07-rep3,case07,cost_cache,0.25,5,0.00022413800070353318,0.000312998000481457,0.001161621999926865,0.0010774889997264836,0.0013857600006303983,0.0013904870002079406,0.7161004235131267,1.0780824678690346,0.9966004719376482,318202,173626
case07-rep3,case07,recoverability,0.25,5,0.0038301039994621533,0.000312998000481457,0.0013128739983585547,0.0010774889997264836,0.005142977997820708,0.0013904870002079406,12.236832163690007,1.2184569853537461,3.6986882991725927,173626,173626
case07-rep3,case07,target_snapshots,0.25,5,0.00019418499960011104,0.000312998000481457,0.0011070219998146058,0.0010774889997264836,0.0013012069994147168,0.0013904870002079406,0.6204033230289444,1.0274090966085214,0.9357922794101114,173626,173626
case07-rep3,case07,cost_cache,0.5,5,0.00023178999981610104,0.0002820939998855465,0.0010857309998755227,0.0011490850001791841,0.0013175209996916237,0.0014311790000647306,0.8216764621372478,0.9448656972340755,0.9205843571153809,728299,173626
case07-rep3,case07,pinned_cost,0.5,5,0.00034613700063346187,0.0002820939998855465,0.02233135299957212,0.0011490850001791841,0.02267749000020558,0.0014311790000647306,1.227027163902456,19.434030551342893,15.845320535851842,842038,173626
case07-rep3,case07,recoverability,0.5,5,0.004282167000383197,0.0002820939998855465,0.001071170999239257,0.0011490850001791841,0.005353337999622454,0.0014311790000647306,15.179929392757707,0.9321947454472232,3.740509048400185,173626,173626
case07-rep3,case07,target_snapshots,0.5,5,0.00033566199999768287,0.0002820939998855465,0.0010677539985408657,0.0011490850001791841,0.0014034159985385486,0.0014311790000647306,1.1898941492334838,0.929221074484798,0.980601307366216,173626,173626
case07-rep3,case07,cost_cache,1.0,5,0.00021903100059716962,0.0002948729998024646,0.0011342030002197134,0.0015768020011819317,0.001353234000816883,0.0018716750009843963,0.7427977493493757,0.719305911185769,0.7230069323494505,1685192,173626
case07-rep3,case07,full_snapshot,1.0,5,0.00026813300064532086,0.0002948729998024646,0.0010158809991480666,0.0015768020011819317,0.0012840139997933875,0.0018716750009843963,0.9093168951546704,0.6442666855994522,0.6860240154503683,1685192,173626
case07-rep3,case07,pinned_cost,1.0,5,0.00034949199925904395,0.0002948729998024646,0.0011098260010840022,0.0015768020011819317,0.0014593180003430462,0.0018716750009843963,1.1852288934326594,0.703846139370767,0.7796855755275497,1685192,173626
case07-rep3,case07,recoverability,1.0,5,0.006372169999849575,0.0002948729998024646,0.001060452997990069,0.0015768020011819317,0.007432622997839644,0.0018716750009843963,21.60987952141529,0.6725340259558141,3.9711076944076833,173626,173626
case07-rep3,case07,target_snapshots,1.0,5,0.0002805209996949998,0.0002948729998024646,0.0013664030002473737,0.0015768020011819317,0.0016469239999423735,0.0018716750009843963,0.9513281985224851,0.8665659982820619,0.8799198573877322,173626,173626
case07-rep4,case07,cost_cache,0.25,5,0.00031148600010055816,0.00028348500018182676,0.0011767940004574484,0.0010661619999154937,0.0014882800005580066,0.0013496470000973204,1.0987741852329809,1.1037665950866038,1.102717970292002,318202,173626
case07-rep4,case07,recoverability,0.25,5,0.003591975000745151,0.00028348500018182676,0.0010260530007144553,0.0010661619999154937,0.0046180280014596065,0.0013496470000973204,12.670776226048169,0.9623800142903072,3.421656182043608,173626,173626
case07-rep4,case07,target_snapshots,0.25,5,0.00017961300000024494,0.00028348500018182676,0.0012683280001510866,0.0010661619999154937,0.0014479410001513315,0.0013496470000973204,0.6335890783817185,1.1896203393589502,1.072829413948183,173626,173626
case07-rep4,case07,cost_cache,0.5,5,0.00031356900035461877,0.00033610300033615204,0.001011381999887817,0.0009976429992093472,0.0013249510002424358,0.0013337459995454992,0.9329550763932605,1.013771460020627,0.9934057914280077,728299,173626
case07-rep4,case07,pinned_cost,0.5,5,0.00025170900062221335,0.00033610300033615204,0.019722688000001654,0.0009976429992093472,0.019974397000623867,0.0013337459995454992,0.7489043548271441,19.769284218535383,14.976162633237921,842037,173626
case07-rep4,case07,recoverability,0.5,5,0.003889020000315213,0.00033610300033615204,0.0011027059999833,0.0009976429992093472,0.004991726000298513,0.0013337459995454992,11.570917237946777,1.1053112194013464,3.742636155609497,173626,173626
case07-rep4,case07,target_snapshots,0.5,5,0.0002821339994625305,0.00033610300033615204,0.0010630680017129635,0.0009976429992093472,0.001345202001175494,0.0013337459995454992,0.8394271969615128,1.0655795736104667,1.00858934282382,173626,173626
case07-rep4,case07,cost_cache,1.0,5,0.0003429529997447389,0.00029474199982360005,0.001020965999487089,0.0011064829996030312,0.001363918999231828,0.0014012249994266313,1.1635701730665893,0.9227127753913772,0.9733761528590564,1685192,173626
case07-rep4,case07,full_snapshot,1.0,5,0.0001767290004863753,0.00029474199982360005,0.001055569000527612,0.0011064829996030312,0.0012322980010139872,0.0014012249994266313,0.5996057589082849,0.9539857376085439,0.8794433453001713,1685192,173626
case07-rep4,case07,pinned_cost,1.0,5,0.00033163600073748967,0.00029474199982360005,0.0010864409996429458,0.0011064829996030312,0.0014180770003804355,0.0014012249994266313,1.1251738840612138,0.9818867529213953,1.0120266202506378,1685192,173626
case07-rep4,case07,recoverability,1.0,5,0.005749517000367632,0.00029474199982360005,0.0010439900015626336,0.0011064829996030312,0.006793507001930266,0.0014012249994266313,19.506948462752703,0.943521049972916,4.848262773437605,173626,173626
case07-rep4,case07,target_snapshots,1.0,5,0.00029723600073339185,0.00029474199982360005,0.0009919749991240678,0.0011064829996030312,0.0012892109998574597,0.0014012249994266313,1.008461640727431,0.8965117398820904,0.9200599478206521,173626,173626
case08-rep0,case08,cost_cache,0.25,5,0.00019941299979109317,0.002796678999402502,0.08579627799917944,0.08976516399980028,0.08599569099897053,0.09256184299920278,0.07130349955561466,0.9557858992979763,0.9290620001992743,166227,166227
case08-rep0,case08,full_replay,0.25,5,0.0001739149993227329,0.002796678999402502,0.10018387600121059,0.08976516399980028,0.10035779100053333,0.09256184299920278,0.06218625711420191,1.1160663172345286,1.0842242089042857,151218,166227
case08-rep0,case08,pinned_cost,0.25,5,0.00022146500032249605,0.002796678999402502,0.0877247089993034,0.08976516399980028,0.0879461739996259,0.09256184299920278,0.0791885662851586,0.9772689659375945,0.9501342145962172,166227,166227
case08-rep0,case08,recoverability,0.25,5,0.005583653000030608,0.002796678999402502,0.08703329299987672,0.08976516399980028,0.09261694599990733,0.09256184299920278,1.9965298131188924,0.9695664679014051,1.0005953101074816,166227,166227
case08-rep0,case08,cost_cache,0.5,5,0.00014980900050431956,0.004981702000804944,0.03675599100006366,0.038962073999755376,0.03690580000056798,0.04394377600056032,0.030071851042096337,0.9433787072088214,0.8398413463626202,334766,334766
case08-rep0,case08,full_replay,0.5,5,0.00011036200066882884,0.004981702000804944,0.09658365999985108,0.038962073999755376,0.09669402200051991,0.04394377600056032,0.02215347297991661,2.4789147518291115,2.200403124194129,151218,334766
case08-rep0,case08,pinned_cost,0.5,5,0.00013212300018494716,0.004981702000804944,0.038695866000125534,0.038962073999755376,0.03882798900031048,0.04394377600056032,0.026521658694879522,0.9931675095213999,0.883583354325659,334766,334766
case08-rep0,case08,recoverability,0.5,5,0.0027812170001197956,0.004981702000804944,0.03930958500041015,0.038962073999755376,0.04209080200052995,0.04394377600056032,0.5582865052286159,1.0089192120690742,0.9578330728791549,334766,334766
case08-rep0,case08,cost_cache,1.0,5,0.00013365599988901522,0.0002249389999633422,0.004721490000520134,0.005576761999691371,0.0048551460004091496,0.005801700999654713,0.594187757173264,0.8466364533364399,0.8368487105243967,728790,450051
case08-rep0,case08,full_replay,1.0,5,0.00015150200033531291,0.0002249389999633422,0.09739712300051906,0.005576761999691371,0.09754862500085437,0.005801700999654713,0.6735248238855994,17.46481614347344,16.81379736850623,151218,450051
case08-rep0,case08,full_snapshot,1.0,5,0.00018474100033927243,0.0002249389999633422,0.005067807000159519,0.005576761999691371,0.005252548000498791,0.005801700999654713,0.8212937746205826,0.9087364675845915,0.9053462080881789,728790,450051
case08-rep0,case08,pinned_cost,1.0,5,0.0002048599999397993,0.0002249389999633422,0.004492372999266081,0.005576761999691371,0.00469723299920588,0.005801700999654713,0.9107357993642048,0.8055522182073931,0.8096303135038215,728790,450051
case08-rep0,case08,recoverability,1.0,5,0.0023360139994110796,0.0002249389999633422,0.0046814820016152225,0.005576761999691371,0.007017496001026302,0.005801700999654713,10.38509995950802,0.8394623980500342,1.2095583694237166,450051,450051
case08-rep0,case08,target_snapshots,1.0,5,0.00028227299935679184,0.0002249389999633422,0.004387711000163108,0.005576761999691371,0.0046699839995199,0.005801700999654713,1.2548868777881703,0.7867846969990709,0.8049335875457616,450051,450051
case08-rep1,case08,cost_cache,0.25,5,0.0002001429993470083,0.002720868000324117,0.08698133700090693,0.0971462249981414,0.08718148000025394,0.09986709299846552,0.07355851122625821,0.8953650746858259,0.8729750449589386,168647,168647
case08-rep1,case08,full_replay,0.25,5,0.00010710700007621199,0.002720868000324117,0.09198352000021259,0.0971462249981414,0.0920906270002888,0.09986709299846552,0.039365011482899254,0.9468563498167059,0.9221318477919829,151221,168647
case08-rep1,case08,pinned_cost,0.25,5,0.00013849300012225285,0.002720868000324117,0.08304980299908493,0.0971462249981414,0.08318829599920718,0.09986709299846552,0.0509003009722468,0.8548948042054525,0.832990062106698,168647,168647
case08-rep1,case08,recoverability,0.25,5,0.00434163299996726,0.002720868000324117,0.08442109299994627,0.0971462249981414,0.08876272599991353,0.09986709299846552,1.595679393285552,0.8690105354228783,0.8888085487907151,168647,168647
case08-rep1,case08,cost_cache,0.5,5,0.00020104399936826667,0.006014895999214787,0.04113096500168467,0.036601717999474204,0.04133200900105294,0.04261661399868899,0.03342435170857683,1.1237441095599812,0.9698567089897013,338020,338020
case08-rep1,case08,full_replay,0.5,5,0.00018098500004271045,0.006014895999214787,0.09099064399924828,0.036601717999474204,0.09117162899929099,0.04261661399868899,0.03008946456702445,2.485966478419275,2.1393447401075947,151221,338020
case08-rep1,case08,pinned_cost,0.5,5,0.0001400459996148129,0.006014895999214787,0.03718585300066479,0.036601717999474204,0.037325899000279605,0.04261661399868899,0.02328319552542474,1.0159592235861437,0.8758532294805931,338020,338020
case08-rep1,case08,recoverability,0.5,5,0.003354555999976583,0.006014895999214787,0.03728230300021096,0.036601717999474204,0.04063685900018754,0.04261661399868899,0.5577080635167263,1.018594345783073,0.9535449954198062,338020,338020
case08-rep1,case08,cost_cache,1.0,5,0.00013277500056574354,0.0001268659998459043,0.007216576997961965,0.004794186999788508,0.007349351998527709,0.004921052999634412,1.0465767087085311,1.505276493862321,1.493451096558744,733296,454557
case08-rep1,case08,full_replay,1.0,5,0.00012652500026888447,0.0001268659998459043,0.10368796800048585,0.004794186999788508,0.10381449300075474,0.004921052999634412,0.9973121279347184,21.627852231266736,21.095991652288074,151221,454557
case08-rep1,case08,full_snapshot,1.0,5,0.0001802039996618987,0.0001268659998459043,0.004795810001269274,0.004794186999788508,0.004976014000931173,0.004921052999634412,1.4204278520705353,1.0003385352888483,1.0111685448827403,733296,454557
case08-rep1,case08,pinned_cost,1.0,5,0.00028150300022389274,0.0001268659998459043,0.005139714000506501,0.004794186999788508,0.005421217000730394,0.004921052999634412,2.2189002614239888,1.0720720741041674,1.1016375968991066,733296,454557
case08-rep1,case08,recoverability,1.0,5,0.0029751510001005954,0.0001268659998459043,0.004756312001518381,0.004794186999788508,0.007731463001618977,0.004921052999634412,23.451129567530415,0.9920998078982323,1.5710993159783793,454557,454557
case08-rep1,case08,target_snapshots,1.0,5,0.0002171079995605396,0.0001268659998459043,0.004506635000325332,0.004794186999788508,0.0047237429998858715,0.004921052999634412,1.7113174516753604,0.9400206960062548,0.9599049228359867,454557,454557
case08-rep2,case08,cost_cache,0.25,5,0.00016009499995561782,0.002509570999791322,0.09247310700084199,0.08247015499910049,0.09263320200079761,0.08497972599889181,0.06379377191118729,1.1212917812734875,1.0900623756071608,168645,168645
case08-rep2,case08,full_replay,0.25,5,0.00018133600042347098,0.002509570999791322,0.0914643009991778,0.08247015499910049,0.09164563699960127,0.08497972599889181,0.07225776853436289,1.1090594045830933,1.0784411919708519,151219,168645
case08-rep2,case08,pinned_cost,0.25,5,0.00013654000031237956,0.002509570999791322,0.08445309099897713,0.08247015499910049,0.08458963099928951,0.08497972599889181,0.054407705669109685,1.024044286080198,0.995409552160625,168645,168645
case08-rep2,case08,recoverability,0.25,5,0.0041795189999902504,0.002509570999791322,0.08351520800079015,0.08247015499910049,0.0876947270007804,0.08497972599889181,1.665431661561992,1.012671893264916,1.031948808612586,168645,168645
case08-rep2,case08,cost_cache,0.5,5,0.00013351500001590466,0.005016633000195725,0.03732513699833362,0.04030521400090947,0.037458651998349524,0.0453218470011052,0.026614464325115182,0.9260622458794386,0.8265032093117493,341659,341659
case08-rep2,case08,full_replay,0.5,5,0.00017348400069749914,0.005016633000195725,0.09094118800021533,0.04030521400090947,0.09111467200091283,0.0453218470011052,0.03458176045382045,2.2563132402215573,2.010391853595264,151219,341659
case08-rep2,case08,pinned_cost,0.5,5,0.00015196300046227407,0.005016633000195725,0.03777665700090438,0.04030521400090947,0.03792862000136665,0.0453218470011052,0.03029183128531531,0.9372647667880379,0.8368727779439735,341659,341659
case08-rep2,case08,recoverability,0.5,5,0.0033545189999131253,0.005016633000195725,0.03625759799979278,0.04030521400090947,0.039612116999705904,0.0453218470011052,0.6686793711603476,0.8995758712253615,0.874018152851095,341659,341659
case08-rep2,case08,cost_cache,1.0,5,0.00021430400011013262,0.00012449199948605383,0.0056377430009888485,0.005098323998936394,0.005852047001098981,0.005222815998422448,1.7214278909074792,1.1058032016335149,1.120477344571701,734389,455650
case08-rep2,case08,full_replay,1.0,5,0.00011070300024584867,0.00012449199948605383,0.09779303199957212,0.005098323998936394,0.09790373499981797,0.005222815998422448,0.8892378683198042,19.18140785481142,18.745392338039444,151219,455650
case08-rep2,case08,full_snapshot,1.0,5,0.00018762499985314207,0.00012449199948605383,0.005720545999793103,0.005098323998936394,0.005908170999646245,0.005222815998422448,1.5071249608627315,1.1220444210659262,1.13122327139819,734389,455650
case08-rep2,case08,pinned_cost,1.0,5,0.0002110700006596744,0.00012449199948605383,0.005160763000276347,0.005098323998936394,0.0053718330009360216,0.005222815998422448,1.6954503223584214,1.0122469661310225,1.0285319265619515,734389,455650
case08-rep2,case08,recoverability,1.0,5,0.0026671699997677933,0.00012449199948605383,0.005026578001888993,0.005098323998936394,0.007693748001656786,0.005222815998422448,21.424428965546355,0.9859275328397393,1.4731033993885068,455650,455650
case08-rep2,case08,target_snapshots,1.0,5,0.00018038500002148794,0.00012449199948605383,0.0045858149978812435,0.005098323998936394,0.004766199997902731,0.005222815998422448,1.4489686145790879,0.8994750037145405,0.9125728341458637,455650,455650
case08-rep3,case08,cost_cache,0.25,5,0.00019862099998135818,0.0027629609994619386,0.08766326000113622,0.08274406799955614,0.08786188100111758,0.08550702899901808,0.07188700818434926,1.0594506907928007,1.0275398646130782,168646,168646
case08-rep3,case08,full_replay,0.25,5,0.00010931999986496521,0.0027629609994619386,0.08763052500034973,0.08274406799955614,0.0877398450002147,0.08550702899901808,0.03956624790804296,1.0590550732992703,1.0261126602962929,151220,168646
case08-rep3,case08,pinned_cost,0.25,5,0.00019311300002300413,0.0027629609994619386,0.08211606499935442,0.08274406799955614,0.08230917799937743,0.08550702899901808,0.06989349471838767,0.9924102958026539,0.9626013084880148,168646,168646
case08-rep3,case08,recoverability,0.25,5,0.0038221349996092613,0.0027629609994619386,0.08093397100037691,0.08274406799955614,0.08475610599998618,0.08550702899901808,1.3833474306563094,0.9781241478339096,0.9912179968381252,168646,168646
case08-rep3,case08,cost_cache,0.5,5,0.00013502799993148074,0.008119295999676979,0.0349570610005685,0.035776662998614484,0.03509208900049998,0.04389595899829146,0.01663050588830026,0.9770911558163565,0.799437802506282,329317,337005
case08-rep3,case08,full_replay,0.5,5,0.0001807449998523225,0.008119295999676979,0.08717844600050739,0.035776662998614484,0.08735919100035971,0.04389595899829146,0.022261166468067348,2.4367405647609877,1.9901419855927955,151220,337005
case08-rep3,case08,pinned_cost,0.5,5,0.00019586700000218116,0.008119295999676979,0.03684061399781058,0.035776662998614484,0.03703648099781276,0.04389595899829146,0.02412364323335097,1.0297386874577235,0.8437332693712036,329317,337005
case08-rep3,case08,recoverability,0.5,5,0.0032108089999383083,0.008119295999676979,0.03783540299991728,0.035776662998614484,0.041046211999855586,0.04389595899829146,0.39545411327115654,1.0575442153837131,0.9350795138443884,329317,337005
case08-rep3,case08,cost_cache,1.0,5,0.00020184599998174235,0.000189657999726478,0.004616689998329093,0.004327142999500211,0.004818535998310836,0.004516800999226689,1.0642630433350646,1.0669141276039007,1.0668028100276736,718453,439714
case08-rep3,case08,full_replay,1.0,5,0.00016956800027401187,0.000189657999726478,0.08913277400006336,0.004327142999500211,0.08930234200033738,0.004516800999226689,0.8940724911079962,20.598527483459243,19.77114821211442,151220,439714
case08-rep3,case08,full_snapshot,1.0,5,0.0001085699996110634,0.000189657999726478,0.004575900001327682,0.004327142999500211,0.004684470000938745,0.004516800999226689,0.5724514640439183,1.0574875851933256,1.0371211841612598,718453,439714
case08-rep3,case08,pinned_cost,1.0,5,0.0002842169997165911,0.000189657999726478,0.004530563000116672,0.004327142999500211,0.004814779999833263,0.004516800999226689,1.4985763855280805,1.0470102329966808,1.0659712483807877,718453,439714
case08-rep3,case08,recoverability,1.0,5,0.0025966149996747845,0.000189657999726478,0.004512134000833612,0.004327142999500211,0.007108749000508396,0.004516800999226689,13.691038624363774,1.0427513029624322,1.5738459590594027,439714,439714
case08-rep3,case08,target_snapshots,1.0,5,0.00021211100010987138,0.000189657999726478,0.0046633060001113336,0.004327142999500211,0.004875417000221205,0.004516800999226689,1.118386782607508,1.0776870560205545,1.079396015245284,439714,439714
case08-rep4,case08,cost_cache,0.25,5,0.00013465699976222822,0.0037753050000901567,0.08840732599855983,0.08635765300005005,0.08854198299832206,0.0901329580001402,0.03566784663994367,1.0237347001372141,0.9823485766237066,168649,168649
case08-rep4,case08,full_replay,0.25,5,0.00020463999953790335,0.0037753050000901567,0.09423346600124205,0.08635765300005005,0.09443810600077995,0.0901329580001402,0.054204891931384724,1.0911999426523025,1.0477644148839877,151223,168649
case08-rep4,case08,pinned_cost,0.25,5,0.00013227299950813176,0.0037753050000901567,0.08906862300045759,0.08635765300005005,0.08920089599996572,0.0901329580001402,0.03503637441345083,1.0313923538473884,0.9896590323799976,168649,168649
case08-rep4,case08,recoverability,0.25,5,0.00522904399986146,0.0037753050000901567,0.09240849099933257,0.08635765300005005,0.09763753499919403,0.0901329580001402,1.3850653125341097,1.0700671890571067,1.0832611862027446,168649,168649
case08-rep4,case08,cost_cache,0.5,5,0.0002070639993689838,0.007696039999245841,0.039485840999986976,0.03757674600092287,0.03969290499935596,0.04527278600016871,0.026905265485791998,1.0508052240344925,0.8767497763271747,328248,334848
case08-rep4,case08,full_replay,0.5,5,0.00019100999998045154,0.007696039999245841,0.09866013700047915,0.03757674600092287,0.0988511470004596,0.04527278600016871,0.024819257696057872,2.625563613146708,2.1834562379282607,151223,334848
case08-rep4,case08,pinned_cost,0.5,5,0.00020652199964388274,0.007696039999245841,0.037295121000170184,0.03757674600092287,0.03750164299981407,0.04527278600016871,0.026834839692117047,0.9925053382550536,0.8283484696451929,328248,334848
case08-rep4,case08,recoverability,0.5,5,0.003287859999545617,0.007696039999245841,0.03725585299980594,0.03757674600092287,0.040543712999351555,0.04527278600016871,0.4272145154998941,0.9914603302502817,0.8955426997402031,328248,334848
case08-rep4,case08,cost_cache,1.0,5,0.00013236399991001235,0.00014814800033491338,0.005119753998769738,0.004987370999515406,0.005252117998679751,0.005135518999850319,0.893457890830665,1.026543643788921,1.0227044236099272,714992,436253
case08-rep4,case08,full_replay,1.0,5,0.00013917399974161526,0.00014814800033491338,0.0932669399999213,0.004987370999515406,0.09340611399966292,0.005135518999850319,0.939425435557612,18.700622032927473,18.188252054443836,151223,436253
case08-rep4,case08,full_snapshot,1.0,5,0.00012159900052211015,0.00014814800033491338,0.004844984000555996,0.004987370999515406,0.0049665830010781065,0.005135518999850319,0.8207940724627752,0.9714504898526208,0.9671043961131998,714992,436253
case08-rep4,case08,pinned_cost,1.0,5,0.00024139400011335965,0.00014814800033491338,0.006180820000736276,0.004987370999515406,0.006422214000849635,0.005135518999850319,1.6294111264927509,1.2392942095819282,1.25054819211784,714992,436253
case08-rep4,case08,recoverability,1.0,5,0.002864389000023948,0.00014814800033491338,0.005226442000093812,0.004987370999515406,0.00809083100011776,0.005135518999850319,19.33464504109753,1.047935275038018,1.575465108853375,436253,436253
case08-rep4,case08,target_snapshots,1.0,5,0.00015319500016630627,0.00014814800033491338,0.005270236000797013,0.004987370999515406,0.005423431000963319,0.005135518999850319,1.0340672828521702,1.0567162541766175,1.0560628830545444,436253,436253
case09-rep0,case09,cost_cache,0.25,5,0.00033334799991280306,0.0004457539998838911,0.004900024000562553,0.004657248000512482,0.005233372000475356,0.005103002000396373,0.747829520317558,1.0521286390639615,1.025547707029873,476954,469077
case09-rep0,case09,recoverability,0.25,5,0.0038167559996509226,0.0004457539998838911,0.005354963001082069,0.004657248000512482,0.009171719000732992,0.005103002000396373,8.562471678650336,1.1498127221253434,1.7973183236104129,469077,469077
case09-rep0,case09,target_snapshots,0.25,5,0.00018438000006426591,0.0004457539998838911,0.005068731001301785,0.004657248000512482,0.005253111001366051,0.005103002000396373,0.4136362211271077,1.0883532508348328,1.0294158224821426,469077,469077
case09-rep0,case09,cost_cache,0.5,5,0.00034765000054903794,0.00029530299980251584,0.004630098999768961,0.005122429998664302,0.004977749000317999,0.005417732998466818,1.177265387691724,0.9038872177806786,0.9187881724194731,887051,469077
case09-rep0,case09,pinned_cost,0.5,5,0.00030796200007898733,0.00029530299980251584,0.05449033700006112,0.005122429998664302,0.054798299000140105,0.005417732998466818,1.0428678350200886,10.637595245668507,10.114617869807844,972070,469077
case09-rep0,case09,recoverability,0.5,5,0.006446501999562315,0.00029530299980251584,0.004699019998952281,0.005122429998664302,0.011145521998514596,0.005417732998466818,21.830127035192394,0.9173419646881602,2.0572298416457038,469077,469077
case09-rep0,case09,target_snapshots,0.5,5,0.0004327950000515557,0.00029530299980251584,0.005238409000412503,0.005122429998664302,0.0056712040004640585,0.005417732998466818,1.4655963547305233,1.0226414029627429,1.046785436282846,469077,469077
case09-rep0,case09,cost_cache,1.0,5,0.00030513799993059365,0.00019323299966345076,0.004686309999669902,0.005022111000471341,0.004991447999600496,0.005215344000134792,1.5791195109636817,0.9331354880905812,0.9570697540701996,1980643,469077
case09-rep0,case09,full_snapshot,1.0,5,0.00033617200006119674,0.00019323299966345076,0.005069811999419471,0.005022111000471341,0.005405983999480668,0.005215344000134792,1.739723549531909,1.0094981968625651,1.036553676869819,1980643,469077
case09-rep0,case09,pinned_cost,1.0,5,0.00030190199959179154,0.00019323299966345076,0.0052387509995242,0.005022111000471341,0.005540652999115991,0.005215344000134792,1.562372887227373,1.0431372383112454,1.0623753675640173,1980643,469077
case09-rep0,case09,recoverability,1.0,5,0.006888689000334125,0.00019323299966345076,0.004662444001041877,0.005022111000471341,0.011551133001376002,0.005215344000134792,35.64965100335858,0.9283833034762258,2.2148362602883838,469077,469077
case09-rep0,case09,target_snapshots,1.0,5,0.000268453999524354,0.00019323299966345076,0.004637166999600595,0.005022111000471341,0.004905620999124949,0.005215344000134792,1.389276158792307,0.923350160752198,0.9406131213968172,469077,469077
case09-rep1,case09,cost_cache,0.25,5,0.00022579100004804786,0.000316524000481877,0.00495583500196517,0.004608755999470304,0.005181626002013218,0.004925279999952181,0.7133455905533325,1.0753086087731172,1.0520469906408418,460934,453057
case09-rep1,case09,recoverability,0.25,5,0.0037229569998089573,0.000316524000481877,0.004610197000147309,0.004608755999470304,0.008333153999956266,0.004925279999952181,11.762005390242502,1.000312665864101,1.6919147743960083,453057,453057
case09-rep1,case09,target_snapshots,0.25,5,0.00021899100011069095,0.000316524000481877,0.0048908090002441895,0.004608755999470304,0.0051098000003548805,0.004925279999952181,0.6918622277530249,1.0611993780547944,1.03746386000481,453057,453057
case09-rep1,case09,cost_cache,0.5,5,0.00023235000026033958,0.0002721290002227761,0.004752558000291174,0.0047957599999790546,0.004984908000551513,0.005067889000201831,0.8538230033187504,0.9909916260012867,0.9836261213205316,871031,453057
case09-rep1,case09,pinned_cost,0.5,5,0.00041086300007009413,0.0002721290002227761,0.05338861500058556,0.0047957599999790546,0.053799478000655654,0.005067889000201831,1.509809684869105,11.132461799760359,10.615756974652182,969504,453057
case09-rep1,case09,recoverability,0.5,5,0.00592912200045248,0.0002721290002227761,0.004438445998857787,0.0047957599999790546,0.010367567999310268,0.005067889000201831,21.787909394436664,0.9254937692622592,2.0457369920488344,453057,453057
case09-rep1,case09,target_snapshots,0.5,5,0.00025866899977700086,0.0002721290002227761,0.004819054000108736,0.0047957599999790546,0.0050777229998857365,0.005067889000201831,0.9505381622878991,1.004857207226755,1.0019404528559157,453057,453057
case09-rep1,case09,cost_cache,1.0,5,0.0002936709997811704,0.00028705099975923076,0.004478715999539418,0.005006470000807894,0.004772386999320588,0.005293521000567125,1.0230621040424603,0.8945856059891873,0.9015524825176465,1964623,453057
case09-rep1,case09,full_snapshot,1.0,5,0.0002745830006460892,0.00028705099975923076,0.0052394400008779485,0.005006470000807894,0.005514023001524038,0.005293521000567125,0.9565652127196933,1.0465337852883287,1.0416550724807343,1964623,453057
case09-rep1,case09,pinned_cost,1.0,5,0.0003319469997222768,0.00028705099975923076,0.004556779998893035,0.005006470000807894,0.0048887269986153115,0.005293521000567125,1.156404262659609,0.9101782290032112,0.9235302926146046,1964623,453057
case09-rep1,case09,recoverability,1.0,5,0.006597921999855316,0.00028705099975923076,0.004312570999900345,0.005006470000807894,0.010910492999755661,0.005293521000567125,22.985190803687995,0.8613995488247058,2.0611031860621236,453057,453057
case09-rep1,case09,target_snapshots,1.0,5,0.00027664499975799117,0.00028705099975923076,0.004747058999782894,0.005006470000807894,0.005023703999540885,0.005293521000567125,0.9637486021300472,0.9481848486092718,0.9490288220265239,453057,453057
case09-rep2,case09,cost_cache,0.25,5,0.0002992590007124818,0.00026980599977832753,0.004626141999324318,0.004667144000450207,0.0049254010000368,0.004936950000228535,1.1091636248206223,0.9912147555074508,0.9976607014064958,460105,452228
case09-rep2,case09,recoverability,0.25,5,0.003716537999935099,0.00026980599977832753,0.005698652001228766,0.004667144000450207,0.009415190001163865,0.004936950000228535,13.774853053633368,1.2210148220579986,1.907086359134289,452228,452228
case09-rep2,case09,target_snapshots,0.25,5,0.0001778700006980216,0.00026980599977832753,0.004481811000914604,0.004667144000450207,0.0046596810016126256,0.004936950000228535,0.6592514652904662,0.960289847598933,0.9438379974269389,452228,452228
case09-rep2,case09,cost_cache,0.5,5,0.00030105099995125784,0.00028896299954794813,0.004958228999385028,0.004927163999127515,0.005259279999336286,0.005216126998675463,1.041832346778723,1.0063048439757665,1.0082729965493133,870202,452228
case09-rep2,case09,pinned_cost,0.5,5,0.00026956500005326234,0.00028896299954794813,0.0508361430001969,0.004927163999127515,0.05110570800025016,0.005216126998675463,0.9328702999171801,10.317526067571281,9.797634914415905,967586,452228
case09-rep2,case09,recoverability,0.5,5,0.006000377000418666,0.00028896299954794813,0.0049538740022399,0.004927163999127515,0.010954251002658566,0.005216126998675463,20.765208728472565,1.0054209689624933,2.100073676396336,452228,452228
case09-rep2,case09,target_snapshots,0.5,5,0.0002753040007519303,0.00028896299954794813,0.004623837000508502,0.004927163999127515,0.004899141001260432,0.005216126998675463,0.9527309765700596,0.9384378115539233,0.9392296242987328,452228,452228
case09-rep2,case09,cost_cache,1.0,5,0.0003356420002091909,0.00034873200002039084,0.00479292599902692,0.004976434998752666,0.005128567999236111,0.0053251669987730565,0.962464013023082,0.9631244053681518,0.963081157908805,1963794,452228
case09-rep2,case09,full_snapshot,1.0,5,0.00020779500027856557,0.00034873200002039084,0.005301723000229686,0.004976434998752666,0.005509518000508251,0.0053251669987730565,0.5958587117511887,1.0653656687083328,1.0346188207388933,1963794,452228
case09-rep2,case09,pinned_cost,1.0,5,0.00033403900033590617,0.00034873200002039084,0.004669184999329445,0.004976434998752666,0.005003223999665352,0.0053251669987730565,0.9578673603694942,0.9382590148368798,0.9395431168295976,1963794,452228
case09-rep2,case09,recoverability,1.0,5,0.0071346190006806864,0.00034873200002039084,0.004556930001854198,0.004976434998752666,0.011691549002534884,0.0053251669987730565,20.458744824861256,0.915701702724216,2.1955272022884302,452228,452228
case09-rep2,case09,target_snapshots,1.0,5,0.0002552739997554454,0.00034873200002039084,0.004653994000364037,0.004976434998752666,0.004909268000119482,0.0053251669987730565,0.7320062390045055,0.9352064282022274,0.9218993509969923,452228,452228
case09-rep3,case09,cost_cache,0.25,5,0.00021545599975070218,0.00019869199968525209,0.00487815100041189,0.004599240999596077,0.005093607000162592,0.004797932999281329,1.0843717919795761,1.0606426149097878,1.0616252875822882,465052,457175
case09-rep3,case09,recoverability,0.25,5,0.003948767999645497,0.00019869199968525209,0.005083271001240064,0.004599240999596077,0.009032039000885561,0.004797932999281329,19.873814778152813,1.1052412782210144,1.882485437424501,457175,457175
case09-rep3,case09,target_snapshots,0.25,5,0.0001949460001924308,0.00019869199968525209,0.00468370399903506,0.004599240999596077,0.004878649999227491,0.004797932999281329,0.9811467019368907,1.018364551769825,1.016823286185583,457175,457175
case09-rep3,case09,cost_cache,0.5,5,0.0003167349996147095,0.0003683700006149593,0.005792250000013155,0.00487317199986137,0.0061089849996278645,0.005241542000476329,0.8598284308872873,1.1885995405411365,1.165493856401934,875149,457175
case09-rep3,case09,pinned_cost,0.5,5,0.0002396709996901336,0.0003683700006149593,0.052437354999710806,0.00487317199986137,0.05267702599940094,0.005241542000476329,0.6506257276380413,10.760415392931447,10.049910120841133,971660,457175
case09-rep3,case09,recoverability,0.5,5,0.005820681999466615,0.0003683700006149593,0.004578712000693486,0.00487317199986137,0.0103993940001601,0.005241542000476329,15.801183564756984,0.9395752911704612,1.984033324394815,457175,457175
case09-rep3,case09,target_snapshots,0.5,5,0.00024958599988167407,0.0003683700006149593,0.004702882999481517,0.00487317199986137,0.004952468999363191,0.005241542000476329,0.6775416007411396,0.9650558198264504,0.9448496261049003,457175,457175
case09-rep3,case09,cost_cache,1.0,5,0.0003472990001682774,0.0004622169999493053,0.004799213999831409,0.004395501998260443,0.005146512999999686,0.004857718998209748,0.7513765184023267,1.091846619960755,1.0594505367429383,1968741,457175
case09-rep3,case09,full_snapshot,1.0,5,0.00025029700009326916,0.0004622169999493053,0.004691026998443704,0.004395501998260443,0.004941323998536973,0.004857718998209748,0.5415140510208863,1.0672335037727698,1.017210752692372,1968741,457175
case09-rep3,case09,pinned_cost,1.0,5,0.00030615899959229864,0.0004622169999493053,0.004967059001501184,0.004395501998260443,0.005273218001093483,0.004857718998209748,0.6623707038596099,1.1300322473899318,1.085533766575807,1968741,457175
case09-rep3,case09,recoverability,1.0,5,0.006602909000321233,0.0004622169999493053,0.004597167999236262,0.004395501998260443,0.011200076999557496,0.004857718998209748,14.285301062153538,1.0458800840167133,2.3056247188619072,457175,457175
case09-rep3,case09,target_snapshots,1.0,5,0.00017620800008444348,0.0004622169999493053,0.004679038999711338,0.004395501998260443,0.0048552469997957814,0.004857718998209748,0.38122353808659026,1.0645061705268495,0.9994911195120842,457175,457175
case09-rep4,case09,cost_cache,0.25,5,0.00022358800015354063,0.0003186670001014136,0.0044267979992582696,0.0054441400006908225,0.00465038599941181,0.005762807000792236,0.7016352495940442,0.8131308156470151,0.8069654247960244,461167,453290
case09-rep4,case09,recoverability,0.25,5,0.003639995999947132,0.0003186670001014136,0.0048296300001311465,0.0054441400006908225,0.008469626000078279,0.005762807000792236,11.422569637862498,0.8871245044246292,1.4697049543588612,453290,453290
case09-rep4,case09,target_snapshots,0.25,5,0.00017831100012699608,0.0003186670001014136,0.0045617380001203855,0.0054441400006908225,0.004740049000247382,0.005762807000792236,0.5595527621945474,0.8379170997699423,0.8225243357266256,453290,453290
case09-rep4,case09,cost_cache,0.5,5,0.00023908999992272584,0.0002635470000313944,0.004486166001697711,0.004566101998534577,0.004725256001620437,0.004829648998565972,0.9072006127720854,0.9824936024507291,0.9783849722875241,871264,453290
case09-rep4,case09,pinned_cost,0.5,5,0.0003189979997841874,0.0002635470000313944,0.05026643200108083,0.004566101998534577,0.05058543000086502,0.004829648998565972,1.2104026976068312,11.008609097478132,10.47393506565072,968871,453290
case09-rep4,case09,recoverability,0.5,5,0.006012242999531736,0.0002635470000313944,0.004541828000583337,0.004566101998534577,0.010554071000115073,0.004829648998565972,22.81279240065545,0.9946838686566724,2.185266673261102,453290,453290
case09-rep4,case09,target_snapshots,0.5,5,0.00025739699958649,0.0002635470000313944,0.0048043729993878515,0.004566101998534577,0.005061769998974341,0.004829648998565972,0.9766645021792248,1.0521825839479153,1.0480616708330752,453290,453290
case09-rep4,case09,cost_cache,1.0,5,0.000331425999320345,0.00031622300048184115,0.00461805800023285,0.004530492001322273,0.004949483999553195,0.004846715001804114,1.048076828109715,1.0193281433639039,1.0212038458442114,1964856,453290
case09-rep4,case09,full_snapshot,1.0,5,0.00025839899990387494,0.00031622300048184115,0.004448962001333712,0.004530492001322273,0.004707361001237587,0.004846715001804114,0.8171416990862221,0.9820041620281493,0.9712477419211456,1964856,453290
case09-rep4,case09,pinned_cost,1.0,5,0.0002318599999853177,0.00031622300048184115,0.004935765001391701,0.004530492001322273,0.005167625001377019,0.004846715001804114,0.7332167477761696,1.0894545228092545,1.066211856784121,1964856,453290
case09-rep4,case09,recoverability,1.0,5,0.006463103999521991,0.00031622300048184115,0.004442313001163711,0.004530492001322273,0.010905417000685702,0.004846715001804114,20.438437399157905,0.9805365509677921,2.2500635990823334,453290,453290
case09-rep4,case09,target_snapshots,1.0,5,0.00031092500012164237,0.00031622300048184115,0.004440828998667712,0.004530492001322273,0.004751753998789354,0.004846715001804114,0.9832459993355132,0.980208992173832,0.9804071411297318,453290,453290
case10-rep0,case10,pinned_cost,0.5,5,0.0003012309998666751,0.007544107000285294,0.008032242000808765,0.005820358999699238,0.00833347300067544,0.013364465999984532,0.03992931169391997,1.3800251842238296,0.6235545064565308,1967438,1965068
case10-rep0,case10,recoverability,0.5,5,0.006685417999506171,0.007544107000285294,0.006021806001626828,0.005820358999699238,0.012707224001133,0.013364465999984532,0.8861775156759243,1.0346107520065344,0.9508216790066814,1965068,1965068
case10-rep0,case10,cost_cache,1.0,5,0.00026954500026477035,0.00545224999950733,0.0024999450015457114,0.0025047720000657137,0.0027694900018104818,0.007957021999573044,0.0494373882872441,0.9980728790804609,0.3480560945990958,3936948,1997588
case10-rep0,case10,full_snapshot,1.0,5,0.0002684230003069388,0.00545224999950733,0.002408450998700573,0.0025047720000657137,0.002676873999007512,0.007957021999573044,0.04923160169309802,0.9615450023544604,0.33641656377865325,3936948,1997588
case10-rep0,case10,pinned_cost,1.0,5,0.00032014999942475697,0.00545224999950733,0.0028709680000247317,0.0025047720000657137,0.0031911179994494887,0.007957021999573044,0.05871887742742647,1.1461993346897086,0.4010442599782578,3936948,1997588
case10-rep0,case10,recoverability,1.0,5,0.006962534000194864,0.00545224999950733,0.002332579000722035,0.0025047720000657137,0.0092951130009169,0.007957021999573044,1.277001971814206,0.9312540225860233,1.1681647985157833,1997588,1997588
case10-rep0,case10,target_snapshots,1.0,5,0.0003350610004417831,0.00545224999950733,0.002399598000010883,0.0025047720000657137,0.002734659000452666,0.007957021999573044,0.061453711856950706,0.9580105494423958,0.3436787029870474,1997588,1997588
case10-rep1,case10,pinned_cost,0.5,5,0.00023415299983753357,0.007151210999836621,0.007675910001125885,0.005531526002414466,0.007910063000963419,0.012682737002251088,0.0327431255829094,1.3876658986643853,0.6236873791169402,1967435,1965065
case10-rep1,case10,recoverability,0.5,5,0.006979748999583535,0.007151210999836621,0.006360542000038549,0.005531526002414466,0.013340290999622084,0.012682737002251088,0.9760233616016918,1.1498711200602192,1.0518463796303814,1965065,1965065
case10-rep1,case10,cost_cache,1.0,5,0.0003447150002102717,0.0028741219994117273,0.00262516899874754,0.002497180999853299,0.002969883998957812,0.005371302999265026,0.11993749753170799,1.0512529924349736,0.5529168619540159,3936945,1997585
case10-rep1,case10,full_snapshot,1.0,5,0.00018009399991569808,0.0028741219994117273,0.002455909001582768,0.002497180999853299,0.002636003001498466,0.005371302999265026,0.0626605272680003,0.9834725643543837,0.49075671245117974,3936945,1997585
case10-rep1,case10,pinned_cost,1.0,5,0.000320299000122759,0.0028741219994117273,0.002473061999808124,0.002497180999853299,0.002793360999930883,0.005371302999265026,0.11144238142581196,0.990341509066987,0.5200527693770223,3936945,1997585
case10-rep1,case10,recoverability,1.0,5,0.006959039000321354,0.0028741219994117273,0.00246798599982867,0.002497180999853299,0.009427025000150024,0.005371302999265026,2.421274741206436,0.9883088170115246,1.7550722797503615,1997585,1997585
case10-rep1,case10,target_snapshots,1.0,5,0.00029347999952733517,0.0028741219994117273,0.0024666839999554213,0.002497180999853299,0.0027601639994827565,0.005371302999265026,0.10211118372407448,0.9877874291452364,0.5138723322554023,1997585,1997585
case10-rep2,case10,pinned_cost,0.5,5,0.00021861000004719244,0.007116290000340086,0.007824135998816928,0.005665554000188422,0.00804274599886412,0.012781844000528508,0.030719658703726956,1.381001045715338,0.629232057481813,1967432,1965062
case10-rep2,case10,recoverability,0.5,5,0.0067325279997021426,0.007116290000340086,0.005814997999550542,0.005665554000188422,0.012547525999252684,0.012781844000528508,0.9460727428730976,1.0263776498039114,0.9816679032175534,1965062,1965062
case10-rep2,case10,cost_cache,1.0,5,0.00035550099983083783,0.0033559379999132943,0.002404590999503853,0.002425074000711902,0.0027600919993346906,0.005781012000625196,0.1059319331406071,0.9915536593101751,0.47744097383575684,3936942,1997582
case10-rep2,case10,full_snapshot,1.0,5,0.00017744999968272168,0.0033559379999132943,0.0024855230003595352,0.002425074000711902,0.002662973000042257,0.005781012000625196,0.052876423726334144,1.0249266618791377,0.460641320196925,3936942,1997582
case10-rep2,case10,pinned_cost,1.0,5,0.0003344999995533726,0.0033559379999132943,0.002487395002390258,0.002425074000711902,0.0028218950019436306,0.005781012000625196,0.09967407012942876,1.0256985979232225,0.4881316630441958,3936942,1997582
case10-rep2,case10,recoverability,1.0,5,0.0072781579992806655,0.0033559379999132943,0.002507664999939152,0.002425074000711902,0.009785822999219818,0.005781012000625196,2.168740304340756,1.0340571047328884,1.692752583485645,1997582,1997582
case10-rep2,case10,target_snapshots,1.0,5,0.00019595600042521255,0.0033559379999132943,0.0023753079995003645,0.002425074000711902,0.002571263999925577,0.005781012000625196,0.05839082856425696,0.9794785638718949,0.44477748872472567,1997582,1997582
case10-rep3,case10,pinned_cost,0.5,5,0.00021407300027931342,0.0077940340006534825,0.008097307000753062,0.00623605000146199,0.008311380001032376,0.014030084002115473,0.02746626461487911,1.2984672988277381,0.592397023409067,1967432,1965062
case10-rep3,case10,recoverability,0.5,5,0.007189938000010443,0.0077940340006534825,0.0062901299988880055,0.00623605000146199,0.013480067998898448,0.014030084002115473,0.9224925115040056,1.008672155837964,0.9607973834558587,1965062,1965062
case10-rep3,case10,cost_cache,1.0,5,0.00033381999946868746,0.0033412970005883835,0.0028169990018795943,0.00247188200137316,0.0031508190013482817,0.005813179001961544,0.09990731126562638,1.1396171015909002,0.5420130706942105,3936942,1997582
case10-rep3,case10,full_snapshot,1.0,5,0.0002657690001797164,0.0033412970005883835,0.0025104790001932997,0.00247188200137316,0.002776248000373016,0.005813179001961544,0.07954066942654782,1.0156144180016273,0.4775782750602081,3936942,1997582
case10-rep3,case10,pinned_cost,1.0,5,0.00026080199950229144,0.0033412970005883835,0.00257890899956692,0.00247188200137316,0.0028397109990692115,0.005813179001961544,0.0780541207370568,1.0432977780226989,0.48849536511967145,3936942,1997582
case10-rep3,case10,recoverability,1.0,5,0.006907645000865159,0.0033412970005883835,0.00311193200013804,0.00247188200137316,0.0100195770010032,0.005813179001961544,2.0673543835369204,1.2589322623043189,1.723596847374266,1997582,1997582
case10-rep3,case10,target_snapshots,1.0,5,0.00027061700075137196,0.0033412970005883835,0.002653651000400714,0.00247188200137316,0.002924268001152086,0.005813179001961544,0.08099160317197718,1.0735346585826424,0.5030411071404044,1997582,1997582
case10-rep4,case10,pinned_cost,0.5,5,0.000451801999588497,0.007551378000243858,0.008022961000278883,0.005757708999226452,0.00847476299986738,0.01330908699947031,0.059830404407501106,1.393429400714202,0.636765166551595,1967433,1965063
case10-rep4,case10,recoverability,0.5,5,0.006686991000606213,0.007551378000243858,0.006125427999904787,0.005757708999226452,0.012812419000511,0.01330908699947031,0.8855325478859976,1.063865506354652,0.9626820382961598,1965063,1965063
case10-rep4,case10,cost_cache,1.0,5,0.0003688609995151637,0.0035081930000160355,0.0027639410000119824,0.002470150999215548,0.003132801999527146,0.0059783439992315834,0.10514273288655376,1.1189360492090297,0.5240250477272328,3936943,1997583
case10-rep4,case10,full_snapshot,1.0,5,0.00029074599933665013,0.0035081930000160355,0.003004008000061731,0.002470150999215548,0.003294753999398381,0.0059783439992315834,0.08287628398304231,1.2161232252666825,0.5511148237407996,3936943,1997583
case10-rep4,case10,pinned_cost,1.0,5,0.00026940499992633704,0.0035081930000160355,0.002594654000859009,0.002470150999215548,0.002864059000785346,0.0059783439992315834,0.07679309545543977,1.0504029922393407,0.4790722984748742,3936943,1997583
case10-rep4,case10,recoverability,1.0,5,0.008099312000013015,0.0035081930000160355,0.002566620999459701,0.002470150999215548,0.010665932999472716,0.0059783439992315834,2.308684841448573,1.0390542927435567,1.7840948933088567,1997583,1997583
case10-rep4,case10,target_snapshots,1.0,5,0.00018110500059265178,0.0035081930000160355,0.0026037069992526085,0.002470150999215548,0.0027848119998452603,0.0059783439992315834,0.05162344277861109,1.0540679497243182,0.46581662082396086,1997583,1997583
case11-rep0,case11,cost_cache,0.25,5,0.0007283369996002875,0.004666319999159896,0.039615708000383165,0.03983056200104329,0.04034404499998345,0.044496882000203186,0.15608380902540206,0.9946058004239434,0.9066712809180479,1769906,1769906
case11-rep0,case11,full_replay,0.25,5,0.00036461499985307455,0.004666319999159896,0.246286544999748,0.03983056200104329,0.24665115999960108,0.044496882000203186,0.07813759020356904,6.1833560117303135,5.543111088063986,1711388,1769906
case11-rep0,case11,pinned_cost,0.25,5,0.0005541220007216907,0.004666319999159896,0.03893080400030158,0.03983056200104329,0.03948492600102327,0.044496882000203186,0.11874925012032017,0.977410361402429,0.8873638831782183,1769906,1769906
case11-rep0,case11,recoverability,0.25,5,0.06340538599943102,0.004666319999159896,0.04221045899885212,0.03983056200104329,0.10561584499828314,0.044496882000203186,13.587877816104822,1.059750525180802,2.373556084172389,1769906,1769906
case11-rep0,case11,cost_cache,0.5,5,0.0005852479998793569,0.0005443280006147688,0.003008259001035185,0.005788493998807098,0.003593507000914542,0.006332821999421867,1.0751752605384488,0.5196963150786943,0.5674416557488271,3276688,2250992
case11-rep0,case11,full_replay,0.5,5,0.00044932899982086383,0.0005443280006147688,0.2532339890012736,0.005788493998807098,0.25368331800109445,0.006332821999421867,0.8254747125141233,43.74781921747875,40.05849493705232,1711388,2250992
case11-rep0,case11,pinned_cost,0.5,5,0.0004520819993558689,0.0005443280006147688,0.0030543360007868614,0.005788493998807098,0.0035064180001427303,0.006332821999421867,0.8305323239761385,0.5276564165767994,0.553689650595396,3276688,2250992
case11-rep0,case11,recoverability,0.5,5,0.044158616000459006,0.0005443280006147688,0.002865438998924219,0.005788493998807098,0.047024054999383225,0.006332821999421867,81.12501276911325,0.495023230483565,7.425450297462351,2250992,2250992
case11-rep0,case11,target_snapshots,0.5,5,0.0004674950005210121,0.0005443280006147688,0.003347998000208463,0.005788493998807098,0.003815493000729475,0.006332821999421867,0.8588479740028423,0.5783884376313465,0.602494906864238,2250992,2250992
case11-rep0,case11,cost_cache,1.0,5,0.0005555039997489075,0.0005162469997230801,0.0033170629994856426,0.002999266000188072,0.00387256699923455,0.0035155129999111523,1.0760430569996247,1.1059582575462272,1.1015652621203282,7132604,2250992
case11-rep0,case11,full_replay,1.0,5,0.0003515149992381339,0.0005162469997230801,0.24434615199879772,0.002999266000188072,0.24469766699803586,0.0035155129999111523,0.6809046821128064,81.46864999085633,69.6051094119749,1711388,2250992
case11-rep0,case11,full_snapshot,1.0,5,0.00034083999980794033,0.0005162469997230801,0.0028821669993703836,0.002999266000188072,0.003223006999178324,0.0035155129999111523,0.6602265969405541,0.9609574473186621,0.9167956424168476,7132604,2250992
case11-rep0,case11,pinned_cost,1.0,5,0.0005735610002375324,0.0005162469997230801,0.003006095999808167,0.002999266000188072,0.0035796570000456995,0.0035155129999111523,1.111020500933073,1.002277223700621,1.0182459857597363,7132604,2250992
case11-rep0,case11,recoverability,1.0,5,0.04317400199943222,0.0005162469997230801,0.002913391999754822,0.002999266000188072,0.04608739399918704,0.0035155129999111523,83.63051411938699,0.9713683279749561,13.109720828895188,2250992,2250992
case11-rep0,case11,target_snapshots,1.0,5,0.0004808250005226,0.0005162469997230801,0.003121636001196748,0.002999266000188072,0.003602461001719348,0.0035155129999111523,0.9313855592003812,1.040799982729442,1.0247326639982253,2250992,2250992
case11-rep1,case11,cost_cache,0.25,5,0.0004017390001536114,0.004597369000293838,0.03910439100036456,0.04039737600032822,0.03950613000051817,0.04499474500062206,0.08738454540584724,0.9679933419449531,0.8780165328189323,1769906,1769906
case11-rep1,case11,full_replay,0.25,5,0.0004702500000348664,0.004597369000293838,0.24757381700055703,0.04039737600032822,0.2480440670005919,0.04499474500062206,0.10228676445262729,6.128462823886025,5.512734142557373,1711388,1769906
case11-rep1,case11,pinned_cost,0.25,5,0.00040658600028109504,0.004597369000293838,0.04344800899889378,0.04039737600032822,0.04385459499917488,0.04499474500062206,0.08843884409868086,1.0755156225627323,0.9746603741963329,1769906,1769906
case11-rep1,case11,recoverability,0.25,5,0.06721802500032936,0.004597369000293838,0.04078586299874587,0.04039737600032822,0.10800388799907523,0.04499474500062206,14.620976692545923,1.0096166394177308,2.400366709436448,1769906,1769906
case11-rep1,case11,cost_cache,0.5,5,0.0005612630002360675,0.0005496459998539649,0.002897424999900977,0.00318550999963918,0.0034586880001370446,0.003735155999493145,1.021135422408585,0.9095639317500701,0.9259822081343814,3315088,2250992
case11-rep1,case11,full_replay,0.5,5,0.0004523640000115847,0.0005496459998539649,0.23728156000015588,0.00318550999963918,0.23773392400016746,0.003735155999493145,0.8230097192225051,74.48777747583041,63.64765595665284,1711388,2250992
case11-rep1,case11,pinned_cost,0.5,5,0.0005755940001108684,0.0005496459998539649,0.003055819000110205,0.00318550999963918,0.003631413000221073,0.003735155999493145,1.0472085674484988,0.9592872100405696,0.9722252566462687,3315088,2250992
case11-rep1,case11,recoverability,0.5,5,0.044162115000290214,0.0005496459998539649,0.003192288999343873,0.00318550999963918,0.04735440399963409,0.003735155999493145,80.34646847611667,1.0021280735911866,12.678025765472716,2250992,2250992
case11-rep1,case11,target_snapshots,0.5,5,0.0004888469993602484,0.0005496459998539649,0.0028470820016082143,0.00318550999963918,0.003335929000968463,0.003735155999493145,0.8893851669804381,0.8937601834339559,0.893116378919955,2250992,2250992
case11-rep1,case11,cost_cache,1.0,5,0.00042706600015662843,0.00038903000040590996,0.00321630400048889,0.0028494770003817393,0.0036433700006455183,0.0032385070007876493,1.0977713793564303,1.128734852065136,1.1250153233448008,7132604,2250992
case11-rep1,case11,full_replay,1.0,5,0.0003910429995812592,0.00038903000040590996,0.23482577000049787,0.0028494770003817393,0.23521681300007913,0.0032385070007876493,1.0051744060181707,82.41012998842899,72.6312504320266,1711388,2250992
case11-rep1,case11,full_snapshot,1.0,5,0.0005398610001066118,0.00038903000040590996,0.0029453269989971886,0.0028494770003817393,0.0034851879991038004,0.0032385070007876493,1.3877104581737303,1.0336377512794834,1.0761712104547418,7132604,2250992
case11-rep1,case11,pinned_cost,1.0,5,0.0006695620004393277,0.00038903000040590996,0.002966697000374552,0.0028494770003817393,0.0036362590008138795,0.0032385070007876493,1.7211063407467637,1.0411373736222853,1.1228195584970146,7132604,2250992
case11-rep1,case11,recoverability,1.0,5,0.043524640999748954,0.00038903000040590996,0.0030749580009796773,0.0028494770003817393,0.04659959900072863,0.0032385070007876493,111.87990888706729,1.0791306617206353,14.38922287010495,2250992,2250992
case11-rep1,case11,target_snapshots,1.0,5,0.0003378250003152061,0.00038903000040590996,0.0030945460002840264,0.0028494770003817393,0.0034323710005992325,0.0032385070007876493,0.8683777599740969,1.0860049054157852,1.0598621524561882,2250992,2250992
case11-rep2,case11,cost_cache,0.25,5,0.0004710100001830142,0.005328821000148309,0.040143399000044155,0.0414437250001356,0.04061440900022717,0.04677254600028391,0.08838915778366457,0.968624297162304,0.8683386403635295,1769910,1769910
case11-rep2,case11,full_replay,0.25,5,0.000554092000129458,0.005328821000148309,0.2874365659999967,0.0414437250001356,0.28799065800012613,0.04677254600028391,0.10398022378947178,6.935587136509959,6.157258533635908,1711392,1769910
case11-rep2,case11,pinned_cost,0.25,5,0.0005639759992845939,0.005328821000148309,0.04039497899975686,0.0414437250001356,0.04095895499904145,0.04677254600028391,0.10583504292392211,0.9746946974391103,0.8757050556707525,1769910,1769910
case11-rep2,case11,recoverability,0.25,5,0.06321000900061335,0.005328821000148309,0.04009432899965759,0.0414437250001356,0.10330433800027095,0.04677254600028391,11.86191260671997,0.9674402819612958,2.208653298446569,1769910,1769910
case11-rep2,case11,cost_cache,0.5,5,0.0004477070006032591,0.0004772989996126853,0.003002348999871174,0.0033795139997891965,0.003450056000474433,0.003856812999401882,0.9380011292011102,0.8883966748054457,0.8945354625721991,3276692,2250996
case11-rep2,case11,full_replay,0.5,5,0.0006929250002940535,0.0004772989996126853,0.2978389119989515,0.0033795139997891965,0.29853183699924557,0.003856812999401882,1.4517629428436736,88.13069335340222,77.40376239282075,1711392,2250996
case11-rep2,case11,pinned_cost,0.5,5,0.00041841300026135286,0.0004772989996126853,0.0029250880015752045,0.0033795139997891965,0.0033435010018365574,0.003856812999401882,0.876626602194606,0.8655351040882394,0.866907729867917,3276692,2250996
case11-rep2,case11,recoverability,0.5,5,0.04393075099960697,0.0004772989996126853,0.002891990000534861,0.0033795139997891965,0.04682274100014183,0.003856812999401882,92.04031652120692,0.8557413878786282,12.14026736774719,2250996,2250996
case11-rep2,case11,target_snapshots,0.5,5,0.0005240580003373907,0.0004772989996126853,0.0030144780002956395,0.0033795139997891965,0.00353853600063303,0.003856812999401882,1.0979658469065492,0.8919856525179872,0.9174766837753839,2250996,2250996
case11-rep2,case11,cost_cache,1.0,5,0.0006257069999264786,0.0016536840003027464,0.0031352450014310307,0.003023450999535271,0.0037609520013575093,0.004677134999838017,0.3783715630144139,1.0369756288138763,0.80411448493314,7132608,2250996
case11-rep2,case11,full_replay,1.0,5,0.00033535199963807827,0.0016536840003027464,0.3204162539996105,0.003023450999535271,0.32075160599924857,0.004677134999838017,0.2027908594245842,105.97699583980726,68.57865039396064,1711392,2250996
case11-rep2,case11,full_snapshot,1.0,5,0.00047460499990847893,0.0016536840003027464,0.003012236998984008,0.003023450999535271,0.003486841998892487,0.004677134999838017,0.2869986042203898,0.9962909931224331,0.7455080939535093,7132608,2250996
case11-rep2,case11,pinned_cost,1.0,5,0.0006044060000931495,0.0016536840003027464,0.002933229999143805,0.003023450999535271,0.0035376359992369544,0.004677134999838017,0.36549062576798136,0.9701595956391111,0.7563681611412698,7132608,2250996
case11-rep2,case11,recoverability,1.0,5,0.04473805500037997,0.0016536840003027464,0.00292889299998933,0.003023450999535271,0.0476669480003693,0.004677134999838017,27.05356948013623,0.9687251423752277,10.191484317219867,2250996,2250996
case11-rep2,case11,target_snapshots,1.0,5,0.0007412269997075782,0.0016536840003027464,0.0032091539997054497,0.003023450999535271,0.003950380999413028,0.004677134999838017,0.4482277143468032,1.0614208731012087,0.8446155604980059,2250996,2250996
case11-rep3,case11,cost_cache,0.25,5,0.0006182270008139312,0.00479820300006395,0.039722001999507484,0.0476768099997571,0.040340229000321415,0.05247501299982105,0.12884552837920604,0.8331514209887335,0.7687511959350822,1769905,1769905
case11-rep3,case11,full_replay,0.25,5,0.00032870199993340066,0.00479820300006395,0.31378285699884145,0.0476768099997571,0.31411155899877485,0.05247501299982105,0.06850522996401356,6.581456624309388,5.985926273135865,1711387,1769905
case11-rep3,case11,pinned_cost,0.25,5,0.0006011909999870113,0.00479820300006395,0.04013911499987444,0.0476768099997571,0.04074030599986145,0.05247501299982105,0.1252950323233508,0.8419001816622995,0.7763753388684321,1769905,1769905
case11-rep3,case11,recoverability,0.25,5,0.06554875700021512,0.00479820300006395,0.04225463600141666,0.0476768099997571,0.10780339300163178,0.05247501299982105,13.661105417870294,0.8862722988730147,2.054375727396188,1769905,1769905
case11-rep3,case11,cost_cache,0.5,5,0.0006213110000317101,0.0005686939994120621,0.0028659600002356456,0.0028206540000610403,0.0034872710002673557,0.0033893479994731024,1.0925225176879754,1.0160622324374506,1.0288913976403355,3276687,2250991
case11-rep3,case11,full_replay,0.5,5,0.00047508599982393207,0.0005686939994120621,0.26839788899906125,0.0028206540000610403,0.2688729749988852,0.0033893479994731024,0.8353982991118147,95.15448863747663,79.32881930114091,1711387,2250991
case11-rep3,case11,pinned_cost,0.5,5,0.0005546930005948525,0.0005686939994120621,0.0029727080000157002,0.0028206540000610403,0.0035274010006105527,0.0033893479994731024,0.9753804351168037,1.0539073562200005,1.0407314330540598,3276687,2250991
case11-rep3,case11,recoverability,0.5,5,0.04324563699992723,0.0005686939994120621,0.0032213610002145288,0.0028206540000610403,0.04646699800014176,0.0033893479994731024,76.04377230045726,1.1420617346703343,13.709715853127319,2250991,2250991
case11-rep3,case11,target_snapshots,0.5,5,0.0003340089997436735,0.0005686939994120621,0.002888475000872859,0.0028206540000610403,0.0032224840006165323,0.0033893479994731024,0.5873264006460152,1.024044424027318,0.9507681126628159,2250991,2250991
case11-rep3,case11,cost_cache,1.0,5,0.0006142299998828094,0.0004924519998894539,0.0036827869989792816,0.002882395000597171,0.004297016998862091,0.003374847000486625,1.2472890759316488,1.2776829678847925,1.2732479422748637,7132603,2250991
case11-rep3,case11,full_replay,1.0,5,0.0004752360000566114,0.0004924519998894539,0.27101776999916183,0.002882395000597171,0.27149300599921844,0.003374847000486625,0.9650402479090202,94.0252012451495,80.44601902251314,1711387,2250991
case11-rep3,case11,full_snapshot,1.0,5,0.0005623239994747564,0.0004924519998894539,0.0028292360020714113,0.002882395000597171,0.0033915600015461678,0.003374847000486625,1.1418859088824647,0.9815573512600645,1.0049522248140828,7132603,2250991
case11-rep3,case11,pinned_cost,1.0,5,0.0004514519996519084,0.0004924519998894539,0.0028441980002753553,0.002882395000597171,0.0032956499999272637,0.003374847000486625,0.916743154161727,0.9867481728514301,0.9765331582297089,7132603,2250991
case11-rep3,case11,recoverability,1.0,5,0.04460568000013154,0.0004924519998894539,0.002910497000812029,0.002882395000597171,0.04751617700094357,0.003374847000486625,90.57873662843215,1.0097495312783418,14.079505528426068,2250991,2250991
case11-rep3,case11,target_snapshots,1.0,5,0.0004110219997528475,0.0004924519998894539,0.0030086800006756675,0.002882395000597171,0.003419702000428515,0.003374847000486625,0.8346437822267229,1.0438125239782656,1.0132909728753399,2250991,2250991
case11-rep4,case11,cost_cache,0.25,5,0.00040764799996395595,0.006468450999818742,0.038720073999684246,0.04137908999928186,0.0391277219996482,0.0478475409991006,0.06302096127424928,0.9357401044913322,0.817758262653115,1769909,1769909
case11-rep4,case11,full_replay,0.25,5,0.00036787899989576545,0.006468450999818742,0.258692369999153,0.04137908999928186,0.2590602489990488,0.0478475409991006,0.056872812348130033,6.251765565739668,5.414285532540082,1711391,1769909
case11-rep4,case11,pinned_cost,0.25,5,0.0005132819997015758,0.006468450999818742,0.03866681800082006,0.04137908999928186,0.039180100000521634,0.0478475409991006,0.07935160979281732,0.9344530776653408,0.8188529479761166,1769909,1769909
case11-rep4,case11,recoverability,0.25,5,0.06189155799984292,0.006468450999818742,0.0400323780004328,0.04137908999928186,0.10192393600027572,0.0478475409991006,9.568219346730343,0.9674542867213264,2.1301812772821824,1769909,1769909
case11-rep4,case11,cost_cache,0.5,5,0.0005353440001272247,0.000570936999793048,0.0029383960008999566,0.003345454000736936,0.0034737400010271813,0.003916391000529984,0.9376586213912832,0.8783250345850481,0.886974768494029,3276691,2250995
case11-rep4,case11,full_replay,0.5,5,0.0003339100003358908,0.000570936999793048,0.2595996099998956,0.003345454000736936,0.2599335200002315,0.003916391000529984,0.5848456142392694,77.59772214554768,66.37067646337051,1711391,2250995
case11-rep4,case11,pinned_cost,0.5,5,0.0005801999996037921,0.000570936999793048,0.002933380000285979,0.003345454000736936,0.003513579999889771,0.003916391000529984,1.0162242065483613,0.8768256863313064,0.8971473990759087,3276691,2250995
case11-rep4,case11,recoverability,0.5,5,0.043385842999668967,0.000570936999793048,0.0029392290007308475,0.003345454000736936,0.046325072000399814,0.003916391000529984,75.99059618731204,0.8785740291402586,11.828510481749879,2250995,2250995
case11-rep4,case11,target_snapshots,0.5,5,0.00050163500054623,0.000570936999793048,0.0028437689998099813,0.003345454000736936,0.0033454040003562113,0.003916391000529984,0.8786170816185701,0.8500397850885281,0.8542058236533319,2250995,2250995
case11-rep4,case11,cost_cache,1.0,5,0.0006230029994185315,0.0005114899995533051,0.002828726000188908,0.0028666820007856586,0.0034517289996074396,0.0033781720003389637,1.2180159924194278,0.9867596054998956,1.0217742019237313,7132607,2250995
case11-rep4,case11,full_replay,1.0,5,0.0003530269996190327,0.0005114899995533051,0.2871592559995406,0.0028666820007856586,0.28751228299915965,0.0033781720003389637,0.690193356521806,100.17129766079397,85.10883488771763,1711391,2250995
case11-rep4,case11,full_snapshot,1.0,5,0.0005849179997312604,0.0005114899995533051,0.0033682260000205133,0.0028666820007856586,0.003953143999751774,0.0033781720003389637,1.143557059262315,1.1749562731748406,1.1702021091155566,7132607,2250995
case11-rep4,case11,pinned_cost,1.0,5,0.0004241619999447721,0.0005114899995533051,0.0028223459994478617,0.0028666820007856586,0.003246507999392634,0.0033781720003389637,0.829267434974685,0.9845340357508625,0.9610250748235677,7132607,2250995
case11-rep4,case11,recoverability,1.0,5,0.04694159400060016,0.0005114899995533051,0.0031975360006981646,0.0028666820007856586,0.05013913000129833,0.0033781720003389637,91.7742165860432,1.115413568655969,14.842089152437294,2250995,2250995
case11-rep4,case11,target_snapshots,1.0,5,0.00048472999969817465,0.0005114899995533051,0.002868514999136096,0.0028666820007856586,0.0033532449988342705,0.0033781720003389637,0.9476822618653337,1.0006394146089224,0.9926211567965776,2250995,2250995
case12-rep0,case12,cost_cache,0.25,5,0.000551568000446423,0.0004515020000326331,0.0032010109989641933,0.003208000999620708,0.0037525789994106162,0.0036595029996533412,1.2216291409707098,0.9978210727935118,1.0254340547790484,5164954,2537223
case12-rep0,case12,recoverability,0.25,5,0.02110839000033593,0.0004515020000326331,0.0028005770000163466,0.003208000999620708,0.023908967000352277,0.0036595029996533412,46.75148725545022,0.8729975459320204,6.53339183015211,2537223,2537223
case12-rep0,case12,target_snapshots,0.25,5,0.00041633999990153825,0.0004515020000326331,0.0030393849992833566,0.003208000999620708,0.003455724999184895,0.0036595029996533412,0.9221221608574194,0.9474389190161451,0.9443153891422551,2537223,2537223
case12-rep0,case12,cost_cache,0.5,5,0.0007717720000073314,0.0006088919999456266,0.0030027310003788443,0.002951505999590154,0.0037745030003861757,0.0035603979995357804,1.2675022829602782,1.0173555468956539,1.060135131206767,10621009,2537223
case12-rep0,case12,pinned_cost,0.5,5,0.0006572030006282148,0.0006088919999456266,0.003437979000409541,0.002951505999590154,0.004095182001037756,0.0035603979995357804,1.0793424789402757,1.1648219589887125,1.1502034327543447,10909872,2537223
case12-rep0,case12,recoverability,0.5,5,0.05433680500027549,0.0006088919999456266,0.003055469001083111,0.002951505999590154,0.0573922740013586,0.0035603979995357804,89.23882232830734,1.035223713422027,16.119623145738665,2537223,2537223
case12-rep0,case12,target_snapshots,0.5,5,0.000580220999836456,0.0006088919999456266,0.003703278999637405,0.002951505999590154,0.004283499999473861,0.0035603979995357804,0.9529128316487475,1.2547082744035223,1.2030958336771231,2537223,2537223
case12-rep0,case12,cost_cache,1.0,5,0.000729729999875417,0.00048792500001582084,0.0033960180007852614,0.0032571939982517506,0.004125748000660678,0.0037451189982675714,1.4955782135610098,1.0426207350891665,1.1016333533244682,21821982,2537223
case12-rep0,case12,full_snapshot,1.0,5,0.0005332419996193494,0.00048792500001582084,0.0028649679998125066,0.0032571939982517506,0.003398209999431856,0.0037451189982675714,1.0928769782283325,0.8795816280363511,0.9073703668705347,21821982,2537223
case12-rep0,case12,pinned_cost,1.0,5,0.001200560000143014,0.00048792500001582084,0.0028893839999000193,0.0032571939982517506,0.004089944000043033,0.0037451189982675714,2.4605420917232896,0.8870776507174126,1.0920731762955922,21821982,2537223
case12-rep0,case12,recoverability,1.0,5,0.062265525999464444,0.00048792500001582084,0.0030709709999428014,0.0032571939982517506,0.06533649699940725,0.0037451189982675714,127.61290361724753,0.9428271701320519,17.445773293086496,2537223,2537223
case12-rep0,case12,target_snapshots,1.0,5,0.000413146000028064,0.00048792500001582084,0.00316456900054618,0.0032571939982517506,0.003577715000574244,0.0037451189982675714,0.8467407901105044,0.9715629472007853,0.9553007533884063,2537223,2537223
case12-rep1,case12,cost_cache,0.25,5,0.0006054169998606085,0.0005820429996674648,0.002786582999760867,0.0029801779992340016,0.0033919999996214756,0.0035622209989014664,1.0401585453420072,0.9350391152733513,0.9522149245281288,4220459,2537229
case12-rep1,case12,recoverability,0.25,5,0.0230702349999774,0.0005820429996674648,0.003139282000120147,0.0029801779992340016,0.02620951700009755,0.0035622209989014664,39.636650579352356,1.0533874154251994,7.357633624690932,2537229,2537229
case12-rep1,case12,target_snapshots,0.25,5,0.00040545400042901747,0.0005820429996674648,0.003098832000432594,0.0029801779992340016,0.0035042860008616117,0.0035622209989014664,0.6966048911517931,1.0398144007603205,0.9837362706980501,2537229,2537229
case12-rep1,case12,cost_cache,0.5,5,0.0005938500007687253,0.0006112260007284931,0.0047087309994822135,0.0031010659995445167,0.005302581000250939,0.0037122920002730098,0.9715718900389412,1.5184233422229099,1.4283846744439759,10621015,2537229
case12-rep1,case12,pinned_cost,0.5,5,0.0008135919997585006,0.0006112260007284931,0.002833163998730015,0.0031010659995445167,0.0036467559984885156,0.0037122920002730098,1.3310821182162023,0.9136097068382772,0.9823462158203949,10909878,2537229
case12-rep1,case12,recoverability,0.5,5,0.058703509000224585,0.0006112260007284931,0.002813675000652438,0.0031010659995445167,0.06151718400087702,0.0037122920002730098,96.0422314009196,0.9073250943597168,16.571213685871943,2537229,2537229
case12-rep1,case12,target_snapshots,0.5,5,0.0005774060000476311,0.0006112260007284931,0.0029400210005405825,0.0031010659995445167,0.0035174270005882136,0.0037122920002730098,0.9446685830763851,0.9480678582695149,0.9475081702434869,2537229,2537229
case12-rep1,case12,cost_cache,1.0,5,0.0009275800002797041,0.0006465079995905398,0.0029028849994574557,0.0030559090000679134,0.00383046499973716,0.0037024169996584533,1.4347540956448779,0.9499252102706406,1.034584975190671,21821988,2537229
case12-rep1,case12,full_snapshot,1.0,5,0.0005692450004062266,0.0006465079995905398,0.0030022109995115898,0.0030559090000679134,0.0035714559999178164,0.0037024169996584533,0.8804918125788899,0.9824281414940267,0.9646282415641679,21821988,2537229
case12-rep1,case12,pinned_cost,1.0,5,0.0005576369994741981,0.0006465079995905398,0.0038244460010901093,0.0030559090000679134,0.0043820830005643074,0.0037024169996584533,0.862536890227766,1.2514921095507479,1.1835735955643443,21821988,2537229
case12-rep1,case12,recoverability,1.0,5,0.06423277900012181,0.0006465079995905398,0.002807275001941889,0.0030559090000679134,0.0670400540020637,0.0037024169996584533,99.35341719020194,0.9186382846738895,18.10710517163467,2537229,2537229
case12-rep1,case12,target_snapshots,1.0,5,0.0006031839993738686,0.0006465079995905398,0.0029137199999240693,0.0030559090000679134,0.003516903999297938,0.0037024169996584533,0.9329876811360259,0.9534708002952037,0.9498940826012767,2537229,2537229
case12-rep2,case12,cost_cache,0.25,5,0.0007800229996064445,0.0004874440001003677,0.0030013099994903314,0.003118259999610018,0.003781332999096776,0.0036057039997103857,1.6002309997575783,0.9624951094089932,1.0487086570058155,4220451,2537221
case12-rep2,case12,recoverability,0.25,5,0.023414950000187673,0.0004874440001003677,0.00309895400005189,0.003118259999610018,0.026513904000239563,0.0036057039997103857,48.03618465991251,0.9938087268025942,7.353322403161544,2537221,2537221
case12-rep2,case12,target_snapshots,0.25,5,0.0005671010003425181,0.0004874440001003677,0.0030264160013757646,0.003118259999610018,0.0035935170017182827,0.0036057039997103857,1.16341774691195,0.9705463950261557,0.9966200780782111,2537221,2537221
case12-rep2,case12,cost_cache,0.5,5,0.0007081580006342847,0.000636672999462462,0.0029903740005465806,0.003275261000453611,0.0036985320011808653,0.003911933999916073,1.112278989735982,0.9130185350518403,0.9454484664772499,10621007,2537221
case12-rep2,case12,pinned_cost,0.5,5,0.0006834220002929214,0.000636672999462462,0.0028466320000006817,0.003275261000453611,0.003530054000293603,0.003911933999916073,1.0734270196316307,0.8691313454428317,0.902380766232083,10909870,2537221
case12-rep2,case12,recoverability,0.5,5,0.05743073400026333,0.000636672999462462,0.0035521159998097573,0.003275261000453611,0.060982850000073086,0.003911933999916073,90.20444411613441,1.084529141133425,15.58892609164199,2537221,2537221
case12-rep2,case12,target_snapshots,0.5,5,0.00040489399998477893,0.000636672999462462,0.0030845210003462853,0.003275261000453611,0.0034894150003310642,0.003911933999916073,0.6359528365842869,0.9417634197455077,0.8919922985423391,2537221,2537221
case12-rep2,case12,cost_cache,1.0,5,0.0007247820003613015,0.0005866699993930524,0.0029695430011997814,0.0030609659988840576,0.003694325001561083,0.00364763599827711,1.235416846116445,0.970132632078368,1.0127997978159076,21821980,2537221
case12-rep2,case12,full_snapshot,1.0,5,0.0006286420002652449,0.0005866699993930524,0.0030008189996806323,0.0030609659988840576,0.003629460999945877,0.00364763599827711,1.071542776885839,0.9803503210341594,0.995017321262369,21821980,2537221
case12-rep2,case12,pinned_cost,1.0,5,0.0009068199997273041,0.0005866699993930524,0.003109368001787516,0.0030609659988840576,0.00401618800151482,0.00364763599827711,1.5457071277983658,1.0158126561749148,1.1010385914087337,21821980,2537221
case12-rep2,case12,recoverability,1.0,5,0.06101385100009793,0.0005866699993930524,0.0034087960002580076,0.0030609659988840576,0.06442264700035594,0.00364763599827711,104.00029158337848,1.113634062417145,17.661479114359196,2537221,2537221
case12-rep2,case12,target_snapshots,1.0,5,0.00041939499988075113,0.0005866699993930524,0.0032183749999603606,0.0030609659988840576,0.0036377699998411117,0.00364763599827711,0.7148737796625736,1.051424615998247,0.9972952349300592,2537221,2537221
case12-rep3,case12,cost_cache,0.25,5,0.0005653190000884933,0.0007694480000282056,0.0028286249998927815,0.0030784619993937667,0.003393943999981275,0.0038479099994219723,0.7347072187695212,0.9188435655368866,0.8820227085589601,5203361,2537230
case12-rep3,case12,recoverability,0.25,5,0.0214691289993425,0.0007694480000282056,0.0027830509989144048,0.0030784619993937667,0.024252179998256906,0.0038479099994219723,27.901988176661074,0.904039419509633,6.3026889926999425,2537230,2537230
case12-rep3,case12,target_snapshots,0.25,5,0.00041761199918255443,0.0007694480000282056,0.002886702000068908,0.0030784619993937667,0.0033043139992514625,0.0038479099994219723,0.5427423284838561,0.9377091549732881,0.8587295440246346,2537230,2537230
case12-rep3,case12,cost_cache,0.5,5,0.00109343300027831,0.0006033350000507198,0.0033605950002311147,0.0030173829991326784,0.004454028000509425,0.003620717999183398,1.81231488341699,1.1137449243921271,1.230150484382923,10621016,2537230
case12-rep3,case12,pinned_cost,0.5,5,0.0006804080003348645,0.0006033350000507198,0.0032871180010261014,0.0030173829991326784,0.003967526001360966,0.003620717999183398,1.127744951441016,1.089393690483096,1.0957843174353223,10909879,2537230
case12-rep3,case12,recoverability,0.5,5,0.05453779900017253,0.0006033350000507198,0.002880230998925981,0.0030173829991326784,0.05741802999909851,0.003620717999183398,90.39389227475245,0.9545460419687788,15.85818890398212,2537230,2537230
case12-rep3,case12,target_snapshots,0.5,5,0.0007952550004119985,0.0006033350000507198,0.003098973999840382,0.0030173829991326784,0.0038942290002523805,0.003620717999183398,1.3180985693605456,1.02704031961841,1.0755405422710824,2537230,2537230
case12-rep3,case12,cost_cache,1.0,5,0.0007402749997709179,0.0005994990006001899,0.0027585339994402602,0.002968850998513517,0.003498808999211178,0.003568349999113707,1.2348227420392524,0.9291587893166208,0.9805117211260663,21821989,2537230
case12-rep3,case12,full_snapshot,1.0,5,0.0005713669997930992,0.0005994990006001899,0.0029529969997383887,0.002968850998513517,0.003524363999531488,0.003568349999113707,0.9530741489494957,0.994659887349326,0.9876732944937733,21821989,2537230
case12-rep3,case12,pinned_cost,1.0,5,0.000624594999862893,0.0005994990006001899,0.002973960000417719,0.002968850998513517,0.003598555000280612,0.003568349999113707,1.041861619848537,1.0017208684123118,1.0084646968975597,21821989,2537230
case12-rep3,case12,recoverability,1.0,5,0.06004506499994022,0.0005994990006001899,0.003607046000979608,0.002968850998513517,0.06365211100091983,0.003568349999113707,100.1587407815959,1.214963635017598,17.837967412593915,2537230,2537230
case12-rep3,case12,target_snapshots,1.0,5,0.00040115799947670894,0.0005994990006001899,0.0031174099995041615,0.002968850998513517,0.0035185679989808705,0.003568349999113707,0.6691554098924078,1.0500392242874523,0.9860490142095923,2537230,2537230
case12-rep4,case12,cost_cache,0.25,5,0.0005575369996222435,0.0005965149994153762,0.002977103999000974,0.0028177099993627053,0.0035346409986232175,0.0034142249987780815,0.9346571337999316,1.0565686318586085,1.035268911652932,4220454,2537224
case12-rep4,case12,recoverability,0.25,5,0.021605669000564376,0.0005965149994153762,0.0031762650005475734,0.0028177099993627053,0.02478193400111195,0.0034142249987780815,36.219825187529814,1.1272504981939107,7.258436104820616,2537224,2537224
case12-rep4,case12,target_snapshots,0.25,5,0.0005703460001313942,0.0005965149994153762,0.003229673999157967,0.0028177099993627053,0.0038000199992893613,0.0034142249987780815,0.9561301906747872,1.1462052517428825,1.1129963610041378,2537224,2537224
case12-rep4,case12,cost_cache,0.5,5,0.0005377980005505378,0.000447205000455142,0.0032596089995422517,0.0028345249993435573,0.0037974070000927895,0.0032817299997986993,1.2025759998282555,1.1499665729874102,1.157135718150403,10621010,2537224
case12-rep4,case12,pinned_cost,0.5,5,0.0007246020004458842,0.000447205000455142,0.0031304590002037003,0.0028345249993435573,0.0038550610006495845,0.0032817299997986993,1.620290470161161,1.1044033836105442,1.1747038912055694,10909873,2537224
case12-rep4,case12,recoverability,0.5,5,0.05471933699936926,0.000447205000455142,0.003248981998694944,0.0028345249993435573,0.057968318998064206,0.0032817299997986993,122.35850883527412,1.146217443644833,17.66395133104185,2537224,2537224
case12-rep4,case12,target_snapshots,0.5,5,0.0004035120000480674,0.000447205000455142,0.0030409090004468453,0.0028345249993435573,0.0034444210004949127,0.0032817299997986993,0.9022976031962834,1.072810788809795,1.049574767182612,2537224,2537224
case12-rep4,case12,cost_cache,1.0,5,0.0008046299999477924,0.0005480229992826935,0.0030969490007919376,0.0028200510005262913,0.00390157900073973,0.003368073999808985,1.4682412982684512,1.0981890044591287,1.1584006173739063,21821983,2537224
case12-rep4,case12,full_snapshot,1.0,5,0.000512712000272586,0.0005480229992826935,0.0032550510004512034,0.0028200510005262913,0.0037677630007237894,0.003368073999808985,0.935566574657768,1.154252529420117,1.1186698988613293,21821983,2537224
case12-rep4,case12,pinned_cost,1.0,5,0.0005715280003641965,0.0005480229992826935,0.0029653769997821655,0.0028200510005262913,0.003536905000146362,0.003368073999808985,1.042890537645808,1.0515331102979175,1.0501268678618558,21821983,2537224
case12-rep4,case12,recoverability,1.0,5,0.07041631499942014,0.0005480229992826935,0.004134601000259863,0.0028200510005262913,0.07455091599968,0.003368073999808985,128.49153245682746,1.466144051823263,22.13458374249142,2537224,2537224
case12-rep4,case12,target_snapshots,1.0,5,0.0006558420000146725,0.0005480229992826935,0.002817630001118232,0.0028200510005262913,0.0034734720011329046,0.003368073999808985,1.1967417441842827,0.999141505097742,1.0312932558280778,2537224,2537224
case13-rep0,case13,cost_cache,0.1,5,0.0003791559993260307,0.014745874000254844,3.059912443999565,3.124092820000442,3.060291599998891,3.1388386940006967,0.025712684057891583,0.9794563158975321,0.9749757468735383,2241127,2435883
case13-rep0,case13,full_replay,0.1,5,0.0006146100004116306,0.014745874000254844,3.447386382998957,3.124092820000442,3.4480009929993685,3.1388386940006967,0.04168013373781769,1.1034839813109232,1.098495758826211,363629,2435883
case13-rep0,case13,pinned_cost,0.1,5,0.0004957569999533007,0.014745874000254844,3.0363487869999517,3.124092820000442,3.036844543999905,3.1388386940006967,0.03362004856034528,0.9719137560706415,0.9675057688705907,2241127,2435883
case13-rep0,case13,recoverability,0.1,5,0.06969658799971512,0.014745874000254844,3.1402690230006556,3.124092820000442,3.2099656110003707,3.1388386940006967,4.726514548985743,1.005177888088553,1.0226602651278702,2241127,2435883
case13-rep0,case13,cost_cache,0.25,5,0.0003684900002554059,0.02028655600042839,2.4120836000001873,2.4294714980005665,2.4124520900004427,2.449758054000995,0.018164246323901626,0.9928429298245773,0.9847715720580555,6048549,6048549
case13-rep0,case13,full_replay,0.25,5,0.0004335960002208594,0.02028655600042839,3.4058732500006954,2.4294714980005665,3.4063068460009163,2.449758054000995,0.021373563862279194,1.4018988297675847,1.3904666383023687,363629,6048549
case13-rep0,case13,pinned_cost,0.25,5,0.000521244000083243,0.02028655600042839,2.404668891000256,2.4294714980005665,2.405190135000339,2.449758054000995,0.02569406064155177,0.9897909454707647,0.9818072160522683,6048549,6048549
case13-rep0,case13,recoverability,0.25,5,0.06577534100051707,0.02028655600042839,2.5181634580003447,2.4294714980005665,2.5839387990008618,2.449758054000995,3.2423118541721965,1.0365066888303778,1.0547730600500405,6048549,6048549
case13-rep0,case13,cost_cache,0.5,5,0.0004910800007564831,0.11914353599968308,1.6187925360009103,1.6292405300009705,1.6192836160016668,1.7483840660006535,0.00412175110161066,0.9935871997978998,0.9261601312266029,12006732,12218019
case13-rep0,case13,full_replay,0.5,5,0.0005224960004852619,0.11914353599968308,3.374397898001007,1.6292405300009705,3.3749203940014922,1.7483840660006535,0.004385433050154326,2.0711477746008424,1.930308368527668,363629,12218019
case13-rep0,case13,pinned_cost,0.5,5,0.0003817690003415919,0.11914353599968308,1.6707512219991258,1.6292405300009705,1.6711329909994674,1.7483840660006535,0.0032042779084767753,1.0254785534939588,0.9558157292190987,12006732,12218019
case13-rep0,case13,recoverability,0.5,5,0.05438541600051394,0.11914353599968308,1.6674001499995939,1.6292405300009705,1.7217855660001078,1.7483840660006535,0.45646971566009764,1.0234217227572904,0.9847868094214628,12006732,12218019
case13-rep0,case13,cost_cache,1.0,5,0.0006138299995654961,0.0004789120002897107,0.1342971009989924,0.10868718800065835,0.1349109309985579,0.10916610000094806,1.281717725164892,1.2356295481504123,1.2358317371178986,24460944,23804036
case13-rep0,case13,full_replay,1.0,5,0.00044359999992593657,0.0004789120002897107,3.487057944001208,0.10868718800065835,3.487501544001134,0.10916610000094806,0.9262662026793802,32.08343143425595,31.946744859171908,363629,23804036
case13-rep0,case13,full_snapshot,1.0,5,0.0007273259998328285,0.0004789120002897107,0.11010839200116607,0.10868718800065835,0.1108357180009989,0.10916610000094806,1.5187048965004917,1.0130760950453435,1.0152942900775637,24460944,23804036
case13-rep0,case13,pinned_cost,1.0,5,0.0005250099993645563,0.0004789120002897107,0.11057937300029153,0.10868718800065835,0.11110438299965608,0.10916610000094806,1.0962556775502792,1.0174094576779529,1.0177553562753565,24460944,23804036
case13-rep0,case13,recoverability,1.0,5,0.036065909000171814,0.0004789120002897107,0.11059311299868568,0.10868718800065835,0.1466590219988575,0.10916610000094806,75.30800852422632,1.0175358755073853,1.3434483965038948,23804036,23804036
case13-rep0,case13,target_snapshots,1.0,5,0.0004627680000339751,0.0004789120002897107,0.11799500199867907,0.10868718800065835,0.11845776999871305,0.10916610000094806,0.9662902574043467,1.0856385574899992,1.0851149761481291,23804036,23804036
case13-rep1,case13,cost_cache,0.1,5,0.00055763799991837,0.009669744000348146,3.1342158079996807,2.9853085679997093,3.134773445999599,2.9949783120000575,0.05766833122968851,1.0498800162891522,1.0466765096225976,2272876,2452347
case13-rep1,case13,full_replay,0.1,5,0.0002875910004149773,0.009669744000348146,3.500148650000483,2.9853085679997093,3.500436241000898,2.9949783120000575,0.02974132514827931,1.1724579118954326,1.1687684772125424,363625,2452347
case13-rep1,case13,pinned_cost,0.1,5,0.0007109919997674297,0.009669744000348146,3.038010141000086,2.9853085679997093,3.0387211329998536,2.9949783120000575,0.07352748942907189,1.017653643434149,1.0146053882342088,2272876,2452347
case13-rep1,case13,recoverability,0.1,5,0.07059084999946208,0.009669744000348146,3.010091633000229,2.9853085679997093,3.0806824829996913,2.9949783120000575,7.300177749992198,1.008301676170489,1.0286159571360636,2272876,2452347
case13-rep1,case13,cost_cache,0.25,5,0.0005020159997002338,0.0061467700006687664,2.377136772000995,2.479237778999959,2.377638788000695,2.485384549000628,0.08167151197224146,0.9588175818133312,0.9566482534691634,6127858,6132523
case13-rep1,case13,full_replay,0.25,5,0.0004233620002196403,0.0061467700006687664,3.3998193639999954,2.479237778999959,3.400242726000215,2.485384549000628,0.06887552327052723,1.3713163750559527,1.3680952218711793,363625,6132523
case13-rep1,case13,pinned_cost,0.25,5,0.0005226060002314625,0.0061467700006687664,2.4648921450007037,2.479237778999959,2.465414751000935,2.485384549000628,0.08502123882536733,0.994213691756084,0.9919651073683055,6127858,6132523
case13-rep1,case13,recoverability,0.25,5,0.06310395500076993,0.0061467700006687664,2.4659728740007267,2.479237778999959,2.5290768290014967,2.485384549000628,10.266197530394702,0.9946496035549349,1.017579686016169,6127858,6132523
case13-rep1,case13,cost_cache,0.5,5,0.0005402409997259383,0.022961997000493284,1.583688040999732,1.5697152169996116,1.584228281999458,1.5926772140001049,0.02352761389675003,1.0089015025456838,0.9946951385212407,12216962,12241495
case13-rep1,case13,full_replay,0.5,5,0.00040605499998491723,0.022961997000493284,3.4215392510004676,1.5697152169996116,3.4219453060004525,1.5926772140001049,0.01768378420989229,2.179719744031324,2.1485491698635095,363625,12241495
case13-rep1,case13,pinned_cost,0.5,5,0.0005112199996801792,0.022961997000493284,1.5766173619995243,1.5697152169996116,1.5771285819992045,1.5926772140001049,0.02226374298669218,1.0043970682867593,0.9902374242161417,12216962,12241495
case13-rep1,case13,recoverability,0.5,5,0.055874380999739515,0.022961997000493284,1.6251751460004016,1.5697152169996116,1.681049527000141,1.5926772140001049,2.4333415337759683,1.0353312042848113,1.0554866436357708,12216962,12241495
case13-rep1,case13,cost_cache,1.0,5,0.0005879219997950713,0.00048677399990992853,0.1093782639991332,0.10907533800036617,0.10996618599892827,0.1095621120002761,1.2077925277518087,1.002777218061575,1.0036880815025833,24542533,23885625
case13-rep1,case13,full_replay,1.0,5,0.0004123050002817763,0.00048677399990992853,3.477874866000093,0.10907533800036617,3.4782871710003747,0.1095621120002761,0.8470152480577603,31.885070720463112,31.74717160428241,363625,23885625
case13-rep1,case13,full_snapshot,1.0,5,0.000410401999943133,0.00048677399990992853,0.13803218199791445,0.10907533800036617,0.13844258399785758,0.1095621120002761,0.8431058356014758,1.2654756293072507,1.2635990806521573,24542533,23885625
case13-rep1,case13,pinned_cost,1.0,5,0.0004106919996047509,0.00048677399990992853,0.11032014299962611,0.10907533800036617,0.11073083499923086,0.1095621120002761,0.8437015939239654,1.0114123414337324,1.0106672185997274,24542533,23885625
case13-rep1,case13,recoverability,1.0,5,0.03531260899944755,0.00048677399990992853,0.11552865799967549,0.10907533800036617,0.15084126699912304,0.1095621120002761,72.54415602719477,1.0591638780829415,1.3767648710417604,23885625,23885625
case13-rep1,case13,target_snapshots,1.0,5,0.00029874800020479597,0.00048677399990992853,0.11747681299948454,0.10907533800036617,0.11777556099968933,0.1095621120002761,0.6137303969810951,1.0770245149191302,1.0749661433999422,23885625,23885625
case13-rep2,case13,cost_cache,0.1,5,0.0005295460005072528,0.007603545999700145,2.9399253279998447,2.9738848420001887,2.940454874000352,2.981488387999889,0.06964461062353486,0.9885807568871755,0.9862372383656796,2252427,2266706
case13-rep2,case13,full_replay,0.1,5,0.0004396049998831586,0.007603545999700145,3.3122118009996484,2.9738848420001887,3.3126514059995316,2.981488387999889,0.057815787515521695,1.1137659919514256,1.1110730530873545,363624,2266706
case13-rep2,case13,pinned_cost,0.1,5,0.0005582180001511006,0.007603545999700145,2.9452844540001024,2.9738848420001887,2.9458426720002535,2.981488387999889,0.07341548274622321,0.9903828192685329,0.9880443217075389,2252427,2266706
case13-rep2,case13,recoverability,0.1,5,0.06921519000025,0.007603545999700145,3.091775083998982,2.9738848420001887,3.160990273999232,2.981488387999889,9.10301456754251,1.0396418315645009,1.06020546205104,2252427,2266706
case13-rep2,case13,cost_cache,0.25,5,0.0005376780000005965,0.06097885000053793,2.441982165000809,2.4920282580005733,2.4425198430008095,2.553007108001111,0.008817450640604952,0.9799175258791336,0.9567226958929981,5780975,5795777
case13-rep2,case13,full_replay,0.25,5,0.00029389100018306635,0.06097885000053793,3.3290367009994952,2.4920282580005733,3.3293305919996783,2.553007108001111,0.004819556291738427,1.3358743787562337,1.3040819908278254,363624,5795777
case13-rep2,case13,pinned_cost,0.25,5,0.0006463680001616012,0.06097885000053793,2.5648442789997716,2.4920282580005733,2.5654906469999332,2.553007108001111,0.010599871925362634,1.0292195807834141,1.0048897392254408,5780975,5795777
case13-rep2,case13,recoverability,0.25,5,0.06632331000037084,0.06097885000053793,2.4964001339994866,2.4920282580005733,2.5627234439998574,2.553007108001111,1.0876444865684702,1.0017543444721695,1.0038058397754928,5460836,5795777
case13-rep2,case13,cost_cache,0.5,5,0.0005491949996212497,0.00607553600002575,1.5598744720000468,1.5665915540012065,1.560423666999668,1.5726670900012323,0.09039449352599048,0.995712295279517,0.9922148666558829,11671683,11671683
case13-rep2,case13,full_replay,0.5,5,0.00047482599984505214,0.00607553600002575,3.3312852990002284,1.5665915540012065,3.3317601250000735,1.5726670900012323,0.07815376286850077,2.1264542697755813,2.1185412641892714,363624,11671683
case13-rep2,case13,pinned_cost,0.5,5,0.000528745000337949,0.00607553600002575,1.5258797180003967,1.5665915540012065,1.5264084630007346,1.5726670900012323,0.0870285354799491,0.974012475749133,0.9705858745982524,11671683,11671683
case13-rep2,case13,recoverability,0.5,5,0.05511227199986024,0.00607553600002575,1.58891882899934,1.5665915540012065,1.6440311009992001,1.5726670900012323,9.07117857578766,1.0142521354344773,1.0453776971945867,11671683,11671683
case13-rep2,case13,cost_cache,1.0,5,0.0006587650004803436,0.0005193709994273377,0.11766999899919028,0.11705608800002665,0.11832876399967063,0.11757545899945399,1.2683900356521691,1.0052445883819687,1.0064069917874625,23361112,22704204
case13-rep2,case13,full_replay,1.0,5,0.0003199890006726491,0.0005193709994273377,3.428325349998886,0.11705608800002665,3.4286453389995586,0.11757545899945399,0.6161087180945247,29.28788590643919,29.1612328642109,363624,22704204
case13-rep2,case13,full_snapshot,1.0,5,0.0005442270003186422,0.0005193709994273377,0.10941578100027982,0.11705608800002665,0.10996000800059846,0.11757545899945399,1.0478578914084749,0.9347295204351517,0.9352292471263847,23361112,22704204
case13-rep2,case13,pinned_cost,1.0,5,0.0005414939996626345,0.0005193709994273377,0.10568067999975028,0.11705608800002665,0.10622217399941292,0.11757545899945399,1.0425957557501089,0.9028208767725624,0.9034383101996328,23361112,22704204
case13-rep2,case13,recoverability,1.0,5,0.034279227999832074,0.0005193709994273377,0.1105833600013284,0.11705608800002665,0.14486258800116047,0.11757545899945399,66.00142872364573,0.9447040465020771,1.2320818411759993,22704204,22704204
case13-rep2,case13,target_snapshots,1.0,5,0.000470349999886821,0.0005193709994273377,0.10638259500046843,0.11705608800002665,0.10685294500035525,0.11757545899945399,0.9056146769947349,0.9088172757015783,0.9088031287281767,22704204,22704204
case13-rep3,case13,cost_cache,0.1,5,0.000374758999896585,0.006941085000107705,3.035942186002103,2.944358647999252,3.0363169450019996,2.9512997329993595,0.053991414871128914,1.0311047494384165,1.0288067020275973,2318526,2337109
case13-rep3,case13,full_replay,0.1,5,0.00048357900050177705,0.006941085000107705,3.314511383999161,2.944358647999252,3.3149949629996627,2.9512997329993595,0.06966907918492185,1.1257159131247259,1.1232322240718957,363627,2337109
case13-rep3,case13,pinned_cost,0.1,5,0.0004184829995210748,0.006941085000107705,3.0840151250004055,2.944358647999252,3.0844336079999266,2.9512997329993595,0.06029071816792061,1.0474318837129617,1.045110252107557,2318526,2337109
case13-rep3,case13,recoverability,0.1,5,0.07105709499955992,0.006941085000107705,2.9772497450003357,2.944358647999252,3.0483068399998956,2.9512997329993595,10.23717401507939,1.011170886747589,1.0328692832909754,2318526,2337109
case13-rep3,case13,cost_cache,0.25,5,0.0003889599993271986,0.03939085099955264,2.7373993709998103,2.435447475001638,2.7377883309991375,2.4748383260011906,0.009874374111176629,1.123982101481359,1.1062493667708864,5795178,5963710
case13-rep3,case13,full_replay,0.25,5,0.00033487099972262513,0.03939085099955264,3.441076387999601,2.435447475001638,3.4414112589993238,2.4748383260011906,0.008501238008958686,1.4129134063945628,1.3905600308687267,363627,5963710
case13-rep3,case13,pinned_cost,0.25,5,0.0005074939999758499,0.03939085099955264,2.5124530729999606,2.435447475001638,2.5129605669999364,2.4748383260011906,0.012883550040125142,1.0316186650661685,1.0154039318844488,5795178,5963710
case13-rep3,case13,recoverability,0.25,5,0.06594737799969153,0.03939085099955264,2.4941887979994135,2.435447475001638,2.560136175999105,2.4748383260011906,1.674180078019652,1.0241193142536305,1.0344660291954253,5475039,5963710
case13-rep3,case13,cost_cache,0.5,5,0.0006498020002254634,0.006329298000309791,1.5905839440001728,1.6384923179994075,1.5912337460003982,1.6448216159997173,0.1026657301005038,0.9707606966032464,0.9674202542828643,11980368,11980368
case13-rep3,case13,full_replay,0.5,5,0.0004910099996777717,0.006329298000309791,3.399387948000367,1.6384923179994075,3.399878958000045,1.6448216159997173,0.07757732368640866,2.0747048433837065,2.0670198670350093,363627,11980368
case13-rep3,case13,pinned_cost,0.5,5,0.0005018960000597872,0.006329298000309791,1.6085877300001812,1.6384923179994075,1.609089626000241,1.6448216159997173,0.07929726172400503,0.9817487163835228,0.978276069786596,11980368,11980368
case13-rep3,case13,recoverability,0.5,5,0.055133657000624225,0.006329298000309791,1.5731038949998037,1.6384923179994075,1.628237552000428,1.6448216159997173,8.710864458890335,0.960092322508144,0.9899174087706711,11980368,11980368
case13-rep3,case13,cost_cache,1.0,5,0.0005068630007372121,0.00047997300043789437,0.11336796999876242,0.11733911900046223,0.11387483299949963,0.11781909200090013,1.056023985254973,0.9661566489033877,0.9665227516660002,23961112,23304204
case13-rep3,case13,full_replay,1.0,5,0.00042160799966950435,0.00047997300043789437,3.318635254000583,0.11733911900046223,3.3190568620002523,0.11781909200090013,0.878399408476848,28.28242859048149,28.170789688099912,363627,23304204
case13-rep3,case13,full_snapshot,1.0,5,0.00047846100005699554,0.00047997300043789437,0.10831314399911207,0.11733911900046223,0.10879160499916907,0.11781909200090013,0.9968498220118228,0.9230778696973632,0.9233784028681693,23961112,23304204
case13-rep3,case13,pinned_cost,1.0,5,0.00038691700046911137,0.00047997300043789437,0.1161630860005971,0.11733911900046223,0.11655000300106622,0.11781909200090013,0.8061224279618122,0.9899774856852258,0.9892284944801287,23961112,23304204
case13-rep3,case13,recoverability,1.0,5,0.03379426700030308,0.00047997300043789437,0.10875268399831839,0.11733911900046223,0.14254695099862147,0.11781909200090013,70.40868334150362,0.9268237645272416,1.2098798978821905,23304204,23304204
case13-rep3,case13,target_snapshots,1.0,5,0.00043808200007333653,0.00047997300043789437,0.10943531899920345,0.11733911900046223,0.10987340099927678,0.11781909200090013,0.9127221732757064,0.9326413896014708,0.9325602424302961,23304204,23304204
case13-rep4,case13,cost_cache,0.1,5,0.0005378290006774478,0.014226582999981474,3.204829556999357,3.0663653469991914,3.2053673860000345,3.080591929999173,0.03780451009762134,1.0451558096740394,1.040503727477107,2192479,2408815
case13-rep4,case13,full_replay,0.1,5,0.00029182800062699243,0.014226582999981474,3.6660445569987132,3.0663653469991914,3.6663363849993402,3.080591929999173,0.020512866696618046,1.1955667841688793,1.190140228991746,363624,2408815
case13-rep4,case13,pinned_cost,0.1,5,0.0005281540006762953,0.014226582999981474,3.0848449429995526,3.0663653469991914,3.085373097000229,3.080591929999173,0.03712444517963189,1.0060265473644376,1.0015520286716642,2192479,2408815
case13-rep4,case13,recoverability,0.1,5,0.07126817700009269,0.014226582999981474,3.156349338999462,3.0663653469991914,3.2276175159995546,3.080591929999173,5.009507694165598,1.0293454894695868,1.0477264075675292,2192479,2408815
case13-rep4,case13,cost_cache,0.25,5,0.0004982299997209338,0.08254638500056899,2.441944579999472,2.4899608939995233,2.442442809999193,2.5725072790000922,0.0060357579525438885,0.9807160369001119,0.9494405827098557,5949077,6148654
case13-rep4,case13,full_replay,0.25,5,0.0003153320003548288,0.08254638500056899,3.512208831998578,2.4899608939995233,3.5125241639989326,2.5725072790000922,0.003820058266060412,1.4105477883056465,1.3654088338922856,363624,6148654
case13-rep4,case13,pinned_cost,0.25,5,0.00036461499985307455,0.08254638500056899,2.4874145859994314,2.4899608939995233,2.4877792009992845,2.5725072790000922,0.004417092279093279,0.9989773702847189,0.9670640084510312,5949077,6148654
case13-rep4,case13,recoverability,0.25,5,0.06385371899978054,0.08254638500056899,2.4876609600005395,2.4899608939995233,2.55151467900032,2.5725072790000922,0.7735495503448201,0.9990763172206735,0.9918396343632769,5949077,6148654
case13-rep4,case13,cost_cache,0.5,5,0.0005573970001933048,0.054755696000029275,1.677381213999979,1.69438690700008,1.6779386110001724,1.7491426030001094,0.010179708065312636,0.989963512507182,0.9592920600768579,12341783,12427679
case13-rep4,case13,full_replay,0.5,5,0.00043202400047448464,0.054755696000029275,3.6306337220003115,1.69438690700008,3.631065746000786,1.7491426030001094,0.007890028472549297,2.142741841902193,2.0759117865935135,363624,12427679
case13-rep4,case13,pinned_cost,0.5,5,0.0005776569996669423,0.054755696000029275,1.6849272910003492,1.69438690700008,1.6855049480000162,1.7491426030001094,0.010549715223538267,0.9944170862270889,0.9636178005778702,12341783,12427679
case13-rep4,case13,recoverability,0.5,5,0.053137693000280706,0.054755696000029275,1.7423964190002152,1.69438690700008,1.795534112000496,1.7491426030001094,0.9704505080211617,1.0283344446311475,1.0265224281432608,12021644,12427679
case13-rep4,case13,cost_cache,1.0,5,0.0005145639997863327,0.0006261079997784691,0.11401263300103892,0.12379937899822835,0.11452719700082525,0.12442548699800682,0.8218454323669349,0.9209467278722822,0.9204480509902274,24955622,24298714
case13-rep4,case13,full_replay,1.0,5,0.0004202560003250255,0.0006261079997784691,3.618759141998453,0.12379937899822835,3.619179397998778,0.12442548699800682,0.671219662540203,29.230834365091926,29.08712262509974,363624,24298714
case13-rep4,case13,full_snapshot,1.0,5,0.00033803600035753334,0.0006261079997784691,0.11554335599885235,0.12379937899822835,0.11588139199920988,0.12442548699800682,0.5399004652186811,0.9333112729144292,0.9313316330525289,24955622,24298714
case13-rep4,case13,pinned_cost,1.0,5,0.0005720790004488663,0.0006261079997784691,0.11583233299916174,0.12379937899822835,0.1164044119996106,0.12442548699800682,0.9137065820134554,0.9356455091815878,0.9355351126853559,24955622,24298714
case13-rep4,case13,recoverability,1.0,5,0.033943114999601676,0.0006261079997784691,0.11999813700094819,0.12379937899822835,0.15394125200054987,0.12442548699800682,54.212875433010765,0.9692951448703587,1.2372163912287188,24298714,24298714
case13-rep4,case13,target_snapshots,1.0,5,0.0004465140000320389,0.0006261079997784691,0.11571330500009935,0.12379937899822835,0.11615981900013139,0.12442548699800682,0.7131581136002502,0.9346840504083247,0.9335693337651326,24298714,24298714
case14-rep0,case14,pinned_cost,0.1,5,0.0006514149999929941,0.013848849999703816,3.3177320230006444,3.351863392001178,3.3183834380006374,3.365712242000882,0.04703747964682453,0.98981719568823,0.9859379529213383,2470890,2148381
case14-rep0,case14,recoverability,0.1,5,0.03116396099994745,0.013848849999703816,3.4199681920008516,3.351863392001178,3.451132153000799,3.365712242000882,2.250292334786928,1.0203184891610433,1.0253794456739225,2470890,2148381
case14-rep0,case14,pinned_cost,0.25,5,0.0005989580004097661,0.013633794999805104,2.7180574949998118,2.5929232949984,2.7186564530002215,2.606557089998205,0.04393186199574867,1.0482598927021052,1.0430066785922936,6791594,6708558
case14-rep0,case14,recoverability,0.25,5,0.04525410499991267,0.013633794999805104,2.813018385999385,2.5929232949984,2.8582724909992976,2.606557089998205,3.3192596045752176,1.084882993425041,1.0965700701384853,6791594,6708558
case14-rep0,case14,pinned_cost,0.5,5,0.0007264349997058162,0.14547604600011255,1.636418954999499,1.435529346000294,1.6371453899992048,1.5810053920004066,0.004993502502159387,1.1399411370857226,1.0355090490411076,13636821,13655855
case14-rep0,case14,recoverability,0.5,5,0.04816820500036556,0.14547604600011255,1.6446397780000552,1.435529346000294,1.6928079830004208,1.5810053920004066,0.3311074663132396,1.1456678211298081,1.0707161351667203,13636821,13655855
case14-rep0,case14,cost_cache,1.0,5,0.0007920409998405376,0.000576724999518774,0.11816535399884742,0.1174767789998441,0.11895739499868796,0.11805350399936287,1.3733425818222302,1.005861371114067,1.0076566215207807,27516482,23976427
case14-rep0,case14,full_snapshot,1.0,5,0.0004992920003132895,0.000576724999518774,0.11305779099984647,0.1174767789998441,0.11355708300015976,0.11805350399936287,0.8657367042002766,0.9623841576384768,0.9619120072943589,27516482,23976427
case14-rep0,case14,pinned_cost,1.0,5,0.0005386889997680555,0.000576724999518774,0.11169801199957874,0.1174767789998441,0.1122367009993468,0.11805350399936287,0.9340482902900756,0.9508092829113656,0.9507274006873403,27516482,23976427
case14-rep0,case14,recoverability,1.0,5,0.05195015000026615,0.000576724999518774,0.11490803500146285,0.1174767789998441,0.166858185001729,0.11805350399936287,90.07785347195623,0.9781340276755063,1.4134115409452779,23976427,23976427
case14-rep0,case14,target_snapshots,1.0,5,0.0003609289997257292,0.000576724999518774,0.11625058099889429,0.1174767789998441,0.11661150999862002,0.11805350399936287,0.6258251333423946,0.9895622095584402,0.987785250315394,23976427,23976427
case14-rep1,case14,pinned_cost,0.1,5,0.0008359450002899393,0.015979122999851825,3.5008293089995277,3.5374751380004454,3.5016652539998177,3.5534542610002973,0.05231482355431466,0.9896406822461424,0.9854257285456375,2470899,2148390
case14-rep1,case14,recoverability,0.1,5,0.032155531999706,0.015979122999851825,3.3529347329986194,3.5374751380004454,3.3850902649983254,3.5534542610002973,2.012346484848022,0.9478327344213825,0.9526196248394717,2470899,2148390
case14-rep1,case14,pinned_cost,0.25,5,0.0006270989997574361,0.1755867390002095,2.627710292001211,2.5904276699993716,2.6283373910009686,2.766014408999581,0.0035714485235510177,1.014392458215924,0.9502254877810243,6698835,6729047
case14-rep1,case14,recoverability,0.25,5,0.04657427100028144,0.1755867390002095,2.485078674999386,2.5904276699993716,2.5316529459996673,2.766014408999581,0.2652493648750198,0.9593314276943269,0.915271062132797,6698835,6729047
case14-rep1,case14,pinned_cost,0.5,5,0.0007266250004249741,0.007674028000110411,1.6536631489989304,1.4907800999990286,1.6543897739993554,1.498454127999139,0.09468625869159192,1.109260278561545,1.1040643441040365,13597636,13790431
case14-rep1,case14,recoverability,0.5,5,0.048810045999744034,0.007674028000110411,1.6701475039999423,1.4907800999990286,1.7189575499996863,1.498454127999139,6.360420629041459,1.1203178148145596,1.1471539354327662,13597636,13790431
case14-rep1,case14,cost_cache,1.0,5,0.0006222120000529685,0.0005800700000690995,0.12249138700190088,0.12342045099921961,0.12311359900195384,0.12400052099928871,1.0726498525675332,0.9924723658859048,0.9928474332995749,27596770,24056715
case14-rep1,case14,full_snapshot,1.0,5,0.0005676119999407092,0.0005800700000690995,0.1183556049991239,0.12342045099921961,0.11892321699906461,0.12400052099928871,0.978523281454124,0.958962668187562,0.9590541720364769,27596770,24056715
case14-rep1,case14,pinned_cost,1.0,5,0.0007919110003058449,0.0005800700000690995,0.13119223099965893,0.12342045099921961,0.13198414199996478,0.12400052099928871,1.365199028068182,1.0629699530144194,1.064383769812724,27596770,24056715
case14-rep1,case14,recoverability,1.0,5,0.05278870500023913,0.0005800700000690995,0.11309350499959692,0.12342045099921961,0.16588220999983605,0.12400052099928871,91.0040253658193,0.9163271085463138,1.3377541373458228,24056715,24056715
case14-rep1,case14,target_snapshots,1.0,5,0.0005868500002179644,0.0005800700000690995,0.1329437490003329,0.12342045099921961,0.13353059900055086,0.12400052099928871,1.0116882447774531,1.0771614260360587,1.0768551448369867,24056715,24056715
case14-rep2,case14,pinned_cost,0.1,5,0.0004853710006500478,0.01349686899993685,3.167759102999298,3.2633390660002988,3.1682444739999482,3.2768359350002356,0.035961747917410976,0.970710992309436,0.966860879472051,2470896,2148387
case14-rep2,case14,recoverability,0.1,5,0.03239207300066482,0.01349686899993685,3.218320690000837,3.2633390660002988,3.250712763001502,3.2768359350002356,2.399969430007536,0.9862048119766365,0.9920279280022203,2470896,2148387
case14-rep2,case14,pinned_cost,0.25,5,0.000643182999738201,0.016628067000056035,2.679221023999162,2.5590131420012767,2.6798642069989,2.5756412090013328,0.038680563395374436,1.0469743120990291,1.0404648743906293,6569518,6343810
case14-rep2,case14,recoverability,0.25,5,0.048472742000740254,0.016628067000056035,2.8192694890003622,2.5590131420012767,2.8677422310011025,2.5756412090013328,2.9151158700874196,1.1017018407320691,1.1134090497461127,6569518,6343810
case14-rep2,case14,pinned_cost,0.5,5,0.0006256970000322326,0.5048087850000229,1.8073254340006315,1.5942369449994658,1.8079511310006637,2.0990457299994887,0.0012394732790401107,1.133661743111365,0.8613205063431868,12989717,13133313
case14-rep2,case14,recoverability,0.5,5,0.04874620999999024,0.5048087850000229,1.6964287679993504,1.5942369449994658,1.7451749779993406,2.0990457299994887,0.09656371174282957,1.0641007745557665,0.8314135099856856,12989717,13133313
case14-rep2,case14,cost_cache,1.0,5,0.0006588550004380522,0.0007904590001999168,0.1126280919988858,0.10993773900008819,0.11328694699932385,0.1107281980002881,0.8335093917223028,1.0244716056857914,1.0231083774977452,26287099,22747044
case14-rep2,case14,full_snapshot,1.0,5,0.000517479000336607,0.0007904590001999168,0.10781892199975118,0.10993773900008819,0.10833640100008779,0.1107281980002881,0.6546563454976542,0.9807271186436234,0.9783993865754584,26287099,22747044
case14-rep2,case14,pinned_cost,1.0,5,0.0004850610002904432,0.0007904590001999168,0.10531275200082746,0.10993773900008819,0.1057978130011179,0.1107281980002881,0.6136447306789666,0.9579308521229728,0.9554730855535338,26287099,22747044
case14-rep2,case14,recoverability,1.0,5,0.0577152540008683,0.0007904590001999168,0.11951981199854345,0.10993773900008819,0.17723506599941174,0.1107281980002881,73.0148609684644,1.0871590873671466,1.600631719834821,22747044,22747044
case14-rep2,case14,target_snapshots,1.0,5,0.0005000529999961145,0.0007904590001999168,0.11035285500020109,0.10993773900008819,0.1108529080001972,0.1107281980002881,0.6326109258919754,1.0037759190236992,1.0011262713758673,22747044,22747044
case14-rep3,case14,pinned_cost,0.1,5,0.0006709119998049573,0.012937192000208597,3.206524646001526,3.191157647000182,3.207195558001331,3.2040948390003905,0.05185916695014959,1.004815493529688,1.00096773633639,2470898,2148389
case14-rep3,case14,recoverability,0.1,5,0.031269240000256104,0.012937192000208597,3.1633982860003016,3.191157647000182,3.1946675260005577,3.2040948390003905,2.417003627970577,0.9913011627532801,0.9970577297260109,2470898,2148389
case14-rep3,case14,pinned_cost,0.25,5,0.0005798560005132458,0.027247760000136623,2.734379839000212,2.4802321880006275,2.7349596950007253,2.507479948000764,0.021280868611230366,1.1024692979266828,1.0907204650554965,6378078,6571391
case14-rep3,case14,recoverability,0.25,5,0.045913402999758546,0.027247760000136623,2.625476102999528,2.4802321880006275,2.6713895059992865,2.507479948000764,1.6850340358080198,1.0585606120675277,1.0653682427766606,6378078,6571391
case14-rep3,case14,pinned_cost,0.5,5,0.0026825479999388335,0.4679915240003538,1.7149575409994213,1.5477616519992807,1.7176400889993602,2.0157531759996345,0.005732043984490637,1.1080243129064282,0.8521083381885598,13234465,13385625
case14-rep3,case14,recoverability,0.5,5,0.0497324119996847,0.4679915240003538,1.722476047998498,1.5477616519992807,1.7722084599981827,2.0157531759996345,0.10626776223333288,1.1128819775147771,0.8791792968994454,13234465,13385625
case14-rep3,case14,cost_cache,1.0,5,0.0006326370003080228,0.000551298000573297,0.11819637000007788,0.10972949000006338,0.1188290070003859,0.11028078800063668,1.1475408937637013,1.0771613902516963,1.0775132201603408,26775698,23235643
case14-rep3,case14,full_snapshot,1.0,5,0.00038459300048998557,0.000551298000573297,0.12043107399858854,0.10972949000006338,0.12081566699907853,0.11028078800063668,0.6976136319922179,1.0975269637954117,1.0955277813065776,26775698,23235643
case14-rep3,case14,pinned_cost,1.0,5,0.0007228989998111501,0.000551298000573297,0.1094839099996534,0.10972949000006338,0.11020680899946456,0.11028078800063668,1.3112672258187124,0.9977619507717586,0.9993291759832937,26775698,23235643
case14-rep3,case14,recoverability,1.0,5,0.05132260699974722,0.000551298000573297,0.1081339520005713,0.10972949000006338,0.15945655900031852,0.11028078800063668,93.09412866793755,0.9854593509958794,1.4459142148984094,23235643,23235643
case14-rep3,case14,target_snapshots,1.0,5,0.0005260899997665547,0.000551298000573297,0.11514436600009503,0.10972949000006338,0.11567045599986159,0.11028078800063668,0.9542751818788959,1.049347499929404,1.048872229668814,23235643,23235643
case14-rep4,case14,pinned_cost,0.1,5,0.0006162920008137007,0.013578318000327272,3.36054301600052,3.438148515998364,3.3611593080013336,3.4517268339986913,0.0453879486987156,0.9774281129402261,0.9737616762991529,2470893,2148384
case14-rep4,case14,recoverability,0.1,5,0.03131873399979668,0.013578318000327272,3.422360047999973,3.438148515998364,3.45367878199977,3.4517268339986913,2.306525300043924,0.9954078574776732,1.0005654989791928,2470893,2148384
case14-rep4,case14,pinned_cost,0.25,5,0.0006477280003309716,0.17700989700006176,2.727513254999394,2.6818263700006355,2.728160982999725,2.8588362670006973,0.003659275618530785,1.0170357356127973,0.9542907421773867,6875768,6802358
case14-rep4,case14,recoverability,0.25,5,0.046607145999587374,0.17700989700006176,2.6313349729980473,2.6818263700006355,2.6779421189976347,2.8588362670006973,0.26330248641165593,0.9811727569064898,0.9367245511430269,6875768,6802358
case14-rep4,case14,pinned_cost,0.5,5,0.0007393109999611625,0.01928622300056304,1.6969863780004744,1.4768473120002454,1.6977256890004355,1.4961335350008085,0.038333633285251294,1.1490601392652244,1.1347420863736726,13642370,13631191
case14-rep4,case14,recoverability,0.5,5,0.05054558299980272,0.01928622300056304,1.66105018899907,1.4768473120002454,1.7115957719988728,1.4961335350008085,2.6208129501731414,1.1247270963640377,1.1440127047202027,13642370,13631191
case14-rep4,case14,cost_cache,1.0,5,0.0006639029998041224,0.00038420199962274637,0.11462065700015955,0.11237954000080208,0.11528455999996368,0.11276374200042483,1.7280050610252382,1.019942393422695,1.0223548629623285,27895104,24355049
case14-rep4,case14,full_snapshot,1.0,5,0.00039462800032197265,0.00038420199962274637,0.11993149500085565,0.11237954000080208,0.12032612300117762,0.11276374200042483,1.0271367684433286,1.0672004441377823,1.0670639415347205,27895104,24355049
case14-rep4,case14,pinned_cost,1.0,5,0.0004706589998022537,0.00038420199962274637,0.11689117799960513,0.11237954000080208,0.11736183699940739,0.11276374200042483,1.2250300629991533,1.0401464358972359,1.0407763605340912,27895104,24355049
case14-rep4,case14,recoverability,1.0,5,0.052373546000126225,0.00038420199962274637,0.11842962199989415,0.11237954000080208,0.17080316800002038,0.11276374200042483,136.3177340345771,1.0538361520170745,1.51469936142574,24355049,24355049
case14-rep4,case14,target_snapshots,1.0,5,0.0006659950004177517,0.00038420199962274637,0.12327252399973077,0.11237954000080208,0.12393851900014852,0.11276374200042483,1.7334501149699952,1.09693031310549,1.0990990259943803,24355049,24355049
case15-rep0,case15,pinned_cost,0.5,5,0.0008922359993448481,0.008260199000687862,0.010803371001202322,0.007715851999819279,0.01169560700054717,0.01597605100050714,0.1080162837808808,1.4001526988147723,0.732071210850285,3323786,3321416
case15-rep0,case15,recoverability,0.5,5,0.08186857700002292,0.008260199000687862,0.010295408001184114,0.007715851999819279,0.09216398500120704,0.01597605100050714,9.911211218180746,1.3343190099324422,5.76888400007495,3323786,3321416
case15-rep0,case15,cost_cache,1.0,5,0.0008169459997589001,0.005247719999715628,0.0040705979999984265,0.004080621000866813,0.004887543999757327,0.00932834100058244,0.15567636989076594,0.9975437559954091,0.5239456833162681,6655256,3435340
case15-rep0,case15,full_snapshot,1.0,5,0.0006690190002700547,0.005247719999715628,0.003998021999905177,0.004080621000866813,0.004667041000175232,0.00932834100058244,0.12748755655909777,0.9797582277442354,0.5003077181552252,6655256,3435340
case15-rep0,case15,pinned_cost,1.0,5,0.0005802989999210695,0.005247719999715628,0.004080662998603657,0.004080621000866813,0.004660961998524726,0.00932834100058244,0.11058116666905164,1.0000102919964473,0.4996560479761306,6655256,3435340
case15-rep0,case15,recoverability,1.0,5,0.06541167100021994,0.005247719999715628,0.0038578339999730815,0.004080621000866813,0.06926950500019302,0.00932834100058244,12.464779181009005,0.9454036528149988,7.425704634496958,3435340,3435340
case15-rep0,case15,target_snapshots,1.0,5,0.0004443100006028544,0.005247719999715628,0.004277820000424981,0.004080621000866813,0.0047221300010278355,0.00932834100058244,0.08466724608533448,1.0483257326559556,0.5062132699408176,3435340,3435340
case15-rep1,case15,pinned_cost,0.5,5,0.0007636069994987338,0.007210177999695588,0.010880628000450088,0.009124488002271391,0.011644234999948821,0.01633466600196698,0.10590681665986236,1.1924644974864929,0.7128541837676174,3323788,3321418
case15-rep1,case15,recoverability,0.5,5,0.08014077400002861,0.007210177999695588,0.011578689999623748,0.009124488002271391,0.09171946399965236,0.01633466600196698,11.114950838025377,1.2689687352037093,5.615019247323927,3323788,3321418
case15-rep1,case15,cost_cache,1.0,5,0.0008117080005831667,0.005589338000390853,0.004142730999774358,0.004283806999410444,0.0049544390003575245,0.009873144999801298,0.14522435403377024,0.9670676107360807,0.5018096058001007,6655258,3435342
case15-rep1,case15,full_snapshot,1.0,5,0.0004319630006648367,0.005589338000390853,0.003942759999517875,0.004283806999410444,0.004374723000182712,0.009873144999801298,0.0772833921717796,0.9203869362136283,0.4430931582865192,6655258,3435342
case15-rep1,case15,pinned_cost,1.0,5,0.0005534100000659237,0.005589338000390853,0.00411096500010899,0.004283806999410444,0.004664375000174914,0.009873144999801298,0.099011725543745,0.9596522440611257,0.4724305173547828,6655258,3435342
case15-rep1,case15,recoverability,1.0,5,0.0652554180005609,0.005589338000390853,0.004028562999337737,0.004283806999410444,0.06928398099989863,0.009873144999801298,11.674981544504499,0.9404165500201491,7.017417550465734,3435342,3435342
case15-rep1,case15,target_snapshots,1.0,5,0.0008038870000746101,0.005589338000390853,0.0044636709990300005,0.004283806999410444,0.005267557999104611,0.009873144999801298,0.14382508268750174,1.041986952176956,0.5335238162926427,3435342,3435342
case15-rep2,case15,pinned_cost,0.5,5,0.0006434619999708957,0.011815097000180685,0.010398313999758102,0.008560997000131465,0.011041775999728998,0.02037609400031215,0.054461000189931184,1.2146148397900878,0.5418985601244205,3323780,3321410
case15-rep2,case15,recoverability,0.5,5,0.0812314629993125,0.011815097000180685,0.00998897399949783,0.008560997000131465,0.09122043699881033,0.02037609400031215,6.875226077117288,1.1668003153539752,4.476836286552903,3323780,3321410
case15-rep2,case15,cost_cache,1.0,5,0.0008045369995670626,0.005943336000200361,0.0038343889982570545,0.004177023000920599,0.004638925997824117,0.01012035900112096,0.1353679145079363,0.9179717223036528,0.4583756364087772,6655250,3435334
case15-rep2,case15,full_snapshot,1.0,5,0.00042950800070684636,0.005943336000200361,0.004266314001142746,0.004177023000920599,0.004695822001849592,0.01012035900112096,0.07226715782051811,1.021376707813787,0.46399757175901263,6655250,3435334
case15-rep2,case15,pinned_cost,1.0,5,0.0006608069998037536,0.005943336000200361,0.003803775000051246,0.004177023000920599,0.004464581999855,0.01012035900112096,0.11118452663310244,0.9106425794669815,0.44114857974509497,6655250,3435334
case15-rep2,case15,recoverability,1.0,5,0.06493182100075501,0.005943336000200361,0.004255056000147306,0.004177023000920599,0.06918687700090231,0.01012035900112096,10.925147257123951,1.0186814866017038,6.836405407480009,3435334,3435334
case15-rep2,case15,target_snapshots,1.0,5,0.0006210790006662137,0.005943336000200361,0.004325310001149774,0.004177023000920599,0.004946389001815987,0.01012035900112096,0.10450006539177256,1.035500642490236,0.488756278435193,3435334,3435334
case15-rep3,case15,pinned_cost,0.5,5,0.000859808000313933,0.006933654000022216,0.011062047001360042,0.008009938000213879,0.011921855001673975,0.014943592000236094,0.12400503404282621,1.381040277847927,0.7977904510164371,3323787,3321417
case15-rep3,case15,recoverability,0.5,5,0.08402468100030092,0.006933654000022216,0.009682376999080589,0.008009938000213879,0.0937070579993815,0.014943592000236094,12.118383899749208,1.2087954986445655,6.27071844559869,3323787,3321417
case15-rep3,case15,cost_cache,1.0,5,0.0006339270003081765,0.004406926999763527,0.004720447002000583,0.004572261000248545,0.005354374002308759,0.008979188000012073,0.1438478559645287,1.032409786261979,0.5963093770062015,6655257,3435341
case15-rep3,case15,full_snapshot,1.0,5,0.0005451269998957287,0.004406926999763527,0.0045426469996527885,0.004572261000248545,0.005087773999548517,0.008979188000012073,0.1236977603497811,0.9935231167699861,0.5666184959644097,6655257,3435341
case15-rep3,case15,pinned_cost,1.0,5,0.000731940999685321,0.004406926999763527,0.00381931700030691,0.004572261000248545,0.004551257999992231,0.008979188000012073,0.16608875067016005,0.8353234865855852,0.5068674361185123,6655257,3435341
case15-rep3,case15,recoverability,1.0,5,0.06495226700008061,0.004406926999763527,0.0043065190002380405,0.004572261000248545,0.06925878600031865,0.008979188000012073,14.738675499631807,0.9418795208768573,7.713257145326006,3435341,3435341
case15-rep3,case15,target_snapshots,1.0,5,0.00046877600016159704,0.004406926999763527,0.004771631999574311,0.004572261000248545,0.005240407999735908,0.008979188000012073,0.10637253582524767,1.04360446599941,0.583617137733263,3435341,3435341
case15-rep4,case15,pinned_cost,0.5,5,0.0007397130002573249,0.010466842999449,0.010036282998044044,0.007474604999515577,0.010775995998301369,0.017941447998964577,0.07067202596774072,1.3427175079746003,0.6006201951438516,3323782,3321412
case15-rep4,case15,recoverability,0.5,5,0.08159870199961006,0.010466842999449,0.010070924999126873,0.007474604999515577,0.09166962699873693,0.017941447998964577,7.795922992625915,1.347352134297339,5.109377292402893,3323782,3321412
case15-rep4,case15,cost_cache,1.0,5,0.0007197539998742286,0.004708568999376439,0.004177019998678588,0.003884033000758791,0.004896773998552817,0.00859260200013523,0.15286045504898546,1.0754337045701103,0.5698825569339475,6655252,3435336
case15-rep4,case15,full_snapshot,1.0,5,0.0006351190004352247,0.004708568999376439,0.0037658899991583894,0.003884033000758791,0.004401008999593614,0.00859260200013523,0.13488577963269396,0.9695823898568007,0.5121858314308462,6655252,3435336
case15-rep4,case15,pinned_cost,1.0,5,0.0006062069996914943,0.004708568999376439,0.0037316880016078358,0.003884033000758791,0.00433789500129933,0.00859260200013523,0.12874548504477154,0.9607765950698172,0.5048406758780473,6655252,3435336
case15-rep4,case15,recoverability,1.0,5,0.06440332500005752,0.004708568999376439,0.0037840550003238604,0.003884033000758791,0.06818738000038138,0.00859260200013523,13.67789768156451,0.9742592299253383,7.93559157043562,3435336,3435336
case15-rep4,case15,target_snapshots,1.0,5,0.0004216469997118111,0.004708568999376439,0.0038397880007323693,0.003884033000758791,0.00426143500044418,0.00859260200013523,0.08954886288544359,0.988608490191052,0.49594232345186173,3435336,3435336
