trial,utc,monotonic_ns,cpu_ns,cpu_percent_one_core,rss_bytes
rows2000-target_snapshots-w1-rep1,2026-10-07T03:00:29.546284+00:00,705619281045,1148171288,0.0,135049216
rows2000-target_snapshots-w1-rep1,2026-10-07T03:00:29.568452+00:00,705639804991,1168861096,100.80813894170254,135524352
rows2000-target_snapshots-w1-rep1,2026-10-07T03:00:29.589419+00:00,705662131941,1191638681,102.01834554204672,135610368
rows2000-target_snapshots-w1-rep1,2026-10-07T03:00:29.609644+00:00,705682583297,1212532345,102.16273189904865,135659520
rows2000-target_snapshots-w1-rep1,2026-10-07T03:00:29.631458+00:00,705702852272,1233714147,104.50356764463916,135794688
rows2000-target_snapshots-w1-rep1,2026-10-07T03:00:29.652587+00:00,705724920321,1255670199,99.49249251712283,135831552
rows2000-target_snapshots-w1-rep1,2026-10-07T03:00:29.665965+00:00,705738948674,1269747371,100.34800236349912,135864320
rows2000-full_replay-w4-rep2,2026-10-07T03:00:29.713780+00:00,705786774284,1317559911,0.0,135892992
rows2000-full_replay-w4-rep2,2026-10-07T03:00:29.735996+00:00,705807126509,1343893154,129.38753870891267,140935168
rows2000-full_replay-w4-rep2,2026-10-07T03:00:29.757443+00:00,705829405281,1372924823,130.31090313236294,144207872
rows2000-full_replay-w4-rep2,2026-10-07T03:00:29.778185+00:00,705850660183,1397911481,117.55715458015285,144220160
rows2000-full_replay-w4-rep2,2026-10-07T03:00:29.799580+00:00,705871505891,1425725513,133.42809944377998,144306176
rows2000-full_replay-w4-rep2,2026-10-07T03:00:29.820464+00:00,705893030062,1455488127,138.27530918612382,144601088
rows2000-full_replay-w4-rep2,2026-10-07T03:00:29.842938+00:00,705913835730,1482748216,131.0224165837886,144637952
rows2000-full_replay-w4-rep2,2026-10-07T03:00:29.864182+00:00,705936120982,1512471214,133.375193603375,144654336
rows2000-full_replay-w4-rep2,2026-10-07T03:00:29.885949+00:00,705957440870,1541292779,135.18628709494158,144678912
rows2000-full_replay-w4-rep2,2026-10-07T03:00:29.907344+00:00,705979115359,1569719965,131.15504591596138,144683008
rows2000-full_replay-w4-rep2,2026-10-07T03:00:29.928542+00:00,706000855576,1598910126,134.26802961534378,144695296
rows2000-full_replay-w4-rep2,2026-10-07T03:00:29.952859+00:00,706023334777,1626818308,124.15112974878421,144711680
rows2000-full_replay-w4-rep2,2026-10-07T03:00:29.980456+00:00,706051022712,1661203294,124.18761456930609,144777216
rows2000-full_replay-w4-rep2,2026-10-07T03:00:30.002691+00:00,706073798635,1690735470,129.66401405554453,144777216
rows2000-full_replay-w4-rep2,2026-10-07T03:00:30.023899+00:00,706096051830,1718102006,122.97800832644481,144789504
rows2000-full_replay-w4-rep2,2026-10-07T03:00:30.044880+00:00,706117306851,1745614835,129.44155171618038,144797696
rows2000-full_replay-w4-rep2,2026-10-07T03:00:30.067638+00:00,706139540195,1774735560,130.97771077531118,144809984
rows2000-full_replay-w4-rep2,2026-10-07T03:00:30.090378+00:00,706161456157,1804556885,136.07125710475316,145080320
rows2000-full_replay-w4-rep2,2026-10-07T03:00:30.112007+00:00,706184064181,1834145664,130.8773336404809,145088512
rows2000-full_replay-w4-rep2,2026-10-07T03:00:30.133054+00:00,706205275195,1862339309,132.9198358928055,145108992
rows2000-full_replay-w4-rep2,2026-10-07T03:00:30.155255+00:00,706226990714,1887688554,116.7333140874966,145133568
rows2000-full_replay-w4-rep2,2026-10-07T03:00:30.177345+00:00,706248460267,1916581337,134.57561505821755,145133568
rows2000-full_replay-w4-rep2,2026-10-07T03:00:30.198470+00:00,706270675312,1945498288,130.1683206133501,145141760
rows2000-full_replay-w4-rep2,2026-10-07T03:00:30.219173+00:00,706291778845,1972791722,129.33111247296839,145154048
rows2000-full_replay-w4-rep2,2026-10-07T03:00:30.244322+00:00,706313481800,2002204756,135.52548028597948,145178624
rows2000-full_replay-w4-rep2,2026-10-07T03:00:30.266016+00:00,706338035605,2033802184,128.68648260422367,145203200
rows2000-full_replay-w4-rep2,2026-10-07T03:00:30.288073+00:00,706360859307,2060422134,116.63291958508746,145203200
rows2000-full_replay-w4-rep2,2026-10-07T03:00:30.308929+00:00,706381256348,2087096853,130.7773956036074,145219584
rows2000-full_replay-w4-rep2,2026-10-07T03:00:30.331146+00:00,706402242072,2113721201,126.86885618051586,145223680
rows2000-full_replay-w4-rep2,2026-10-07T03:00:30.352231+00:00,706424311357,2141837245,127.3989800757025,145248256
rows2000-full_replay-w4-rep2,2026-10-07T03:00:30.388107+00:00,706450220541,2169908634,108.34532264698109,145248256
rows2000-full_replay-w4-rep2,2026-10-07T03:00:30.421035+00:00,706491413519,2209447589,95.98469671214352,145252352
rows2000-full_replay-w4-rep2,2026-10-07T03:00:30.443199+00:00,706515207364,2234413639,104.92650515290825,145252352
rows2000-full_replay-w4-rep2,2026-10-07T03:00:30.464759+00:00,706536835039,2261837471,126.79972304004013,145272832
rows2000-full_replay-w4-rep2,2026-10-07T03:00:30.486291+00:00,706557939115,2287015489,119.30405292323626,145293312
rows2000-full_replay-w4-rep2,2026-10-07T03:00:30.508740+00:00,706581004218,2316360975,127.22893975370498,145326080
rows2000-full_replay-w4-rep2,2026-10-07T03:00:30.533447+00:00,706603182456,2346406828,135.4744817870563,145326080
rows2000-full_replay-w4-rep2,2026-10-07T03:00:30.555181+00:00,706626831236,2375069201,121.20021836221572,145330176
rows2000-full_replay-w4-rep2,2026-10-07T03:00:30.576575+00:00,706648734396,2399463089,111.37154638874026,145338368
rows2000-full_replay-w4-rep2,2026-10-07T03:00:30.598188+00:00,706669925761,2427470468,132.1641102401851,145338368
rows2000-full_replay-w4-rep2,2026-10-07T03:00:30.620654+00:00,706691407871,2455958507,132.6128532066915,145346560
rows2000-full_replay-w4-rep2,2026-10-07T03:00:30.642374+00:00,706714017820,2485001738,128.45332380006695,145346560
rows2000-full_replay-w4-rep2,2026-10-07T03:00:30.663074+00:00,706735635999,2512923287,129.15772878002352,145358848
rows2000-full_replay-w4-rep2,2026-10-07T03:00:30.685412+00:00,706757102807,2542374199,137.19278618414066,145367040
rows2000-full_replay-w4-rep2,2026-10-07T03:00:30.706994+00:00,706778904038,2571135708,131.92607793569087,145367040
rows2000-full_replay-w4-rep2,2026-10-07T03:00:30.727852+00:00,706800168993,2598771652,129.9600398872229,145367040
rows2000-full_replay-w4-rep2,2026-10-07T03:00:30.749372+00:00,706821020286,2624455573,123.17663465762051,145383424
rows2000-full_replay-w4-rep2,2026-10-07T03:00:30.772606+00:00,706842733314,2651853685,126.18282443148878,145391616
rows2000-full_replay-w4-rep2,2026-10-07T03:00:30.794238+00:00,706866057496,2683432453,135.3906773665203,145399808
rows2000-full_replay-w4-rep2,2026-10-07T03:00:30.815417+00:00,706887438577,2711345229,130.54894651958898,145408000
rows2000-full_replay-w4-rep2,2026-10-07T03:00:30.836859+00:00,706908580640,2738908439,130.37143064042522,145420288
rows2000-full_replay-w4-rep2,2026-10-07T03:00:30.857651+00:00,706930084894,2766947783,130.38975451089817,145420288
rows2000-full_replay-w4-rep2,2026-10-07T03:00:30.879257+00:00,706950928932,2795242273,135.74380357587142,145424384
rows2000-full_replay-w4-rep2,2026-10-07T03:00:30.900250+00:00,706972424272,2822740936,127.92848589508237,145428480
rows2000-full_replay-w4-rep2,2026-10-07T03:00:30.921095+00:00,706993648186,2850465639,130.62954834815105,145440768
rows2000-full_replay-w4-rep2,2026-10-07T03:00:30.945062+00:00,707014702536,2877203693,126.99539050125034,145461248
rows2000-full_replay-w4-rep2,2026-10-07T03:00:30.967146+00:00,707038365854,2907101955,126.34856193877799,145461248
rows2000-full_replay-w4-rep2,2026-10-07T03:00:30.989264+00:00,707060411345,2936504561,133.37242522745353,145473536
rows2000-full_replay-w4-rep2,2026-10-07T03:00:31.010822+00:00,707082450648,2965141687,129.93662276887795,145477632
rows2000-full_replay-w4-rep2,2026-10-07T03:00:31.032649+00:00,707104334803,2993312095,128.7251346922008,145477632
rows2000-full_replay-w4-rep2,2026-10-07T03:00:31.054033+00:00,707125821663,3020365238,125.90552086251783,145481728
rows2000-full_replay-w4-rep2,2026-10-07T03:00:31.078227+00:00,707148251043,3049474002,129.77961940989897,145522688
rows2000-full_replay-w4-rep2,2026-10-07T03:00:31.099780+00:00,707171822935,3081382424,135.36640164480644,145534976
rows2000-full_replay-w4-rep2,2026-10-07T03:00:31.121575+00:00,707192992389,3109668893,133.61926575905076,145551360
rows2000-full_replay-w4-rep2,2026-10-07T03:00:31.142506+00:00,707214925060,3136825347,123.81735904395775,145551360
rows2000-full_replay-w4-rep2,2026-10-07T03:00:31.163375+00:00,707235721501,3163788236,129.65145815094036,145551360
rows2000-full_replay-w4-rep2,2026-10-07T03:00:31.184947+00:00,707257483786,3185646084,100.43912208667426,145555456
rows2000-full_replay-w4-rep2,2026-10-07T03:00:31.205686+00:00,707278114799,3213156492,133.34492106616383,145567744
rows2000-full_replay-w4-rep2,2026-10-07T03:00:31.226855+00:00,707298852437,3244362995,150.4824368136815,145580032
rows2000-full_replay-w4-rep2,2026-10-07T03:00:31.248576+00:00,707320291159,3269538440,117.42978429404513,145588224
rows2000-full_replay-w4-rep2,2026-10-07T03:00:31.270029+00:00,707342056917,3297195969,127.06899065954882,145600512
rows2000-full_replay-w4-rep2,2026-10-07T03:00:31.291330+00:00,707363433506,3325354514,131.72609063120407,145616896
rows2000-full_replay-w4-rep2,2026-10-07T03:00:31.312487+00:00,707384511117,3350152696,117.65176803006754,145616896
rows2000-full_replay-w4-rep2,2026-10-07T03:00:31.333164+00:00,707405761293,3375916645,121.24110877952258,145616896
rows2000-full_replay-w4-rep2,2026-10-07T03:00:31.343091+00:00,707416068157,3387481170,112.20216935044452,145539072
rows2000-full_replay-w4-rep1,2026-10-07T03:00:31.392544+00:00,707465541029,3436815521,0.0,143626240
rows2000-full_replay-w4-rep1,2026-10-07T03:00:31.413580+00:00,707485942234,3462581037,126.29408900111538,143687680
rows2000-full_replay-w4-rep1,2026-10-07T03:00:31.442970+00:00,707509821635,3493670283,130.19273808417557,145584128
rows2000-full_replay-w4-rep1,2026-10-07T03:00:31.463995+00:00,707536150464,3525341093,120.28947432489306,145588224
rows2000-full_replay-w4-rep1,2026-10-07T03:00:31.485184+00:00,707557217041,3553647171,134.36486620488938,145592320
rows2000-full_replay-w4-rep1,2026-10-07T03:00:31.506984+00:00,707578498186,3580697618,127.10992289183689,145596416
rows2000-full_replay-w4-rep1,2026-10-07T03:00:31.530411+00:00,707600560292,3608680446,126.83661296886163,145596416
rows2000-full_replay-w4-rep1,2026-10-07T03:00:31.551676+00:00,707623863705,3637149861,122.16843515582889,145596416
rows2000-full_replay-w4-rep1,2026-10-07T03:00:31.574280+00:00,707644984803,3664630225,130.10859568001626,145608704
rows2000-full_replay-w4-rep1,2026-10-07T03:00:31.598093+00:00,707667862210,3693581029,126.5475759556142,145608704
rows2000-full_replay-w4-rep1,2026-10-07T03:00:31.620360+00:00,707691345906,3725676762,136.67240880651835,145608704
rows2000-full_replay-w4-rep1,2026-10-07T03:00:31.645288+00:00,707714012081,3755772823,132.77961985204826,145608704
rows2000-full_replay-w4-rep1,2026-10-07T03:00:31.667022+00:00,707738880583,3787383750,127.11230857411516,145637376
rows2000-full_replay-w4-rep1,2026-10-07T03:00:31.690247+00:00,707760568126,3815280200,128.6289092314422,145637376
rows2000-full_replay-w4-rep1,2026-10-07T03:00:31.711478+00:00,707783715985,3846624556,135.4093093447649,145637376
rows2000-full_replay-w4-rep1,2026-10-07T03:00:31.733010+00:00,707804971305,3874191603,129.6948105227303,145641472
rows2000-full_replay-w4-rep1,2026-10-07T03:00:31.756737+00:00,707826731633,3903410374,134.27541625291678,145641472
rows2000-full_replay-w4-rep1,2026-10-07T03:00:31.778861+00:00,707850575057,3932380007,121.49946668733485,145641472
rows2000-full_replay-w4-rep1,2026-10-07T03:00:31.800964+00:00,707873416653,3964183181,139.23358945670873,145641472
rows2000-full_replay-w4-rep1,2026-10-07T03:00:31.822449+00:00,707894399726,3991024465,127.91874669644432,145641472
rows2000-full_replay-w4-rep1,2026-10-07T03:00:31.843235+00:00,707915730550,4019784198,134.82710747601686,145645568
rows2000-full_replay-w4-rep1,2026-10-07T03:00:31.864385+00:00,707936713195,4047173785,130.5344821875412,145649664
rows2000-full_replay-w4-rep1,2026-10-07T03:00:31.886662+00:00,707957543800,4074877199,132.99380406858083,145653760
rows2000-full_replay-w4-rep1,2026-10-07T03:00:31.907693+00:00,707979822929,4104423222,132.61749595327538,145653760
rows2000-full_replay-w4-rep1,2026-10-07T03:00:31.928985+00:00,708001254771,4133275181,134.62192843713572,145657856
rows2000-full_replay-w4-rep1,2026-10-07T03:00:31.950751+00:00,708022282164,4161857135,135.92723548753762,145666048
rows2000-full_replay-w4-rep1,2026-10-07T03:00:31.972335+00:00,708044085179,4191329050,135.1735757646362,145666048
rows2000-full_replay-w4-rep1,2026-10-07T03:00:31.995890+00:00,708065943406,4219237589,127.67979305915343,145666048
rows2000-full_replay-w4-rep1,2026-10-07T03:00:32.017353+00:00,708089370933,4247681740,121.41337410474439,145678336
rows2000-full_replay-w4-rep1,2026-10-07T03:00:32.038217+00:00,708110844454,4275104977,127.70722137277814,145678336
rows2000-full_replay-w4-rep1,2026-10-07T03:00:32.059856+00:00,708131474109,4302878558,134.62940121877946,145678336
rows2000-full_replay-w4-rep1,2026-10-07T03:00:32.082216+00:00,708153026425,4332113165,135.64485134683437,145686528
rows2000-full_replay-w4-rep1,2026-10-07T03:00:32.103280+00:00,708175948501,4361353652,127.56474151817663,145690624
rows2000-full_replay-w4-rep1,2026-10-07T03:00:32.125664+00:00,708196864818,4390107877,137.47269655551693,145690624
rows2000-full_replay-w4-rep1,2026-10-07T03:00:32.146339+00:00,708218824682,4419098855,132.018021605234,145690624
rows2000-full_replay-w4-rep1,2026-10-07T03:00:32.167246+00:00,708239514914,4447010292,134.90151777901767,145694720
rows2000-full_replay-w4-rep1,2026-10-07T03:00:32.189385+00:00,708260536180,4474075379,128.75098483602272,145694720
rows2000-full_replay-w4-rep1,2026-10-07T03:00:32.210595+00:00,708283004267,4504686007,136.24047298730864,145694720
rows2000-full_replay-w4-rep1,2026-10-07T03:00:32.231458+00:00,708304116986,4531488662,126.95027580294135,145694720
rows2000-full_replay-w4-rep1,2026-10-07T03:00:32.255507+00:00,708324815450,4557637108,126.33036924865536,145694720
rows2000-full_replay-w4-rep1,2026-10-07T03:00:32.276974+00:00,708349277051,4590295684,133.50956055574613,145694720
rows2000-full_replay-w4-rep1,2026-10-07T03:00:32.298086+00:00,708370403240,4617887937,130.60686430477358,145694720
rows2000-full_replay-w4-rep1,2026-10-07T03:00:32.319133+00:00,708391821484,4645884914,130.71555726043647,145694720
rows2000-full_replay-w4-rep1,2026-10-07T03:00:32.340159+00:00,708412587038,4671321721,122.49520046515494,145698816
rows2000-full_replay-w4-rep1,2026-10-07T03:00:32.361472+00:00,708433338821,4699478040,135.68144481850067,145698816
rows2000-full_replay-w4-rep1,2026-10-07T03:00:32.383710+00:00,708455416788,4727734701,127.98579235126132,145698816
rows2000-full_replay-w4-rep1,2026-10-07T03:00:32.407540+00:00,708478918535,4758954702,132.84119261431925,145698816
rows2000-full_replay-w4-rep1,2026-10-07T03:00:32.437022+00:00,708504412672,4793583169,135.82913985282184,145698816
rows2000-full_replay-w4-rep1,2026-10-07T03:00:32.459039+00:00,708530921894,4826886877,125.63065034500069,145698816
rows2000-full_replay-w4-rep1,2026-10-07T03:00:32.480127+00:00,708552354799,4855298849,132.56239413182675,145702912
rows2000-full_replay-w4-rep1,2026-10-07T03:00:32.501395+00:00,708573706668,4884442685,136.49313790750588,145702912
rows2000-full_replay-w4-rep1,2026-10-07T03:00:32.522540+00:00,708594568652,4911111616,127.83506592661561,145702912
rows2000-full_replay-w4-rep1,2026-10-07T03:00:32.544589+00:00,708617057934,4941179508,133.69876370441708,145702912
rows2000-full_replay-w4-rep1,2026-10-07T03:00:32.566753+00:00,708638908937,4969739042,130.7012497321061,145707008
rows2000-full_replay-w4-rep1,2026-10-07T03:00:32.588962+00:00,708660157631,4995998758,123.5827293668025,145707008
rows2000-full_replay-w4-rep1,2026-10-07T03:00:32.609564+00:00,708682126221,5025585256,134.67636293453518,145711104
rows2000-full_replay-w4-rep1,2026-10-07T03:00:32.630513+00:00,708703272430,5053480190,131.91458573023655,145715200
rows2000-full_replay-w4-rep1,2026-10-07T03:00:32.653036+00:00,708725033212,5081562584,129.05048173360683,145719296
rows2000-full_replay-w4-rep1,2026-10-07T03:00:32.674541+00:00,708746362443,5109868656,132.7102322629447,145727488
rows2000-full_replay-w4-rep1,2026-10-07T03:00:32.695619+00:00,708767865574,5138448814,132.91161180202084,145735680
rows2000-full_replay-w4-rep1,2026-10-07T03:00:32.717188+00:00,708788857892,5166967085,135.8509860607104,145735680
rows2000-full_replay-w4-rep1,2026-10-07T03:00:32.738468+00:00,708810404707,5194666022,128.55234984845788,145735680
rows2000-full_replay-w4-rep1,2026-10-07T03:00:32.761930+00:00,708832589685,5223957212,132.03163870615512,145739776
rows2000-full_replay-w4-rep1,2026-10-07T03:00:32.783441+00:00,708855208567,5253744880,131.693812275956,145747968
rows2000-full_replay-w4-rep1,2026-10-07T03:00:32.805647+00:00,708876676447,5282267724,132.86288166321035,145756160
rows2000-full_replay-w4-rep1,2026-10-07T03:00:32.829327+00:00,708898882581,5310219351,125.8734501016701,145768448
rows2000-full_replay-w4-rep1,2026-10-07T03:00:32.851191+00:00,708922564300,5343152903,139.06740469304614,145788928
rows2000-full_replay-w4-rep1,2026-10-07T03:00:32.874059+00:00,708944520278,5372780804,134.94229680864137,145793024
rows2000-full_replay-w4-rep1,2026-10-07T03:00:32.896461+00:00,708967458444,5402006221,127.40956273487602,145793024
rows2000-full_replay-w4-rep1,2026-10-07T03:00:32.907754+00:00,708980703411,5417197136,114.69198073502184,145686528
rows2000-recoverability_v2-w1-rep0,2026-10-07T03:00:32.916068+00:00,708989082010,5425570185,0.0,145694720
rows2000-recoverability_v2-w1-rep0,2026-10-07T03:00:32.937101+00:00,709009721256,5446213847,100.02139613045942,145727488
rows2000-recoverability_v2-w1-rep0,2026-10-07T03:00:32.957448+00:00,709030340995,5466912224,100.38137243153271,145747968
rows2000-recoverability_v2-w1-rep0,2026-10-07T03:00:32.978233+00:00,709050865345,5487510674,100.36103457600362,145764352
rows2000-recoverability_v2-w1-rep0,2026-10-07T03:00:32.998522+00:00,709071464096,5508198137,100.43066688849241,145776640
rows2000-recoverability_v2-w1-rep0,2026-10-07T03:00:33.020198+00:00,709092384812,5529246097,100.60822010107111,145788928
rows2000-recoverability_v2-w1-rep0,2026-10-07T03:00:33.033899+00:00,709106899758,5543807033,100.3168458222304,145784832
rows2000-target_snapshots-w4-rep1,2026-10-07T03:00:33.042269+00:00,709115285069,5552186028,0.0,145784832
rows2000-target_snapshots-w4-rep1,2026-10-07T03:00:33.064046+00:00,709135624244,5574787678,111.12373043646068,145838080
rows2000-target_snapshots-w4-rep1,2026-10-07T03:00:33.086005+00:00,709157229740,5598654500,110.46643872466524,145846272
rows2000-target_snapshots-w4-rep1,2026-10-07T03:00:33.110114+00:00,709179369605,5622325571,106.91605843125059,145858560
rows2000-target_snapshots-w4-rep1,2026-10-07T03:00:33.131183+00:00,709203568287,5651360386,119.98510910635547,145858560
rows2000-target_snapshots-w4-rep1,2026-10-07T03:00:33.151893+00:00,709224489403,5674851371,112.28361335982268,145883136
rows2000-target_snapshots-w4-rep1,2026-10-07T03:00:33.172487+00:00,709245088435,5697763190,111.22764894971763,145891328
rows2000-target_snapshots-w4-rep1,2026-10-07T03:00:33.195479+00:00,709267034340,5722518498,112.80149075647599,145899520
rows2000-target_snapshots-w4-rep1,2026-10-07T03:00:33.217193+00:00,709289339609,5747043104,109.94983292960958,145932288
rows2000-target_snapshots-w4-rep1,2026-10-07T03:00:33.237834+00:00,709310381083,5770454672,111.26391620663077,145936384
rows2000-target_snapshots-w4-rep1,2026-10-07T03:00:33.258878+00:00,709331336982,5795501278,119.52055122999018,145956864
rows2000-target_snapshots-w4-rep1,2026-10-07T03:00:33.280289+00:00,709352062618,5818604186,111.47020048021687,145981440
rows2000-target_snapshots-w4-rep1,2026-10-07T03:00:33.283085+00:00,709356058148,5822290711,92.26623251483532,145944576
rows2000-recoverability_v2-w4-rep1,2026-10-07T03:00:33.291786+00:00,709364800191,5831033749,0.0,145944576
rows2000-recoverability_v2-w4-rep1,2026-10-07T03:00:33.313459+00:00,709385507150,5854146817,111.6198085870552,145981440
rows2000-recoverability_v2-w4-rep1,2026-10-07T03:00:33.334042+00:00,709406672833,5878036885,112.87170841592969,145985536
rows2000-recoverability_v2-w4-rep1,2026-10-07T03:00:33.355714+00:00,709427201825,5898851978,101.39364368206681,145989632
rows2000-recoverability_v2-w4-rep1,2026-10-07T03:00:33.376504+00:00,709449008608,5924744909,118.73796790659127,145997824
rows2000-recoverability_v2-w4-rep1,2026-10-07T03:00:33.397656+00:00,709469663203,5947468173,110.01553891519055,146001920
rows2000-recoverability_v2-w4-rep1,2026-10-07T03:00:33.418068+00:00,709490864738,5971086520,111.39923123490823,146001920
rows2000-recoverability_v2-w4-rep1,2026-10-07T03:00:33.439693+00:00,709511895535,5993523291,106.68531011925036,146006016
rows2000-recoverability_v2-w4-rep1,2026-10-07T03:00:33.461264+00:00,709533006520,6014237221,98.11920192260096,146010112
rows2000-recoverability_v2-w4-rep1,2026-10-07T03:00:33.481731+00:00,709554640883,6036640819,103.55561659014411,146014208
rows2000-recoverability_v2-w4-rep1,2026-10-07T03:00:33.503469+00:00,709575904159,6059070717,105.48655813901865,146022400
rows2000-recoverability_v2-w4-rep1,2026-10-07T03:00:33.523976+00:00,709596822521,6082622914,112.59101931594836,146051072
rows2000-recoverability_v2-w4-rep1,2026-10-07T03:00:33.544967+00:00,709617413469,6104436802,105.93921173517606,146083840
rows2000-recoverability_v2-w4-rep1,2026-10-07T03:00:33.546306+00:00,709619273034,6106102570,89.578369134717,146046976
rows2000-full_replay-w2-rep0,2026-10-07T03:00:33.596217+00:00,709669212000,6156023866,0.0,146051072
rows2000-full_replay-w2-rep0,2026-10-07T03:00:33.617101+00:00,709689596125,6181558024,125.26492061837337,146137088
rows2000-full_replay-w2-rep0,2026-10-07T03:00:33.637543+00:00,709710293210,6207751148,126.5546525029974,146137088
rows2000-full_replay-w2-rep0,2026-10-07T03:00:33.658347+00:00,709731038296,6234631126,129.57274797511081,146141184
rows2000-full_replay-w2-rep0,2026-10-07T03:00:33.678932+00:00,709751654658,6260744591,126.66378772355665,146145280
rows2000-full_replay-w2-rep0,2026-10-07T03:00:33.699708+00:00,709772330188,6286805487,126.04705175635159,146157568
rows2000-full_replay-w2-rep0,2026-10-07T03:00:33.720423+00:00,709793145977,6312936078,125.53255127634124,146165760
rows2000-full_replay-w2-rep0,2026-10-07T03:00:33.740784+00:00,709813596941,6338272754,123.88988607089622,146178048
rows2000-full_replay-w2-rep0,2026-10-07T03:00:33.761594+00:00,709833960849,6364127956,126.96581618813049,146178048
rows2000-full_replay-w2-rep0,2026-10-07T03:00:33.782748+00:00,709854837555,6391814565,132.61962399623772,146178048
rows2000-full_replay-w2-rep0,2026-10-07T03:00:33.803124+00:00,709875912060,6418537230,126.80091418517303,146178048
rows2000-full_replay-w2-rep0,2026-10-07T03:00:33.823824+00:00,709896671210,6444618824,125.63902664608136,146178048
rows2000-full_replay-w2-rep0,2026-10-07T03:00:33.846420+00:00,709918007805,6471035737,123.81035024566947,146178048
rows2000-full_replay-w2-rep0,2026-10-07T03:00:33.867411+00:00,709939868174,6499766719,131.42953808327755,146198528
rows2000-full_replay-w2-rep0,2026-10-07T03:00:33.889681+00:00,709961329573,6527224294,127.93935288188808,146206720
rows2000-full_replay-w2-rep0,2026-10-07T03:00:33.909940+00:00,709982874758,6553652661,122.66484135550472,146206720
rows2000-full_replay-w2-rep0,2026-10-07T03:00:33.931104+00:00,710003562779,6579157167,123.28151639057211,146206720
rows2000-full_replay-w2-rep0,2026-10-07T03:00:33.951701+00:00,710024383473,6605474601,126.40036878693861,146206720
rows2000-full_replay-w2-rep0,2026-10-07T03:00:33.973242+00:00,710045466675,6632355532,127.49928118129306,146206720
rows2000-full_replay-w2-rep0,2026-10-07T03:00:33.993472+00:00,710066464327,6658612903,125.04908167827527,146214912
rows2000-full_replay-w2-rep0,2026-10-07T03:00:34.016457+00:00,710087902874,6685233375,124.17106439163065,146214912
rows2000-full_replay-w2-rep0,2026-10-07T03:00:34.037246+00:00,710109764654,6713842672,130.86444470669818,146214912
rows2000-full_replay-w2-rep0,2026-10-07T03:00:34.057859+00:00,710130584071,6739716257,124.2762225282293,146219008
rows2000-full_replay-w2-rep0,2026-10-07T03:00:34.078761+00:00,710151597801,6767356722,131.53526289716294,146219008
rows2000-full_replay-w2-rep0,2026-10-07T03:00:34.099623+00:00,710171960409,6792435535,123.16110490365477,146223104
rows2000-full_replay-w2-rep0,2026-10-07T03:00:34.121456+00:00,710193086724,6819415768,127.70912958554295,146223104
rows2000-full_replay-w2-rep0,2026-10-07T03:00:34.142257+00:00,710214788963,6846759328,125.99418889451913,146227200
rows2000-full_replay-w2-rep0,2026-10-07T03:00:34.162901+00:00,710235587423,6872811108,125.25821623331727,146227200
rows2000-full_replay-w2-rep0,2026-10-07T03:00:34.183451+00:00,710256119089,6899269406,128.8658114738473,146227200
rows2000-full_replay-w2-rep0,2026-10-07T03:00:34.204080+00:00,710276752945,6925791204,128.53534501743155,146227200
rows2000-full_replay-w2-rep0,2026-10-07T03:00:34.225306+00:00,710297789344,6952442961,126.69353248148602,146227200
rows2000-full_replay-w2-rep0,2026-10-07T03:00:34.246570+00:00,710318692456,6978567517,124.97926624514092,146227200
rows2000-full_replay-w2-rep0,2026-10-07T03:00:34.267031+00:00,710339753643,7005594435,128.32571117667774,146231296
rows2000-full_replay-w2-rep0,2026-10-07T03:00:34.287597+00:00,710360294723,7031414950,125.70183748858385,146231296
rows2000-full_replay-w2-rep0,2026-10-07T03:00:34.308286+00:00,710380960049,7057059716,124.09562762281128,146231296
rows2000-full_replay-w2-rep0,2026-10-07T03:00:34.329213+00:00,710401714000,7082391448,122.05739524006778,146231296
rows2000-full_replay-w2-rep0,2026-10-07T03:00:34.349897+00:00,710422692080,7108926946,126.49154736753792,146231296
rows2000-full_replay-w2-rep0,2026-10-07T03:00:34.370871+00:00,710443280991,7135446985,128.80739054144243,146235392
rows2000-full_replay-w2-rep0,2026-10-07T03:00:34.391387+00:00,710464031762,7162243620,129.135611394873,146239488
rows2000-full_replay-w2-rep0,2026-10-07T03:00:34.411876+00:00,710484546339,7187676448,123.97442072532132,146243584
rows2000-full_replay-w2-rep0,2026-10-07T03:00:34.433126+00:00,710505728653,7212906940,119.11112260917292,146247680
rows2000-full_replay-w2-rep0,2026-10-07T03:00:34.455672+00:00,710527322938,7240583383,128.1655910348502,146247680
rows2000-full_replay-w2-rep0,2026-10-07T03:00:34.478608+00:00,710548900107,7267554594,124.99884020929716,146247680
rows2000-full_replay-w2-rep0,2026-10-07T03:00:34.499072+00:00,710571811465,7297538548,130.86938801270531,146251776
rows2000-full_replay-w2-rep0,2026-10-07T03:00:34.519770+00:00,710592684729,7323481353,124.28724611541348,146251776
rows2000-full_replay-w2-rep0,2026-10-07T03:00:34.541409+00:00,710613158580,7348839973,123.8585745300188,146259968
rows2000-full_replay-w2-rep0,2026-10-07T03:00:34.562188+00:00,710634725545,7376407760,127.82413751772677,146268160
rows2000-full_replay-w2-rep0,2026-10-07T03:00:34.583353+00:00,710655883120,7404518734,132.86482028304283,146268160
rows2000-full_replay-w2-rep0,2026-10-07T03:00:34.604006+00:00,710676515144,7430343331,125.16754051856473,146272256
rows2000-full_replay-w2-rep0,2026-10-07T03:00:34.624167+00:00,710697167559,7456591348,127.09417760586352,146272256
rows2000-full_replay-w2-rep0,2026-10-07T03:00:34.645453+00:00,710717442577,7481975649,125.19989378061219,146276352
rows2000-full_replay-w2-rep0,2026-10-07T03:00:34.666043+00:00,710738694008,7509324377,128.69123025174164,146280448
rows2000-full_replay-w2-rep0,2026-10-07T03:00:34.686855+00:00,710759206033,7536246530,131.25058593678585,146296832
rows2000-full_replay-w2-rep0,2026-10-07T03:00:34.707057+00:00,710780019332,7562659506,126.90432208752682,146296832
rows2000-full_replay-w2-rep0,2026-10-07T03:00:34.727932+00:00,710800403473,7587494061,121.8327277072897,146296832
rows2000-full_replay-w2-rep0,2026-10-07T03:00:34.749467+00:00,710821210148,7614369060,129.16527508600004,146300928
rows2000-full_replay-w2-rep0,2026-10-07T03:00:34.771145+00:00,710843312610,7642038154,125.18557434913812,146300928
rows2000-full_replay-w2-rep0,2026-10-07T03:00:34.793004+00:00,710864842303,7670032355,130.02601105366435,146309120
rows2000-full_replay-w2-rep0,2026-10-07T03:00:34.813592+00:00,710886507110,7697154209,125.18853272036995,146317312
rows2000-full_replay-w2-rep0,2026-10-07T03:00:34.835211+00:00,710907202069,7723099563,125.37040542095299,146329600
rows2000-full_replay-w2-rep0,2026-10-07T03:00:34.856599+00:00,710929176956,7751045658,127.17287237927549,146329600
rows2000-full_replay-w2-rep0,2026-10-07T03:00:34.878281+00:00,710949781585,7777681820,129.27270857436937,146329600
rows2000-full_replay-w2-rep0,2026-10-07T03:00:34.898471+00:00,710971438511,7803934807,121.22213004744995,146337792
rows2000-full_replay-w2-rep0,2026-10-07T03:00:34.919973+00:00,710992385940,7830077385,124.80089083963479,146345984
rows2000-full_replay-w2-rep0,2026-10-07T03:00:34.940228+00:00,711013147449,7856811623,128.76827980085648,146358272
rows2000-full_replay-w2-rep0,2026-10-07T03:00:34.962234+00:00,711034104739,7881664192,118.5867495272528,146378752
rows2000-full_replay-w2-rep0,2026-10-07T03:00:34.972626+00:00,711045585290,7897407916,137.13387101368218,146337792
rows2000-target_snapshots-w2-rep0,2026-10-07T03:00:34.981028+00:00,711054045254,7905869061,0.0,146345984
rows2000-target_snapshots-w2-rep0,2026-10-07T03:00:35.004813+00:00,711074643421,7928706800,110.8726761949255,146370560
rows2000-target_snapshots-w2-rep0,2026-10-07T03:00:35.026602+00:00,711098212475,7955177201,112.30998494890801,146382848
rows2000-target_snapshots-w2-rep0,2026-10-07T03:00:35.047828+00:00,711119899042,7978585501,107.9391680573509,146391040
rows2000-target_snapshots-w2-rep0,2026-10-07T03:00:35.071202+00:00,711141291980,8001889560,108.93341999121392,146395136
rows2000-target_snapshots-w2-rep0,2026-10-07T03:00:35.093141+00:00,711164653918,8029576730,118.51401197965683,146395136
rows2000-target_snapshots-w2-rep0,2026-10-07T03:00:35.116630+00:00,711186528361,8054618514,114.4796418359087,146403328
rows2000-target_snapshots-w2-rep0,2026-10-07T03:00:35.140101+00:00,711209822127,8081071763,113.56364187740188,146407424
rows2000-target_snapshots-w2-rep0,2026-10-07T03:00:35.161408+00:00,711233293854,8107728496,113.56954262462239,146415616
rows2000-target_snapshots-w2-rep0,2026-10-07T03:00:35.184623+00:00,711256156016,8133617607,113.23999453769946,146419712
rows2000-target_snapshots-w2-rep0,2026-10-07T03:00:35.205543+00:00,711278008495,8159835992,119.97899643331084,146427904
rows2000-target_snapshots-w2-rep0,2026-10-07T03:00:35.221524+00:00,711294519466,8176862233,103.12077345420812,146419712
rows2000-full_replay-w1-rep0,2026-10-07T03:00:35.270675+00:00,711343665454,8226011892,0.0,146419712
rows2000-full_replay-w1-rep0,2026-10-07T03:00:35.291117+00:00,711364071446,8246195436,98.90988882089144,146444288
rows2000-full_replay-w1-rep0,2026-10-07T03:00:35.311314+00:00,711384298207,8265804848,96.94786031238516,146444288
rows2000-full_replay-w1-rep0,2026-10-07T03:00:35.331791+00:00,711404767726,8287142569,104.24143820868483,146444288
rows2000-full_replay-w1-rep0,2026-10-07T03:00:35.352238+00:00,711425091427,8307195082,98.66565641759836,146456576
rows2000-full_replay-w1-rep0,2026-10-07T03:00:35.372634+00:00,711445451686,8327343450,98.95929123494942,146456576
rows2000-full_replay-w1-rep0,2026-10-07T03:00:35.394068+00:00,711466017845,8349464662,107.56122229726999,146456576
rows2000-full_replay-w1-rep0,2026-10-07T03:00:35.414242+00:00,711487233211,8369003228,92.09629473278943,146456576
rows2000-full_replay-w1-rep0,2026-10-07T03:00:35.434464+00:00,711507438932,8388856786,98.25711242870274,146460672
rows2000-full_replay-w1-rep0,2026-10-07T03:00:35.454793+00:00,711527713641,8412634938,117.27986823386713,146460672
rows2000-full_replay-w1-rep0,2026-10-07T03:00:35.475483+00:00,711548208181,8434412806,106.26180436350364,146464768
rows2000-full_replay-w1-rep0,2026-10-07T03:00:35.496172+00:00,711568855330,8454403531,96.82075234697052,146464768
rows2000-full_replay-w1-rep0,2026-10-07T03:00:35.516680+00:00,711589362614,8475884117,104.74612825374632,146464768
rows2000-full_replay-w1-rep0,2026-10-07T03:00:35.537483+00:00,711610436188,8496984787,100.12857809501132,146464768
rows2000-full_replay-w1-rep0,2026-10-07T03:00:35.558430+00:00,711631397352,8517971392,100.12137207647437,146464768
rows2000-full_replay-w1-rep0,2026-10-07T03:00:35.578646+00:00,711651595389,8536022322,89.36972439450427,146468864
rows2000-full_replay-w1-rep0,2026-10-07T03:00:35.598968+00:00,711671902123,8553311328,85.13927448894539,146468864
rows2000-full_replay-w1-rep0,2026-10-07T03:00:35.619402+00:00,711692197088,8577437629,118.87825872082065,146468864
rows2000-full_replay-w1-rep0,2026-10-07T03:00:35.639634+00:00,711712575640,8598029558,101.04706654329513,146472960
rows2000-full_replay-w1-rep0,2026-10-07T03:00:35.664099+00:00,711733193877,8619981473,106.46843859637465,146472960
rows2000-full_replay-w1-rep0,2026-10-07T03:00:35.684977+00:00,711757593805,8643110506,94.79139856478265,146477056
rows2000-full_replay-w1-rep0,2026-10-07T03:00:35.705316+00:00,711778195798,8663253994,97.77446288812932,146481152
rows2000-full_replay-w1-rep0,2026-10-07T03:00:35.725509+00:00,711798469071,8686915129,116.71097705831713,146481152
rows2000-full_replay-w1-rep0,2026-10-07T03:00:35.745683+00:00,711818674103,8706178076,95.337374372879,146481152
rows2000-full_replay-w1-rep0,2026-10-07T03:00:35.766130+00:00,711839084794,8724839847,91.43135330401113,146485248
rows2000-full_replay-w1-rep0,2026-10-07T03:00:35.786830+00:00,711859452962,8747341926,110.47669579316117,146485248
rows2000-full_replay-w1-rep0,2026-10-07T03:00:35.807157+00:00,711880024244,8769888866,109.60396148378113,146489344
rows2000-full_replay-w1-rep0,2026-10-07T03:00:35.828103+00:00,711900444944,8789998808,98.47822062906756,146489344
rows2000-full_replay-w1-rep0,2026-10-07T03:00:35.848542+00:00,711921278949,8811470692,103.06172049013139,146489344
rows2000-full_replay-w1-rep0,2026-10-07T03:00:35.869085+00:00,711941780162,8832995547,104.99308016554923,146493440
rows2000-full_replay-w1-rep0,2026-10-07T03:00:35.889889+00:00,711962514623,8853910414,100.87007807919386,146493440
rows2000-full_replay-w1-rep0,2026-10-07T03:00:35.910503+00:00,711983058554,8871580669,86.01204414091929,146497536
rows2000-full_replay-w1-rep0,2026-10-07T03:00:35.930975+00:00,712003786212,8893302068,104.7942753590396,146497536
rows2000-full_replay-w1-rep0,2026-10-07T03:00:35.951422+00:00,712024142258,8916868073,115.76906929764257,146501632
rows2000-full_replay-w1-rep0,2026-10-07T03:00:35.971701+00:00,712044644617,8937544477,100.84890231411907,146505728
rows2000-full_replay-w1-rep0,2026-10-07T03:00:35.992153+00:00,712064918352,8956963580,95.78453600187632,146509824
rows2000-full_replay-w1-rep0,2026-10-07T03:00:36.012785+00:00,712085504127,8978163636,102.98400716028422,146513920
rows2000-full_replay-w1-rep0,2026-10-07T03:00:36.032963+00:00,712105949736,8998657667,100.23683324864523,146513920
rows2000-full_replay-w1-rep0,2026-10-07T03:00:36.053173+00:00,712126163720,9018790325,99.59767456034396,146522112
rows2000-full_replay-w1-rep0,2026-10-07T03:00:36.073366+00:00,712146348149,9040106169,105.6053852204588,146522112
rows2000-full_replay-w1-rep0,2026-10-07T03:00:36.093724+00:00,712166583136,9059781270,97.23307951717489,146526208
rows2000-full_replay-w1-rep0,2026-10-07T03:00:36.113897+00:00,712186884814,9079916795,99.18157996595158,146530304
rows2000-full_replay-w1-rep0,2026-10-07T03:00:36.135016+00:00,712207771027,9103761767,114.1660864992615,146534400
rows2000-full_replay-w1-rep0,2026-10-07T03:00:36.155229+00:00,712228182427,9125368916,105.85824098298009,146542592
rows2000-full_replay-w1-rep0,2026-10-07T03:00:36.175752+00:00,712248390000,9145433071,99.29027597722893,146546688
rows2000-full_replay-w1-rep0,2026-10-07T03:00:36.196265+00:00,712268992605,9165518079,97.4877108986946,146554880
rows2000-full_replay-w1-rep0,2026-10-07T03:00:36.216609+00:00,712289481574,9186533010,102.5670496158201,146554880
rows2000-full_replay-w1-rep0,2026-10-07T03:00:36.236954+00:00,712309794072,9208418577,107.74434045482737,146558976
rows2000-full_replay-w1-rep0,2026-10-07T03:00:36.257263+00:00,712330125358,9226826131,90.53807024307267,146567168
rows2000-full_replay-w1-rep0,2026-10-07T03:00:36.269726+00:00,712342693193,9241361455,115.6549556864806,146558976
rows2000-full_replay-w2-rep2,2026-10-07T03:00:36.323941+00:00,712396902220,9295577590,0.0,146575360
rows2000-full_replay-w2-rep2,2026-10-07T03:00:36.345514+00:00,712417883832,9320596979,119.2443602522056,146632704
rows2000-full_replay-w2-rep2,2026-10-07T03:00:36.366416+00:00,712438902300,9346613986,123.7816524020685,146636800
rows2000-full_replay-w2-rep2,2026-10-07T03:00:36.388002+00:00,712460111864,9372939342,124.12021293789915,146636800
rows2000-full_replay-w2-rep2,2026-10-07T03:00:36.409262+00:00,712481213805,9399851512,127.53409745577433,146640896
rows2000-full_replay-w2-rep2,2026-10-07T03:00:36.430801+00:00,712502842397,9428362285,131.81982904851134,146649088
rows2000-full_replay-w2-rep2,2026-10-07T03:00:36.451792+00:00,712524439968,9455858026,127.30941363730209,146649088
rows2000-full_replay-w2-rep2,2026-10-07T03:00:36.472912+00:00,712545026524,9481994878,126.96077964667815,146649088
rows2000-full_replay-w2-rep2,2026-10-07T03:00:36.496593+00:00,712567239944,9508820033,120.76103094435706,146649088
rows2000-full_replay-w2-rep2,2026-10-07T03:00:36.517371+00:00,712589815771,9535717561,119.14304623259206,146653184
rows2000-full_replay-w2-rep2,2026-10-07T03:00:36.538393+00:00,712610578930,9561021882,121.87124801192343,146657280
rows2000-full_replay-w2-rep2,2026-10-07T03:00:36.559284+00:00,712631754980,9588132211,128.02354074532315,146657280
rows2000-full_replay-w2-rep2,2026-10-07T03:00:36.579743+00:00,712652484506,9614077576,125.16140021725533,146657280
rows2000-full_replay-w2-rep2,2026-10-07T03:00:36.601429+00:00,712673786661,9640552598,124.28330373147693,146657280
rows2000-full_replay-w2-rep2,2026-10-07T03:00:36.622524+00:00,712695235620,9667572815,125.97449134944031,146657280
rows2000-full_replay-w2-rep2,2026-10-07T03:00:36.647848+00:00,712716925564,9694282291,123.14220820487135,146665472
rows2000-full_replay-w2-rep2,2026-10-07T03:00:36.669440+00:00,712741289778,9726251473,131.2136808517607,146665472
rows2000-full_replay-w2-rep2,2026-10-07T03:00:36.690755+00:00,712763283810,9753609086,124.38652903660412,146665472
rows2000-full_replay-w2-rep2,2026-10-07T03:00:36.712364+00:00,712784129807,9779712884,125.222113387045,146665472
rows2000-full_replay-w2-rep2,2026-10-07T03:00:36.734940+00:00,712805768737,9807137830,126.73891916097514,146665472
rows2000-full_replay-w2-rep2,2026-10-07T03:00:36.755394+00:00,712828169655,9836115621,129.3598369495393,146665472
rows2000-full_replay-w2-rep2,2026-10-07T03:00:36.777351+00:00,712849349867,9863150929,127.64418033209488,146665472
rows2000-full_replay-w2-rep2,2026-10-07T03:00:36.797698+00:00,712870545921,9890230426,127.75725613833593,146665472
rows2000-full_replay-w2-rep2,2026-10-07T03:00:36.818465+00:00,712891248608,9917510829,131.77228154007256,146665472
rows2000-full_replay-w2-rep2,2026-10-07T03:00:36.839613+00:00,712912421912,9944403368,127.0115377363873,146665472
rows2000-full_replay-w2-rep2,2026-10-07T03:00:36.860051+00:00,712932832275,9969788871,124.37555863166178,146673664
rows2000-full_replay-w2-rep2,2026-10-07T03:00:36.880870+00:00,712953372915,9996574905,130.40506040707592,146673664
rows2000-full_replay-w2-rep2,2026-10-07T03:00:36.901543+00:00,712974235436,10022365174,123.62009845310641,146673664
rows2000-full_replay-w2-rep2,2026-10-07T03:00:36.922820+00:00,712995312902,10048579997,124.37369368784654,146673664
rows2000-full_replay-w2-rep2,2026-10-07T03:00:36.943148+00:00,713016121067,10075269190,128.26307845982575,146673664
rows2000-full_replay-w2-rep2,2026-10-07T03:00:37.000661+00:00,713072403272,10138297821,111.98678338917247,146677760
rows2000-full_replay-w2-rep2,2026-10-07T03:00:37.022492+00:00,713094472010,10167731105,133.37094309606647,146677760
rows2000-full_replay-w2-rep2,2026-10-07T03:00:37.044151+00:00,713116230070,10194634204,123.6465888962527,146677760
rows2000-full_replay-w2-rep2,2026-10-07T03:00:37.064638+00:00,713137334839,10220713411,123.57020823113487,146677760
rows2000-full_replay-w2-rep2,2026-10-07T03:00:37.085797+00:00,713158407335,10246557301,122.6427567004877,144809984
rows2000-full_replay-w2-rep2,2026-10-07T03:00:37.106841+00:00,713179348843,10274347709,132.7049035819197,144814080
rows2000-full_replay-w2-rep2,2026-10-07T03:00:37.128151+00:00,713200837810,10302064053,128.97941534369707,144814080
rows2000-full_replay-w2-rep2,2026-10-07T03:00:37.148786+00:00,713221453338,10328408082,127.78731158377316,144814080
rows2000-full_replay-w2-rep2,2026-10-07T03:00:37.169760+00:00,713242170067,10355406237,130.3205491561916,144814080
rows2000-full_replay-w2-rep2,2026-10-07T03:00:37.190649+00:00,713263021174,10381872060,126.9276638405817,144814080
rows2000-full_replay-w2-rep2,2026-10-07T03:00:37.211476+00:00,713284092195,10408028673,124.13547971880432,144814080
rows2000-full_replay-w2-rep2,2026-10-07T03:00:37.232339+00:00,713304833806,10434135436,125.86661180753993,144814080
rows2000-full_replay-w2-rep2,2026-10-07T03:00:37.253112+00:00,713325549671,10461153783,130.42345564619194,144818176
rows2000-full_replay-w2-rep2,2026-10-07T03:00:37.274391+00:00,713346552645,10487614290,125.98457247054631,144822272
rows2000-full_replay-w2-rep2,2026-10-07T03:00:37.296341+00:00,713368070928,10514908149,126.84031992701276,144822272
rows2000-full_replay-w2-rep2,2026-10-07T03:00:37.317348+00:00,713389538672,10542228963,127.26448573264149,144822272
rows2000-full_replay-w2-rep2,2026-10-07T03:00:37.340329+00:00,713410733649,10569974463,130.9060160810743,144826368
rows2000-full_replay-w2-rep2,2026-10-07T03:00:37.362343+00:00,713433550547,10599204201,128.10566098862344,144826368
rows2000-full_replay-w2-rep2,2026-10-07T03:00:37.382670+00:00,713455563259,10627133819,126.87949581132938,144826368
rows2000-full_replay-w2-rep2,2026-10-07T03:00:37.403364+00:00,713475870639,10653819322,131.40790687917396,144826368
rows2000-full_replay-w2-rep2,2026-10-07T03:00:37.425870+00:00,713496830482,10680415767,126.8923865507962,144826368
rows2000-full_replay-w2-rep2,2026-10-07T03:00:37.434469+00:00,713507449813,10691289826,102.39871984402784,144781312
rows2000-recoverability_v2-w2-rep1,2026-10-07T03:00:37.443380+00:00,713516394475,10700235258,0.0,144781312
rows2000-recoverability_v2-w2-rep1,2026-10-07T03:00:37.464044+00:00,713536793643,10722460563,108.95201706265668,144793600
rows2000-recoverability_v2-w2-rep1,2026-10-07T03:00:37.484420+00:00,713557203984,10745758561,114.14800958004572,144797696
rows2000-recoverability_v2-w2-rep1,2026-10-07T03:00:37.504886+00:00,713577713924,10768204191,109.43781405503867,144797696
rows2000-recoverability_v2-w2-rep1,2026-10-07T03:00:37.525830+00:00,713598379117,10790864788,109.65586917092911,144797696
rows2000-recoverability_v2-w2-rep1,2026-10-07T03:00:37.547022+00:00,713619173676,10813324038,108.00541622450373,144797696
rows2000-recoverability_v2-w2-rep1,2026-10-07T03:00:37.567755+00:00,713640343795,10836580959,109.85729933780722,144797696
rows2000-recoverability_v2-w2-rep1,2026-10-07T03:00:37.588287+00:00,713661226702,10859447562,109.4991372609187,144797696
rows2000-recoverability_v2-w2-rep1,2026-10-07T03:00:37.609392+00:00,713681670684,10882847158,114.45713462279511,144797696
rows2000-recoverability_v2-w2-rep1,2026-10-07T03:00:37.630305+00:00,713702808757,10905926225,109.18245480560125,144801792
rows2000-recoverability_v2-w2-rep1,2026-10-07T03:00:37.652631+00:00,713724170585,10929293137,109.3862940943069,144805888
rows2000-recoverability_v2-w2-rep1,2026-10-07T03:00:37.673566+00:00,713745804239,10952924531,109.2344085747142,144814080
rows2000-recoverability_v2-w2-rep1,2026-10-07T03:00:37.675244+00:00,713748224356,10955336608,99.66778465669222,144801792
rows2000-full_replay-w2-rep1,2026-10-07T03:00:37.720358+00:00,713793355873,11000466413,0.0,144801792
rows2000-full_replay-w2-rep1,2026-10-07T03:00:37.743453+00:00,713814657528,11027039590,124.74700674665888,144846848
rows2000-full_replay-w2-rep1,2026-10-07T03:00:37.764502+00:00,713837219788,11056774807,131.79183734253573,144846848
rows2000-full_replay-w2-rep1,2026-10-07T03:00:37.786046+00:00,713858212846,11084123418,130.27454599515707,144846848
rows2000-full_replay-w2-rep1,2026-10-07T03:00:37.806769+00:00,713879439931,11110757501,125.47216445404538,144846848
rows2000-full_replay-w2-rep1,2026-10-07T03:00:37.831844+00:00,713903782394,11143602067,134.92704497486554,144846848
rows2000-full_replay-w2-rep1,2026-10-07T03:00:37.853817+00:00,713925279695,11170965265,127.28666728907038,144846848
rows2000-full_replay-w2-rep1,2026-10-07T03:00:37.875940+00:00,713947530970,11198714476,124.7084088439876,144846848
rows2000-full_replay-w2-rep1,2026-10-07T03:00:37.899363+00:00,713969197330,11225935996,125.63956289842872,144846848
rows2000-full_replay-w2-rep1,2026-10-07T03:00:37.920268+00:00,713992777656,11257000712,131.73997679251764,144846848
rows2000-full_replay-w2-rep1,2026-10-07T03:00:37.941247+00:00,714014169144,11284256226,127.41289432506986,144846848
rows2000-full_replay-w2-rep1,2026-10-07T03:00:37.962867+00:00,714034494216,11310210699,127.69683177506087,144846848
rows2000-full_replay-w2-rep1,2026-10-07T03:00:37.983803+00:00,714056116147,11338884070,132.6124433567011,144846848
rows2000-full_replay-w2-rep1,2026-10-07T03:00:38.007216+00:00,714078132062,11366927701,127.37890294362056,144846848
rows2000-full_replay-w2-rep1,2026-10-07T03:00:38.029450+00:00,714100410900,11395353400,127.59058169909939,144846848
rows2000-full_replay-w2-rep1,2026-10-07T03:00:38.051360+00:00,714122812002,11424265527,129.06564596688145,144846848
rows2000-full_replay-w2-rep1,2026-10-07T03:00:38.074353+00:00,714144665489,11452719374,130.20277725014776,144846848
rows2000-full_replay-w2-rep1,2026-10-07T03:00:38.095942+00:00,714168100263,11482750933,128.14955672284273,144846848
rows2000-full_replay-w2-rep1,2026-10-07T03:00:38.116210+00:00,714189169728,11509018336,124.6704792931382,144846848
rows2000-full_replay-w2-rep1,2026-10-07T03:00:38.136923+00:00,714209506272,11536143473,133.38125199640606,144846848
rows2000-full_replay-w2-rep1,2026-10-07T03:00:38.159542+00:00,714230146310,11562476851,127.58396084348294,144846848
rows2000-full_replay-w2-rep1,2026-10-07T03:00:38.180071+00:00,714252770071,11590225262,122.65162719850161,144846848
rows2000-full_replay-w2-rep1,2026-10-07T03:00:38.200837+00:00,714273648419,11617164474,129.0294232091543,144846848
rows2000-full_replay-w2-rep1,2026-10-07T03:00:38.222454+00:00,714294299266,11644448522,132.12072124692997,144846848
rows2000-full_replay-w2-rep1,2026-10-07T03:00:38.243677+00:00,714315800177,11671902966,127.68967789318323,144846848
rows2000-full_replay-w2-rep1,2026-10-07T03:00:38.264481+00:00,714337172555,11699237601,127.89702203470293,144846848
rows2000-full_replay-w2-rep1,2026-10-07T03:00:38.285780+00:00,714357903247,11725817511,128.21525687613322,144846848
rows2000-full_replay-w2-rep1,2026-10-07T03:00:38.306993+00:00,714379072536,11753869173,132.51112023648975,144846848
rows2000-full_replay-w2-rep1,2026-10-07T03:00:38.327758+00:00,714400331814,11781287502,128.97112027981382,144846848
rows2000-full_replay-w2-rep1,2026-10-07T03:00:38.349817+00:00,714421240048,11807373667,124.76503276173396,144846848
rows2000-full_replay-w2-rep1,2026-10-07T03:00:38.371330+00:00,714443023719,11836525596,133.82468455385688,144846848
rows2000-full_replay-w2-rep1,2026-10-07T03:00:38.393697+00:00,714465526322,11865270758,127.7414972836698,144846848
rows2000-full_replay-w2-rep1,2026-10-07T03:00:38.416739+00:00,714487324624,11892784732,126.2207212286535,144846848
rows2000-full_replay-w2-rep1,2026-10-07T03:00:38.438610+00:00,714510000270,11921175803,125.20512535783986,144846848
rows2000-full_replay-w2-rep1,2026-10-07T03:00:38.460025+00:00,714531931709,11950416784,133.32905788808478,144846848
rows2000-full_replay-w2-rep1,2026-10-07T03:00:38.483109+00:00,714553230225,11977221997,125.85483890051307,144846848
rows2000-full_replay-w2-rep1,2026-10-07T03:00:38.505052+00:00,714577577845,12007517548,124.42920909723415,144846848
rows2000-full_replay-w2-rep1,2026-10-07T03:00:38.528361+00:00,714598848550,12034678086,127.68988145903016,144846848
rows2000-full_replay-w2-rep1,2026-10-07T03:00:38.550526+00:00,714621556556,12064293709,130.41930233768653,144846848
rows2000-full_replay-w2-rep1,2026-10-07T03:00:38.571644+00:00,714643773594,12092329201,126.18915266742579,144859136
rows2000-full_replay-w2-rep1,2026-10-07T03:00:38.593184+00:00,714665914139,12119538853,122.89513198523342,144867328
rows2000-full_replay-w2-rep1,2026-10-07T03:00:38.614615+00:00,714687262602,12146653114,127.00802395001458,144867328
rows2000-full_replay-w2-rep1,2026-10-07T03:00:38.635779+00:00,714708377961,12173260917,126.01160605415234,144867328
rows2000-full_replay-w2-rep1,2026-10-07T03:00:38.656747+00:00,714729373146,12199211298,123.60158293437281,144871424
rows2000-full_replay-w2-rep1,2026-10-07T03:00:38.680243+00:00,714750319758,12226187711,128.78652165801324,144871424
rows2000-full_replay-w2-rep1,2026-10-07T03:00:38.702022+00:00,714773547353,12255004828,124.06414439376957,144871424
rows2000-full_replay-w2-rep1,2026-10-07T03:00:38.722535+00:00,714795225414,12282004282,124.54736611360214,144871424
rows2000-full_replay-w2-rep1,2026-10-07T03:00:38.743039+00:00,714816021858,12308024237,125.11732775084047,144871424
rows2000-full_replay-w2-rep1,2026-10-07T03:00:38.765228+00:00,714836666323,12335079827,131.0549340949257,144875520
rows2000-full_replay-w2-rep1,2026-10-07T03:00:38.784524+00:00,714857504135,12360630244,122.61564217970678,144838656
rows2000-recoverability_v2-w1-rep1,2026-10-07T03:00:38.792589+00:00,714865562522,12368689598,0.0,144846848
rows2000-recoverability_v2-w1-rep1,2026-10-07T03:00:38.813780+00:00,714886256443,12389133106,98.78991999631197,144871424
rows2000-recoverability_v2-w1-rep1,2026-10-07T03:00:38.834997+00:00,714907011241,12411661494,108.54544573259639,144904192
rows2000-recoverability_v2-w1-rep1,2026-10-07T03:00:38.856102+00:00,714928205980,12433040272,100.86832397417113,144916480
rows2000-recoverability_v2-w1-rep1,2026-10-07T03:00:38.877506+00:00,714949351696,12454701925,102.43991265181089,144936960
rows2000-recoverability_v2-w1-rep1,2026-10-07T03:00:38.899055+00:00,714971399296,12478649845,108.61916943340772,144953344
rows2000-recoverability_v2-w1-rep1,2026-10-07T03:00:38.913598+00:00,714986556877,12493930430,100.81150151861303,144953344
rows2000-recoverability_v2-w4-rep2,2026-10-07T03:00:38.921483+00:00,714994498959,12501873710,0.0,144953344
rows2000-recoverability_v2-w4-rep2,2026-10-07T03:00:38.942222+00:00,715014859991,12524773987,112.47110166125175,144998400
rows2000-recoverability_v2-w4-rep2,2026-10-07T03:00:38.966104+00:00,715038095810,12550791518,111.97165462512855,144998400
rows2000-recoverability_v2-w4-rep2,2026-10-07T03:00:38.986981+00:00,715059475776,12576370749,119.64112103826545,145002496
rows2000-recoverability_v2-w4-rep2,2026-10-07T03:00:39.007499+00:00,715080282001,12599390385,110.63821524567767,145006592
rows2000-recoverability_v2-w4-rep2,2026-10-07T03:00:39.029722+00:00,715102551401,12624246938,111.61752449549606,145018880
rows2000-recoverability_v2-w4-rep2,2026-10-07T03:00:39.050235+00:00,715123006298,12646631259,109.43257744099127,145022976
rows2000-recoverability_v2-w4-rep2,2026-10-07T03:00:39.071103+00:00,715143399576,12669839572,113.80373964401407,145035264
rows2000-recoverability_v2-w4-rep2,2026-10-07T03:00:39.093115+00:00,715165367192,12694420098,111.89437215217163,145063936
rows2000-recoverability_v2-w4-rep2,2026-10-07T03:00:39.114670+00:00,715186297470,12717099909,108.35886174087129,145063936
rows2000-recoverability_v2-w4-rep2,2026-10-07T03:00:39.135278+00:00,715207882715,12741527646,113.16868073538197,145092608
rows2000-recoverability_v2-w4-rep2,2026-10-07T03:00:39.148890+00:00,715221797805,12756770255,109.54013951760284,145059840
rows2000-recoverability_v2-w1-rep2,2026-10-07T03:00:39.157052+00:00,715230065652,12765038999,0.0,145059840
rows2000-recoverability_v2-w1-rep2,2026-10-07T03:00:39.178039+00:00,715250740605,12787122730,106.81393568343299,145104896
rows2000-recoverability_v2-w1-rep2,2026-10-07T03:00:39.199092+00:00,715271353785,12808182116,102.16466357932158,145129472
rows2000-recoverability_v2-w1-rep2,2026-10-07T03:00:39.223308+00:00,715292705258,12830847793,106.1550975897541,145145856
rows2000-recoverability_v2-w1-rep2,2026-10-07T03:00:39.243796+00:00,715316495528,12854488663,99.3720121713625,145149952
rows2000-recoverability_v2-w1-rep2,2026-10-07T03:00:39.265187+00:00,715336997561,12875275726,101.3902523715575,145158144
rows2000-recoverability_v2-w1-rep2,2026-10-07T03:00:39.268934+00:00,715341910389,12880196078,100.1531500797504,145149952
rows2000-full_replay-w4-rep0,2026-10-07T03:00:39.333456+00:00,715406446901,12943247657,0.0,145149952
rows2000-full_replay-w4-rep0,2026-10-07T03:00:39.356133+00:00,715427300209,12971216350,134.1211332034227,147271680
rows2000-full_replay-w4-rep0,2026-10-07T03:00:39.378941+00:00,715451123173,13001660375,127.7927675162503,147312640
rows2000-full_replay-w4-rep0,2026-10-07T03:00:39.399887+00:00,715472386924,13029584041,131.3205087851151,147320832
rows2000-full_replay-w4-rep0,2026-10-07T03:00:39.421307+00:00,715493131286,13056883147,131.59771315213263,147320832
rows2000-full_replay-w4-rep0,2026-10-07T03:00:39.444933+00:00,715514591852,13084871715,130.41859194207646,147320832
rows2000-full_replay-w4-rep0,2026-10-07T03:00:39.465623+00:00,715538274957,13112706231,117.52899799245074,147324928
rows2000-full_replay-w4-rep0,2026-10-07T03:00:39.487397+00:00,715559463318,13141014026,133.60068294097877,147324928
rows2000-full_replay-w4-rep0,2026-10-07T03:00:39.508539+00:00,715580560459,13168712524,131.29029189310532,147324928
rows2000-full_replay-w4-rep0,2026-10-07T03:00:39.530582+00:00,715602813037,13194007309,113.67125642700815,147324928
rows2000-full_replay-w4-rep0,2026-10-07T03:00:39.554641+00:00,715624191442,13218127786,112.82636380029287,147324928
rows2000-full_replay-w4-rep0,2026-10-07T03:00:39.581727+00:00,715650278331,13242552492,93.62828200786993,147324928
rows2000-full_replay-w4-rep0,2026-10-07T03:00:39.606270+00:00,715676778612,13256964822,54.385574251080584,147324928
rows2000-full_replay-w4-rep0,2026-10-07T03:00:39.627394+00:00,715699575987,13278139982,92.88420267684327,147324928
rows2000-full_replay-w4-rep0,2026-10-07T03:00:39.649717+00:00,715721165235,13302676561,113.6518465117451,147324928
rows2000-full_replay-w4-rep0,2026-10-07T03:00:39.671808+00:00,715743150994,13331487092,131.0417848208015,147329024
rows2000-full_replay-w4-rep0,2026-10-07T03:00:39.693303+00:00,715765441797,13357332884,115.94823210271967,147329024
rows2000-full_replay-w4-rep0,2026-10-07T03:00:39.714152+00:00,715786624419,13384743541,129.40162459585974,147333120
rows2000-full_replay-w4-rep0,2026-10-07T03:00:39.735536+00:00,715807578780,13412164109,130.8585262991317,147333120
rows2000-full_replay-w4-rep0,2026-10-07T03:00:39.756880+00:00,715828733167,13437462246,119.58813554843258,147341312
rows2000-full_replay-w4-rep0,2026-10-07T03:00:39.778147+00:00,715850052564,13467080014,138.92404180099464,147341312
rows2000-full_replay-w4-rep0,2026-10-07T03:00:39.806829+00:00,715872314456,13495206976,126.34578408699494,147345408
rows2000-full_replay-w4-rep0,2026-10-07T03:00:39.827688+00:00,715900193493,13528717815,120.20084840089706,147349504
rows2000-full_replay-w4-rep0,2026-10-07T03:00:39.848773+00:00,715921150837,13555379388,127.21828204948108,147349504
rows2000-full_replay-w4-rep0,2026-10-07T03:00:39.869759+00:00,715941969180,13582235159,129.00052131910786,147349504
rows2000-full_replay-w4-rep0,2026-10-07T03:00:39.890757+00:00,715963222992,13610314642,132.1150436448765,147349504
rows2000-full_replay-w4-rep0,2026-10-07T03:00:39.911324+00:00,715984020911,13636921741,127.93154449731244,147349504
rows2000-full_replay-w4-rep0,2026-10-07T03:00:39.932749+00:00,716004914749,13664761961,133.24607953790013,147353600
rows2000-full_replay-w4-rep0,2026-10-07T03:00:39.953790+00:00,716026181256,13692714610,131.43977522966043,147353600
rows2000-full_replay-w4-rep0,2026-10-07T03:00:39.974728+00:00,716047270928,13720074736,129.73234481788052,147357696
rows2000-full_replay-w4-rep0,2026-10-07T03:00:39.995937+00:00,716068647776,13750243654,141.12893537906055,147357696
rows2000-full_replay-w4-rep0,2026-10-07T03:00:40.017191+00:00,716089111766,13777061627,131.0495802626956,147357696
rows2000-full_replay-w4-rep0,2026-10-07T03:00:40.039421+00:00,716111122274,13804625569,125.23083065597578,147390464
rows2000-full_replay-w4-rep0,2026-10-07T03:00:40.061610+00:00,716132692277,13832318005,128.38401552378087,147390464
rows2000-full_replay-w4-rep0,2026-10-07T03:00:40.082978+00:00,716155023371,13859648460,122.38744326632631,147394560
rows2000-full_replay-w4-rep0,2026-10-07T03:00:40.104788+00:00,716176165332,13888375415,135.87649225159387,147398656
rows2000-full_replay-w4-rep0,2026-10-07T03:00:40.125952+00:00,716198105610,13917528360,132.87409120340226,147398656
rows2000-full_replay-w4-rep0,2026-10-07T03:00:40.148374+00:00,716220225294,13946520777,131.07066538563572,147398656
rows2000-full_replay-w4-rep0,2026-10-07T03:00:40.171478+00:00,716242571564,13974894387,126.97246565086701,147398656
rows2000-full_replay-w4-rep0,2026-10-07T03:00:40.192741+00:00,716264725218,14004854324,135.2369997292546,147415040
rows2000-full_replay-w4-rep0,2026-10-07T03:00:40.215357+00:00,716286210371,14032703712,129.62154842462607,147419136
rows2000-full_replay-w4-rep0,2026-10-07T03:00:40.236773+00:00,716308858739,14061720351,128.11801274158032,147423232
rows2000-full_replay-w4-rep0,2026-10-07T03:00:40.257529+00:00,716329945425,14089849237,133.39642843830464,147423232
rows2000-full_replay-w4-rep0,2026-10-07T03:00:40.279539+00:00,716351359244,14118843759,135.4009856905954,147423232
rows2000-full_replay-w4-rep0,2026-10-07T03:00:40.300542+00:00,716372797900,14146822243,130.50484134826362,147427328
rows2000-full_replay-w4-rep0,2026-10-07T03:00:40.322625+00:00,716394111125,14173676127,125.99634264640851,147427328
rows2000-full_replay-w4-rep0,2026-10-07T03:00:40.343575+00:00,716416148804,14200835074,123.23869042651906,147431424
rows2000-full_replay-w4-rep0,2026-10-07T03:00:40.364947+00:00,716437015864,14228693364,133.50366558585637,147431424
rows2000-full_replay-w4-rep0,2026-10-07T03:00:40.386728+00:00,716458697895,14256387415,127.72812196422005,147439616
rows2000-full_replay-w4-rep0,2026-10-07T03:00:40.407822+00:00,716480089848,14285909497,138.00554816103045,147439616
rows2000-full_replay-w4-rep0,2026-10-07T03:00:40.429394+00:00,716501300659,14313110202,128.23981600703527,147439616
rows2000-full_replay-w4-rep0,2026-10-07T03:00:40.452266+00:00,716523549909,14342747731,133.20686764722407,147443712
rows2000-full_replay-w4-rep0,2026-10-07T03:00:40.475478+00:00,716546171489,14371921232,128.96314492621647,147443712
rows2000-full_replay-w4-rep0,2026-10-07T03:00:40.500433+00:00,716568668900,14400522439,127.1311041079349,147447808
rows2000-full_replay-w4-rep0,2026-10-07T03:00:40.522546+00:00,716593594801,14430822500,121.56054459174815,147451904
rows2000-full_replay-w4-rep0,2026-10-07T03:00:40.547952+00:00,716619264753,14462419308,123.08869140074746,147451904
rows2000-full_replay-w4-rep0,2026-10-07T03:00:40.569445+00:00,716641218121,14488203884,117.45157280650514,147451904
rows2000-full_replay-w4-rep0,2026-10-07T03:00:40.591969+00:00,716664339168,14519488580,135.30830156610122,147464192
rows2000-full_replay-w4-rep0,2026-10-07T03:00:40.614447+00:00,716685652945,14547498829,131.41851394992074,147476480
rows2000-full_replay-w4-rep0,2026-10-07T03:00:40.637467+00:00,716708155137,14576192360,127.51438171001296,147476480
rows2000-full_replay-w4-rep0,2026-10-07T03:00:40.660253+00:00,716731512429,14607243054,132.93790221914423,147480576
rows2000-full_replay-w4-rep0,2026-10-07T03:00:40.681890+00:00,716753902915,14636415193,130.28810093715697,147484672
rows2000-full_replay-w4-rep0,2026-10-07T03:00:40.704237+00:00,716775303295,14664483585,131.15838129977132,147484672
rows2000-full_replay-w4-rep0,2026-10-07T03:00:40.725463+00:00,716797659437,14692663913,126.05183846121571,147488768
rows2000-full_replay-w4-rep0,2026-10-07T03:00:40.746814+00:00,716818801410,14720510249,131.71115108320308,147496960
rows2000-full_replay-w4-rep0,2026-10-07T03:00:40.768373+00:00,716840561673,14750437964,137.53379267520802,147513344
rows2000-full_replay-w4-rep0,2026-10-07T03:00:40.789502+00:00,716861841072,14777418896,126.79367495294393,147525632
rows2000-full_replay-w4-rep0,2026-10-07T03:00:40.810817+00:00,716882891834,14802436147,118.84249605786242,147533824
rows2000-full_replay-w4-rep0,2026-10-07T03:00:40.832129+00:00,716904548156,14830558719,129.85848658881227,147533824
rows2000-full_replay-w4-rep0,2026-10-07T03:00:40.853087+00:00,716925364033,14858219404,132.88263088795154,147542016
rows2000-full_replay-w4-rep0,2026-10-07T03:00:40.874263+00:00,716946449449,14884116909,122.82188314425478,147546112
rows2000-full_replay-w4-rep0,2026-10-07T03:00:40.876677+00:00,716949641922,14887017902,90.86977399652244,147435520
rows2000-recoverability_v2-w2-rep0,2026-10-07T03:00:40.885284+00:00,716958300404,14895598384,0.0,147439616
rows2000-recoverability_v2-w2-rep0,2026-10-07T03:00:40.908330+00:00,716978600156,14918140233,111.04494774123349,147472384
rows2000-recoverability_v2-w2-rep0,2026-10-07T03:00:40.931981+00:00,717003694898,14946448873,112.80705735089845,147488768
rows2000-recoverability_v2-w2-rep0,2026-10-07T03:00:40.952720+00:00,717025256945,14971739286,117.29133602203909,147501056
rows2000-recoverability_v2-w2-rep0,2026-10-07T03:00:40.973735+00:00,717046335606,14995430170,112.39273690107736,147513344
rows2000-recoverability_v2-w2-rep0,2026-10-07T03:00:40.994250+00:00,717067057963,15017028989,104.22954782605086,147521536
rows2000-recoverability_v2-w2-rep0,2026-10-07T03:00:41.014879+00:00,717087649226,15039853926,110.84767845469217,147537920
rows2000-recoverability_v2-w2-rep0,2026-10-07T03:00:41.036257+00:00,717109107073,15064804828,116.27868350445411,147558400
rows2000-recoverability_v2-w2-rep0,2026-10-07T03:00:41.057383+00:00,717130059858,15087601093,108.79825760632775,147570688
rows2000-recoverability_v2-w2-rep0,2026-10-07T03:00:41.078068+00:00,717150665243,15110628997,111.7567276709462,147570688
rows2000-recoverability_v2-w2-rep0,2026-10-07T03:00:41.080999+00:00,717153982184,15114293707,110.48463026626038,147558400
rows2000-full_replay-w1-rep1,2026-10-07T03:00:41.127786+00:00,717200781050,15161091560,0.0,147558400
rows2000-full_replay-w1-rep1,2026-10-07T03:00:41.148537+00:00,717221477600,15180490035,93.72806095701941,147582976
rows2000-full_replay-w1-rep1,2026-10-07T03:00:41.168790+00:00,717241745806,15203650652,114.27068088808649,147582976
rows2000-full_replay-w1-rep1,2026-10-07T03:00:41.189159+00:00,717262018546,15222106288,91.0367123536335,147582976
rows2000-full_replay-w1-rep1,2026-10-07T03:00:41.210254+00:00,717283058890,15245347170,110.45865980137967,147591168
rows2000-full_replay-w1-rep1,2026-10-07T03:00:41.230463+00:00,717303426713,15264460827,93.84241506811995,147591168
rows2000-full_replay-w1-rep1,2026-10-07T03:00:41.250861+00:00,717323747630,15283626949,94.31721019282742,147591168
rows2000-full_replay-w1-rep1,2026-10-07T03:00:41.271108+00:00,717344076866,15307803997,118.9274796160564,147591168
rows2000-full_replay-w1-rep1,2026-10-07T03:00:41.291716+00:00,717364281848,15328577098,102.81177681821246,147595264
rows2000-full_replay-w1-rep1,2026-10-07T03:00:41.312053+00:00,717384880798,15349092931,99.59649885066958,147595264
rows2000-full_replay-w1-rep1,2026-10-07T03:00:41.332255+00:00,717405238000,15369192174,98.73283666389909,147595264
rows2000-full_replay-w1-rep1,2026-10-07T03:00:41.352804+00:00,717425485415,15390696553,106.20802211047682,147595264
rows2000-full_replay-w1-rep1,2026-10-07T03:00:41.373252+00:00,717446213765,15410491880,95.49880718918776,147599360
rows2000-full_replay-w1-rep1,2026-10-07T03:00:41.393769+00:00,717466703479,15433248560,111.06392212209502,147599360
rows2000-full_replay-w1-rep1,2026-10-07T03:00:41.414223+00:00,717487079043,15450671720,85.51007471498703,147603456
rows2000-full_replay-w1-rep1,2026-10-07T03:00:41.434496+00:00,717507386147,15473978660,114.77234764740457,147603456
rows2000-full_replay-w1-rep1,2026-10-07T03:00:41.454905+00:00,717527772176,15491860028,87.7138357843011,147603456
rows2000-full_replay-w1-rep1,2026-10-07T03:00:41.475079+00:00,717548064710,15516047314,119.19302931807334,147607552
rows2000-full_replay-w1-rep1,2026-10-07T03:00:41.495899+00:00,717568750950,15538222355,107.19705949462058,147607552
rows2000-full_replay-w1-rep1,2026-10-07T03:00:41.516632+00:00,717589554976,15557577152,93.03390122661835,147607552
rows2000-full_replay-w1-rep1,2026-10-07T03:00:41.536833+00:00,717609809862,15577809653,99.88948345599181,147607552
rows2000-full_replay-w1-rep1,2026-10-07T03:00:41.557078+00:00,717630033711,15599820274,108.83497498423768,147611648
rows2000-full_replay-w1-rep1,2026-10-07T03:00:41.577372+00:00,717650244741,15619315632,96.45900283162214,147611648
rows2000-full_replay-w1-rep1,2026-10-07T03:00:41.597574+00:00,717670525663,15639475772,99.40445508345232,147611648
rows2000-full_replay-w1-rep1,2026-10-07T03:00:41.617925+00:00,717690739795,15662279491,112.81077515472839,147615744
rows2000-full_replay-w1-rep1,2026-10-07T03:00:41.638326+00:00,717711101486,15683731262,105.35358286303432,147615744
rows2000-full_replay-w1-rep1,2026-10-07T03:00:41.659457+00:00,717731863404,15704625265,100.63618881454016,147619840
rows2000-full_replay-w1-rep1,2026-10-07T03:00:41.681636+00:00,717752732054,15725611650,100.56417161627608,147623936
rows2000-full_replay-w1-rep1,2026-10-07T03:00:41.701847+00:00,717774823515,15747948408,101.1103702014095,147628032
rows2000-full_replay-w1-rep1,2026-10-07T03:00:41.722085+00:00,717795053362,15764464554,81.64246620352591,147628032
rows2000-full_replay-w1-rep1,2026-10-07T03:00:41.742646+00:00,717815556976,15781877625,84.92683777601354,147628032
rows2000-full_replay-w1-rep1,2026-10-07T03:00:41.762806+00:00,717835797210,15798429550,81.7773401236369,147632128
rows2000-full_replay-w1-rep1,2026-10-07T03:00:41.784037+00:00,717856060716,15822546738,119.0178441973467,147636224
rows2000-full_replay-w1-rep1,2026-10-07T03:00:41.804217+00:00,717877199553,15843775644,100.42608304326298,147640320
rows2000-full_replay-w1-rep1,2026-10-07T03:00:41.824403+00:00,717897381887,15863774810,99.09243400688939,147644416
rows2000-full_replay-w1-rep1,2026-10-07T03:00:41.844591+00:00,717917560453,15883958829,100.02702372408426,147648512
rows2000-full_replay-w1-rep1,2026-10-07T03:00:41.866080+00:00,717938268501,15907375758,113.08129573584145,147656704
rows2000-full_replay-w1-rep1,2026-10-07T03:00:41.886291+00:00,717959256745,15925451180,86.12164981501073,147660800
rows2000-full_replay-w1-rep1,2026-10-07T03:00:41.906596+00:00,717979509332,15948852237,115.54601394873653,147668992
rows2000-full_replay-w1-rep1,2026-10-07T03:00:41.927050+00:00,717999837180,15970393103,105.96727208900815,147668992
rows2000-full_replay-w1-rep1,2026-10-07T03:00:41.947316+00:00,718020290857,15990678176,99.17567877893056,147677184
rows2000-full_replay-w1-rep1,2026-10-07T03:00:41.967629+00:00,718040547203,16010866815,99.66574919287022,147685376
rows2000-full_replay-w1-rep1,2026-10-07T03:00:41.987819+00:00,718060805977,16031877768,103.71285547684178,147693568
rows2000-full_replay-w1-rep1,2026-10-07T03:00:42.008237+00:00,718081181098,16053186507,104.58214702136002,147693568
rows2000-full_replay-w1-rep1,2026-10-07T03:00:42.028694+00:00,718101661004,16072176153,92.72330644486357,147693568
rows2000-full_replay-w1-rep1,2026-10-07T03:00:42.050090+00:00,718122951736,16092301130,94.52458938471443,147701760
rows2000-full_replay-w1-rep1,2026-10-07T03:00:42.070342+00:00,718143305681,16113330740,103.31957760522592,147705856
rows2000-full_replay-w1-rep1,2026-10-07T03:00:42.072753+00:00,718145730408,16118881151,228.90869776267596,147685376
rows2000-target_snapshots-w1-rep2,2026-10-07T03:00:42.081015+00:00,718154031932,16127183848,0.0,147693568
rows2000-target_snapshots-w1-rep2,2026-10-07T03:00:42.102104+00:00,718174972217,16148317973,100.92567985583769,147734528
rows2000-target_snapshots-w1-rep2,2026-10-07T03:00:42.122414+00:00,718195291044,16169978862,106.60501711048576,147746816
rows2000-target_snapshots-w1-rep2,2026-10-07T03:00:42.142722+00:00,718215691322,16190593515,101.05084352281865,147759104
rows2000-target_snapshots-w1-rep2,2026-10-07T03:00:42.163529+00:00,718236063940,16211302595,101.65154031749871,147775488
rows2000-target_snapshots-w1-rep2,2026-10-07T03:00:42.184193+00:00,718256842626,16233348243,106.097411549508,147783680
rows2000-target_snapshots-w1-rep2,2026-10-07T03:00:42.193083+00:00,718266064900,16242658788,100.95715004780817,147779584
rows2000-target_snapshots-w2-rep1,2026-10-07T03:00:42.202200+00:00,718275212956,16251808117,0.0,147783680
rows2000-target_snapshots-w2-rep1,2026-10-07T03:00:42.223236+00:00,718295690579,16274352742,110.09395475246322,147808256
rows2000-target_snapshots-w2-rep1,2026-10-07T03:00:42.244504+00:00,718316457850,16297272410,110.3643709373273,147816448
rows2000-target_snapshots-w2-rep1,2026-10-07T03:00:42.265505+00:00,718337679418,16322251866,117.70787153899278,147820544
rows2000-target_snapshots-w2-rep1,2026-10-07T03:00:42.285908+00:00,718358739168,16345875760,112.17556713636202,147828736
rows2000-target_snapshots-w2-rep1,2026-10-07T03:00:42.306662+00:00,718379294896,16367940305,107.340129233078,147832832
rows2000-target_snapshots-w2-rep1,2026-10-07T03:00:42.327801+00:00,718399924992,16391504568,114.2227501025686,147841024
rows2000-target_snapshots-w2-rep1,2026-10-07T03:00:42.348673+00:00,718421102342,16415377104,112.72673870904528,147849216
rows2000-target_snapshots-w2-rep1,2026-10-07T03:00:42.369247+00:00,718441853487,16440164352,119.45002552871179,147853312
rows2000-target_snapshots-w2-rep1,2026-10-07T03:00:42.389785+00:00,718462450548,16463260138,112.1314638044719,147861504
rows2000-target_snapshots-w2-rep1,2026-10-07T03:00:42.395170+00:00,718468161560,16469425612,107.95764393420991,147853312
rows2000-target_snapshots-w4-rep2,2026-10-07T03:00:42.403470+00:00,718476486694,16477751726,0.0,147853312
rows2000-target_snapshots-w4-rep2,2026-10-07T03:00:42.424196+00:00,718496814657,16500505387,111.93281392729807,147910656
rows2000-target_snapshots-w4-rep2,2026-10-07T03:00:42.447647+00:00,718517357959,16524106115,114.88283626458882,147922944
rows2000-target_snapshots-w4-rep2,2026-10-07T03:00:42.467953+00:00,718540894928,16550569370,112.43272232716116,147927040
rows2000-target_snapshots-w4-rep2,2026-10-07T03:00:42.488404+00:00,718561204555,16575096872,120.76786048310981,147939328
rows2000-target_snapshots-w4-rep2,2026-10-07T03:00:42.509777+00:00,718581636991,16598903720,116.51497648151204,147943424
rows2000-target_snapshots-w4-rep2,2026-10-07T03:00:42.530410+00:00,718602958840,16623022802,113.11909206373237,147955712
rows2000-target_snapshots-w4-rep2,2026-10-07T03:00:42.551098+00:00,718623696326,16646900293,115.14168593049321,147959808
rows2000-target_snapshots-w4-rep2,2026-10-07T03:00:42.572579+00:00,718644795847,16670347388,111.12619570842391,147963904
rows2000-target_snapshots-w4-rep2,2026-10-07T03:00:42.593169+00:00,718665948544,16693464783,109.28816783977949,147968000
rows2000-target_snapshots-w4-rep2,2026-10-07T03:00:42.613790+00:00,718686334453,16717938973,120.05444545053155,147972096
rows2000-target_snapshots-w4-rep2,2026-10-07T03:00:42.634139+00:00,718707000742,16740963051,111.40886493941898,147980288
rows2000-target_snapshots-w4-rep2,2026-10-07T03:00:42.654502+00:00,718727326688,16763463692,110.69910842034118,147980288
rows2000-target_snapshots-w4-rep2,2026-10-07T03:00:42.654820+00:00,718727781608,16763686644,49.00905653741317,147943424
rows2000-recoverability_v2-w2-rep2,2026-10-07T03:00:42.662577+00:00,718735567224,16771473084,0.0,147943424
rows2000-recoverability_v2-w2-rep2,2026-10-07T03:00:42.683662+00:00,718755982805,16794600293,113.28214955038507,147972096
rows2000-recoverability_v2-w2-rep2,2026-10-07T03:00:42.704386+00:00,718777149499,16818152476,111.27001221825194,148000768
rows2000-recoverability_v2-w2-rep2,2026-10-07T03:00:42.724915+00:00,718797561651,16842521573,119.38524169328153,148017152
rows2000-recoverability_v2-w2-rep2,2026-10-07T03:00:42.745787+00:00,718818179511,16865952427,113.64348191325385,148021248
rows2000-recoverability_v2-w2-rep2,2026-10-07T03:00:42.766268+00:00,718838962798,16889508084,113.33942027553196,148037632
rows2000-recoverability_v2-w2-rep2,2026-10-07T03:00:42.787770+00:00,718859525976,16912074606,109.74238515077776,148058112
rows2000-recoverability_v2-w2-rep2,2026-10-07T03:00:42.809643+00:00,718881094287,16937827158,119.39994745068356,148074496
rows2000-recoverability_v2-w2-rep2,2026-10-07T03:00:42.830434+00:00,718903234818,16962804126,112.81106130652422,148082688
rows2000-recoverability_v2-w2-rep2,2026-10-07T03:00:42.851196+00:00,718923786143,16985680374,111.3127645054516,148103168
rows2000-recoverability_v2-w2-rep2,2026-10-07T03:00:42.859643+00:00,718932597282,16995422294,110.56368535327839,148094976
rows2000-target_snapshots-w2-rep2,2026-10-07T03:00:42.867209+00:00,718940225528,17003051562,0.0,148094976
rows2000-target_snapshots-w2-rep2,2026-10-07T03:00:42.888021+00:00,718960796002,17025183883,107.59266412626175,148111360
rows2000-target_snapshots-w2-rep2,2026-10-07T03:00:42.910004+00:00,718982863867,17049384607,109.66499931008278,148115456
rows2000-target_snapshots-w2-rep2,2026-10-07T03:00:42.930483+00:00,719003284269,17072994581,115.61953579562244,148115456
rows2000-target_snapshots-w2-rep2,2026-10-07T03:00:42.951794+00:00,719024166356,17096294246,111.57728152363315,148119552
rows2000-target_snapshots-w2-rep2,2026-10-07T03:00:42.976693+00:00,719049341211,17122344054,103.47550363249361,148127744
rows2000-target_snapshots-w2-rep2,2026-10-07T03:00:43.000369+00:00,719070014227,17145471809,111.87412131834078,148131840
rows2000-target_snapshots-w2-rep2,2026-10-07T03:00:43.025787+00:00,719093699783,17164450914,80.12944682404753,148148224
rows2000-target_snapshots-w2-rep2,2026-10-07T03:00:43.048738+00:00,719121048101,17194994070,111.6820273919588,148152320
rows2000-target_snapshots-w2-rep2,2026-10-07T03:00:43.070022+00:00,719142716892,17217296861,102.92586697615017,148160512
rows2000-target_snapshots-w2-rep2,2026-10-07T03:00:43.090820+00:00,719163385301,17238847770,104.26980131852433,148168704
rows2000-target_snapshots-w2-rep2,2026-10-07T03:00:43.111522+00:00,719184075056,17263317133,118.26801719015039,148180992
rows2000-target_snapshots-w2-rep2,2026-10-07T03:00:43.120051+00:00,719192967649,17272730646,105.85790893612246,148176896
rows2000-full_replay-w1-rep2,2026-10-07T03:00:43.167058+00:00,719239980113,17319725458,0.0,148176896
rows2000-full_replay-w1-rep2,2026-10-07T03:00:43.187631+00:00,719260450934,17339836718,98.2435438226928,148205568
rows2000-full_replay-w1-rep2,2026-10-07T03:00:43.208686+00:00,719281013427,17362148316,108.50628861004354,148205568
rows2000-full_replay-w1-rep2,2026-10-07T03:00:43.228980+00:00,719301846852,17381830284,94.47303071866484,148205568
rows2000-full_replay-w1-rep2,2026-10-07T03:00:43.249181+00:00,719322173957,17401428088,96.41217477845468,148209664
rows2000-full_replay-w1-rep2,2026-10-07T03:00:43.269449+00:00,719342347305,17422724148,105.56532311840355,148209664
rows2000-full_replay-w1-rep2,2026-10-07T03:00:43.289889+00:00,719362759289,17442708294,97.90398620731821,148209664
rows2000-full_replay-w1-rep2,2026-10-07T03:00:43.310669+00:00,719383141626,17465923515,113.89872024979275,148209664
rows2000-full_replay-w1-rep2,2026-10-07T03:00:43.330930+00:00,719403846934,17487304481,103.26321153976555,148213760
rows2000-full_replay-w1-rep2,2026-10-07T03:00:43.351496+00:00,719424283071,17508036030,101.44553738311697,148213760
rows2000-full_replay-w1-rep2,2026-10-07T03:00:43.371978+00:00,719444717720,17528107373,98.22210795008027,148213760
rows2000-full_replay-w1-rep2,2026-10-07T03:00:43.392965+00:00,719465595313,17549795851,103.88399658907039,148213760
rows2000-full_replay-w1-rep2,2026-10-07T03:00:43.413162+00:00,719486126568,17569486483,95.90564239740824,148217856
rows2000-full_replay-w1-rep2,2026-10-07T03:00:43.433526+00:00,719506425711,17589599864,99.08487762266614,148226048
rows2000-full_replay-w1-rep2,2026-10-07T03:00:43.455039+00:00,719527647384,17613287959,111.62218454690165,148230144
rows2000-full_replay-w1-rep2,2026-10-07T03:00:43.475478+00:00,719548213273,17634968862,105.42166691651404,148230144
rows2000-full_replay-w1-rep2,2026-10-07T03:00:43.496029+00:00,719568991148,17656007534,101.2551668541658,148234240
rows2000-full_replay-w1-rep2,2026-10-07T03:00:43.516409+00:00,719589338588,17676421359,100.32625725889842,148238336
rows2000-full_replay-w1-rep2,2026-10-07T03:00:43.536718+00:00,719609645776,17697891978,105.72915856198308,148242432
rows2000-full_replay-w1-rep2,2026-10-07T03:00:43.557072+00:00,719630028982,17718407244,100.64788630404854,148246528
rows2000-full_replay-w1-rep2,2026-10-07T03:00:43.577243+00:00,719650238052,17737121075,92.60114889007757,148250624
rows2000-full_replay-w1-rep2,2026-10-07T03:00:43.597427+00:00,719670399636,17758909011,108.06658841884645,148250624
rows2000-full_replay-w1-rep2,2026-10-07T03:00:43.617769+00:00,719690724910,17777718707,92.54338219499526,148262912
rows2000-full_replay-w1-rep2,2026-10-07T03:00:43.638099+00:00,719710952448,17797881907,99.68192866576248,148275200
rows2000-full_replay-w1-rep2,2026-10-07T03:00:43.660378+00:00,719731458066,17821468707,115.02603823010845,148279296
rows2000-full_replay-w1-rep2,2026-10-07T03:00:43.680868+00:00,719753740991,17847061359,114.8531981326509,148283392
rows2000-full_replay-w1-rep2,2026-10-07T03:00:43.701485+00:00,719774337917,17869159578,107.28891777345804,148291584
rows2000-full_replay-w1-rep2,2026-10-07T03:00:43.722164+00:00,719795023738,17889935728,100.43667108982525,148299776
rows2000-full_replay-w1-rep2,2026-10-07T03:00:43.743532+00:00,719815485179,17911699111,106.36290474361019,148307968
rows2000-full_replay-w1-rep2,2026-10-07T03:00:43.763731+00:00,719836719991,17932441762,97.68229170100493,148307968
rows2000-full_replay-w1-rep2,2026-10-07T03:00:43.784247+00:00,719857217938,17953617114,103.30474559232688,148312064
rows2000-full_replay-w1-rep2,2026-10-07T03:00:43.805230+00:00,719877593435,17974056804,100.31504998381143,148316160
rows2000-full_replay-w1-rep2,2026-10-07T03:00:43.825745+00:00,719898409029,17993731997,94.52141024656802,148328448
rows2000-full_replay-w1-rep2,2026-10-07T03:00:43.846130+00:00,719918976859,18013858353,97.85357035720345,148332544
rows2000-full_replay-w1-rep2,2026-10-07T03:00:43.866526+00:00,719939305994,18034052602,99.3364892308502,148336640
rows2000-full_replay-w1-rep2,2026-10-07T03:00:43.888002+00:00,719960762747,18060024608,121.04350551082915,148340736
rows2000-full_replay-w1-rep2,2026-10-07T03:00:43.908174+00:00,719981150765,18080463507,100.24956324837461,148353024
rows2000-full_replay-w1-rep2,2026-10-07T03:00:43.928451+00:00,720001328660,18099450686,94.09890873155996,148361216
rows2000-full_replay-w1-rep2,2026-10-07T03:00:43.949367+00:00,720022146436,18122646917,111.42511572802013,148361216
rows2000-full_replay-w1-rep2,2026-10-07T03:00:43.969743+00:00,720042531084,18140595030,88.04720591692336,148365312
rows2000-full_replay-w1-rep2,2026-10-07T03:00:43.990135+00:00,720062922985,18160698793,98.58699784782203,148377600
rows2000-full_replay-w1-rep2,2026-10-07T03:00:44.010377+00:00,720083318316,18185294057,120.59261994816363,148393984
rows2000-full_replay-w1-rep2,2026-10-07T03:00:44.031169+00:00,720103792895,18205838213,100.33982139510658,148398080
rows2000-full_replay-w1-rep2,2026-10-07T03:00:44.051354+00:00,720124330606,18226479369,100.50368320013851,148406272
rows2000-full_replay-w1-rep2,2026-10-07T03:00:44.072217+00:00,720145023465,18247247095,100.36180114115696,148418560
rows2000-full_replay-w1-rep2,2026-10-07T03:00:44.092619+00:00,720165561054,18267396268,98.10875560904447,148434944
rows2000-full_replay-w1-rep2,2026-10-07T03:00:44.094131+00:00,720167112458,18270361072,191.10457366359762,148414464
rows2000-target_snapshots-w4-rep0,2026-10-07T03:00:44.102704+00:00,720175720662,18278970442,0.0,148426752
rows2000-target_snapshots-w4-rep0,2026-10-07T03:00:44.124224+00:00,720196779630,18302508852,111.77380581992432,148492288
rows2000-target_snapshots-w4-rep0,2026-10-07T03:00:44.145185+00:00,720217547470,18325919133,112.72371609180348,148500480
rows2000-target_snapshots-w4-rep0,2026-10-07T03:00:44.165749+00:00,720238675666,18349980566,113.8830451970438,148504576
rows2000-target_snapshots-w4-rep0,2026-10-07T03:00:44.186733+00:00,720259044659,18373633173,116.12064965607284,148512768
rows2000-target_snapshots-w4-rep0,2026-10-07T03:00:44.207504+00:00,720279899291,18397021701,112.15027913223307,148520960
rows2000-target_snapshots-w4-rep0,2026-10-07T03:00:44.228231+00:00,720300698022,18420283366,111.84175130684656,148525056
rows2000-target_snapshots-w4-rep0,2026-10-07T03:00:44.248930+00:00,720321391164,18443208587,110.78656397370685,148533248
rows2000-target_snapshots-w4-rep0,2026-10-07T03:00:44.270058+00:00,720342130835,18466527985,112.43861100786025,148541440
rows2000-target_snapshots-w4-rep0,2026-10-07T03:00:44.291075+00:00,720363312322,18491441590,117.61971668939013,148549632
rows2000-target_snapshots-w4-rep0,2026-10-07T03:00:44.311804+00:00,720384592825,18516237430,116.51905032507925,148553728
rows2000-target_snapshots-w4-rep0,2026-10-07T03:00:44.332929+00:00,720405125182,18538953466,110.63530601966447,148557824
rows2000-target_snapshots-w4-rep0,2026-10-07T03:00:44.344146+00:00,720417115756,18552117421,109.78586179443953,148529152
rows2000-target_snapshots-w1-rep0,2026-10-07T03:00:44.351933+00:00,720424950986,18559953723,0.0,148529152
rows2000-target_snapshots-w1-rep0,2026-10-07T03:00:44.372685+00:00,720445333363,18580679185,101.68324332338666,148586496
rows2000-target_snapshots-w1-rep0,2026-10-07T03:00:44.393386+00:00,720465904394,18602753746,107.30896764483997,148602880
rows2000-target_snapshots-w1-rep0,2026-10-07T03:00:44.413936+00:00,720486642012,18623783231,101.40742779619144,148619264
rows2000-target_snapshots-w1-rep0,2026-10-07T03:00:44.434813+00:00,720507200975,18645860458,107.38492500813392,148623360
rows2000-target_snapshots-w1-rep0,2026-10-07T03:00:44.455287+00:00,720528165800,18667165232,101.62152080926028,148623360
rows2000-target_snapshots-w1-rep0,2026-10-07T03:00:44.459248+00:00,720532225690,18671127546,97.59658512915375,148619264
rows2000-recoverability_v2-w4-rep0,2026-10-07T03:00:44.466690+00:00,720539707459,18678610337,0.0,148619264
rows2000-recoverability_v2-w4-rep0,2026-10-07T03:00:44.487599+00:00,720560379691,18700783467,107.260454507283,148656128
rows2000-recoverability_v2-w4-rep0,2026-10-07T03:00:44.508664+00:00,720580803068,18723946671,113.41515166664162,148660224
rows2000-recoverability_v2-w4-rep0,2026-10-07T03:00:44.529178+00:00,720601978205,18747974215,113.47054802998441,148664320
rows2000-recoverability_v2-w4-rep0,2026-10-07T03:00:44.550730+00:00,720622720537,18771074333,111.36702469134136,148664320
rows2000-recoverability_v2-w4-rep0,2026-10-07T03:00:44.572075+00:00,720643937052,18794911601,112.35241980127273,148672512
rows2000-recoverability_v2-w4-rep0,2026-10-07T03:00:44.592453+00:00,720665238419,18818210253,109.37632312517783,148680704
rows2000-recoverability_v2-w4-rep0,2026-10-07T03:00:44.613352+00:00,720685910161,18841462716,112.48429377649934,148684800
rows2000-recoverability_v2-w4-rep0,2026-10-07T03:00:44.634623+00:00,720706834688,18864907734,112.0456295141104,148692992
rows2000-recoverability_v2-w4-rep0,2026-10-07T03:00:44.655224+00:00,720727862783,18888991111,114.52952347799456,148692992
rows2000-recoverability_v2-w4-rep0,2026-10-07T03:00:44.676968+00:00,720748495326,18913943159,120.93539802631213,148701184
rows2000-recoverability_v2-w4-rep0,2026-10-07T03:00:44.698185+00:00,720770483183,18938284198,110.70218894001357,148705280
rows2000-recoverability_v2-w4-rep0,2026-10-07T03:00:44.718489+00:00,720791384255,18962154319,114.20524746290525,148738048
rows2000-recoverability_v2-w4-rep0,2026-10-07T03:00:44.740113+00:00,720812318521,18985884539,113.35587309342492,148738048
rows2000-recoverability_v2-w4-rep0,2026-10-07T03:00:44.746158+00:00,720819128177,18993346895,109.58491882703032,148705280
rows10000-full_replay-w2-rep0,2026-10-07T03:00:45.060385+00:00,721133353762,19307580480,0.0,156909568
rows10000-full_replay-w2-rep0,2026-10-07T03:00:45.081035+00:00,721153998738,19337002141,142.51244951798444,163897344
rows10000-full_replay-w2-rep0,2026-10-07T03:00:45.101510+00:00,721174443720,19372991965,176.0325541005612,169185280
rows10000-full_replay-w2-rep0,2026-10-07T03:00:45.121663+00:00,721194664938,19403454963,150.64868001521967,169185280
rows10000-full_replay-w2-rep0,2026-10-07T03:00:45.143306+00:00,721215683594,19437320380,161.1207538674214,161787904
rows10000-full_replay-w2-rep0,2026-10-07T03:00:45.163508+00:00,721236479767,19470480890,159.45486700846354,169271296
rows10000-full_replay-w2-rep0,2026-10-07T03:00:45.184138+00:00,721256677352,19503871550,165.32006177966326,169271296
rows10000-full_replay-w2-rep0,2026-10-07T03:00:45.204376+00:00,721277348081,19535632931,153.6538987086522,165801984
rows10000-full_replay-w2-rep0,2026-10-07T03:00:45.224922+00:00,721297770563,19570039076,168.47190757714952,169459712
rows10000-full_replay-w2-rep0,2026-10-07T03:00:45.245252+00:00,721318095154,19602239894,158.43279699945745,169459712
rows10000-full_replay-w2-rep0,2026-10-07T03:00:45.265618+00:00,721338571313,19633976039,154.99071383456243,164741120
rows10000-full_replay-w2-rep0,2026-10-07T03:00:45.285807+00:00,721358785460,19666304783,159.93127981111445,169467904
rows10000-full_replay-w2-rep0,2026-10-07T03:00:45.306006+00:00,721378985638,19697524935,154.55384601066388,169467904
rows10000-full_replay-w2-rep0,2026-10-07T03:00:45.326336+00:00,721399167759,19727098817,146.53505446726834,163373056
rows10000-full_replay-w2-rep0,2026-10-07T03:00:45.346713+00:00,721419659795,19761522530,167.98581165873415,169504768
rows10000-full_replay-w2-rep0,2026-10-07T03:00:45.367196+00:00,721440188993,19793233560,154.46794365761392,169504768
rows10000-full_replay-w2-rep0,2026-10-07T03:00:45.387511+00:00,721460503948,19823063362,146.8366629411682,163368960
rows10000-full_replay-w2-rep0,2026-10-07T03:00:45.407927+00:00,721480814479,19855604785,160.219459550319,169472000
rows10000-full_replay-w2-rep0,2026-10-07T03:00:45.428451+00:00,721501341521,19887163460,153.7419517142314,169472000
rows10000-full_replay-w2-rep0,2026-10-07T03:00:45.448659+00:00,721521638234,19917249970,148.2334109961549,159690752
rows10000-full_replay-w2-rep0,2026-10-07T03:00:45.468982+00:00,721541845668,19951796058,170.9573219439935,169476096
rows10000-full_replay-w2-rep0,2026-10-07T03:00:45.489177+00:00,721562151448,19983287043,155.08384804720626,169476096
rows10000-full_replay-w2-rep0,2026-10-07T03:00:45.509792+00:00,721582428800,20011751790,140.3770423278148,159166464
rows10000-full_replay-w2-rep0,2026-10-07T03:00:45.530622+00:00,721603273571,20048972879,178.5631945776713,169480192
rows10000-full_replay-w2-rep0,2026-10-07T03:00:45.551231+00:00,721624210966,20080973536,152.8397252857865,169480192
rows10000-full_replay-w2-rep0,2026-10-07T03:00:45.572763+00:00,721644802154,20111073898,146.18079345397652,158552064
rows10000-full_replay-w2-rep0,2026-10-07T03:00:45.593647+00:00,721666583365,20148117584,170.07174669948333,169218048
rows10000-full_replay-w2-rep0,2026-10-07T03:00:45.614367+00:00,721686831616,20180442495,159.6429785466409,169218048
rows10000-full_replay-w2-rep0,2026-10-07T03:00:45.635468+00:00,721708074704,20211989923,148.5067895966914,159178752
rows10000-full_replay-w2-rep0,2026-10-07T03:00:45.655952+00:00,721728907197,20246110469,163.785227240926,170856448
rows10000-full_replay-w2-rep0,2026-10-07T03:00:45.676544+00:00,721749250383,20278844967,160.9113636379277,169259008
rows10000-full_replay-w2-rep0,2026-10-07T03:00:45.696841+00:00,721769818063,20310544177,154.12146630052587,159182848
rows10000-full_replay-w2-rep0,2026-10-07T03:00:45.717289+00:00,721790022546,20346017305,175.57058005394148,169267200
rows10000-full_replay-w2-rep0,2026-10-07T03:00:45.737577+00:00,721810495249,20378048822,156.45963798722622,169267200
rows10000-full_replay-w2-rep0,2026-10-07T03:00:45.757745+00:00,721830730775,20408539876,150.68080760539658,158568448
rows10000-full_replay-w2-rep0,2026-10-07T03:00:45.778306+00:00,721851241742,20442834597,167.2018730272444,169267200
rows10000-full_replay-w2-rep0,2026-10-07T03:00:45.798648+00:00,721871542598,20473626891,151.67978138458793,169267200
rows10000-full_replay-w2-rep0,2026-10-07T03:00:45.818856+00:00,721891807651,20508101666,170.11934289044297,159395840
rows10000-full_replay-w2-rep0,2026-10-07T03:00:45.839617+00:00,721912057654,20542067998,167.73494798988426,169242624
rows10000-full_replay-w2-rep0,2026-10-07T03:00:45.860234+00:00,721933087472,20575235223,157.71522606615045,169242624
rows10000-full_replay-w2-rep0,2026-10-07T03:00:45.881041+00:00,721954012964,20604703852,140.82645703145235,163127296
rows10000-full_replay-w2-rep0,2026-10-07T03:00:45.901470+00:00,721974208385,20637588225,162.830836752549,169287680
rows10000-full_replay-w2-rep0,2026-10-07T03:00:45.921833+00:00,721994741617,20676111976,187.61659635463135,169287680
rows10000-full_replay-w2-rep0,2026-10-07T03:00:45.942449+00:00,722014998385,20705593896,145.54108533009807,162467840
rows10000-full_replay-w2-rep0,2026-10-07T03:00:45.962647+00:00,722035645945,20740037814,166.8183456059699,169250816
rows10000-full_replay-w2-rep0,2026-10-07T03:00:45.983567+00:00,722055886949,20774086090,168.21436327960808,169250816
rows10000-full_replay-w2-rep0,2026-10-07T03:00:46.003766+00:00,722076740898,20806520217,155.52990467177224,166797312
rows10000-full_replay-w2-rep0,2026-10-07T03:00:46.023919+00:00,722096926731,20839329738,162.53736469532865,169259008
rows10000-full_replay-w2-rep0,2026-10-07T03:00:46.044215+00:00,722117185415,20870313482,152.94055625725738,169259008
rows10000-full_replay-w2-rep0,2026-10-07T03:00:46.064358+00:00,722137365680,20900598805,150.07396087216893,163704832
rows10000-full_replay-w2-rep0,2026-10-07T03:00:46.085102+00:00,722157521323,20934864002,170.0029961832525,169316352
rows10000-full_replay-w2-rep0,2026-10-07T03:00:46.106414+00:00,722179377505,20965764755,141.38220939045988,169316352
rows10000-full_replay-w2-rep0,2026-10-07T03:00:46.126845+00:00,722199759392,20997590451,156.1469553824923,159760384
rows10000-full_replay-w2-rep0,2026-10-07T03:00:46.147441+00:00,722220139544,21032207383,169.85610313406886,169316352
rows10000-full_replay-w2-rep0,2026-10-07T03:00:46.167784+00:00,722240721061,21064537433,157.08293028157254,169316352
rows10000-full_replay-w2-rep0,2026-10-07T03:00:46.199571+00:00,722272519976,21103858097,123.6541058083271,164298752
rows10000-full_replay-w2-rep0,2026-10-07T03:00:46.223632+00:00,722296490382,21129159655,105.55331436605621,158625792
rows10000-full_replay-w2-rep0,2026-10-07T03:00:46.243834+00:00,722316810144,21156976469,136.89537308557058,160886784
rows10000-full_replay-w2-rep0,2026-10-07T03:00:46.271524+00:00,722344478361,21190579427,121.44966912757695,164462592
rows10000-full_replay-w2-rep0,2026-10-07T03:00:46.292334+00:00,722365282806,21224513148,163.10803292277203,169328640
rows10000-full_replay-w2-rep0,2026-10-07T03:00:46.312521+00:00,722385494438,21254697119,149.33960305629947,169328640
rows10000-full_replay-w2-rep0,2026-10-07T03:00:46.332968+00:00,722405704972,21286998869,159.8263064202064,159252480
rows10000-full_replay-w2-rep0,2026-10-07T03:00:46.353430+00:00,722426358732,21321685921,167.94545884139256,170934272
rows10000-full_replay-w2-rep0,2026-10-07T03:00:46.374241+00:00,722446762182,21354544976,161.0465632037719,169336832
rows10000-full_replay-w2-rep0,2026-10-07T03:00:46.395088+00:00,722467655759,21386479550,152.84397688342213,158646272
rows10000-full_replay-w2-rep0,2026-10-07T03:00:46.415370+00:00,722488261032,21421770081,171.26941729915444,170946560
rows10000-full_replay-w2-rep0,2026-10-07T03:00:46.436304+00:00,722508545645,21453101593,154.45950090346807,169349120
rows10000-full_replay-w2-rep0,2026-10-07T03:00:46.457460+00:00,722529807495,21487924958,163.78332553376117,159268864
rows10000-full_replay-w2-rep0,2026-10-07T03:00:46.477929+00:00,722550655253,21522979649,168.14609513406668,170999808
rows10000-full_replay-w2-rep0,2026-10-07T03:00:46.498601+00:00,722571505774,21556041944,158.56819596977937,169398272
rows10000-full_replay-w2-rep0,2026-10-07T03:00:46.519166+00:00,722591881072,21585256979,143.38457773721885,159281152
rows10000-full_replay-w2-rep0,2026-10-07T03:00:46.539836+00:00,722612765320,21619857668,165.67840508310377,170999808
rows10000-full_replay-w2-rep0,2026-10-07T03:00:46.560136+00:00,722633111563,21655567159,175.50901657863812,169398272
rows10000-full_replay-w2-rep0,2026-10-07T03:00:46.580764+00:00,722653675722,21684974368,143.0022448280039,159281152
rows10000-full_replay-w2-rep0,2026-10-07T03:00:46.601098+00:00,722674004880,21719687273,170.7542683272962,169365504
rows10000-full_replay-w2-rep0,2026-10-07T03:00:46.621302+00:00,722694294935,21750950039,154.07925705474923,169365504
rows10000-full_replay-w2-rep0,2026-10-07T03:00:46.641525+00:00,722714509798,21781865053,152.93209753635233,164347904
rows10000-full_replay-w2-rep0,2026-10-07T03:00:46.662391+00:00,722735386254,21816440343,165.6185800884978,171012096
rows10000-full_replay-w2-rep0,2026-10-07T03:00:46.682591+00:00,722755561277,21847565299,154.27469896812508,169414656
rows10000-full_replay-w2-rep0,2026-10-07T03:00:46.704002+00:00,722776350078,21878594395,149.25870905205164,159297536
rows10000-full_replay-w2-rep0,2026-10-07T03:00:46.724263+00:00,722797209776,21912807487,164.01527960759546,171024384
rows10000-full_replay-w2-rep0,2026-10-07T03:00:46.745054+00:00,722817571373,21945254598,159.35445043922635,169426944
rows10000-full_replay-w2-rep0,2026-10-07T03:00:46.767106+00:00,722839699597,21978015643,148.0509461581734,159313920
rows10000-full_replay-w2-rep0,2026-10-07T03:00:46.787538+00:00,722860407806,22012909080,168.50050624851235,169435136
rows10000-full_replay-w2-rep0,2026-10-07T03:00:46.808090+00:00,722880742110,22049887069,181.85028118001972,169435136
rows10000-full_replay-w2-rep0,2026-10-07T03:00:46.828326+00:00,722901269647,22080245341,147.89047512129682,163500032
rows10000-full_replay-w2-rep0,2026-10-07T03:00:46.848492+00:00,722921488853,22114372571,168.78620258382054,169439232
rows10000-full_replay-w2-rep0,2026-10-07T03:00:46.868734+00:00,722941707755,22144601283,149.50718886713037,169439232
rows10000-full_replay-w2-rep0,2026-10-07T03:00:46.890066+00:00,722963051438,22175894956,146.61796185784806,166133760
rows10000-full_replay-w2-rep0,2026-10-07T03:00:46.910447+00:00,722983435396,22211845446,176.36658199550843,169459712
rows10000-full_replay-w2-rep0,2026-10-07T03:00:46.931064+00:00,723003766140,22242239255,149.49678673835055,169459712
rows10000-full_replay-w2-rep0,2026-10-07T03:00:46.951449+00:00,723024449826,22276247561,164.4209160784978,163368960
rows10000-full_replay-w2-rep0,2026-10-07T03:00:46.972068+00:00,723045038624,22310820292,167.9201039322451,169443328
rows10000-full_replay-w2-rep0,2026-10-07T03:00:46.992268+00:00,723065238633,22342369226,156.18277199777486,169443328
rows10000-full_replay-w2-rep0,2026-10-07T03:00:47.012478+00:00,723085438593,22374297347,158.06031794122364,163966976
rows10000-full_replay-w2-rep0,2026-10-07T03:00:47.032670+00:00,723105650313,22408802280,170.7174500735217,169508864
rows10000-full_replay-w2-rep0,2026-10-07T03:00:47.052866+00:00,723125841120,22438782818,148.4860808188598,169508864
rows10000-full_replay-w2-rep0,2026-10-07T03:00:47.073057+00:00,723146023534,22467373073,141.65924353746783,159584256
rows10000-full_replay-w2-rep0,2026-10-07T03:00:47.094188+00:00,723167127374,22503900214,173.08291287272837,169705472
rows10000-full_replay-w2-rep0,2026-10-07T03:00:47.114378+00:00,723187348362,22535123883,154.41218302488483,169705472
rows10000-full_replay-w2-rep0,2026-10-07T03:00:47.134794+00:00,723207771190,22567206948,157.09413505318656,159924224
rows10000-full_replay-w2-rep0,2026-10-07T03:00:47.155272+00:00,723228157756,22602149001,171.39744378724694,169717760
rows10000-full_replay-w2-rep0,2026-10-07T03:00:47.175473+00:00,723248453388,22631687877,145.54302127669638,169717760
rows10000-full_replay-w2-rep0,2026-10-07T03:00:47.195738+00:00,723268653632,22665318013,166.48381078961225,160124928
rows10000-full_replay-w2-rep0,2026-10-07T03:00:47.216726+00:00,723288899073,22699171062,167.21319629441513,170020864
rows10000-full_replay-w2-rep0,2026-10-07T03:00:47.237094+00:00,723310070811,22732800185,158.83968996782409,170020864
rows10000-full_replay-w2-rep0,2026-10-07T03:00:47.257439+00:00,723330347882,22762003746,144.02258097335655,159739904
rows10000-full_replay-w2-rep0,2026-10-07T03:00:47.277795+00:00,723350765744,22794661261,159.94581117258997,171601920
rows10000-full_replay-w2-rep0,2026-10-07T03:00:47.298327+00:00,723371271003,22830936103,176.90506615888148,170008576
rows10000-full_replay-w2-rep0,2026-10-07T03:00:47.319401+00:00,723392377137,22861168427,143.23951510968328,158208000
rows10000-full_replay-w2-rep0,2026-10-07T03:00:47.340410+00:00,723412556749,22896816028,176.6515679290563,169558016
rows10000-full_replay-w2-rep0,2026-10-07T03:00:47.361010+00:00,723433711379,22927943913,147.14454944378608,169562112
rows10000-full_replay-w2-rep0,2026-10-07T03:00:47.381241+00:00,723454176763,22960256685,157.8898886040936,159735808
rows10000-full_replay-w2-rep0,2026-10-07T03:00:47.402383+00:00,723475182381,22996174207,170.99007513132915,169799680
rows10000-full_replay-w2-rep0,2026-10-07T03:00:47.422606+00:00,723495571465,23026828273,150.34547898277333,169799680
rows10000-full_replay-w2-rep0,2026-10-07T03:00:47.442792+00:00,723515772439,23057668089,152.66499526210964,159174656
rows10000-full_replay-w2-rep0,2026-10-07T03:00:47.463606+00:00,723536276186,23093459402,174.55986459450557,169820160
rows10000-full_replay-w2-rep0,2026-10-07T03:00:47.483951+00:00,723556910453,23124722026,151.5082847381979,169820160
rows10000-full_replay-w2-rep0,2026-10-07T03:00:47.504282+00:00,723577169355,23154795286,148.44466891641017,160534528
rows10000-full_replay-w2-rep0,2026-10-07T03:00:47.524707+00:00,723597579378,23189435571,169.72193024966214,169844736
rows10000-full_replay-w2-rep0,2026-10-07T03:00:47.545167+00:00,723618008437,23220954977,154.28711621029632,169844736
rows10000-full_replay-w2-rep0,2026-10-07T03:00:47.565383+00:00,723638336834,23251620265,150.849513613887,159842304
rows10000-full_replay-w2-rep0,2026-10-07T03:00:47.586144+00:00,723658556973,23285535330,167.7291387561678,169865216
rows10000-full_replay-w2-rep0,2026-10-07T03:00:47.606768+00:00,723679702880,23321232611,168.81413977655345,169865216
rows10000-full_replay-w2-rep0,2026-10-07T03:00:47.627689+00:00,723700649492,23352117617,147.44630778476252,163778560
rows10000-full_replay-w2-rep0,2026-10-07T03:00:47.647851+00:00,723720848040,23384368770,159.67065058339838,169914368
rows10000-full_replay-w2-rep0,2026-10-07T03:00:47.668169+00:00,723741160059,23416087995,156.15988248140178,169914368
rows10000-full_replay-w2-rep0,2026-10-07T03:00:47.689107+00:00,723761343865,23445116215,143.81935696369655,164040704
rows10000-full_replay-w2-rep0,2026-10-07T03:00:47.709445+00:00,723782347099,23483386726,182.21246785137947,169930752
rows10000-full_replay-w2-rep0,2026-10-07T03:00:47.730324+00:00,723802920732,23517465817,165.6444974983271,164876288
rows10000-full_replay-w2-rep0,2026-10-07T03:00:47.750506+00:00,723823484034,23548719395,151.98715653740825,167915520
rows10000-full_replay-w2-rep0,2026-10-07T03:00:47.770980+00:00,723843891477,23584321960,174.45872567180513,169910272
rows10000-full_replay-w2-rep0,2026-10-07T03:00:47.791275+00:00,723864180648,23618826505,170.0638483455041,159903744
rows10000-full_replay-w2-rep0,2026-10-07T03:00:47.812183+00:00,723884492130,23653792819,172.15048119088505,169979904
rows10000-full_replay-w2-rep0,2026-10-07T03:00:47.832596+00:00,723905472933,23682433250,136.50779238525809,169979904
rows10000-full_replay-w2-rep0,2026-10-07T03:00:47.853914+00:00,723926322144,23714084192,151.8088238447009,164925440
rows10000-full_replay-w2-rep0,2026-10-07T03:00:47.874534+00:00,723947343957,23747918932,160.95062780741128,164745216
rows10000-full_replay-w2-rep0,2026-10-07T03:00:47.895274+00:00,723968254568,23781247127,159.38412799128633,169943040
rows10000-full_replay-w2-rep0,2026-10-07T03:00:47.916457+00:00,723988859089,23812319544,150.80387940103049,164892672
rows10000-full_replay-w2-rep0,2026-10-07T03:00:47.936759+00:00,724009698362,23843981481,151.93398061439092,167231488
rows10000-full_replay-w2-rep0,2026-10-07T03:00:47.957000+00:00,724029954256,23877142638,163.7111499497381,170000384
rows10000-full_replay-w2-rep0,2026-10-07T03:00:47.978679+00:00,724050737250,23908518281,150.96786824843429,164950016
rows10000-full_replay-w2-rep0,2026-10-07T03:00:47.998979+00:00,724071936806,23940442300,150.58814911029268,167616512
rows10000-full_replay-w2-rep0,2026-10-07T03:00:48.019183+00:00,724092160834,23974939165,170.5736611915292,170024960
rows10000-full_replay-w2-rep0,2026-10-07T03:00:48.040617+00:00,724113156537,24012789200,180.27514963418943,164974592
rows10000-full_replay-w2-rep0,2026-10-07T03:00:48.060818+00:00,724133788512,24043719610,149.9149257402648,169000960
rows10000-full_replay-w2-rep0,2026-10-07T03:00:48.081013+00:00,724153987105,24077004407,164.7877008066849,170008576
rows10000-full_replay-w2-rep0,2026-10-07T03:00:48.101847+00:00,724174615215,24108629964,153.31291620996785,164958208
rows10000-full_replay-w2-rep0,2026-10-07T03:00:48.122121+00:00,724195024656,24139462133,151.06816987295244,167768064
rows10000-full_replay-w2-rep0,2026-10-07T03:00:48.142559+00:00,724215440498,24177019087,183.95985823166149,169803776
rows10000-full_replay-w2-rep0,2026-10-07T03:00:48.163284+00:00,724235791271,24209461356,159.4154138518473,164782080
rows10000-full_replay-w2-rep0,2026-10-07T03:00:48.183837+00:00,724256743898,24242460755,157.49528209517595,170713088
rows10000-full_replay-w2-rep0,2026-10-07T03:00:48.207256+00:00,724277342775,24275800061,161.85011445041397,169852928
rows10000-full_replay-w2-rep0,2026-10-07T03:00:48.228138+00:00,724300560568,24310204416,148.18098774504537,164798464
rows10000-full_replay-w2-rep0,2026-10-07T03:00:48.229203+00:00,724302183136,24311743312,94.84323615404716,159694848
rows10000-full_replay-w1-rep0,2026-10-07T03:00:48.393053+00:00,724466026215,24475589520,0.0,159715328
rows10000-full_replay-w1-rep0,2026-10-07T03:00:48.413424+00:00,724486388349,24493688507,88.88551170520732,164769792
rows10000-full_replay-w1-rep0,2026-10-07T03:00:48.433973+00:00,724506892246,24515052779,104.19615354095858,161611776
rows10000-full_replay-w1-rep0,2026-10-07T03:00:48.454143+00:00,724527137309,24535090171,98.97421410839769,164814848
rows10000-full_replay-w1-rep0,2026-10-07T03:00:48.474418+00:00,724547396535,24555201634,99.27063847355274,164814848
rows10000-full_replay-w1-rep0,2026-10-07T03:00:48.495064+00:00,724567833542,24579104647,116.95945986611444,161804288
rows10000-full_replay-w1-rep0,2026-10-07T03:00:48.515693+00:00,724588235094,24599337355,99.17239629612492,165003264
rows10000-full_replay-w1-rep0,2026-10-07T03:00:48.535920+00:00,724608871200,24619446613,97.4469601968511,165044224
rows10000-full_replay-w1-rep0,2026-10-07T03:00:48.556116+00:00,724629087067,24640691455,105.08993752283787,164241408
rows10000-full_replay-w1-rep0,2026-10-07T03:00:48.577024+00:00,724649673290,24662485826,105.86872103736562,160047104
rows10000-full_replay-w1-rep0,2026-10-07T03:00:48.597217+00:00,724670191318,24680912283,89.80617922930995,165044224
rows10000-full_replay-w1-rep0,2026-10-07T03:00:48.617386+00:00,724690375339,24700986793,99.45743714793004,162508800
rows10000-full_replay-w1-rep0,2026-10-07T03:00:48.637652+00:00,724710576788,24722183501,104.92667134916906,165052416
rows10000-full_replay-w1-rep0,2026-10-07T03:00:48.657862+00:00,724730840597,24741003380,92.8743406533293,164827136
rows10000-full_replay-w1-rep0,2026-10-07T03:00:48.678085+00:00,724751063316,24761132397,99.53664984416784,163479552
rows10000-full_replay-w1-rep0,2026-10-07T03:00:48.698284+00:00,724771253283,24783274916,109.67090238433772,159768576
rows10000-full_replay-w1-rep0,2026-10-07T03:00:48.718912+00:00,724791465655,24802725989,96.23349995735285,164827136
rows10000-full_replay-w1-rep0,2026-10-07T03:00:48.739258+00:00,724812196688,24827200381,118.05678954830664,164827136
rows10000-full_replay-w1-rep0,2026-10-07T03:00:48.759436+00:00,724832419764,24847093975,98.37076219265556,159768576
rows10000-full_replay-w1-rep0,2026-10-07T03:00:48.779650+00:00,724852627763,24867207588,99.53292753033094,164827136
rows10000-full_replay-w1-rep0,2026-10-07T03:00:48.799847+00:00,724872824109,24887387426,99.9182624421269,166428672
rows10000-full_replay-w1-rep0,2026-10-07T03:00:48.821216+00:00,724894180687,24910413384,107.81670172065955,159768576
rows10000-full_replay-w1-rep0,2026-10-07T03:00:48.841625+00:00,724914399454,24938794931,140.37229372097715,164827136
rows10000-full_replay-w1-rep0,2026-10-07T03:00:48.861814+00:00,724934787470,24956504738,86.86380764072385,166428672
rows10000-full_replay-w1-rep0,2026-10-07T03:00:48.881973+00:00,724954967498,24976558727,99.37542703112206,159768576
rows10000-full_replay-w1-rep0,2026-10-07T03:00:48.902161+00:00,724975145421,24996658721,99.61379077519524,164831232
rows10000-full_replay-w1-rep0,2026-10-07T03:00:48.922365+00:00,724995330222,25020084231,116.05519420280636,164835328
rows10000-full_replay-w1-rep0,2026-10-07T03:00:48.942651+00:00,725015539204,25037622669,86.78536108350238,159776768
rows10000-full_replay-w1-rep0,2026-10-07T03:00:48.962850+00:00,725035808207,25056903159,95.12303096506523,164794368
rows10000-full_replay-w1-rep0,2026-10-07T03:00:48.983200+00:00,725056124348,25082147453,124.25732820027189,164835328
rows10000-full_replay-w1-rep0,2026-10-07T03:00:49.003641+00:00,725076366707,25102287339,99.49376947617617,160579584
rows10000-full_replay-w1-rep0,2026-10-07T03:00:49.023836+00:00,725096810860,25122541115,99.06879487744001,164835328
rows10000-full_replay-w1-rep0,2026-10-07T03:00:49.044090+00:00,725117000577,25142673855,99.71779198291883,164835328
rows10000-full_replay-w1-rep0,2026-10-07T03:00:49.064259+00:00,725137248541,25162711424,98.96090787202111,160301056
rows10000-full_replay-w1-rep0,2026-10-07T03:00:49.084507+00:00,725157477834,25182812352,99.36544989486286,164794368
rows10000-full_replay-w1-rep0,2026-10-07T03:00:49.104799+00:00,725177735850,25206116467,115.03651196642356,164835328
rows10000-full_replay-w1-rep0,2026-10-07T03:00:49.125078+00:00,725197995620,25226436030,100.29513168214645,160305152
rows10000-full_replay-w1-rep0,2026-10-07T03:00:49.145239+00:00,725218239891,25244534936,89.40260679181779,164835328
rows10000-full_replay-w1-rep0,2026-10-07T03:00:49.165538+00:00,725238460739,25267079506,111.49171389844778,164835328
rows10000-full_replay-w1-rep0,2026-10-07T03:00:49.185726+00:00,725258715925,25284773359,87.35468042604003,162426880
rows10000-full_replay-w1-rep0,2026-10-07T03:00:49.205983+00:00,725278906805,25306497591,107.5942801898679,164794368
rows10000-full_replay-w1-rep0,2026-10-07T03:00:49.226170+00:00,725299141375,25324972696,91.30465831495307,163176448
rows10000-full_replay-w1-rep0,2026-10-07T03:00:49.246534+00:00,725319332566,25348403633,116.04534373430472,164839424
rows10000-full_replay-w1-rep0,2026-10-07T03:00:49.267188+00:00,725339768984,25366362816,87.87833073291024,164843520
rows10000-full_replay-w1-rep0,2026-10-07T03:00:49.287392+00:00,725360373008,25390519256,117.24136993822178,161157120
rows10000-full_replay-w1-rep0,2026-10-07T03:00:49.307955+00:00,725380561287,25410635173,99.64156429579758,164843520
rows10000-full_replay-w1-rep0,2026-10-07T03:00:49.328447+00:00,725401117888,25430935823,98.75489629827422,164802560
rows10000-full_replay-w1-rep0,2026-10-07T03:00:49.348933+00:00,725421929304,25451027219,96.5402642472766,163184640
rows10000-full_replay-w1-rep0,2026-10-07T03:00:49.369096+00:00,725442094910,25471115397,99.61603930970387,164843520
rows10000-full_replay-w1-rep0,2026-10-07T03:00:49.389263+00:00,725462251865,25492398085,105.58483659858346,164843520
rows10000-full_replay-w1-rep0,2026-10-07T03:00:49.409755+00:00,725482741583,25512478511,98.00245176629566,163143680
rows10000-full_replay-w1-rep0,2026-10-07T03:00:49.430022+00:00,725502979406,25535552335,114.01336991631956,164802560
rows10000-full_replay-w1-rep0,2026-10-07T03:00:49.450189+00:00,725523181943,25552640145,84.5824957528849,164843520
rows10000-full_replay-w1-rep0,2026-10-07T03:00:49.470342+00:00,725543351148,25572744987,99.68088479441802,163639296
rows10000-full_replay-w1-rep0,2026-10-07T03:00:49.490879+00:00,725563547355,25596382476,117.03924900353815,159784960
rows10000-full_replay-w1-rep0,2026-10-07T03:00:49.511258+00:00,725584058075,25616982998,100.43782958374938,164843520
rows10000-full_replay-w1-rep0,2026-10-07T03:00:49.531454+00:00,725604437032,25638280700,104.5083023630699,164106240
rows10000-full_replay-w1-rep0,2026-10-07T03:00:49.551641+00:00,725624643321,25658382231,99.4815574497623,164847616
rows10000-full_replay-w1-rep0,2026-10-07T03:00:49.571902+00:00,725644851736,25678513236,99.61694175421476,164847616
rows10000-full_replay-w1-rep0,2026-10-07T03:00:49.592334+00:00,725665220463,25698593794,98.58523804654067,161644544
rows10000-full_replay-w1-rep0,2026-10-07T03:00:49.612593+00:00,725685516984,25718693815,99.03185378420272,164847616
rows10000-full_replay-w1-rep0,2026-10-07T03:00:49.632770+00:00,725705749935,25738832789,99.53552499583476,164847616
rows10000-full_replay-w1-rep0,2026-10-07T03:00:49.652940+00:00,725725929113,25759981366,104.80395683114546,160317440
rows10000-full_replay-w1-rep0,2026-10-07T03:00:49.673136+00:00,725746114732,25780057337,99.45680139905544,164847616
rows10000-full_replay-w1-rep0,2026-10-07T03:00:49.693302+00:00,725766296114,25800194557,99.7811745498896,164847616
rows10000-full_replay-w1-rep0,2026-10-07T03:00:49.713537+00:00,725786523237,25822313026,109.35054382177832,159789056
rows10000-full_replay-w1-rep0,2026-10-07T03:00:49.733912+00:00,725806729989,25841431909,94.61630943953783,164847616
rows10000-full_replay-w1-rep0,2026-10-07T03:00:49.754712+00:00,725827688052,25863511487,105.35123403341234,160907264
rows10000-full_replay-w1-rep0,2026-10-07T03:00:49.775042+00:00,725847908852,25884666668,104.62089037031176,164851712
rows10000-full_replay-w1-rep0,2026-10-07T03:00:49.795391+00:00,725868271475,25905092276,100.30931673193577,166453248
rows10000-full_replay-w1-rep0,2026-10-07T03:00:49.816072+00:00,725888725269,25925979103,102.11712800080025,159793152
rows10000-full_replay-w1-rep0,2026-10-07T03:00:49.836473+00:00,725909239716,25946601864,100.52798888510131,164851712
rows10000-full_replay-w1-rep0,2026-10-07T03:00:49.856647+00:00,725929627382,25966711023,98.63394367947758,161247232
rows10000-full_replay-w1-rep0,2026-10-07T03:00:49.878047+00:00,725950730303,25987552398,98.76061707286873,164814848
rows10000-full_replay-w1-rep0,2026-10-07T03:00:49.898321+00:00,725971266792,26006993881,94.66799802049903,164855808
rows10000-full_replay-w1-rep0,2026-10-07T03:00:49.918732+00:00,725991717495,26027038614,98.01488486728304,163196928
rows10000-full_replay-w1-rep0,2026-10-07T03:00:49.938911+00:00,726011902035,26047150856,99.64181497324189,164855808
rows10000-full_replay-w1-rep0,2026-10-07T03:00:49.959232+00:00,726032172019,26072401041,124.56933858457906,164855808
rows10000-full_replay-w1-rep0,2026-10-07T03:00:49.979903+00:00,726052880345,26092500260,97.05863718776689,161652736
rows10000-full_replay-w1-rep0,2026-10-07T03:00:50.000102+00:00,726073075389,26112556015,99.31028127495043,164855808
rows10000-full_replay-w1-rep0,2026-10-07T03:00:50.020440+00:00,726093379585,26132697857,99.20039187958982,164855808
rows10000-full_replay-w1-rep0,2026-10-07T03:00:50.040697+00:00,726113633056,26152800739,99.25647806245162,160325632
rows10000-full_replay-w1-rep0,2026-10-07T03:00:50.060879+00:00,726133872472,26173323456,101.39974888603506,164855808
rows10000-full_replay-w1-rep0,2026-10-07T03:00:50.081419+00:00,726154035581,26193015338,97.66292489913138,164855808
rows10000-full_replay-w1-rep0,2026-10-07T03:00:50.101651+00:00,726174594996,26214204471,103.06291788944384,160653312
rows10000-full_replay-w1-rep0,2026-10-07T03:00:50.122078+00:00,726195016497,26237372051,113.44699882736337,164859904
rows10000-full_replay-w1-rep0,2026-10-07T03:00:50.142458+00:00,726215234174,26254501569,84.72545090120887,164859904
rows10000-full_replay-w1-rep0,2026-10-07T03:00:50.162656+00:00,726235638415,26274595348,98.47844377058671,160329728
rows10000-full_replay-w1-rep0,2026-10-07T03:00:50.182825+00:00,726255813191,26298430763,118.14463268390192,164859904
rows10000-full_replay-w1-rep0,2026-10-07T03:00:50.203056+00:00,726276037620,26318684858,100.14668399290778,164859904
rows10000-full_replay-w1-rep0,2026-10-07T03:00:50.223306+00:00,726296246011,26339960146,105.27947524372425,159997952
rows10000-full_replay-w1-rep0,2026-10-07T03:00:50.243852+00:00,726316521403,26360085827,99.26161230322946,164859904
rows10000-full_replay-w1-rep0,2026-10-07T03:00:50.264334+00:00,726337028859,26380235845,98.25703392951324,164859904
rows10000-full_replay-w1-rep0,2026-10-07T03:00:50.284575+00:00,726357527583,26400350928,98.12846399610044,159801344
rows10000-full_replay-w1-rep0,2026-10-07T03:00:50.304771+00:00,726377751545,26420476916,99.51555486506551,164818944
rows10000-full_replay-w1-rep0,2026-10-07T03:00:50.325150+00:00,726397944029,26440610346,99.7075446487911,164126720
rows10000-full_replay-w1-rep0,2026-10-07T03:00:50.345440+00:00,726418372978,26463066936,109.9253319394943,164864000
rows10000-full_replay-w1-rep0,2026-10-07T03:00:50.365715+00:00,726438689978,26480872685,87.63965644534134,164864000
rows10000-full_replay-w1-rep0,2026-10-07T03:00:50.386120+00:00,726458992405,26502130425,104.70541280606501,161660928
rows10000-full_replay-w1-rep0,2026-10-07T03:00:50.406325+00:00,726479304139,26522222126,98.91671976405362,164864000
rows10000-full_replay-w1-rep0,2026-10-07T03:00:50.426521+00:00,726499484893,26545795601,116.81166620434499,164823040
rows10000-full_replay-w1-rep0,2026-10-07T03:00:50.446728+00:00,726519704863,26562388030,82.0596123535297,164126720
rows10000-full_replay-w1-rep0,2026-10-07T03:00:50.467207+00:00,726539958566,26586511429,119.10611605196344,159805440
rows10000-full_replay-w1-rep0,2026-10-07T03:00:50.487471+00:00,726560397400,26606645569,98.50923981279949,164868096
rows10000-full_replay-w1-rep0,2026-10-07T03:00:50.508037+00:00,726580843933,26628041283,104.64225891010472,162828288
rows10000-full_replay-w1-rep0,2026-10-07T03:00:50.529016+00:00,726601561765,26649738468,104.72710175466236,159809536
rows10000-full_replay-w1-rep0,2026-10-07T03:00:50.549193+00:00,726622189621,26668258439,89.78136651719888,164868096
rows10000-full_replay-w1-rep0,2026-10-07T03:00:50.569402+00:00,726642391824,26688359614,99.49991592501075,164130816
rows10000-full_replay-w1-rep0,2026-10-07T03:00:50.590797+00:00,726663077390,26711562398,112.16895878024319,159809536
rows10000-full_replay-w1-rep0,2026-10-07T03:00:50.611073+00:00,726683988528,26732605491,100.63102735011361,164872192
rows10000-full_replay-w1-rep0,2026-10-07T03:00:50.631320+00:00,726704300247,26752740419,99.12961084189871,164069376
rows10000-full_replay-w1-rep0,2026-10-07T03:00:50.651501+00:00,726724478174,26772604958,98.44687712469175,164872192
rows10000-full_replay-w1-rep0,2026-10-07T03:00:50.671750+00:00,726744725886,26793742410,104.39427427652072,164872192
rows10000-full_replay-w1-rep0,2026-10-07T03:00:50.692003+00:00,726764976128,26813906588,99.57499767163276,161984512
rows10000-full_replay-w1-rep0,2026-10-07T03:00:50.712263+00:00,726785172159,26834039611,99.68801790807312,164872192
rows10000-full_replay-w1-rep0,2026-10-07T03:00:50.732689+00:00,726805432017,26854182602,99.42315982668782,164872192
rows10000-full_replay-w1-rep0,2026-10-07T03:00:50.752882+00:00,726825861225,26874344551,98.69177992607447,161996800
rows10000-full_replay-w1-rep0,2026-10-07T03:00:50.773046+00:00,726846046697,26894449636,99.60175813575229,164872192
rows10000-full_replay-w1-rep0,2026-10-07T03:00:50.793230+00:00,726866201859,26915678636,105.32785596067151,164876288
rows10000-full_replay-w1-rep0,2026-10-07T03:00:50.813933+00:00,726886914808,26935816665,97.22434502204393,163217408
rows10000-full_replay-w1-rep0,2026-10-07T03:00:50.834188+00:00,726907097546,26959012956,114.93133885006088,164876288
rows10000-full_replay-w1-rep0,2026-10-07T03:00:50.854378+00:00,726927352565,26976040527,84.06593447283362,164876288
rows10000-full_replay-w1-rep0,2026-10-07T03:00:50.874662+00:00,726947571123,26996153462,99.47759380268366,161763328
rows10000-full_replay-w1-rep0,2026-10-07T03:00:50.895837+00:00,726968771473,27021064309,117.50205539059496,159817728
rows10000-full_replay-w1-rep0,2026-10-07T03:00:50.916244+00:00,726989038466,27041368256,100.18233587982193,164880384
rows10000-full_replay-w1-rep0,2026-10-07T03:00:50.937164+00:00,727010150278,27061569174,95.68538219267963,166440960
rows10000-full_replay-w1-rep0,2026-10-07T03:00:50.957326+00:00,727030313838,27082062987,101.63787049509115,159821824
rows10000-full_replay-w1-rep0,2026-10-07T03:00:50.977601+00:00,727050496501,27101741796,97.50353062923361,164880384
rows10000-full_replay-w1-rep0,2026-10-07T03:00:50.997884+00:00,727070857752,27121914635,99.0746541064692,164880384
rows10000-full_replay-w1-rep0,2026-10-07T03:00:51.018467+00:00,727091050927,27141969910,99.31709599901947,159825920
rows10000-full_replay-w1-rep0,2026-10-07T03:00:51.038690+00:00,727111662592,27162091558,97.62262291765367,164884480
rows10000-full_replay-w1-rep0,2026-10-07T03:00:51.058989+00:00,727131874482,27183532149,106.07909997531156,163225600
rows10000-full_replay-w1-rep0,2026-10-07T03:00:51.079200+00:00,727152144418,27207734202,119.39876376521366,164888576
rows10000-full_replay-w1-rep0,2026-10-07T03:00:51.099516+00:00,727172464272,27227854759,99.01920063008326,164892672
rows10000-full_replay-w1-rep0,2026-10-07T03:00:51.119800+00:00,727192755930,27248694990,102.70344099038137,159834112
rows10000-full_replay-w1-rep0,2026-10-07T03:00:51.139995+00:00,727212972021,27268023005,95.60708348612005,164900864
rows10000-full_replay-w1-rep0,2026-10-07T03:00:51.160532+00:00,727233356557,27288161445,98.7927319022616,164904960
rows10000-full_replay-w1-rep0,2026-10-07T03:00:51.180847+00:00,727253849901,27308285556,98.1982784264003,163254272
rows10000-full_replay-w1-rep0,2026-10-07T03:00:51.201071+00:00,727274037392,27328384469,99.56122333379616,164917248
rows10000-full_replay-w1-rep0,2026-10-07T03:00:51.221291+00:00,727294266522,27349798354,105.85667796884987,164917248
rows10000-full_replay-w1-rep0,2026-10-07T03:00:51.241487+00:00,727314464166,27369939298,99.71927418861328,163258368
rows10000-full_replay-w1-rep0,2026-10-07T03:00:51.261694+00:00,727334668229,27390064703,99.61068226722516,164917248
rows10000-full_replay-w1-rep0,2026-10-07T03:00:51.281931+00:00,727354909891,27410259965,99.77076981129316,164921344
rows10000-full_replay-w1-rep0,2026-10-07T03:00:51.302336+00:00,727375133760,27430404745,99.60893239567562,163262464
rows10000-full_replay-w1-rep0,2026-10-07T03:00:51.322542+00:00,727395518470,27450682099,99.47335036897753,164925440
rows10000-full_replay-w1-rep0,2026-10-07T03:00:51.342849+00:00,727415785615,27472109361,105.72412641247695,164925440
rows10000-full_replay-w1-rep0,2026-10-07T03:00:51.363616+00:00,727436541009,27496234854,116.23722006915408,161697792
rows10000-full_replay-w1-rep0,2026-10-07T03:00:51.383856+00:00,727456837752,27516300282,98.86033438961118,164900864
rows10000-full_replay-w1-rep0,2026-10-07T03:00:51.404062+00:00,727477029515,27536446700,99.77542822783727,164954112
rows10000-full_replay-w1-rep0,2026-10-07T03:00:51.424245+00:00,727497227052,27556552660,99.54659323064986,161984512
rows10000-full_replay-w1-rep0,2026-10-07T03:00:51.444482+00:00,727517453184,27578104842,106.55612254483458,164925440
rows10000-full_replay-w1-rep0,2026-10-07T03:00:51.464766+00:00,727537745498,27596730109,91.7848353815144,164974592
rows10000-full_replay-w1-rep0,2026-10-07T03:00:51.474866+00:00,727547840746,27608436687,115.96127207573306,159899648
rows10000-target_snapshots-w4-rep0,2026-10-07T03:00:51.484525+00:00,727557539898,27618095260,0.0,159911936
rows10000-target_snapshots-w4-rep0,2026-10-07T03:00:51.505497+00:00,727577943792,27640833391,111.44015451168292,159977472
rows10000-target_snapshots-w4-rep0,2026-10-07T03:00:51.526359+00:00,727598832345,27663889551,110.37700888137154,159985664
rows10000-target_snapshots-w4-rep0,2026-10-07T03:00:51.546991+00:00,727619547373,27687034410,111.7297982894351,159993856
rows10000-target_snapshots-w4-rep0,2026-10-07T03:00:51.567627+00:00,727640298750,27710325666,112.23956848743097,160002048
rows10000-target_snapshots-w4-rep0,2026-10-07T03:00:51.588286+00:00,727660967588,27732700110,108.25206525882103,160010240
rows10000-target_snapshots-w4-rep0,2026-10-07T03:00:51.610570+00:00,727682461272,27756102792,108.8816696104772,160014336
rows10000-target_snapshots-w4-rep0,2026-10-07T03:00:51.631099+00:00,727703962511,27779393433,108.32232040209404,160026624
rows10000-target_snapshots-w4-rep0,2026-10-07T03:00:51.651863+00:00,727724484347,27802686365,113.50315829441381,160030720
rows10000-target_snapshots-w4-rep0,2026-10-07T03:00:51.672906+00:00,727745314609,27826130112,112.54657766666593,160043008
rows10000-target_snapshots-w4-rep0,2026-10-07T03:00:51.693470+00:00,727766266748,27849660461,112.30523527931922,160063488
rows10000-target_snapshots-w4-rep0,2026-10-07T03:00:51.713943+00:00,727786665950,27873413271,116.43989799208812,160067584
rows10000-target_snapshots-w4-rep0,2026-10-07T03:00:51.722593+00:00,727795513594,27882815757,106.2710705810496,160047104
rows10000-full_replay-w4-rep0,2026-10-07T03:00:51.883012+00:00,727955945586,28042999956,0.0,160047104
rows10000-full_replay-w4-rep0,2026-10-07T03:00:51.903784+00:00,727976356600,28077777609,170.3866990635546,166080512
rows10000-full_replay-w4-rep0,2026-10-07T03:00:51.925337+00:00,727997168374,28124597026,224.96600722264233,179417088
rows10000-full_replay-w4-rep0,2026-10-07T03:00:51.945682+00:00,728018636498,28166632495,195.8041093856175,182628352
rows10000-full_replay-w4-rep0,2026-10-07T03:00:51.967213+00:00,728039140266,28209050237,206.87778948727862,182628352
rows10000-full_replay-w4-rep0,2026-10-07T03:00:51.989360+00:00,728061287817,28247959482,175.68192979891998,174342144
rows10000-full_replay-w4-rep0,2026-10-07T03:00:52.010083+00:00,728082896210,28283547540,164.69553288854013,167632896
rows10000-full_replay-w4-rep0,2026-10-07T03:00:52.031955+00:00,728103487007,28331971178,235.17126607581048,179437568
rows10000-full_replay-w4-rep0,2026-10-07T03:00:52.053343+00:00,728125549688,28375589735,197.7028857009717,182640640
rows10000-full_replay-w4-rep0,2026-10-07T03:00:52.074340+00:00,728146692808,28416594817,193.9405442526931,182640640
rows10000-full_replay-w4-rep0,2026-10-07T03:00:52.095292+00:00,728167537002,28454955814,184.03684498426756,177618944
rows10000-full_replay-w4-rep0,2026-10-07T03:00:52.116688+00:00,728188476400,28488026285,157.93420135574098,167673856
rows10000-full_replay-w4-rep0,2026-10-07T03:00:52.137681+00:00,728210635626,28534400054,209.27522017240133,181170176
rows10000-full_replay-w4-rep0,2026-10-07T03:00:52.159053+00:00,728230995140,28577501341,211.70096201706977,182714368
rows10000-full_replay-w4-rep0,2026-10-07T03:00:52.180883+00:00,728253578442,28623509135,203.72483173629792,182714368
rows10000-full_replay-w4-rep0,2026-10-07T03:00:52.201840+00:00,728274277390,28659937087,175.98938844621475,173772800
rows10000-full_replay-w4-rep0,2026-10-07T03:00:52.223129+00:00,728295523944,28694945010,164.76988691907403,167292928
rows10000-full_replay-w4-rep0,2026-10-07T03:00:52.244186+00:00,728316488213,28740930457,219.35154047107486,177659904
rows10000-full_replay-w4-rep0,2026-10-07T03:00:52.265136+00:00,728337832575,28784648380,204.82187755248904,182677504
rows10000-full_replay-w4-rep0,2026-10-07T03:00:52.286533+00:00,728358359145,28827373546,208.1456668113572,182681600
rows10000-full_replay-w4-rep0,2026-10-07T03:00:52.308099+00:00,728379728697,28867108841,185.9435097188748,174391296
rows10000-full_replay-w4-rep0,2026-10-07T03:00:52.329087+00:00,728401631761,28901547293,157.23120746942072,166137856
rows10000-full_replay-w4-rep0,2026-10-07T03:00:52.349531+00:00,728422516826,28944863511,207.40284025929535,177901568
rows10000-full_replay-w4-rep0,2026-10-07T03:00:52.372091+00:00,728442964732,28989970250,220.59343876091762,182738944
rows10000-full_replay-w4-rep0,2026-10-07T03:00:52.393084+00:00,728465396277,29034045564,196.48808853781583,182747136
rows10000-full_replay-w4-rep0,2026-10-07T03:00:52.413690+00:00,728486465619,29072576200,182.87536459373055,177074176
rows10000-full_replay-w4-rep0,2026-10-07T03:00:52.435344+00:00,728507395053,29106413614,161.67381306154766,165068800
rows10000-full_replay-w4-rep0,2026-10-07T03:00:52.456648+00:00,728529183736,29150964257,204.46689228532077,175730688
rows10000-full_replay-w4-rep0,2026-10-07T03:00:52.476904+00:00,728549877519,29193810334,207.04806366240527,184504320
rows10000-full_replay-w4-rep0,2026-10-07T03:00:52.499477+00:00,728572334443,29227474986,149.9076721282042,182902784
rows10000-full_replay-w4-rep0,2026-10-07T03:00:52.521414+00:00,728593997319,29265143895,173.88692526329376,182902784
rows10000-full_replay-w4-rep0,2026-10-07T03:00:52.543521+00:00,728615464145,29304422503,182.97352389216738,177881088
rows10000-full_replay-w4-rep0,2026-10-07T03:00:52.565642+00:00,728637521030,29343390330,176.6696747976879,166187008
rows10000-full_replay-w4-rep0,2026-10-07T03:00:52.588685+00:00,728660829161,29386163084,183.51001202112687,172072960
rows10000-full_replay-w4-rep0,2026-10-07T03:00:52.611078+00:00,728682651270,29433257871,215.81226177543152,182157312
rows10000-full_replay-w4-rep0,2026-10-07T03:00:52.631508+00:00,728704490102,29473636261,184.89262612579282,182956032
rows10000-full_replay-w4-rep0,2026-10-07T03:00:52.652582+00:00,728724971073,29510928924,182.0844480469212,177897472
rows10000-full_replay-w4-rep0,2026-10-07T03:00:52.675608+00:00,728747958991,29554806541,190.87251398756513,172130304
rows10000-full_replay-w4-rep0,2026-10-07T03:00:52.696369+00:00,728769050258,29591867472,175.7169495791789,172744704
rows10000-full_replay-w4-rep0,2026-10-07T03:00:52.717599+00:00,728789569877,29635536137,212.8142096595458,177987584
rows10000-full_replay-w4-rep0,2026-10-07T03:00:52.738403+00:00,728811250796,29680151319,205.78086196438446,182939648
rows10000-full_replay-w4-rep0,2026-10-07T03:00:52.759005+00:00,728831577224,29715726927,175.0214449877765,177266688
rows10000-full_replay-w4-rep0,2026-10-07T03:00:52.781369+00:00,728852945532,29756377703,190.2386281590475,172593152
rows10000-full_replay-w4-rep0,2026-10-07T03:00:52.803438+00:00,728875742246,29796457967,175.81597067015886,169349120
rows10000-full_replay-w4-rep0,2026-10-07T03:00:52.824787+00:00,728896839165,29836996382,192.1532475903235,173604864
rows10000-full_replay-w4-rep0,2026-10-07T03:00:52.845931+00:00,728917963623,29880594252,206.3857449028988,181854208
rows10000-full_replay-w4-rep0,2026-10-07T03:00:52.866931+00:00,728939334673,29920803212,188.1468622271718,177631232
rows10000-full_replay-w4-rep0,2026-10-07T03:00:52.888863+00:00,728960255435,29962238889,198.06007544084676,178159616
rows10000-full_replay-w4-rep0,2026-10-07T03:00:52.909628+00:00,728982503569,30000353277,171.31498758502624,170213376
rows10000-full_replay-w4-rep0,2026-10-07T03:00:52.930364+00:00,729002797563,30038299498,186.98251807899422,172613632
rows10000-full_replay-w4-rep0,2026-10-07T03:00:52.952403+00:00,729023974207,30084478816,218.06721593846504,179392512
rows10000-full_replay-w4-rep0,2026-10-07T03:00:52.974762+00:00,729046229943,30127742355,194.39275789396495,177594368
rows10000-full_replay-w4-rep0,2026-10-07T03:00:52.995486+00:00,729067997861,30169709377,192.79299931210693,177594368
rows10000-full_replay-w4-rep0,2026-10-07T03:00:53.017518+00:00,729089546788,30208306780,179.11519677986752,175968256
rows10000-full_replay-w4-rep0,2026-10-07T03:00:53.039390+00:00,729110910087,30248750734,189.31511467400236,168165376
rows10000-full_replay-w4-rep0,2026-10-07T03:00:53.060118+00:00,729132946363,30296411098,216.28138983192986,181055488
rows10000-full_replay-w4-rep0,2026-10-07T03:00:53.082098+00:00,729153813235,30337061208,194.80691691596135,182714368
rows10000-full_replay-w4-rep0,2026-10-07T03:00:53.102440+00:00,729175275192,30375993923,181.4033780796411,177655808
rows10000-full_replay-w4-rep0,2026-10-07T03:00:53.124460+00:00,729195867051,30416026828,194.4113205126356,179658752
rows10000-full_replay-w4-rep0,2026-10-07T03:00:53.145579+00:00,729217634315,30454498145,176.7393320538585,168968192
rows10000-full_replay-w4-rep0,2026-10-07T03:00:53.167421+00:00,729238744098,30499118665,211.37365552265507,179036160
rows10000-full_replay-w4-rep0,2026-10-07T03:00:53.188220+00:00,729261078360,30543266053,197.6666522493557,178016256
rows10000-full_replay-w4-rep0,2026-10-07T03:00:53.210102+00:00,729281797330,30584307456,198.08611624998733,178544640
rows10000-full_replay-w4-rep0,2026-10-07T03:00:53.230584+00:00,729303491337,30625375126,189.30421659769908,178057216
rows10000-full_replay-w4-rep0,2026-10-07T03:00:53.252209+00:00,729324721842,30663407047,179.1380892729589,170532864
rows10000-full_replay-w4-rep0,2026-10-07T03:00:53.275210+00:00,729347975655,30712691510,211.941426552282,181510144
rows10000-full_replay-w4-rep0,2026-10-07T03:00:53.296315+00:00,729368817833,30755654746,206.13601898995393,177975296
rows10000-full_replay-w4-rep0,2026-10-07T03:00:53.318402+00:00,729389747719,30791304501,170.32942749903177,179896320
rows10000-full_replay-w4-rep0,2026-10-07T03:00:53.338984+00:00,729411777719,30831027806,180.3145937358148,179900416
rows10000-full_replay-w4-rep0,2026-10-07T03:00:53.359572+00:00,729432382167,30866430040,171.81840542391623,169721856
rows10000-full_replay-w4-rep0,2026-10-07T03:00:53.381475+00:00,729453560631,30909005529,201.0319964658438,176349184
rows10000-full_replay-w4-rep0,2026-10-07T03:00:53.405162+00:00,729475144422,30952772331,202.77625001094572,179728384
rows10000-full_replay-w4-rep0,2026-10-07T03:00:53.425790+00:00,729498351584,30995566495,184.40067768734497,179937280
rows10000-full_replay-w4-rep0,2026-10-07T03:00:53.447636+00:00,729520142306,31037373677,191.85771816096778,181542912
rows10000-full_replay-w4-rep0,2026-10-07T03:00:53.468617+00:00,729541184131,31075605162,181.69281894512477,169078784
rows10000-full_replay-w4-rep0,2026-10-07T03:00:53.489488+00:00,729562314124,31116978430,195.803510204665,175190016
rows10000-full_replay-w4-rep0,2026-10-07T03:00:53.511139+00:00,729583565444,31159082923,198.12648343726414,179396608
rows10000-full_replay-w4-rep0,2026-10-07T03:00:53.532063+00:00,729604816194,31200022554,192.65028763690694,181342208
rows10000-full_replay-w4-rep0,2026-10-07T03:00:53.553790+00:00,729625577754,31239407233,189.69999845869,185163776
rows10000-full_replay-w4-rep0,2026-10-07T03:00:53.574598+00:00,729646976518,31278125494,180.93690364546288,180207616
rows10000-full_replay-w4-rep0,2026-10-07T03:00:53.595769+00:00,729668469065,31312138549,158.25511513363213,173199360
rows10000-full_replay-w4-rep0,2026-10-07T03:00:53.617165+00:00,729689816696,31355703871,204.07567472006613,182513664
rows10000-full_replay-w4-rep0,2026-10-07T03:00:53.637841+00:00,729710517730,31395050333,190.07003225056295,179044352
rows10000-full_replay-w4-rep0,2026-10-07T03:00:53.658926+00:00,729731160737,31436880532,202.636171174093,182317056
rows10000-full_replay-w4-rep0,2026-10-07T03:00:53.679479+00:00,729752273373,31477801926,193.82418187856788,174567424
rows10000-full_replay-w4-rep0,2026-10-07T03:00:53.699916+00:00,729772821632,31514375053,177.9864999754967,173498368
rows10000-full_replay-w4-rep0,2026-10-07T03:00:53.722325+00:00,729794278025,31558890038,207.46723365851847,184037376
rows10000-full_replay-w4-rep0,2026-10-07T03:00:53.747449+00:00,729819491513,31596331346,148.49713772247617,179666944
rows10000-full_replay-w4-rep0,2026-10-07T03:00:53.768263+00:00,729840969415,31637933163,193.6959066113627,177668096
rows10000-full_replay-w4-rep0,2026-10-07T03:00:53.789261+00:00,729861865895,31678128096,192.35264982427663,178012160
rows10000-full_replay-w4-rep0,2026-10-07T03:00:53.810195+00:00,729882441553,31720308671,205.00231389926873,181661696
rows10000-full_replay-w4-rep0,2026-10-07T03:00:53.832426+00:00,729903689085,31760819491,190.66129656846735,180060160
rows10000-full_replay-w4-rep0,2026-10-07T03:00:53.853694+00:00,729925891481,31797965842,167.30784821602137,173875200
rows10000-full_replay-w4-rep0,2026-10-07T03:00:53.876691+00:00,729947089881,31838881445,193.0126943542909,173174784
rows10000-full_replay-w4-rep0,2026-10-07T03:00:53.898314+00:00,729970174748,31888734215,215.95433060108167,184700928
rows10000-full_replay-w4-rep0,2026-10-07T03:00:53.919410+00:00,729991967537,31932982685,203.04179515526903,184705024
rows10000-full_replay-w4-rep0,2026-10-07T03:00:53.940621+00:00,730012808944,31966277077,159.7511722697033,174981120
rows10000-full_replay-w4-rep0,2026-10-07T03:00:53.961101+00:00,730033950043,32005813945,187.01425124587894,171212800
rows10000-full_replay-w4-rep0,2026-10-07T03:00:53.982801+00:00,730054631128,32046979780,199.0506542572597,180232192
rows10000-full_replay-w4-rep0,2026-10-07T03:00:54.003801+00:00,730076097663,32091814275,208.85762420437206,184758272
rows10000-full_replay-w4-rep0,2026-10-07T03:00:54.024983+00:00,730096994290,32128702494,176.52714478752958,174645248
rows10000-full_replay-w4-rep0,2026-10-07T03:00:54.046532+00:00,730118193348,32166012729,175.99949488321604,173789184
rows10000-full_replay-w4-rep0,2026-10-07T03:00:54.068790+00:00,730140105306,32208658202,194.62191831510447,178937856
rows10000-full_replay-w4-rep0,2026-10-07T03:00:54.088964+00:00,730161949202,32252821382,202.17629675585346,181149696
rows10000-full_replay-w4-rep0,2026-10-07T03:00:54.111441+00:00,730182370474,32293628384,199.8259559933387,179638272
rows10000-full_replay-w4-rep0,2026-10-07T03:00:54.132154+00:00,730204852672,32334419564,181.43768683115414,178212864
rows10000-full_replay-w4-rep0,2026-10-07T03:00:54.153805+00:00,730225452405,32374365413,193.91440170608035,178884608
rows10000-full_replay-w4-rep0,2026-10-07T03:00:54.176448+00:00,730247956648,32419241174,199.41022233007348,178962432
rows10000-full_replay-w4-rep0,2026-10-07T03:00:54.197097+00:00,730269645681,32459084403,183.70219179435063,169824256
rows10000-full_replay-w4-rep0,2026-10-07T03:00:54.220062+00:00,730290833891,32503350620,208.9190969883723,180793344
rows10000-full_replay-w4-rep0,2026-10-07T03:00:54.240483+00:00,730313275564,32549748286,206.7478035171442,184729600
rows10000-full_replay-w4-rep0,2026-10-07T03:00:54.261485+00:00,730333759108,32586451584,179.18431497986873,179421184
rows10000-full_replay-w4-rep0,2026-10-07T03:00:54.282138+00:00,730354855742,32625403257,184.63453932982864,175927296
rows10000-full_replay-w4-rep0,2026-10-07T03:00:54.303153+00:00,730375969781,32667239679,198.14504463120485,177696768
rows10000-full_replay-w4-rep0,2026-10-07T03:00:54.325213+00:00,730397339324,32711625771,207.70725887774014,186380288
rows10000-full_replay-w4-rep0,2026-10-07T03:00:54.345871+00:00,730418561106,32755981137,209.008677970587,184782848
rows10000-full_replay-w4-rep0,2026-10-07T03:00:54.366509+00:00,730439062746,32787816867,155.28382119674328,173891584
rows10000-full_replay-w4-rep0,2026-10-07T03:00:54.386688+00:00,730459666241,32830804935,208.6445430738814,177958912
rows10000-full_replay-w4-rep0,2026-10-07T03:00:54.408725+00:00,730479854556,32869211414,190.24113206079855,176205824
rows10000-full_replay-w4-rep0,2026-10-07T03:00:54.430568+00:00,730502084114,32915758095,209.39094245598585,181604352
rows10000-full_replay-w4-rep0,2026-10-07T03:00:54.451919+00:00,730523739696,32956038086,186.0028098067279,180006912
rows10000-full_replay-w4-rep0,2026-10-07T03:00:54.473255+00:00,730545517371,32999073955,197.61461680367626,174186496
rows10000-full_replay-w4-rep0,2026-10-07T03:00:54.494189+00:00,730566636171,33041701292,201.84545049908138,180350976
rows10000-full_replay-w4-rep0,2026-10-07T03:00:54.515311+00:00,730588280848,33083593009,193.54281424481408,174739456
rows10000-full_replay-w4-rep0,2026-10-07T03:00:54.533107+00:00,730606062612,33110380651,150.6467074920126,163778560
rows10000-recoverability_v2-w2-rep1,2026-10-07T03:00:54.543929+00:00,730616941925,33121261328,0.0,163782656
rows10000-recoverability_v2-w2-rep1,2026-10-07T03:00:54.565349+00:00,730637295189,33144006347,111.75121100969358,163807232
rows10000-recoverability_v2-w2-rep1,2026-10-07T03:00:54.586258+00:00,730658778114,33168142840,112.35198651952655,163819520
rows10000-recoverability_v2-w2-rep1,2026-10-07T03:00:54.606713+00:00,730679489497,33192710391,118.61859249090223,163819520
rows10000-recoverability_v2-w2-rep1,2026-10-07T03:00:54.627898+00:00,730700465488,33216060528,111.31839730480434,163827712
rows10000-recoverability_v2-w2-rep1,2026-10-07T03:00:54.648748+00:00,730721169172,33239772687,114.53110953586811,163831808
rows10000-recoverability_v2-w2-rep1,2026-10-07T03:00:54.669437+00:00,730741940597,33263310695,113.3191776683593,163831808
rows10000-recoverability_v2-w2-rep1,2026-10-07T03:00:54.689713+00:00,730762684249,33286716849,112.835261601959,163840000
rows10000-recoverability_v2-w2-rep1,2026-10-07T03:00:54.710438+00:00,730782931239,33311173672,120.792389387262,163844096
rows10000-recoverability_v2-w2-rep1,2026-10-07T03:00:54.732265+00:00,730803799455,33334728242,112.87294515257078,163852288
rows10000-recoverability_v2-w2-rep1,2026-10-07T03:00:54.753052+00:00,730825591883,33358952996,111.16133548772078,163856384
rows10000-recoverability_v2-w2-rep1,2026-10-07T03:00:54.758790+00:00,730831774514,33365487275,105.68767568370164,163848192
rows10000-recoverability_v2-w1-rep1,2026-10-07T03:00:54.769110+00:00,730842124656,33375838492,0.0,163848192
rows10000-recoverability_v2-w1-rep1,2026-10-07T03:00:54.789508+00:00,730862460812,33396318057,100.7051922693748,163868672
rows10000-recoverability_v2-w1-rep1,2026-10-07T03:00:54.825259+00:00,730898077874,33431974534,100.1106632545941,163876864
rows10000-recoverability_v2-w1-rep1,2026-10-07T03:00:54.847320+00:00,730919142626,33454918690,108.92203240750236,163876864
rows10000-recoverability_v2-w1-rep1,2026-10-07T03:00:54.868306+00:00,730940659095,33476764491,101.53060430129126,163880960
rows10000-recoverability_v2-w1-rep1,2026-10-07T03:00:54.890112+00:00,730961929091,33499611298,107.41331122018076,163880960
rows10000-recoverability_v2-w1-rep1,2026-10-07T03:00:54.910309+00:00,730983277404,33521546025,102.74688683831833,163880960
rows10000-recoverability_v2-w1-rep1,2026-10-07T03:00:54.914733+00:00,730987707530,33525904150,98.37474148590807,163872768
rows10000-target_snapshots-w1-rep0,2026-10-07T03:00:54.924329+00:00,730997344745,33535542607,0.0,163872768
rows10000-target_snapshots-w1-rep0,2026-10-07T03:00:54.945153+00:00,731017690195,33556121717,101.14846316989794,163880960
rows10000-target_snapshots-w1-rep0,2026-10-07T03:00:54.965478+00:00,731038353412,33578099575,106.3622281080434,163885056
rows10000-target_snapshots-w1-rep0,2026-10-07T03:00:54.985894+00:00,731058741215,33598904343,102.04516886885752,163885056
rows10000-target_snapshots-w1-rep0,2026-10-07T03:00:55.006409+00:00,731079137891,33620868008,107.6825704345159,163885056
rows10000-target_snapshots-w1-rep0,2026-10-07T03:00:55.027271+00:00,731099763239,33641801539,101.49419539490921,163885056
rows10000-target_snapshots-w1-rep0,2026-10-07T03:00:55.036099+00:00,731109072649,33651126298,100.16487618441985,163876864
rows10000-target_snapshots-w4-rep1,2026-10-07T03:00:55.045678+00:00,731118693404,33660748048,0.0,163876864
rows10000-target_snapshots-w4-rep1,2026-10-07T03:00:55.067333+00:00,731139112139,33683816635,112.97755223327988,163913728
rows10000-target_snapshots-w4-rep1,2026-10-07T03:00:55.088741+00:00,731160746152,33708970526,116.2701113288598,163913728
rows10000-target_snapshots-w4-rep1,2026-10-07T03:00:55.109314+00:00,731181915252,33730284439,100.68407726355868,163913728
rows10000-target_snapshots-w4-rep1,2026-10-07T03:00:55.129942+00:00,731202769098,33753899417,113.24039699919142,163913728
rows10000-target_snapshots-w4-rep1,2026-10-07T03:00:55.150476+00:00,731223133345,33776838969,112.64620783670519,163913728
rows10000-target_snapshots-w4-rep1,2026-10-07T03:00:55.170828+00:00,731243655401,33800284664,114.24632600164428,163917824
rows10000-target_snapshots-w4-rep1,2026-10-07T03:00:55.191457+00:00,731264361520,33825382758,121.21100047768488,163926016
rows10000-target_snapshots-w4-rep1,2026-10-07T03:00:55.212751+00:00,731284659509,33848771607,115.22741981976638,163954688
rows10000-target_snapshots-w4-rep1,2026-10-07T03:00:55.233518+00:00,731305911723,33872911530,113.58780313429932,163975168
rows10000-target_snapshots-w4-rep1,2026-10-07T03:00:55.254645+00:00,731326960564,33896500452,112.06755754390467,163983360
rows10000-target_snapshots-w4-rep1,2026-10-07T03:00:55.261918+00:00,731334877067,33904841537,105.36325193080833,163954688
rows10000-recoverability_v2-w1-rep0,2026-10-07T03:00:55.271924+00:00,731344937709,33914898724,0.0,163958784
rows10000-recoverability_v2-w1-rep0,2026-10-07T03:00:55.292750+00:00,731365340594,33937131408,108.9683346252258,163971072
rows10000-recoverability_v2-w1-rep0,2026-10-07T03:00:55.314566+00:00,731386227330,33958423002,101.93834977375116,163979264
rows10000-recoverability_v2-w1-rep0,2026-10-07T03:00:55.335797+00:00,731407878804,33980441557,101.69540882066505,163979264
rows10000-recoverability_v2-w1-rep0,2026-10-07T03:00:55.357570+00:00,731429139646,34003054762,106.36081581340946,163979264
rows10000-recoverability_v2-w1-rep0,2026-10-07T03:00:55.377914+00:00,731450785213,34025245437,102.5183355095295,163979264
rows10000-recoverability_v2-w1-rep0,2026-10-07T03:00:55.394779+00:00,731467760537,34042127289,99.44936544362865,163975168
rows10000-recoverability_v2-w4-rep0,2026-10-07T03:00:55.404748+00:00,731477763180,34052131110,0.0,163975168
rows10000-recoverability_v2-w4-rep0,2026-10-07T03:00:55.428130+00:00,731499230881,34077602377,118.64925359264133,164016128
rows10000-recoverability_v2-w4-rep0,2026-10-07T03:00:55.448689+00:00,731521406456,34102575773,112.6166784852253,164016128
rows10000-recoverability_v2-w4-rep0,2026-10-07T03:00:55.474926+00:00,731545868971,34125850531,95.14458345758807,164016128
rows10000-recoverability_v2-w4-rep0,2026-10-07T03:00:55.495589+00:00,731568450444,34148281927,99.33539765098583,164020224
rows10000-recoverability_v2-w4-rep0,2026-10-07T03:00:55.520120+00:00,731589773387,34167692599,91.03186178380723,164020224
rows10000-recoverability_v2-w4-rep0,2026-10-07T03:00:55.542002+00:00,731614958827,34193062826,100.73370566486034,164024320
rows10000-recoverability_v2-w4-rep0,2026-10-07T03:00:55.564463+00:00,731635420226,34215433553,109.33136585626427,164028416
rows10000-recoverability_v2-w4-rep0,2026-10-07T03:00:55.587483+00:00,731657968799,34242145629,118.46459640705423,164028416
rows10000-recoverability_v2-w4-rep0,2026-10-07T03:00:55.608572+00:00,731680936663,34265954261,103.6606277362144,164028416
rows10000-recoverability_v2-w4-rep0,2026-10-07T03:00:55.631221+00:00,731701840151,34289462044,112.45866240122223,164040704
rows10000-recoverability_v2-w4-rep0,2026-10-07T03:00:55.652043+00:00,731724400149,34307765089,81.13052580944378,164040704
rows10000-recoverability_v2-w4-rep0,2026-10-07T03:00:55.674925+00:00,731746838551,34332178578,108.80226230014063,164057088
rows10000-recoverability_v2-w4-rep0,2026-10-07T03:00:55.696760+00:00,731768666091,34357050843,113.94900662190975,164061184
rows10000-recoverability_v2-w4-rep0,2026-10-07T03:00:55.714600+00:00,731787546276,34377374367,107.64472911679626,164044800
rows10000-recoverability_v2-w4-rep2,2026-10-07T03:00:55.725867+00:00,731798881568,34388711077,0.0,164044800
rows10000-recoverability_v2-w4-rep2,2026-10-07T03:00:55.749153+00:00,731820434394,34408834363,93.36727350742775,164089856
rows10000-recoverability_v2-w4-rep2,2026-10-07T03:00:55.769711+00:00,731842417020,34428379468,88.91160228081941,164098048
rows10000-recoverability_v2-w4-rep2,2026-10-07T03:00:55.790691+00:00,731862977691,34450911033,109.58574746903932,164130816
rows10000-recoverability_v2-w4-rep2,2026-10-07T03:00:55.811238+00:00,731884216448,34475033455,113.57737178310389,164143104
rows10000-recoverability_v2-w4-rep2,2026-10-07T03:00:55.832903+00:00,731905014072,34497802189,109.47757301507134,164163584
rows10000-recoverability_v2-w4-rep2,2026-10-07T03:00:55.853539+00:00,731926090680,34522017106,114.89000981562118,164188160
rows10000-recoverability_v2-w4-rep2,2026-10-07T03:00:55.875963+00:00,731946803718,34546466304,118.03772097555172,164216832
rows10000-recoverability_v2-w4-rep2,2026-10-07T03:00:55.896155+00:00,731969142457,34571490373,112.02095606202302,164220928
rows10000-recoverability_v2-w4-rep2,2026-10-07T03:00:55.917058+00:00,731989563409,34595237237,116.28676273270707,164225024
rows10000-recoverability_v2-w4-rep2,2026-10-07T03:00:55.938460+00:00,732010515688,34618659842,111.7902496430102,164225024
rows10000-recoverability_v2-w4-rep2,2026-10-07T03:00:55.958743+00:00,732031647647,34642183334,111.31713817919105,164225024
rows10000-recoverability_v2-w4-rep2,2026-10-07T03:00:55.969177+00:00,732042134867,34655452996,126.53174053753044,164184064
rows10000-recoverability_v2-w4-rep1,2026-10-07T03:00:55.978392+00:00,732051407380,34664726532,0.0,164184064
rows10000-recoverability_v2-w4-rep1,2026-10-07T03:00:55.999350+00:00,732071841151,34687508372,111.4911192848349,164220928
rows10000-recoverability_v2-w4-rep1,2026-10-07T03:00:56.020487+00:00,732092678811,34709742926,106.70369897579671,164220928
rows10000-recoverability_v2-w4-rep1,2026-10-07T03:00:56.041247+00:00,732113944436,34733419355,111.33662424687729,164237312
rows10000-recoverability_v2-w4-rep1,2026-10-07T03:00:56.061831+00:00,732134664826,34756687573,112.29623573687562,164241408
rows10000-recoverability_v2-w4-rep1,2026-10-07T03:00:56.083237+00:00,732155262562,34780961084,117.84552923680545,164245504
rows10000-recoverability_v2-w4-rep1,2026-10-07T03:00:56.103615+00:00,732176438127,34805445009,115.62347923184105,164253696
rows10000-recoverability_v2-w4-rep1,2026-10-07T03:00:56.124452+00:00,732196860153,34828493846,112.86263664535537,164261888
rows10000-recoverability_v2-w4-rep1,2026-10-07T03:00:56.145938+00:00,732217827127,34852037508,112.28926978208682,164282368
rows10000-recoverability_v2-w4-rep1,2026-10-07T03:00:56.166342+00:00,732239151780,34876136247,113.00882129242619,164302848
rows10000-recoverability_v2-w4-rep1,2026-10-07T03:00:56.186939+00:00,732259646007,34900213633,117.48374798424942,164315136
rows10000-recoverability_v2-w4-rep1,2026-10-07T03:00:56.193045+00:00,732266009241,34907168924,109.30434115734232,164294656
rows10000-target_snapshots-w2-rep2,2026-10-07T03:00:56.203162+00:00,732276176305,34917337042,0.0,164298752
rows10000-target_snapshots-w2-rep2,2026-10-07T03:00:56.223912+00:00,732296458778,34939814590,110.82252149429708,164315136
rows10000-target_snapshots-w2-rep2,2026-10-07T03:00:56.244321+00:00,732317205533,34963257923,112.99758926154958,164319232
rows10000-target_snapshots-w2-rep2,2026-10-07T03:00:56.264784+00:00,732337531067,34986319328,113.46026628377882,164323328
rows10000-target_snapshots-w2-rep2,2026-10-07T03:00:56.285826+00:00,732358198121,35009725990,113.25591930035118,164323328
rows10000-target_snapshots-w2-rep2,2026-10-07T03:00:56.306220+00:00,732379044190,35034939397,120.95041515980783,164327424
rows10000-target_snapshots-w2-rep2,2026-10-07T03:00:56.327858+00:00,732399417422,35058011937,113.24928710378403,164335616
rows10000-target_snapshots-w2-rep2,2026-10-07T03:00:56.348775+00:00,732421063224,35082477836,113.02837843568929,164343808
rows10000-target_snapshots-w2-rep2,2026-10-07T03:00:56.371401+00:00,732442278841,35106430635,112.90173177617224,164347904
rows10000-target_snapshots-w2-rep2,2026-10-07T03:00:56.392696+00:00,732464692067,35133019278,118.62925488727058,164352000
rows10000-target_snapshots-w2-rep2,2026-10-07T03:00:56.401096+00:00,732474074538,35143408458,110.72967878078174,164343808
rows10000-full_replay-w4-rep1,2026-10-07T03:00:56.564304+00:00,732637287694,35306616152,0.0,164343808
rows10000-full_replay-w4-rep1,2026-10-07T03:00:56.589512+00:00,732658503720,35340131041,157.96968291799794,168890368
rows10000-full_replay-w4-rep1,2026-10-07T03:00:56.613192+00:00,732683445000,35391406733,205.5856475690101,183578624
rows10000-full_replay-w4-rep1,2026-10-07T03:00:56.644683+00:00,732707704434,35430946514,162.98723622323587,185331712
rows10000-full_replay-w4-rep1,2026-10-07T03:00:56.668708+00:00,732738545843,35465287734,111.34776624505061,185331712
rows10000-full_replay-w4-rep1,2026-10-07T03:00:56.697064+00:00,732764111888,35492094788,104.85412976469375,180318208
rows10000-full_replay-w4-rep1,2026-10-07T03:00:56.718863+00:00,732790548646,35529206621,140.3796675825379,172879872
rows10000-full_replay-w4-rep1,2026-10-07T03:00:56.741821+00:00,732812218575,35574682972,209.85925242302363,180269056
rows10000-full_replay-w4-rep1,2026-10-07T03:00:56.764540+00:00,732836800665,35620340644,185.73551719971735,185425920
rows10000-full_replay-w4-rep1,2026-10-07T03:00:56.786156+00:00,732858073452,35659778881,185.392901268649,180412416
rows10000-full_replay-w4-rep1,2026-10-07T03:00:56.808111+00:00,732879472274,35698482589,180.86840481219014,176254976
rows10000-full_replay-w4-rep1,2026-10-07T03:00:56.831170+00:00,732901788686,35741291701,191.8279336301911,180060160
rows10000-full_replay-w4-rep1,2026-10-07T03:00:56.853863+00:00,732924457560,35786412700,199.04384752414256,182206464
rows10000-full_replay-w4-rep1,2026-10-07T03:00:56.875510+00:00,732947742668,35829754629,186.13582981878375,175353856
rows10000-full_replay-w4-rep1,2026-10-07T03:00:56.897433+00:00,732968962685,35872566462,201.7521145246962,178888704
rows10000-full_replay-w4-rep1,2026-10-07T03:00:56.919644+00:00,732990829270,35916235742,199.70781903072657,179982336
rows10000-full_replay-w4-rep1,2026-10-07T03:00:56.941913+00:00,733012893023,35965349500,222.59929215124916,186933248
rows10000-full_replay-w4-rep1,2026-10-07T03:00:56.963473+00:00,733035114055,36003644502,172.3367393557599,170045440
rows10000-full_replay-w4-rep1,2026-10-07T03:00:56.985802+00:00,733057380702,36052575524,219.75029289322276,184623104
rows10000-full_replay-w4-rep1,2026-10-07T03:00:57.006904+00:00,733079013696,36092861696,186.22559595773012,180006912
rows10000-full_replay-w4-rep1,2026-10-07T03:00:57.029516+00:00,733100716870,36137821281,207.1567273984902,180297728
rows10000-full_replay-w4-rep1,2026-10-07T03:00:57.050425+00:00,733123101090,36178248548,180.60610108370986,172494848
rows10000-full_replay-w4-rep1,2026-10-07T03:00:57.072816+00:00,733144308876,36223869337,215.11339750410534,180019200
rows10000-full_replay-w4-rep1,2026-10-07T03:00:57.093862+00:00,733166517034,36265728435,188.48523141811222,181084160
rows10000-full_replay-w4-rep1,2026-10-07T03:00:57.116733+00:00,733187517104,36306780312,195.48447695650538,180346880
rows10000-full_replay-w4-rep1,2026-10-07T03:00:57.137325+00:00,733210080998,36348169377,183.43050627697505,174714880
rows10000-full_replay-w4-rep1,2026-10-07T03:00:57.159197+00:00,733231144117,36393746965,216.38574989772408,179712000
rows10000-full_replay-w4-rep1,2026-10-07T03:00:57.181573+00:00,733252494819,36436591406,200.66994050125376,183734272
rows10000-full_replay-w4-rep1,2026-10-07T03:00:57.203662+00:00,733274840218,36479206109,190.70907169748904,170074112
rows10000-full_replay-w4-rep1,2026-10-07T03:00:57.225160+00:00,733297878020,36527425833,209.30696426681678,181485568
rows10000-full_replay-w4-rep1,2026-10-07T03:00:57.247682+00:00,733319211317,36568111150,190.71274824514936,180080640
rows10000-full_replay-w4-rep1,2026-10-07T03:00:57.268687+00:00,733340867981,36606421689,176.89954002149176,175538176
rows10000-full_replay-w4-rep1,2026-10-07T03:00:57.291173+00:00,733362817915,36647624381,187.71214528481042,172961792
rows10000-full_replay-w4-rep1,2026-10-07T03:00:57.312121+00:00,733384773012,36695924992,219.99725621799803,184705024
rows10000-full_replay-w4-rep1,2026-10-07T03:00:57.333637+00:00,733405618084,36736491588,194.6100066241076,185446400
rows10000-full_replay-w4-rep1,2026-10-07T03:00:57.355287+00:00,733427109020,36774736377,177.9577632170139,175075328
rows10000-full_replay-w4-rep1,2026-10-07T03:00:57.377498+00:00,733449216380,36815920356,186.2908054150292,171618304
rows10000-full_replay-w4-rep1,2026-10-07T03:00:57.399229+00:00,733471581872,36864253756,216.10702773719441,187080704
rows10000-full_replay-w4-rep1,2026-10-07T03:00:57.422533+00:00,733492624489,36909017337,212.72820296068687,185479168
rows10000-full_replay-w4-rep1,2026-10-07T03:00:57.444402+00:00,733516290823,36950264701,174.28708645791951,165224448
rows10000-full_replay-w4-rep1,2026-10-07T03:00:57.466698+00:00,733537593008,36995359871,211.69269725147913,179204096
rows10000-full_replay-w4-rep1,2026-10-07T03:00:57.488714+00:00,733560708686,37041576464,199.9361342548551,185716736
rows10000-full_replay-w4-rep1,2026-10-07T03:00:57.509902+00:00,733582427948,37087654678,212.1536818332041,180695040
rows10000-full_replay-w4-rep1,2026-10-07T03:00:57.532679+00:00,733603885802,37123495514,167.0289862164222,165957632
rows10000-full_replay-w4-rep1,2026-10-07T03:00:57.554726+00:00,733626104115,37170697156,212.44476122017005,183402496
rows10000-full_replay-w4-rep1,2026-10-07T03:00:57.576907+00:00,733649141041,37219766109,213.00130494841196,185798656
rows10000-full_replay-w4-rep1,2026-10-07T03:00:57.599157+00:00,733670378506,37260270682,190.72225898900834,180740096
rows10000-full_replay-w4-rep1,2026-10-07T03:00:57.619864+00:00,733692455225,37297585026,169.02123907089637,167882752
rows10000-full_replay-w4-rep1,2026-10-07T03:00:57.640961+00:00,733713452499,37345034732,225.9803153495068,184299520
rows10000-full_replay-w4-rep1,2026-10-07T03:00:57.662894+00:00,733734740563,37386954387,196.9162390718104,185704448
rows10000-full_replay-w4-rep1,2026-10-07T03:00:57.683995+00:00,733756681025,37429882339,195.65655454292622,175333376
rows10000-full_replay-w4-rep1,2026-10-07T03:00:57.705289+00:00,733777941322,37469115857,184.53889896270027,173113344
rows10000-full_replay-w4-rep1,2026-10-07T03:00:57.727406+00:00,733798900928,37515523051,221.41253036913002,185790464
rows10000-full_replay-w4-rep1,2026-10-07T03:00:57.748859+00:00,733820942925,37560033595,201.93516948577755,185790464
rows10000-full_replay-w4-rep1,2026-10-07T03:00:57.771827+00:00,733842245225,37600229208,188.6914229918835,170098688
rows10000-full_replay-w4-rep1,2026-10-07T03:00:57.795123+00:00,733865032222,37642837761,186.98625799617213,177307648
rows10000-full_replay-w4-rep1,2026-10-07T03:00:57.816855+00:00,733888503071,37694134141,218.55357682203996,185724928
rows10000-full_replay-w4-rep1,2026-10-07T03:00:57.838177+00:00,733910134296,37729298112,162.5611633183049,185729024
rows10000-full_replay-w4-rep1,2026-10-07T03:00:57.862047+00:00,733934684781,37762151680,133.82044387310475,180379648
rows10000-full_replay-w4-rep1,2026-10-07T03:00:57.882740+00:00,733955407862,37799992322,182.6014288126365,172052480
rows10000-full_replay-w4-rep1,2026-10-07T03:00:57.903656+00:00,733976381466,37842093442,200.73383668348083,182415360
rows10000-full_replay-w4-rep1,2026-10-07T03:00:57.925516+00:00,733998085627,37886973545,206.78110063779937,187416576
rows10000-full_replay-w4-rep1,2026-10-07T03:00:57.947257+00:00,734019868194,37927304401,185.15198874402637,185815040
rows10000-full_replay-w4-rep1,2026-10-07T03:00:57.968887+00:00,734040993265,37964346776,175.3479313749999,174362624
rows10000-full_replay-w4-rep1,2026-10-07T03:00:57.990575+00:00,734062642485,38010454108,212.97456444158266,180973568
rows10000-full_replay-w4-rep1,2026-10-07T03:00:58.012497+00:00,734084685216,38055576527,204.70430365456986,187572224
rows10000-full_replay-w4-rep1,2026-10-07T03:00:58.033863+00:00,734105684680,38096019523,192.5906108841635,181014528
rows10000-full_replay-w4-rep1,2026-10-07T03:00:58.055046+00:00,734127490594,38134869446,178.1623233036689,173678592
rows10000-full_replay-w4-rep1,2026-10-07T03:00:58.076804+00:00,734148383491,38180483505,218.32328470293038,180490240
rows10000-full_replay-w4-rep1,2026-10-07T03:00:58.099939+00:00,734170357029,38224980736,202.5037160606544,187297792
rows10000-full_replay-w4-rep1,2026-10-07T03:00:58.123965+00:00,734194510780,38270596841,188.85722967004173,175558656
rows10000-full_replay-w4-rep1,2026-10-07T03:00:58.147891+00:00,734219296187,38314260907,176.168444601293,172494848
rows10000-full_replay-w4-rep1,2026-10-07T03:00:58.169836+00:00,734242063194,38361464306,207.33247457603892,182546432
rows10000-full_replay-w4-rep1,2026-10-07T03:00:58.191349+00:00,734263221084,38406426630,212.50854409395265,185753600
rows10000-full_replay-w4-rep1,2026-10-07T03:00:58.212177+00:00,734284552673,38445777288,184.47129278554917,170229760
rows10000-full_replay-w4-rep1,2026-10-07T03:00:58.233507+00:00,734305731391,38487948123,199.11892211794878,173932544
rows10000-full_replay-w4-rep1,2026-10-07T03:00:58.256102+00:00,734327070158,38531531742,204.24619191914886,185593856
rows10000-full_replay-w4-rep1,2026-10-07T03:00:58.279531+00:00,734349287031,38578762740,212.59066476186814,179859456
rows10000-full_replay-w4-rep1,2026-10-07T03:00:58.300610+00:00,734372766920,38620614592,178.24552748098597,165208064
rows10000-full_replay-w4-rep1,2026-10-07T03:00:58.323034+00:00,734394439748,38665049418,205.02550936130717,180740096
rows10000-full_replay-w4-rep1,2026-10-07T03:00:58.345029+00:00,734416802884,38706547782,185.5659420932735,185548800
rows10000-full_replay-w4-rep1,2026-10-07T03:00:58.367210+00:00,734438251659,38748082536,193.64627583626572,180527104
rows10000-full_replay-w4-rep1,2026-10-07T03:00:58.388153+00:00,734460545698,38789181002,184.3473315893993,164880384
rows10000-full_replay-w4-rep1,2026-10-07T03:00:58.410302+00:00,734481993286,38833865098,208.3408912927645,179453952
rows10000-full_replay-w4-rep1,2026-10-07T03:00:58.432495+00:00,734503686681,38880306034,214.07869077200687,185556992
rows10000-full_replay-w4-rep1,2026-10-07T03:00:58.455854+00:00,734525725130,38920383369,181.85188531189286,180498432
rows10000-full_replay-w4-rep1,2026-10-07T03:00:58.480126+00:00,734550291807,38965678503,184.37631593397836,168726528
rows10000-full_replay-w4-rep1,2026-10-07T03:00:58.501434+00:00,734573685100,39015089852,211.22015186147584,181968896
rows10000-full_replay-w4-rep1,2026-10-07T03:00:58.523331+00:00,734594648466,39057805895,203.76519209749046,185585664
rows10000-full_replay-w4-rep1,2026-10-07T03:00:58.546837+00:00,734616524829,39099375354,190.01997269838685,175345664
rows10000-full_replay-w4-rep1,2026-10-07T03:00:58.567795+00:00,734640263963,39141151226,175.97892155627918,166109184
rows10000-full_replay-w4-rep1,2026-10-07T03:00:58.590168+00:00,734661345920,39186682564,215.97301426997504,181534720
rows10000-full_replay-w4-rep1,2026-10-07T03:00:58.611506+00:00,734683430889,39230694401,199.28412396684823,185540608
rows10000-full_replay-w4-rep1,2026-10-07T03:00:58.634192+00:00,734704824438,39271253361,189.58500059994722,180523008
rows10000-full_replay-w4-rep1,2026-10-07T03:00:58.655430+00:00,734727664033,39304274340,144.57777819615453,165101568
rows10000-full_replay-w4-rep1,2026-10-07T03:00:58.676232+00:00,734748649869,39348423748,210.3771705830542,182284288
rows10000-full_replay-w4-rep1,2026-10-07T03:00:58.700821+00:00,734772366159,39390603041,177.8494570609484,185638912
rows10000-full_replay-w4-rep1,2026-10-07T03:00:58.731771+00:00,734797339422,39414626653,96.19732911954678,185638912
rows10000-full_replay-w4-rep1,2026-10-07T03:00:58.752963+00:00,734825017186,39463731023,177.41451224166806,174972928
rows10000-full_replay-w4-rep1,2026-10-07T03:00:58.773196+00:00,734846138652,39494573179,146.02279974316176,169119744
rows10000-full_replay-w4-rep1,2026-10-07T03:00:58.786116+00:00,734859071731,39509350398,114.25909483735467,164012032
rows10000-recoverability_v2-w2-rep2,2026-10-07T03:00:58.796528+00:00,734869542255,39519769332,0.0,164016128
rows10000-recoverability_v2-w2-rep2,2026-10-07T03:00:58.817740+00:00,734890055790,39539623450,96.78545409165217,164036608
rows10000-recoverability_v2-w2-rep2,2026-10-07T03:00:58.838438+00:00,734911108772,39559053536,92.2913723101079,164048896
rows10000-recoverability_v2-w2-rep2,2026-10-07T03:00:58.859627+00:00,734932063783,39582475684,111.7734941775979,164052992
rows10000-recoverability_v2-w2-rep2,2026-10-07T03:00:58.880737+00:00,734953348851,39604700200,104.41364810297999,164061184
rows10000-recoverability_v2-w2-rep2,2026-10-07T03:00:58.901067+00:00,734973989297,39627890360,112.35299857377113,164069376
rows10000-recoverability_v2-w2-rep2,2026-10-07T03:00:58.921708+00:00,734994637774,39651353591,113.63177536047816,164073472
rows10000-recoverability_v2-w2-rep2,2026-10-07T03:00:58.942278+00:00,735015155116,39674844185,114.49140926734077,164081664
rows10000-recoverability_v2-w2-rep2,2026-10-07T03:00:58.962936+00:00,735035458924,39699117463,119.55037202873471,164089856
rows10000-recoverability_v2-w2-rep2,2026-10-07T03:00:58.983848+00:00,735056155215,39722576994,113.351377790349,164098048
rows10000-recoverability_v2-w2-rep2,2026-10-07T03:00:59.004485+00:00,735077049037,39746261198,113.35505777736596,164102144
rows10000-recoverability_v2-w2-rep2,2026-10-07T03:00:59.008096+00:00,735081072984,39750758986,111.77552785859257,164093952
rows10000-target_snapshots-w2-rep1,2026-10-07T03:00:59.017973+00:00,735090986872,39760669119,0.0,164093952
rows10000-target_snapshots-w2-rep1,2026-10-07T03:00:59.038671+00:00,735111370573,39783009209,109.59781052518382,164118528
rows10000-target_snapshots-w2-rep1,2026-10-07T03:00:59.059277+00:00,735132117209,39805998630,110.81035498959928,164126720
rows10000-target_snapshots-w2-rep1,2026-10-07T03:00:59.081118+00:00,735152976845,39830353852,116.75765579035033,164130816
rows10000-target_snapshots-w2-rep1,2026-10-07T03:00:59.102603+00:00,735174421637,39854002763,110.27810854961895,164143104
rows10000-target_snapshots-w2-rep1,2026-10-07T03:00:59.126126+00:00,735196508867,39878688975,111.76689879174528,164155392
rows10000-target_snapshots-w2-rep1,2026-10-07T03:00:59.146715+00:00,735219428410,39904470041,112.48507878189369,164159488
rows10000-target_snapshots-w2-rep1,2026-10-07T03:00:59.167178+00:00,735240067277,39927499323,111.58210380443849,164163584
rows10000-target_snapshots-w2-rep1,2026-10-07T03:00:59.187822+00:00,735260350683,39951409772,117.88182418672683,164167680
rows10000-target_snapshots-w2-rep1,2026-10-07T03:00:59.208380+00:00,735281121099,39974484366,111.0935572980339,164171776
rows10000-target_snapshots-w2-rep1,2026-10-07T03:00:59.229355+00:00,735301835855,39997478662,111.00442602365193,164175872
rows10000-target_snapshots-w2-rep1,2026-10-07T03:00:59.248671+00:00,735321641100,40019051173,108.92322210606332,164167680
rows10000-target_snapshots-w1-rep1,2026-10-07T03:00:59.258282+00:00,735331297379,40028703475,0.0,164167680
rows10000-target_snapshots-w1-rep1,2026-10-07T03:00:59.279680+00:00,735352128575,40049697290,100.780651288577,164192256
rows10000-target_snapshots-w1-rep1,2026-10-07T03:00:59.300916+00:00,735372976299,40072228577,108.0755242154971,164204544
rows10000-target_snapshots-w1-rep1,2026-10-07T03:00:59.321532+00:00,735394219527,40093888557,101.96181107692296,164216832
rows10000-target_snapshots-w1-rep1,2026-10-07T03:00:59.341958+00:00,735414745851,40115910202,107.28489426552947,164229120
rows10000-target_snapshots-w1-rep1,2026-10-07T03:00:59.362502+00:00,735435253650,40136263946,99.24879798168492,164237312
rows10000-target_snapshots-w1-rep1,2026-10-07T03:00:59.378690+00:00,735451672047,40152719383,100.22560058695133,164237312
rows10000-full_replay-w2-rep2,2026-10-07T03:00:59.538825+00:00,735611796145,40312739877,0.0,164237312
rows10000-full_replay-w2-rep2,2026-10-07T03:00:59.559335+00:00,735632304953,40344766185,156.1587977224225,173031424
rows10000-full_replay-w2-rep2,2026-10-07T03:00:59.579579+00:00,735652520304,40381756477,182.98120077163142,174977024
rows10000-full_replay-w2-rep2,2026-10-07T03:00:59.599812+00:00,735672754829,40416752078,172.94995064129253,164610048
rows10000-full_replay-w2-rep2,2026-10-07T03:00:59.620605+00:00,735693054334,40450071128,164.1372535931295,175013888
rows10000-full_replay-w2-rep2,2026-10-07T03:00:59.640791+00:00,735713773689,40480375390,146.2606437314289,175013888
rows10000-full_replay-w2-rep2,2026-10-07T03:00:59.661305+00:00,735733952424,40509937410,146.5008584532182,164610048
rows10000-full_replay-w2-rep2,2026-10-07T03:00:59.682215+00:00,735755216398,40546245250,170.74813955284182,174977024
rows10000-full_replay-w2-rep2,2026-10-07T03:00:59.702985+00:00,735775380824,40576743412,151.24736007858593,174977024
rows10000-full_replay-w2-rep2,2026-10-07T03:00:59.723259+00:00,735796222894,40610217749,160.60946441500292,168845312
rows10000-full_replay-w2-rep2,2026-10-07T03:00:59.743891+00:00,735816828901,40643689707,162.43786581262444,175017984
rows10000-full_replay-w2-rep2,2026-10-07T03:00:59.764619+00:00,735837590067,40675426564,152.8664478671381,175017984
rows10000-full_replay-w2-rep2,2026-10-07T03:00:59.784787+00:00,735857785447,40705523798,149.0302930670282,165601280
rows10000-full_replay-w2-rep2,2026-10-07T03:00:59.805209+00:00,735878102565,40737532157,157.5437963199308,174981120
rows10000-full_replay-w2-rep2,2026-10-07T03:00:59.825941+00:00,735898508240,40777850134,197.58217750699254,164614144
rows10000-full_replay-w2-rep2,2026-10-07T03:00:59.847069+00:00,735919106213,40808924915,150.86329611170964,176582656
rows10000-full_replay-w2-rep2,2026-10-07T03:00:59.867578+00:00,735940233080,40844151611,166.73885436965168,174981120
rows10000-full_replay-w2-rep2,2026-10-07T03:00:59.888888+00:00,735961437006,40876602227,153.0406020092694,164614144
rows10000-full_replay-w2-rep2,2026-10-07T03:00:59.909050+00:00,735982045938,40910611988,165.0243738976867,175017984
rows10000-full_replay-w2-rep2,2026-10-07T03:00:59.929699+00:00,736002504022,40946332435,174.60309088573496,175017984
rows10000-full_replay-w2-rep2,2026-10-07T03:00:59.950295+00:00,736023279519,40977708647,151.0250849835265,168824832
rows10000-full_replay-w2-rep2,2026-10-07T03:00:59.971078+00:00,736043463301,41011114064,165.50623168641042,174981120
rows10000-full_replay-w2-rep2,2026-10-07T03:00:59.991306+00:00,736064298532,41043198338,153.9904885143822,174981120
rows10000-full_replay-w2-rep2,2026-10-07T03:01:00.011659+00:00,736084527958,41076364214,163.9486755580707,169889792
rows10000-full_replay-w2-rep2,2026-10-07T03:01:00.031993+00:00,736104943124,41112161062,175.3443885785695,174985216
rows10000-full_replay-w2-rep2,2026-10-07T03:01:00.052592+00:00,736125329637,41142531124,148.97134198477198,169967616
rows10000-full_replay-w2-rep2,2026-10-07T03:01:00.073474+00:00,736145749789,41175265339,160.30348353920186,174198784
rows10000-full_replay-w2-rep2,2026-10-07T03:01:00.093945+00:00,736166895049,41213248420,179.62929280604732,174944256
rows10000-full_replay-w2-rep2,2026-10-07T03:01:00.114657+00:00,736187207434,41243600414,149.42604721208266,164909056
rows10000-full_replay-w2-rep2,2026-10-07T03:01:00.135360+00:00,736207987074,41279452144,172.53296977233484,174985216
rows10000-full_replay-w2-rep2,2026-10-07T03:01:00.155536+00:00,736228522538,41313505906,165.8290360519733,174985216
rows10000-full_replay-w2-rep2,2026-10-07T03:01:00.175712+00:00,736248706503,41343826578,150.2215843121012,166211584
rows10000-full_replay-w2-rep2,2026-10-07T03:01:00.196212+00:00,736268958562,41379490962,176.10250888563974,175022080
rows10000-full_replay-w2-rep2,2026-10-07T03:01:00.216496+00:00,736289462925,41411698175,157.07492595600263,175022080
rows10000-full_replay-w2-rep2,2026-10-07T03:01:00.237034+00:00,736309855271,41441674505,146.99794717096307,170164224
rows10000-full_replay-w2-rep2,2026-10-07T03:01:00.257335+00:00,736330224068,41479781910,187.08716572706774,175026176
rows10000-full_replay-w2-rep2,2026-10-07T03:01:00.279621+00:00,736352522105,41512624090,147.28731502239413,169967616
rows10000-full_replay-w2-rep2,2026-10-07T03:01:00.299814+00:00,736372792086,41544664401,158.0677899994085,175816704
rows10000-full_replay-w2-rep2,2026-10-07T03:01:00.320197+00:00,736393061015,41581734125,182.88940673678417,174952448
rows10000-full_replay-w2-rep2,2026-10-07T03:01:00.340597+00:00,736413364039,41615892713,168.2438438727157,165150720
rows10000-full_replay-w2-rep2,2026-10-07T03:01:00.361596+00:00,736434026300,41651819379,173.8757728401553,174989312
rows10000-full_replay-w2-rep2,2026-10-07T03:01:00.381852+00:00,736454847783,41684742172,158.11934721460523,174989312
rows10000-full_replay-w2-rep2,2026-10-07T03:01:00.402259+00:00,736475047435,41719693864,173.0311591506626,166219776
rows10000-full_replay-w2-rep2,2026-10-07T03:01:00.422804+00:00,736495509116,41748877478,142.62569140824743,175030272
rows10000-full_replay-w2-rep2,2026-10-07T03:01:00.443240+00:00,736516126290,41787841431,188.98784576392478,175030272
rows10000-full_replay-w2-rep2,2026-10-07T03:01:00.464022+00:00,736536693821,41818438241,148.76267841774495,170131456
rows10000-full_replay-w2-rep2,2026-10-07T03:01:00.484194+00:00,736557181270,41853869917,172.94332740010725,174989312
rows10000-full_replay-w2-rep2,2026-10-07T03:01:00.504616+00:00,736577505599,41886360490,159.86049527145522,169971712
rows10000-full_replay-w2-rep2,2026-10-07T03:01:00.526060+00:00,736599033290,41918407346,148.8634150313659,175833088
rows10000-full_replay-w2-rep2,2026-10-07T03:01:00.546342+00:00,736619315083,41953156464,171.33158789264834,175030272
rows10000-full_replay-w2-rep2,2026-10-07T03:01:00.567601+00:00,736639508684,41982855936,147.07367942943907,164298752
rows10000-full_replay-w2-rep2,2026-10-07T03:01:00.588956+00:00,736661900238,42018864700,160.81404622475063,176787456
rows10000-full_replay-w2-rep2,2026-10-07T03:01:00.609303+00:00,736682255018,42051464481,160.15786463916584,175185920
rows10000-full_replay-w2-rep2,2026-10-07T03:01:00.629772+00:00,736702661342,42081194229,145.68889526599696,170229760
rows10000-full_replay-w2-rep2,2026-10-07T03:01:00.649996+00:00,736722974460,42116835459,175.45917864505094,174530560
rows10000-full_replay-w2-rep2,2026-10-07T03:01:00.670393+00:00,736743162688,42149664467,162.61460887008013,175263744
rows10000-full_replay-w2-rep2,2026-10-07T03:01:00.690563+00:00,736763547911,42184161316,169.2247811073737,166531072
rows10000-full_replay-w2-rep2,2026-10-07T03:01:00.711042+00:00,736783718192,42218033160,167.92946017955822,175263744
rows10000-full_replay-w2-rep2,2026-10-07T03:01:00.731839+00:00,736804477185,42250738677,157.54866818443458,175263744
rows10000-full_replay-w2-rep2,2026-10-07T03:01:00.752441+00:00,736825284792,42284314050,161.36104935084558,167743488
rows10000-full_replay-w2-rep2,2026-10-07T03:01:00.772922+00:00,736845777280,42316935205,159.18591729808503,175230976
rows10000-full_replay-w2-rep2,2026-10-07T03:01:00.793831+00:00,736866774450,42350550750,160.09559859733477,175230976
rows10000-full_replay-w2-rep2,2026-10-07T03:01:00.814134+00:00,736887049203,42381650581,153.39191061908375,170139648
rows10000-full_replay-w2-rep2,2026-10-07T03:01:00.834672+00:00,736907356073,42417122753,174.68064748530915,175267840
rows10000-full_replay-w2-rep2,2026-10-07T03:01:00.857107+00:00,736928667962,42450901124,158.49543416822414,170213376
rows10000-full_replay-w2-rep2,2026-10-07T03:01:00.877575+00:00,736950558010,42484667103,154.2526494231534,175992832
rows10000-full_replay-w2-rep2,2026-10-07T03:01:00.898082+00:00,736971077524,42518894596,166.8045987833825,175194112
rows10000-full_replay-w2-rep2,2026-10-07T03:01:00.918725+00:00,736991694937,42550162862,151.65950257677818,170176512
rows10000-full_replay-w2-rep2,2026-10-07T03:01:00.939388+00:00,737012364092,42585609497,171.4953272158441,176603136
rows10000-full_replay-w2-rep2,2026-10-07T03:01:00.960014+00:00,737032687052,42623361444,185.76008120864284,175001600
rows10000-full_replay-w2-rep2,2026-10-07T03:01:00.980860+00:00,737053819533,42655491493,152.0410641798282,170082304
rows10000-full_replay-w2-rep2,2026-10-07T03:01:01.001280+00:00,737074214314,42690463047,171.47305479769554,175005696
rows10000-full_replay-w2-rep2,2026-10-07T03:01:01.021444+00:00,737094448030,42720985945,150.85166758295907,175005696
rows10000-full_replay-w2-rep2,2026-10-07T03:01:01.042000+00:00,737114637929,42753052285,158.82367712686428,172474368
rows10000-full_replay-w2-rep2,2026-10-07T03:01:01.062386+00:00,737135338018,42790361704,180.23796419426023,175280128
rows10000-full_replay-w2-rep2,2026-10-07T03:01:01.082648+00:00,737155593370,42820828432,150.41322411972894,170225664
rows10000-full_replay-w2-rep2,2026-10-07T03:01:01.102821+00:00,737175806996,42854361354,165.89266072301922,173547520
rows10000-full_replay-w2-rep2,2026-10-07T03:01:01.123296+00:00,737196058591,42891439834,183.08918383959386,175009792
rows10000-full_replay-w2-rep2,2026-10-07T03:01:01.143728+00:00,737216662748,42921389013,145.35503199669853,165228544
rows10000-full_replay-w2-rep2,2026-10-07T03:01:01.164684+00:00,737237039402,42956148210,170.58343828186904,175288320
rows10000-full_replay-w2-rep2,2026-10-07T03:01:01.184842+00:00,737257849720,42987633825,151.29809645388409,175288320
rows10000-full_replay-w2-rep2,2026-10-07T03:01:01.205021+00:00,737278004328,43016729993,144.36484202520833,165240832
rows10000-full_replay-w2-rep2,2026-10-07T03:01:01.225480+00:00,737298371176,43052140795,173.86491026986602,175022080
rows10000-full_replay-w2-rep2,2026-10-07T03:01:01.246005+00:00,737318914141,43086058230,165.1048667998996,175026176
rows10000-full_replay-w2-rep2,2026-10-07T03:01:01.266270+00:00,737339253246,43116888374,151.5806324811244,166010880
rows10000-full_replay-w2-rep2,2026-10-07T03:01:01.287331+00:00,737359790395,43152826780,174.99218611112966,175267840
rows10000-full_replay-w2-rep2,2026-10-07T03:01:01.307910+00:00,737380555611,43187380798,166.4033641643795,175267840
rows10000-full_replay-w2-rep2,2026-10-07T03:01:01.328133+00:00,737401086903,43218624943,152.1781727131444,171593728
rows10000-full_replay-w2-rep2,2026-10-07T03:01:01.349334+00:00,737421444481,43253276215,170.2131363563976,174997504
rows10000-full_replay-w2-rep2,2026-10-07T03:01:01.370092+00:00,737442656047,43285365100,151.28013179224956,170270720
rows10000-full_replay-w2-rep2,2026-10-07T03:01:01.390252+00:00,737463251671,43315663674,147.11170683636485,171769856
rows10000-full_replay-w2-rep2,2026-10-07T03:01:01.410662+00:00,737483537972,43350870177,173.54816434992264,175230976
rows10000-full_replay-w2-rep2,2026-10-07T03:01:01.431268+00:00,737504226348,43382833819,154.50048858354083,170274816
rows10000-full_replay-w2-rep2,2026-10-07T03:01:01.451742+00:00,737524702937,43415760975,160.8039112373648,176877568
rows10000-full_replay-w2-rep2,2026-10-07T03:01:01.471907+00:00,737544912568,43453379344,186.1408008884477,175276032
rows10000-full_replay-w2-rep2,2026-10-07T03:01:01.492118+00:00,737565056592,43482768419,145.89475767105918,165486592
rows10000-full_replay-w2-rep2,2026-10-07T03:01:01.512293+00:00,737585288989,43517439315,171.36326457018416,175251456
rows10000-full_replay-w2-rep2,2026-10-07T03:01:01.532473+00:00,737605462958,43548438844,153.6610321945077,175251456
rows10000-full_replay-w2-rep2,2026-10-07T03:01:01.552753+00:00,737625637376,43578348160,148.25367452979313,166363136
rows10000-full_replay-w2-rep2,2026-10-07T03:01:01.573113+00:00,737646064583,43614234813,175.68066451766998,175292416
rows10000-full_replay-w2-rep2,2026-10-07T03:01:01.593769+00:00,737666638143,43650920011,178.31234847056123,175292416
rows10000-full_replay-w2-rep2,2026-10-07T03:01:01.613936+00:00,737686924063,43681022755,148.3923036273435,168837120
rows10000-full_replay-w2-rep2,2026-10-07T03:01:01.634485+00:00,737707155333,43716434278,175.0336138067457,175259648
rows10000-full_replay-w2-rep2,2026-10-07T03:01:01.655080+00:00,737727651467,43746793778,148.1230557918874,175259648
rows10000-full_replay-w2-rep2,2026-10-07T03:01:01.676253+00:00,737748453800,43780846843,163.69829768612973,169947136
rows10000-full_replay-w2-rep2,2026-10-07T03:01:01.696755+00:00,737769708599,43817124091,170.67791607909348,175300608
rows10000-full_replay-w2-rep2,2026-10-07T03:01:01.717219+00:00,737789934084,43846918914,147.31326838392255,170344448
rows10000-full_replay-w2-rep2,2026-10-07T03:01:01.737423+00:00,737810383556,43878634812,155.0939701523834,175947776
rows10000-full_replay-w2-rep2,2026-10-07T03:01:01.757899+00:00,737830594546,43914058383,175.26885620150225,175087616
rows10000-full_replay-w2-rep2,2026-10-07T03:01:01.778274+00:00,737851087693,43953031242,190.17508145527867,165093376
rows10000-full_replay-w2-rep2,2026-10-07T03:01:01.798539+00:00,737871443245,43986282998,163.35472504012665,175063040
rows10000-full_replay-w2-rep2,2026-10-07T03:01:01.819092+00:00,737891770655,44017567227,153.90169726492456,175063040
rows10000-full_replay-w2-rep2,2026-10-07T03:01:01.841371+00:00,737912405152,44051505967,164.47573207139482,170471424
rows10000-full_replay-w2-rep2,2026-10-07T03:01:01.861761+00:00,737934698958,44087950599,163.47424930494148,175337472
rows10000-full_replay-w2-rep2,2026-10-07T03:01:01.881967+00:00,737954914399,44118778709,152.4978356890656,175337472
rows10000-full_replay-w2-rep2,2026-10-07T03:01:01.902152+00:00,737975121662,44148981483,149.46494238235036,171675648
rows10000-full_replay-w2-rep2,2026-10-07T03:01:01.922299+00:00,737995307570,44182097585,164.0555480585763,175341568
rows10000-full_replay-w2-rep2,2026-10-07T03:01:01.942668+00:00,738015567489,44213535225,155.17159767519308,175341568
rows10000-full_replay-w2-rep2,2026-10-07T03:01:01.963400+00:00,738036241667,44246119419,157.60817189442793,170254336
rows10000-full_replay-w2-rep2,2026-10-07T03:01:01.983876+00:00,738056570669,44281705877,175.05265629862203,175116288
rows10000-full_replay-w2-rep2,2026-10-07T03:01:02.004428+00:00,738077051553,44312316017,149.45712304214993,170061824
rows10000-full_replay-w2-rep2,2026-10-07T03:01:02.025635+00:00,738098569639,44346570602,159.18973927327923,176193536
rows10000-full_replay-w2-rep2,2026-10-07T03:01:02.046195+00:00,738119183340,44379341638,158.97696391346707,175403008
rows10000-full_replay-w2-rep2,2026-10-07T03:01:02.068458+00:00,738139636209,44410840419,154.00666283053005,170348544
rows10000-full_replay-w2-rep2,2026-10-07T03:01:02.088806+00:00,738161802978,44444609549,152.34123656000565,176201728
rows10000-full_replay-w2-rep2,2026-10-07T03:01:02.109070+00:00,738182050704,44477852572,164.1815135190984,175407104
rows10000-full_replay-w2-rep2,2026-10-07T03:01:02.131073+00:00,738202694692,44509570008,153.64006218178386,165064704
rows10000-full_replay-w2-rep2,2026-10-07T03:01:02.151988+00:00,738224552290,44546308933,168.08308488425857,175140864
rows10000-full_replay-w2-rep2,2026-10-07T03:01:02.172349+00:00,738245277436,44581053684,167.6453859480652,175140864
rows10000-full_replay-w2-rep2,2026-10-07T03:01:02.192584+00:00,738265529151,44612399319,154.7801507180997,165928960
rows10000-full_replay-w2-rep2,2026-10-07T03:01:02.213044+00:00,738285747534,44644893864,160.71782298317328,175157248
rows10000-full_replay-w2-rep2,2026-10-07T03:01:02.233212+00:00,738306206328,44679067856,167.03815483942992,175157248
rows10000-full_replay-w2-rep2,2026-10-07T03:01:02.253465+00:00,738326375115,44710942097,158.03747146519024,166817792
rows10000-full_replay-w2-rep2,2026-10-07T03:01:02.273669+00:00,738346634907,44744587947,166.07204062114755,175177728
rows10000-full_replay-w2-rep2,2026-10-07T03:01:02.293806+00:00,738366818221,44775466040,152.9882208640266,175177728
rows10000-full_replay-w2-rep2,2026-10-07T03:01:02.313989+00:00,738386960045,44805071431,146.9846573974631,169590784
rows10000-full_replay-w2-rep2,2026-10-07T03:01:02.334523+00:00,738407311546,44838084502,162.21442831170046,175198208
rows10000-full_replay-w2-rep2,2026-10-07T03:01:02.355078+00:00,738427863808,44874035684,174.92566998221412,175198208
rows10000-full_replay-w2-rep2,2026-10-07T03:01:02.375696+00:00,738448533507,44904958368,149.6039395638998,167510016
rows10000-full_replay-w2-rep2,2026-10-07T03:01:02.396327+00:00,738469030783,44938427243,163.2845018040446,175247360
rows10000-full_replay-w2-rep2,2026-10-07T03:01:02.416587+00:00,738489500949,44969531248,151.94798615702481,175247360
rows10000-full_replay-w2-rep2,2026-10-07T03:01:02.421566+00:00,738494515926,44975614444,121.3005762538891,165097472
rows10000-full_replay-w1-rep2,2026-10-07T03:01:02.583210+00:00,738656178385,45136981649,0.0,165105664
rows10000-full_replay-w1-rep2,2026-10-07T03:01:02.603954+00:00,738676594839,45157513058,100.56305076287978,170151936
rows10000-full_replay-w1-rep2,2026-10-07T03:01:02.624411+00:00,738697168913,45178274331,100.90987813108867,165912576
rows10000-full_replay-w1-rep2,2026-10-07T03:01:02.644640+00:00,738717582442,45198421288,98.69414053787564,170196992
rows10000-full_replay-w1-rep2,2026-10-07T03:01:02.664896+00:00,738737849664,45220434825,108.61644975320249,170196992
rows10000-full_replay-w1-rep2,2026-10-07T03:01:02.685146+00:00,738758112173,45238710580,90.19492600842275,165142528
rows10000-full_replay-w1-rep2,2026-10-07T03:01:02.705431+00:00,738778388275,45258819558,99.1757587331135,170389504
rows10000-full_replay-w1-rep2,2026-10-07T03:01:02.725918+00:00,738798670517,45281635759,112.49348568072504,170426368
rows10000-full_replay-w1-rep2,2026-10-07T03:01:02.746254+00:00,738819177189,45300231969,90.68370528382177,165957632
rows10000-full_replay-w1-rep2,2026-10-07T03:01:02.766715+00:00,738839587120,45323924623,116.08394952437615,170426368
rows10000-full_replay-w1-rep2,2026-10-07T03:01:02.787055+00:00,738859935975,45340491888,81.41620253326293,170426368
rows10000-full_replay-w1-rep2,2026-10-07T03:01:02.807273+00:00,738880242690,45364594511,118.69287080652877,168538112
rows10000-full_replay-w1-rep2,2026-10-07T03:01:02.827605+00:00,738900533258,45384754536,99.3566321061096,170201088
rows10000-full_replay-w1-rep2,2026-10-07T03:01:02.848194+00:00,738920798129,45404963537,99.72430123043961,170164224
rows10000-full_replay-w1-rep2,2026-10-07T03:01:02.868718+00:00,738941555960,45425100785,97.01036683456957,167002112
rows10000-full_replay-w1-rep2,2026-10-07T03:01:02.888985+00:00,738961937214,45445217662,98.70284232756238,170201088
rows10000-full_replay-w1-rep2,2026-10-07T03:01:02.909825+00:00,738982485948,45466659701,104.34725078440356,170201088
rows10000-full_replay-w1-rep2,2026-10-07T03:01:02.930090+00:00,739003055693,45487047242,99.11421361810757,169467904
rows10000-full_replay-w1-rep2,2026-10-07T03:01:02.951058+00:00,739023514565,45510719625,115.70717584038846,165146624
rows10000-full_replay-w1-rep2,2026-10-07T03:01:02.971587+00:00,739044258302,45531335531,99.38376098771403,170201088
rows10000-full_replay-w1-rep2,2026-10-07T03:01:02.992013+00:00,739064985795,45551459517,97.08837436346016,169467904
rows10000-full_replay-w1-rep2,2026-10-07T03:01:03.012251+00:00,739085230388,45572756678,105.19925493192183,165146624
rows10000-full_replay-w1-rep2,2026-10-07T03:01:03.032818+00:00,739105482424,45592885251,99.3903674672512,170201088
rows10000-full_replay-w1-rep2,2026-10-07T03:01:03.053168+00:00,739126041609,45615048028,107.79988117233246,170201088
rows10000-full_replay-w1-rep2,2026-10-07T03:01:03.073398+00:00,739146375650,45633146614,89.00634163174944,165920768
rows10000-full_replay-w1-rep2,2026-10-07T03:01:03.093907+00:00,739166822773,45653313594,98.62991482958263,170201088
rows10000-full_replay-w1-rep2,2026-10-07T03:01:03.114413+00:00,739187326003,45673497632,98.4432111428297,170209280
rows10000-full_replay-w1-rep2,2026-10-07T03:01:03.134853+00:00,739207673410,45693628129,98.93396736006706,165683200
rows10000-full_replay-w1-rep2,2026-10-07T03:01:03.155084+00:00,739228051685,45717717951,118.21325406591087,170209280
rows10000-full_replay-w1-rep2,2026-10-07T03:01:03.175383+00:00,739248331493,45739249841,106.174032811356,170209280
rows10000-full_replay-w1-rep2,2026-10-07T03:01:03.195643+00:00,739268594358,45759373213,99.3115830362587,167391232
rows10000-full_replay-w1-rep2,2026-10-07T03:01:03.216851+00:00,739289135458,45780611692,103.39504213503659,165154816
rows10000-full_replay-w1-rep2,2026-10-07T03:01:03.237112+00:00,739310053962,45799585751,90.70466511371941,170209280
rows10000-full_replay-w1-rep2,2026-10-07T03:01:03.257393+00:00,739330353540,45819782749,99.49466929805142,169476096
rows10000-full_replay-w1-rep2,2026-10-07T03:01:03.278120+00:00,739350824281,45842642351,111.66963618952533,165154816
rows10000-full_replay-w1-rep2,2026-10-07T03:01:03.298639+00:00,739371338648,45864417633,106.1464972328905,170209280
rows10000-full_replay-w1-rep2,2026-10-07T03:01:03.319354+00:00,739392092882,45885250372,100.37826016609431,170209280
rows10000-full_replay-w1-rep2,2026-10-07T03:01:03.340264+00:00,739412572095,45905358041,98.18575059500577,168550400
rows10000-full_replay-w1-rep2,2026-10-07T03:01:03.360814+00:00,739433468458,45925529063,96.52886485557319,170209280
rows10000-full_replay-w1-rep2,2026-10-07T03:01:03.381336+00:00,739454031075,45945721737,98.2008953432338,170209280
rows10000-full_replay-w1-rep2,2026-10-07T03:01:03.401624+00:00,739474566717,45965862730,98.07822419187089,168554496
rows10000-full_replay-w1-rep2,2026-10-07T03:01:03.421856+00:00,739494822635,45986029627,99.56051856055105,170217472
rows10000-full_replay-w1-rep2,2026-10-07T03:01:03.442399+00:00,739515079346,46007385591,105.42661145730914,170217472
rows10000-full_replay-w1-rep2,2026-10-07T03:01:03.462862+00:00,739535690794,46027549799,97.83013789230141,168181760
rows10000-full_replay-w1-rep2,2026-10-07T03:01:03.483512+00:00,739556116720,46051734651,118.40272015085142,165163008
rows10000-full_replay-w1-rep2,2026-10-07T03:01:03.503819+00:00,739576716535,46071744228,97.13474125859868,170217472
rows10000-full_replay-w1-rep2,2026-10-07T03:01:03.524060+00:00,739597025071,46091911158,99.3027266958091,171819008
rows10000-full_replay-w1-rep2,2026-10-07T03:01:03.544356+00:00,739617279261,46114540333,111.7258947407919,165163008
rows10000-full_replay-w1-rep2,2026-10-07T03:01:03.564658+00:00,739637593785,46133409615,92.88567135513487,170217472
rows10000-full_replay-w1-rep2,2026-10-07T03:01:03.584928+00:00,739657871742,46153584116,99.48981053663344,170180608
rows10000-full_replay-w1-rep2,2026-10-07T03:01:03.605225+00:00,739678165078,46173664670,98.95146860033265,165163008
rows10000-full_replay-w1-rep2,2026-10-07T03:01:03.625800+00:00,739698448825,46193780994,99.17459530529541,170217472
rows10000-full_replay-w1-rep2,2026-10-07T03:01:03.646055+00:00,739719022470,46213910221,97.83986746150232,171819008
rows10000-full_replay-w1-rep2,2026-10-07T03:01:03.666379+00:00,739739336029,46234722287,102.45406036431135,165163008
rows10000-full_replay-w1-rep2,2026-10-07T03:01:03.686637+00:00,739759580668,46254155428,95.99154126680155,170217472
rows10000-full_replay-w1-rep2,2026-10-07T03:01:03.707159+00:00,739780122673,46279589630,123.8155769117961,170221568
rows10000-full_replay-w1-rep2,2026-10-07T03:01:03.727514+00:00,739800463237,46299695751,98.8474115073702,165171200
rows10000-full_replay-w1-rep2,2026-10-07T03:01:03.747761+00:00,739820725579,46319763346,99.03887220934283,170225664
rows10000-full_replay-w1-rep2,2026-10-07T03:01:03.768013+00:00,739840980510,46339904014,99.435875639369,171827200
rows10000-full_replay-w1-rep2,2026-10-07T03:01:03.788430+00:00,739861242134,46361294631,105.57207556511759,165367808
rows10000-full_replay-w1-rep2,2026-10-07T03:01:03.808845+00:00,739881750443,46380154025,91.95977103719278,170225664
rows10000-full_replay-w1-rep2,2026-10-07T03:01:03.830438+00:00,739902801596,46401445378,101.14103013739913,170225664
rows10000-full_replay-w1-rep2,2026-10-07T03:01:03.851731+00:00,739924695318,46426182942,112.98930350901504,170225664
rows10000-full_replay-w1-rep2,2026-10-07T03:01:03.872058+00:00,739944934715,46445735718,96.60750268399795,169492480
rows10000-full_replay-w1-rep2,2026-10-07T03:01:03.892584+00:00,739965262408,46465893256,99.16293993617475,170225664
rows10000-full_replay-w1-rep2,2026-10-07T03:01:03.912830+00:00,739985792166,46486043364,98.1507331942247,170225664
rows10000-full_replay-w1-rep2,2026-10-07T03:01:03.933071+00:00,740006037163,46506177312,99.45147435684974,168538112
rows10000-full_replay-w1-rep2,2026-10-07T03:01:03.954459+00:00,740026592351,46528910245,110.59462457847624,165171200
rows10000-full_replay-w1-rep2,2026-10-07T03:01:03.974995+00:00,740047868178,46546486845,82.6130048904797,170229760
rows10000-full_replay-w1-rep2,2026-10-07T03:01:03.995660+00:00,740068627529,46571730421,121.60098839313426,171831296
rows10000-full_replay-w1-rep2,2026-10-07T03:01:04.015904+00:00,740088876143,46591878444,99.50322031917838,165175296
rows10000-full_replay-w1-rep2,2026-10-07T03:01:04.036407+00:00,740109113552,46611953734,99.19891424836055,170196992
rows10000-full_replay-w1-rep2,2026-10-07T03:01:04.056711+00:00,740129666491,46632090294,97.97411455364121,171835392
rows10000-full_replay-w1-rep2,2026-10-07T03:01:04.076961+00:00,740149919818,46652258043,99.57746201401874,165376000
rows10000-full_replay-w1-rep2,2026-10-07T03:01:04.097482+00:00,740170189466,46672343084,99.08924417434383,170233856
rows10000-full_replay-w1-rep2,2026-10-07T03:01:04.117737+00:00,740190702802,46693575162,103.5037792000287,170233856
rows10000-full_replay-w1-rep2,2026-10-07T03:01:04.137975+00:00,740210945503,46713737046,99.60075979979153,168538112
rows10000-full_replay-w1-rep2,2026-10-07T03:01:04.158210+00:00,740231181024,46733879193,99.53856389464842,170196992
rows10000-full_replay-w1-rep2,2026-10-07T03:01:04.179044+00:00,740251759825,46757794713,116.21435087496108,170233856
rows10000-full_replay-w1-rep2,2026-10-07T03:01:04.199278+00:00,740272249624,46778188615,99.53197686321862,168574976
rows10000-full_replay-w1-rep2,2026-10-07T03:01:04.219516+00:00,740292482718,46798328657,99.54009999656998,170233856
rows10000-full_replay-w1-rep2,2026-10-07T03:01:04.239744+00:00,740312715346,46818487190,99.63378459782881,170237952
rows10000-full_replay-w1-rep2,2026-10-07T03:01:04.260227+00:00,740332960977,46839858791,105.56154559964074,169504768
rows10000-full_replay-w1-rep2,2026-10-07T03:01:04.280634+00:00,740353450315,46859997703,98.28971536318059,165183488
rows10000-full_replay-w1-rep2,2026-10-07T03:01:04.300903+00:00,740373869034,46880138412,98.6384552331613,170237952
rows10000-full_replay-w1-rep2,2026-10-07T03:01:04.321346+00:00,740394119276,46902398156,109.92334807653162,170242048
rows10000-full_replay-w1-rep2,2026-10-07T03:01:04.341618+00:00,740414538310,46920375259,88.04090830153865,165187584
rows10000-full_replay-w1-rep2,2026-10-07T03:01:04.361943+00:00,740434833662,46940488005,99.1002570440759,170242048
rows10000-full_replay-w1-rep2,2026-10-07T03:01:04.382835+00:00,740455309792,46961850760,104.33004185849572,170205184
rows10000-full_replay-w1-rep2,2026-10-07T03:01:04.403751+00:00,740476059502,46985997847,116.3731300341065,168583168
rows10000-full_replay-w1-rep2,2026-10-07T03:01:04.424260+00:00,740496970711,47007077304,100.80458284358403,170242048
rows10000-full_replay-w1-rep2,2026-10-07T03:01:04.444510+00:00,740517475996,47026229749,93.40248136029321,170242048
rows10000-full_replay-w1-rep2,2026-10-07T03:01:04.464790+00:00,740537718170,47046364599,99.4698000323483,167120896
rows10000-full_replay-w1-rep2,2026-10-07T03:01:04.485295+00:00,740557996307,47068469416,109.00812535194925,170242048
rows10000-full_replay-w1-rep2,2026-10-07T03:01:04.505611+00:00,740578542713,47086580716,88.14826301008556,170205184
rows10000-full_replay-w1-rep2,2026-10-07T03:01:04.526212+00:00,740599182574,47107985116,103.70418676753685,168583168
rows10000-full_replay-w1-rep2,2026-10-07T03:01:04.546446+00:00,740619414170,47128130401,99.5733851150448,170242048
rows10000-full_replay-w1-rep2,2026-10-07T03:01:04.566907+00:00,740639806817,47148299580,98.90417364651093,170242048
rows10000-full_replay-w1-rep2,2026-10-07T03:01:04.588031+00:00,740660125416,47172414281,118.68289245729984,167043072
rows10000-full_replay-w1-rep2,2026-10-07T03:01:04.608334+00:00,740681235653,47192534329,95.30943683862952,170242048
rows10000-full_replay-w1-rep2,2026-10-07T03:01:04.628841+00:00,740701726010,47212705019,98.43991493169202,170246144
rows10000-full_replay-w1-rep2,2026-10-07T03:01:04.649048+00:00,740722029146,47234023616,105.0014982907074,165191680
rows10000-full_replay-w1-rep2,2026-10-07T03:01:04.669469+00:00,740742366206,47254131921,98.87518156508365,170246144
rows10000-full_replay-w1-rep2,2026-10-07T03:01:04.689718+00:00,740762683171,47274273956,99.13899541589997,170246144
rows10000-full_replay-w1-rep2,2026-10-07T03:01:04.709968+00:00,740782946483,47294418782,99.41526834310206,165965824
rows10000-full_replay-w1-rep2,2026-10-07T03:01:04.730306+00:00,740803213651,47314561581,99.38635235075763,170246144
rows10000-full_replay-w1-rep2,2026-10-07T03:01:04.750643+00:00,740823520805,47334737881,99.35562610102824,170250240
rows10000-full_replay-w1-rep2,2026-10-07T03:01:04.770800+00:00,740843771364,47354878478,99.45699276745891,168591360
rows10000-full_replay-w1-rep2,2026-10-07T03:01:04.791236+00:00,740864137675,47379021370,118.54327472461753,170250240
rows10000-full_replay-w1-rep2,2026-10-07T03:01:04.811489+00:00,740884456954,47400248128,104.46609842800032,170250240
rows10000-full_replay-w1-rep2,2026-10-07T03:01:04.831734+00:00,740904699160,47420422981,99.66726452640587,167772160
rows10000-full_replay-w1-rep2,2026-10-07T03:01:04.854308+00:00,740925500688,47440569227,96.84983718503756,165195776
rows10000-full_replay-w1-rep2,2026-10-07T03:01:04.874700+00:00,740947621048,47460749642,91.2300477930739,170250240
rows10000-full_replay-w1-rep2,2026-10-07T03:01:04.894942+00:00,740967910308,47480863847,99.13720362398628,171851776
rows10000-full_replay-w1-rep2,2026-10-07T03:01:04.915325+00:00,740988275227,47506142027,124.12610136087456,165195776
rows10000-full_replay-w1-rep2,2026-10-07T03:01:04.935736+00:00,741008632332,47526251417,98.78315212305482,170217472
rows10000-full_replay-w1-rep2,2026-10-07T03:01:04.956108+00:00,741029070787,47546421094,98.68493973737252,171855872
rows10000-full_replay-w1-rep2,2026-10-07T03:01:04.976431+00:00,741049325471,47567892379,106.00651681359236,165199872
rows10000-full_replay-w1-rep2,2026-10-07T03:01:04.996982+00:00,741069721274,47588366606,100.3845104799257,170254336
rows10000-full_replay-w1-rep2,2026-10-07T03:01:05.017320+00:00,741090198001,47608943130,100.48736792750131,170254336
rows10000-full_replay-w1-rep2,2026-10-07T03:01:05.037609+00:00,741110543873,47626900903,88.26248882328562,165576704
rows10000-full_replay-w1-rep2,2026-10-07T03:01:05.057874+00:00,741130834181,47647085704,99.48001282188521,170221568
rows10000-full_replay-w1-rep2,2026-10-07T03:01:05.078108+00:00,741151070729,47668766478,107.13672114433746,171859968
rows10000-full_replay-w1-rep2,2026-10-07T03:01:05.098628+00:00,741171307245,47688912111,99.5508960139186,170258432
rows10000-full_replay-w1-rep2,2026-10-07T03:01:05.119235+00:00,741191843787,47709076117,98.1859847680296,170258432
rows10000-full_replay-w1-rep2,2026-10-07T03:01:05.139779+00:00,741212617172,47733305798,116.63809725762074,167063552
rows10000-full_replay-w1-rep2,2026-10-07T03:01:05.160127+00:00,741233098206,47753411270,98.16629375255175,170262528
rows10000-full_replay-w1-rep2,2026-10-07T03:01:05.180679+00:00,741253338313,47773550587,99.50202832425738,170225664
rows10000-full_replay-w1-rep2,2026-10-07T03:01:05.200960+00:00,741273919877,47794828448,103.38311024371131,169984000
rows10000-full_replay-w1-rep2,2026-10-07T03:01:05.221256+00:00,741294184333,47816233365,105.62788855521214,165212160
rows10000-full_replay-w1-rep2,2026-10-07T03:01:05.241518+00:00,741314480759,47835135204,93.12890358134975,170274816
rows10000-full_replay-w1-rep2,2026-10-07T03:01:05.261997+00:00,741334749959,47855304375,99.50649754307027,169508864
rows10000-full_replay-w1-rep2,2026-10-07T03:01:05.282297+00:00,741355230136,47878671523,114.09641625655873,165228544
rows10000-full_replay-w1-rep2,2026-10-07T03:01:05.302594+00:00,741375529401,47895550837,83.1523407374602,170283008
rows10000-full_replay-w1-rep2,2026-10-07T03:01:05.322915+00:00,741395807970,47915737071,99.54466708178471,170295296
rows10000-full_replay-w1-rep2,2026-10-07T03:01:05.343244+00:00,741416125099,47941182601,125.24176029004886,165769216
rows10000-full_replay-w1-rep2,2026-10-07T03:01:05.363780+00:00,741436445689,47961187154,98.44474496065321,170295296
rows10000-full_replay-w1-rep2,2026-10-07T03:01:05.384269+00:00,741457002530,47981387409,98.2653657728831,170258432
rows10000-full_replay-w1-rep2,2026-10-07T03:01:05.404691+00:00,741477502796,48001518990,98.20155992122248,165244928
rows10000-full_replay-w1-rep2,2026-10-07T03:01:05.425147+00:00,741498059242,48021648970,97.92539041038515,170299392
rows10000-full_replay-w1-rep2,2026-10-07T03:01:05.445469+00:00,741518362835,48041833393,99.41305955059285,170303488
rows10000-full_replay-w1-rep2,2026-10-07T03:01:05.466150+00:00,741539120207,48062976716,101.85934423683307,168644608
rows10000-full_replay-w1-rep2,2026-10-07T03:01:05.486633+00:00,741559501523,48083114557,98.80540098588335,170303488
rows10000-full_replay-w1-rep2,2026-10-07T03:01:05.506895+00:00,741579833418,48107172483,118.32603896488743,170319872
rows10000-full_replay-w1-rep2,2026-10-07T03:01:05.527103+00:00,741600079009,48127441045,100.11346174087979,165269504
rows10000-full_replay-w1-rep2,2026-10-07T03:01:05.547327+00:00,741620294789,48147562530,99.53355744868612,170336256
rows10000-full_replay-w1-rep2,2026-10-07T03:01:05.567711+00:00,741640530560,48167704949,99.53867831376428,169615360
rows10000-full_replay-w1-rep2,2026-10-07T03:01:05.587925+00:00,741660908452,48187867748,98.94447865363111,165298176
rows10000-full_replay-w1-rep2,2026-10-07T03:01:05.608239+00:00,741681126337,48208004610,99.59925086130424,170360832
rows10000-full_replay-w1-rep2,2026-10-07T03:01:05.619468+00:00,741692448526,48220394546,109.43057036055484,165285888
rows10000-recoverability_v2-w1-rep2,2026-10-07T03:01:05.629735+00:00,741702748433,48230641875,0.0,165294080
rows10000-recoverability_v2-w1-rep2,2026-10-07T03:01:05.651617+00:00,741723460903,48251340235,99.93187678726873,165322752
rows10000-recoverability_v2-w1-rep2,2026-10-07T03:01:05.672378+00:00,741744802722,48272630183,99.75695136389265,165339136
rows10000-recoverability_v2-w1-rep2,2026-10-07T03:01:05.693001+00:00,741765715903,48295976280,111.63340957073915,165351424
rows10000-recoverability_v2-w1-rep2,2026-10-07T03:01:05.713321+00:00,741786259613,48317168042,103.15450325184692,165355520
rows10000-recoverability_v2-w1-rep2,2026-10-07T03:01:05.734049+00:00,741806784514,48338186004,102.402257628429,165367808
rows10000-recoverability_v2-w1-rep2,2026-10-07T03:01:05.752677+00:00,741825656269,48358419754,107.21710831875467,165371904
rows10000-target_snapshots-w4-rep2,2026-10-07T03:01:05.763527+00:00,741836540968,48369305549,0.0,165371904
rows10000-target_snapshots-w4-rep2,2026-10-07T03:01:05.785345+00:00,741857418100,48392882816,112.93345752663728,165421056
rows10000-target_snapshots-w4-rep2,2026-10-07T03:01:05.806281+00:00,741878769105,48417265837,114.20081162455818,165433344
rows10000-target_snapshots-w4-rep2,2026-10-07T03:01:05.829026+00:00,741901384162,48442990506,113.75018422460752,165441536
rows10000-target_snapshots-w4-rep2,2026-10-07T03:01:05.849636+00:00,741922458864,48467195201,114.85189683820914,165441536
rows10000-target_snapshots-w4-rep2,2026-10-07T03:01:05.870331+00:00,741942933898,48490549201,114.06086065595788,165453824
rows10000-target_snapshots-w4-rep2,2026-10-07T03:01:05.890886+00:00,741963578046,48513634796,111.8263393577686,165462016
rows10000-target_snapshots-w4-rep2,2026-10-07T03:01:05.911264+00:00,741984115421,48536906402,113.31343952184736,165470208
rows10000-target_snapshots-w4-rep2,2026-10-07T03:01:05.931943+00:00,742004631037,48560074299,112.92810803243734,165486592
rows10000-target_snapshots-w4-rep2,2026-10-07T03:01:05.952199+00:00,742025190884,48583408270,113.49292142105921,165498880
rows10000-target_snapshots-w4-rep2,2026-10-07T03:01:05.972822+00:00,742045534910,48602953874,96.07539825204707,165507072
rows10000-target_snapshots-w4-rep2,2026-10-07T03:01:05.988444+00:00,742061407777,48620073726,107.85607918216665,165474304
rows10000-target_snapshots-w1-rep2,2026-10-07T03:01:05.998084+00:00,742071098040,48629764860,0.0,165474304
rows10000-target_snapshots-w1-rep2,2026-10-07T03:01:06.019228+00:00,742092147465,48651139162,101.5434008292388,165523456
rows10000-target_snapshots-w1-rep2,2026-10-07T03:01:06.040617+00:00,742112385541,48671738013,101.782654635747,165548032
rows10000-target_snapshots-w1-rep2,2026-10-07T03:01:06.061340+00:00,742133819553,48694821264,107.69449508566105,165556224
rows10000-target_snapshots-w1-rep2,2026-10-07T03:01:06.081603+00:00,742154529161,48716079002,102.6467425168067,165556224
rows10000-target_snapshots-w1-rep2,2026-10-07T03:01:06.102559+00:00,742174795087,48738194120,109.12463610101014,165556224
rows10000-target_snapshots-w1-rep2,2026-10-07T03:01:06.118597+00:00,742191548433,48754836181,99.33574463274381,165548032
rows10000-full_replay-w1-rep1,2026-10-07T03:01:06.277936+00:00,742350908876,48914189103,0.0,165548032
rows10000-full_replay-w1-rep1,2026-10-07T03:01:06.298334+00:00,742371277635,48931390092,84.44789886315607,170590208
rows10000-full_replay-w1-rep1,2026-10-07T03:01:06.318490+00:00,742391493836,48951227368,98.1256369582,168972288
rows10000-full_replay-w1-rep1,2026-10-07T03:01:06.338783+00:00,742411735945,48971318260,99.25295827623495,170631168
rows10000-full_replay-w1-rep1,2026-10-07T03:01:06.359264+00:00,742432161924,48995436794,118.07773815884174,170631168
rows10000-full_replay-w1-rep1,2026-10-07T03:01:06.379632+00:00,742452426768,49016832088,105.5783799766729,165769216
rows10000-full_replay-w1-rep1,2026-10-07T03:01:06.399961+00:00,742472793580,49036934433,98.70148062445905,170860544
rows10000-full_replay-w1-rep1,2026-10-07T03:01:06.420189+00:00,742493114754,49057053092,99.00342864049095,170860544
rows10000-full_replay-w1-rep1,2026-10-07T03:01:06.440778+00:00,742513775781,49077146676,97.25355859609496,169259008
rows10000-full_replay-w1-rep1,2026-10-07T03:01:06.460954+00:00,742533939185,49097245701,99.68071363347181,170860544
rows10000-full_replay-w1-rep1,2026-10-07T03:01:06.481114+00:00,742554106764,49117378946,99.82975646209195,170860544
rows10000-full_replay-w1-rep1,2026-10-07T03:01:06.501303+00:00,742574298248,49137481981,99.5619489879991,169222144
rows10000-full_replay-w1-rep1,2026-10-07T03:01:06.521693+00:00,742594471688,49157595608,99.70350619428318,170819584
rows10000-full_replay-w1-rep1,2026-10-07T03:01:06.542094+00:00,742615016846,49179451044,106.37755134324107,170860544
rows10000-full_replay-w1-rep1,2026-10-07T03:01:06.562638+00:00,742635619657,49199645008,98.01557661233703,169259008
rows10000-full_replay-w1-rep1,2026-10-07T03:01:06.582831+00:00,742655818094,49219959916,100.57663372665915,170860544
rows10000-full_replay-w1-rep1,2026-10-07T03:01:06.603811+00:00,742676757686,49244470398,117.05329311096415,165863424
rows10000-full_replay-w1-rep1,2026-10-07T03:01:06.624136+00:00,742697064560,49263928131,95.81845536639464,167657472
rows10000-full_replay-w1-rep1,2026-10-07T03:01:06.644317+00:00,742717299425,49284027100,99.32840668815928,170860544
rows10000-full_replay-w1-rep1,2026-10-07T03:01:06.665177+00:00,742737474800,49303437099,96.20638525925789,172462080
rows10000-full_replay-w1-rep1,2026-10-07T03:01:06.685360+00:00,742758346715,49325422456,105.33464226928866,165572608
rows10000-full_replay-w1-rep1,2026-10-07T03:01:06.705526+00:00,742778506311,49347308384,108.56332636824666,170631168
rows10000-full_replay-w1-rep1,2026-10-07T03:01:06.725705+00:00,742798702147,49364806549,86.64243956031332,169893888
rows10000-full_replay-w1-rep1,2026-10-07T03:01:06.746224+00:00,742819186364,49388054249,113.4907914713069,165281792
rows10000-full_replay-w1-rep1,2026-10-07T03:01:06.766466+00:00,742839383039,49408254752,100.01895361488958,170631168
rows10000-full_replay-w1-rep1,2026-10-07T03:01:06.786674+00:00,742859634774,49425567073,85.4856188864806,169893888
rows10000-full_replay-w1-rep1,2026-10-07T03:01:06.806925+00:00,742879892964,49447646718,108.99120306404471,170631168
rows10000-full_replay-w1-rep1,2026-10-07T03:01:06.827151+00:00,742900146595,49462778992,74.7138821675975,166158336
rows10000-full_replay-w1-rep1,2026-10-07T03:01:06.847319+00:00,742920318055,49486878773,119.47464883553297,170631168
rows10000-full_replay-w1-rep1,2026-10-07T03:01:06.867497+00:00,742940478398,49508195241,105.73464945512087,164954112
rows10000-full_replay-w1-rep1,2026-10-07T03:01:06.887648+00:00,742960648470,49528413673,100.23976116694081,170635264
rows10000-full_replay-w1-rep1,2026-10-07T03:01:06.907821+00:00,742980799015,49548395685,99.1636305618533,170635264
rows10000-full_replay-w1-rep1,2026-10-07T03:01:06.930038+00:00,743003044793,49571043979,101.80940401365149,168976384
rows10000-full_replay-w1-rep1,2026-10-07T03:01:06.950247+00:00,743023190026,49588522165,86.76090269097409,170635264
rows10000-full_replay-w1-rep1,2026-10-07T03:01:06.971778+00:00,743044621957,49613271499,115.47878723573719,164958208
rows10000-full_replay-w1-rep1,2026-10-07T03:01:06.992725+00:00,743065724251,49632719729,92.16168630765925,169897984
rows10000-full_replay-w1-rep1,2026-10-07T03:01:07.014281+00:00,743087223206,49652815246,93.47206410730196,170635264
rows10000-full_replay-w1-rep1,2026-10-07T03:01:07.034834+00:00,743107699523,49676601527,116.16484058143854,165285888
rows10000-full_replay-w1-rep1,2026-10-07T03:01:07.055036+00:00,743127997760,49694604834,88.69394420806103,168767488
rows10000-full_replay-w1-rep1,2026-10-07T03:01:07.076906+00:00,743149825551,49717126771,103.18010191686369,170635264
rows10000-full_replay-w1-rep1,2026-10-07T03:01:07.097105+00:00,743170075325,49738756025,106.8123229424684,170635264
rows10000-full_replay-w1-rep1,2026-10-07T03:01:07.117443+00:00,743190368833,49759767111,103.53599781762719,167432192
rows10000-full_replay-w1-rep1,2026-10-07T03:01:07.137834+00:00,743210765649,49780360615,100.96430737032682,170635264
rows10000-full_replay-w1-rep1,2026-10-07T03:01:07.158009+00:00,743230994044,49797705319,85.74434106116674,166350848
rows10000-full_replay-w1-rep1,2026-10-07T03:01:07.178201+00:00,743251188836,49817804023,99.52419415857317,170635264
rows10000-full_replay-w1-rep1,2026-10-07T03:01:07.198384+00:00,743271363594,49839514911,107.61411859314497,170635264
rows10000-full_replay-w1-rep1,2026-10-07T03:01:07.218574+00:00,743291555359,49858038124,91.73647276501089,166137856
rows10000-full_replay-w1-rep1,2026-10-07T03:01:07.239488+00:00,743312463005,49882199206,115.56098663618084,172236800
rows10000-full_replay-w1-rep1,2026-10-07T03:01:07.259759+00:00,743332703374,49902298584,99.30341684976197,170635264
rows10000-full_replay-w1-rep1,2026-10-07T03:01:07.279926+00:00,743352912352,49922411735,99.52581966292408,165285888
rows10000-full_replay-w1-rep1,2026-10-07T03:01:07.300080+00:00,743373078615,49942529712,99.76056049650845,170160128
rows10000-full_replay-w1-rep1,2026-10-07T03:01:07.320378+00:00,743393351441,49962630546,99.15161310021603,170635264
rows10000-full_replay-w1-rep1,2026-10-07T03:01:07.340824+00:00,743413710363,49984458564,107.21598127838007,165285888
rows10000-full_replay-w1-rep1,2026-10-07T03:01:07.361110+00:00,743434013117,50002838583,90.52968380545812,169832448
rows10000-full_replay-w1-rep1,2026-10-07T03:01:07.381309+00:00,743454284280,50022970726,99.31419820362551,170635264
rows10000-full_replay-w1-rep1,2026-10-07T03:01:07.401574+00:00,743474483562,50044110285,104.65500209363877,169897984
rows10000-full_replay-w1-rep1,2026-10-07T03:01:07.422197+00:00,743495096388,50067323540,112.61558701363899,165285888
rows10000-full_replay-w1-rep1,2026-10-07T03:01:07.442660+00:00,743515364357,50084318640,83.85201299646748,170639360
rows10000-full_replay-w1-rep1,2026-10-07T03:01:07.463471+00:00,743536359052,50108525179,115.2983598952021,167436288
rows10000-full_replay-w1-rep1,2026-10-07T03:01:07.483646+00:00,743556636303,50128629110,99.14524902808571,170639360
rows10000-full_replay-w1-rep1,2026-10-07T03:01:07.503801+00:00,743576797598,50148743345,99.76658245415287,170639360
rows10000-full_replay-w1-rep1,2026-10-07T03:01:07.524246+00:00,743597222678,50170015714,104.14827750980658,169644032
rows10000-full_replay-w1-rep1,2026-10-07T03:01:07.544458+00:00,743617412119,50191531899,106.5714746634144,170639360
rows10000-full_replay-w1-rep1,2026-10-07T03:01:07.564657+00:00,743637634439,50210178337,92.20721460247884,170639360
rows10000-full_replay-w1-rep1,2026-10-07T03:01:07.584953+00:00,743657864763,50230293657,99.43152665276146,168636416
rows10000-full_replay-w1-rep1,2026-10-07T03:01:07.605133+00:00,743678106815,50250393602,99.29796149125593,170639360
rows10000-full_replay-w1-rep1,2026-10-07T03:01:07.625305+00:00,743698290749,50270438332,99.31032275472165,170639360
rows10000-full_replay-w1-rep1,2026-10-07T03:01:07.645470+00:00,743718460946,50290565578,99.78705711203514,168980480
rows10000-full_replay-w1-rep1,2026-10-07T03:01:07.665711+00:00,743738643577,50310671731,99.62107021626665,170639360
rows10000-full_replay-w1-rep1,2026-10-07T03:01:07.686016+00:00,743758873431,50334660261,118.5798473879248,170643456
rows10000-full_replay-w1-rep1,2026-10-07T03:01:07.706179+00:00,743779167872,50351932623,85.10883349780366,168640512
rows10000-full_replay-w1-rep1,2026-10-07T03:01:07.726386+00:00,743799343415,50372024953,99.58755509083448,170643456
rows10000-full_replay-w1-rep1,2026-10-07T03:01:07.746632+00:00,743819553433,50392119964,99.43094063548088,170602496
rows10000-full_replay-w1-rep1,2026-10-07T03:01:07.767298+00:00,743840180436,50416272674,117.09267701177917,167403520
rows10000-full_replay-w1-rep1,2026-10-07T03:01:07.788054+00:00,743860807322,50436376093,97.46221024346573,170602496
rows10000-full_replay-w1-rep1,2026-10-07T03:01:07.808396+00:00,743881215679,50457632204,104.15395516650361,170643456
rows10000-full_replay-w1-rep1,2026-10-07T03:01:07.828901+00:00,743901571023,50477761077,98.88741256350175,169906176
rows10000-full_replay-w1-rep1,2026-10-07T03:01:07.849261+00:00,743922062284,50499854202,107.8173031908578,165584896
rows10000-full_replay-w1-rep1,2026-10-07T03:01:07.869450+00:00,743942429078,50517936669,88.78406193925268,170643456
rows10000-full_replay-w1-rep1,2026-10-07T03:01:07.889645+00:00,743962642804,50538109727,99.79880997694339,168984576
rows10000-full_replay-w1-rep1,2026-10-07T03:01:07.909915+00:00,743982882770,50558213058,99.32492475530839,170643456
rows10000-full_replay-w1-rep1,2026-10-07T03:01:07.930077+00:00,744003069652,50578374669,99.87481474355475,170643456
rows10000-full_replay-w1-rep1,2026-10-07T03:01:07.950449+00:00,744023333087,50599627000,104.88019923571694,167440384
rows10000-full_replay-w1-rep1,2026-10-07T03:01:07.970752+00:00,744043636314,50619745385,99.08959299918186,170643456
rows10000-full_replay-w1-rep1,2026-10-07T03:01:07.991253+00:00,744064082320,50643847667,117.88259281543789,170602496
rows10000-full_replay-w1-rep1,2026-10-07T03:01:08.011490+00:00,744084409608,50663986448,99.07264067887462,169906176
rows10000-full_replay-w1-rep1,2026-10-07T03:01:08.032230+00:00,744104972924,50684115936,97.8902818981141,170643456
rows10000-full_replay-w1-rep1,2026-10-07T03:01:08.052609+00:00,744125547597,50704215171,97.68920750283613,170647552
rows10000-full_replay-w1-rep1,2026-10-07T03:01:08.073403+00:00,744146292495,50725629865,103.22872640781362,167407616
rows10000-full_replay-w1-rep1,2026-10-07T03:01:08.095109+00:00,744166684130,50748409254,111.70947793053377,165588992
rows10000-full_replay-w1-rep1,2026-10-07T03:01:08.115274+00:00,744188266281,50769917556,99.65782372665264,170647552
rows10000-full_replay-w1-rep1,2026-10-07T03:01:08.136054+00:00,744209039815,50790049775,96.91282667648171,172212224
rows10000-full_replay-w1-rep1,2026-10-07T03:01:08.156250+00:00,744229206283,50810136485,99.60450188897728,165593088
rows10000-full_replay-w1-rep1,2026-10-07T03:01:08.178171+00:00,744249417274,50831566945,106.03369226179953,170651648
rows10000-full_replay-w1-rep1,2026-10-07T03:01:08.198331+00:00,744271324056,50850190080,85.0108199369492,170070016
rows10000-full_replay-w1-rep1,2026-10-07T03:01:08.218926+00:00,744291523709,50873719095,116.48227323508974,165597184
rows10000-full_replay-w1-rep1,2026-10-07T03:01:08.239393+00:00,744312131552,50895702278,106.67386683798009,170655744
rows10000-full_replay-w1-rep1,2026-10-07T03:01:08.259766+00:00,744332547772,50915911212,98.98469942036283,170659840
rows10000-full_replay-w1-rep1,2026-10-07T03:01:08.279968+00:00,744352929266,50936190757,99.49979623672337,165601280
rows10000-full_replay-w1-rep1,2026-10-07T03:01:08.300124+00:00,744373124734,50956259455,99.37228491065422,170618880
rows10000-full_replay-w1-rep1,2026-10-07T03:01:08.320416+00:00,744393368275,50976370072,99.3433757463677,170618880
rows10000-full_replay-w1-rep1,2026-10-07T03:01:08.340684+00:00,744413648926,50997578302,104.57371412781572,166531072
rows10000-full_replay-w1-rep1,2026-10-07T03:01:08.360894+00:00,744433858203,51017683891,99.48692870111088,170668032
rows10000-full_replay-w1-rep1,2026-10-07T03:01:08.381435+00:00,744454211279,51037777766,98.72647751131082,170672128
rows10000-full_replay-w1-rep1,2026-10-07T03:01:08.401648+00:00,744474631847,51057446508,96.31829046087259,165613568
rows10000-full_replay-w1-rep1,2026-10-07T03:01:08.421864+00:00,744494841489,51076420302,93.88485951408738,170672128
rows10000-full_replay-w1-rep1,2026-10-07T03:01:08.442367+00:00,744515131918,51096597209,99.44051454013122,170672128
rows10000-full_replay-w1-rep1,2026-10-07T03:01:08.462583+00:00,744535541378,51116706113,98.52736917096287,166146048
rows10000-full_replay-w1-rep1,2026-10-07T03:01:08.482765+00:00,744555746433,51136855491,99.72444024527526,170676224
rows10000-full_replay-w1-rep1,2026-10-07T03:01:08.503164+00:00,744576102174,51162186513,124.44165997199512,170680320
rows10000-full_replay-w1-rep1,2026-10-07T03:01:08.523347+00:00,744596322650,51182302178,99.48165908656156,165621760
rows10000-full_replay-w1-rep1,2026-10-07T03:01:08.543505+00:00,744616501930,51202428807,99.73908385234756,170680320
rows10000-full_replay-w1-rep1,2026-10-07T03:01:08.563891+00:00,744636659400,51222540759,99.77418793132273,170639360
rows10000-full_replay-w1-rep1,2026-10-07T03:01:08.584391+00:00,744657379579,51242730853,97.44169681159607,169025536
rows10000-full_replay-w1-rep1,2026-10-07T03:01:08.604607+00:00,744677547675,51262802577,99.52215618172384,170684416
rows10000-full_replay-w1-rep1,2026-10-07T03:01:08.625205+00:00,744698146441,51284027106,103.03786644306751,170643456
rows10000-full_replay-w1-rep1,2026-10-07T03:01:08.645393+00:00,744718369946,51304131017,99.40863861135841,169029632
rows10000-full_replay-w1-rep1,2026-10-07T03:01:08.665598+00:00,744738557219,51324255216,99.68755561982047,170692608
rows10000-full_replay-w1-rep1,2026-10-07T03:01:08.685836+00:00,744758755015,51344399508,99.73509980990005,170692608
rows10000-full_replay-w1-rep1,2026-10-07T03:01:08.705998+00:00,744778994759,51364502439,99.3240378929694,168292352
rows10000-full_replay-w1-rep1,2026-10-07T03:01:08.726244+00:00,744799182822,51387732378,115.06769619254705,165638144
rows10000-full_replay-w1-rep1,2026-10-07T03:01:08.746452+00:00,744819411710,51404651576,83.63879418384244,170659840
rows10000-full_replay-w1-rep1,2026-10-07T03:01:08.767354+00:00,744840332780,51430528099,123.68642234837893,172306432
rows10000-full_replay-w1-rep1,2026-10-07T03:01:08.787594+00:00,744860554764,51450639624,99.45376774108811,165646336
rows10000-full_replay-w1-rep1,2026-10-07T03:01:08.808027+00:00,744880747585,51470775459,99.71779079307443,170704896
rows10000-full_replay-w1-rep1,2026-10-07T03:01:08.828204+00:00,744901185513,51490900417,98.46868038677893,168525824
rows10000-full_replay-w1-rep1,2026-10-07T03:01:08.848635+00:00,744921363586,51511017523,99.6978551916231,170668032
rows10000-full_replay-w1-rep1,2026-10-07T03:01:08.869185+00:00,744941980337,51533079188,107.00844667523026,170708992
rows10000-full_replay-w1-rep1,2026-10-07T03:01:08.889644+00:00,744962426612,51552263473,93.82777547499484,168710144
rows10000-full_replay-w1-rep1,2026-10-07T03:01:08.910149+00:00,744982836885,51572396939,98.64378590134487,170713088
rows10000-full_replay-w1-rep1,2026-10-07T03:01:08.930325+00:00,745003318070,51592530982,98.30506877409681,170713088
rows10000-full_replay-w1-rep1,2026-10-07T03:01:08.950477+00:00,745023474532,51612627849,99.70433799344349,168652800
rows10000-full_replay-w1-rep1,2026-10-07T03:01:08.970877+00:00,745043802516,51632718790,98.83390797631482,170680320
rows10000-full_replay-w1-rep1,2026-10-07T03:01:08.991261+00:00,745064219540,51656851914,118.20098756802167,170729472
rows10000-full_replay-w1-rep1,2026-10-07T03:01:09.011444+00:00,745084419938,51676908540,99.28827144890907,168734720
rows10000-full_replay-w1-rep1,2026-10-07T03:01:09.032919+00:00,745105877000,51697037939,93.81246603099716,170737664
rows10000-full_replay-w1-rep1,2026-10-07T03:01:09.053188+00:00,745126124218,51718481047,105.90644107254636,170745856
rows10000-full_replay-w1-rep1,2026-10-07T03:01:09.073752+00:00,745146735160,51738582149,97.52636245349679,169086976
rows10000-full_replay-w1-rep1,2026-10-07T03:01:09.093917+00:00,745166910335,51758713227,99.78142940519723,170745856
rows10000-full_replay-w1-rep1,2026-10-07T03:01:09.114078+00:00,745187064405,51778804351,99.68767598802624,170704896
rows10000-full_replay-w1-rep1,2026-10-07T03:01:09.134346+00:00,745207293386,51799438084,102.00085214376344,165687296
rows10000-full_replay-w1-rep1,2026-10-07T03:01:09.154514+00:00,745227494973,51822478865,114.05431167363237,170749952
rows10000-full_replay-w1-rep1,2026-10-07T03:01:09.174702+00:00,745247680359,51840055626,87.0766652666439,170749952
rows10000-full_replay-w1-rep1,2026-10-07T03:01:09.195174+00:00,745268156302,51864180803,117.82205586331237,169091072
rows10000-full_replay-w1-rep1,2026-10-07T03:01:09.215365+00:00,745288361614,51884286176,99.5053825449466,170749952
rows10000-full_replay-w1-rep1,2026-10-07T03:01:09.235580+00:00,745308517753,51904883831,102.19047903966131,170758144
rows10000-full_replay-w1-rep1,2026-10-07T03:01:09.255822+00:00,745328812387,51924445235,96.3870745340862,169099264
rows10000-full_replay-w1-rep1,2026-10-07T03:01:09.276006+00:00,745348981093,51944545809,99.66218953263537,170770432
rows10000-full_replay-w1-rep1,2026-10-07T03:01:09.296182+00:00,745369163472,51964646613,99.59581078127609,170774528
rows10000-full_replay-w1-rep1,2026-10-07T03:01:09.316361+00:00,745389355786,51985833634,104.92616646115943,169123840
rows10000-full_replay-w1-rep1,2026-10-07T03:01:09.336793+00:00,745409527330,52007439256,107.10941115861037,170786816
rows10000-full_replay-w1-rep1,2026-10-07T03:01:09.356990+00:00,745429953915,52026077230,91.24371009642581,170786816
rows10000-full_replay-w1-rep1,2026-10-07T03:01:09.377225+00:00,745450162859,52048342216,110.17392101239926,166252544
rows10000-full_replay-w1-rep1,2026-10-07T03:01:09.397397+00:00,745470384084,52066277102,88.6933704560431,170745856
rows10000-full_replay-w1-rep1,2026-10-07T03:01:09.417765+00:00,745490683483,52086386849,99.0657260345491,170790912
rows10000-full_replay-w1-rep1,2026-10-07T03:01:09.437945+00:00,745510928136,52107628969,104.92706395115786,165732352
rows10000-full_replay-w1-rep1,2026-10-07T03:01:09.458285+00:00,745531100452,52127743714,99.7146039155841,170790912
rows10000-full_replay-w1-rep1,2026-10-07T03:01:09.478475+00:00,745551453695,52147855458,98.81346181539718,170803200
rows10000-full_replay-w1-rep1,2026-10-07T03:01:09.498678+00:00,745571649609,52167998170,99.73657047658254,169148416
rows10000-full_replay-w1-rep1,2026-10-07T03:01:09.518879+00:00,745591846658,52191943284,118.55748827464843,170819584
rows10000-full_replay-w1-rep1,2026-10-07T03:01:09.539161+00:00,745612131540,52212177830,99.7518546077813,170782720
rows10000-full_replay-w1-rep1,2026-10-07T03:01:09.559325+00:00,745632318818,52232247745,99.41862890083547,169172992
rows10000-full_replay-w1-rep1,2026-10-07T03:01:09.579526+00:00,745652506776,52252353826,99.59442653883072,170844160
rows10000-full_replay-w1-rep1,2026-10-07T03:01:09.599757+00:00,745672724464,52273638720,105.27857586881349,170852352
rows10000-full_replay-w1-rep1,2026-10-07T03:01:09.619919+00:00,745692910830,52293759940,99.67727722760996,169160704
rows10000-full_replay-w1-rep1,2026-10-07T03:01:09.640192+00:00,745713125170,52314964776,104.89996705309201,170819584
rows10000-full_replay-w1-rep1,2026-10-07T03:01:09.643840+00:00,745716813106,52318596594,98.47833584964599,165777408
rows10000-target_snapshots-w2-rep0,2026-10-07T03:01:09.653196+00:00,745726212158,52327952023,0.0,165781504
rows10000-target_snapshots-w2-rep0,2026-10-07T03:01:09.674869+00:00,745747020765,52350648004,109.07016024667101,165810176
rows10000-target_snapshots-w2-rep0,2026-10-07T03:01:09.695867+00:00,745768261644,52374622637,112.870248919548,165826560
rows10000-target_snapshots-w2-rep0,2026-10-07T03:01:09.716978+00:00,745789707881,52400069210,118.65285737539877,165834752
rows10000-target_snapshots-w2-rep0,2026-10-07T03:01:09.745359+00:00,745810237486,52422312544,108.34759850469602,165838848
rows10000-target_snapshots-w2-rep0,2026-10-07T03:01:09.767494+00:00,745838750240,52452730028,106.68027367682546,165847040
rows10000-target_snapshots-w2-rep0,2026-10-07T03:01:09.788179+00:00,745860887416,52477420004,111.53173286420996,165851136
rows10000-target_snapshots-w2-rep0,2026-10-07T03:01:09.808580+00:00,745881472446,52494600560,83.461408606157,165855232
rows10000-target_snapshots-w2-rep0,2026-10-07T03:01:09.831724+00:00,745904268153,52518670365,105.58920151061777,165863424
rows10000-target_snapshots-w2-rep0,2026-10-07T03:01:09.852868+00:00,745925454576,52542693076,113.38729053035522,165867520
rows10000-target_snapshots-w2-rep0,2026-10-07T03:01:09.866994+00:00,745939937754,52558804182,111.24012975605216,165859328
rows10000-full_replay-w2-rep1,2026-10-07T03:01:10.027628+00:00,746100562195,52719417007,0.0,165859328
rows10000-full_replay-w2-rep1,2026-10-07T03:01:10.048031+00:00,746120980789,52750011987,149.83881848084152,177721344
rows10000-full_replay-w2-rep1,2026-10-07T03:01:10.068712+00:00,746141286701,52784342841,169.0682693788883,176148480
rows10000-full_replay-w2-rep1,2026-10-07T03:01:10.088902+00:00,746161875860,52816395246,155.67612547943313,176316416
rows10000-full_replay-w2-rep1,2026-10-07T03:01:10.109369+00:00,746182111241,52851808473,175.00647504487313,176148480
rows10000-full_replay-w2-rep1,2026-10-07T03:01:10.129584+00:00,746202542775,52883355622,154.40421164656556,175124480
rows10000-full_replay-w2-rep1,2026-10-07T03:01:10.150099+00:00,746223099825,52918695285,171.91018652968202,176148480
rows10000-full_replay-w2-rep1,2026-10-07T03:01:10.170282+00:00,746243253230,52949254287,151.63195499718285,174653440
rows10000-full_replay-w2-rep1,2026-10-07T03:01:10.190831+00:00,746263653496,52983769312,169.18909292653342,176197632
rows10000-full_replay-w2-rep1,2026-10-07T03:01:10.211294+00:00,746283992816,53016464899,160.7506396477365,173199360
rows10000-full_replay-w2-rep1,2026-10-07T03:01:10.231458+00:00,746304460039,53050181387,164.73406284770533,176156672
rows10000-full_replay-w2-rep1,2026-10-07T03:01:10.252575+00:00,746325175661,53082363581,155.3522940320112,170893312
rows10000-full_replay-w2-rep1,2026-10-07T03:01:10.272750+00:00,746345737449,53116697613,166.979797671292,176156672
rows10000-full_replay-w2-rep1,2026-10-07T03:01:10.292938+00:00,746365913871,53148482922,157.53689628418755,171450368
rows10000-full_replay-w2-rep1,2026-10-07T03:01:10.313228+00:00,746386190347,53183924582,174.7920102092691,176156672
rows10000-full_replay-w2-rep1,2026-10-07T03:01:10.333561+00:00,746406546357,53215966214,157.4062500460552,172376064
rows10000-full_replay-w2-rep1,2026-10-07T03:01:10.353878+00:00,746426846898,53250335124,169.300463470407,176201728
rows10000-full_replay-w2-rep1,2026-10-07T03:01:10.374198+00:00,746447084261,53283964955,166.17694212432716,168906752
rows10000-full_replay-w2-rep1,2026-10-07T03:01:10.394998+00:00,746467349559,53316645516,161.2636586937927,176209920
rows10000-full_replay-w2-rep1,2026-10-07T03:01:10.415182+00:00,746488163973,53350293653,161.65786363238476,169332736
rows10000-full_replay-w2-rep1,2026-10-07T03:01:10.435707+00:00,746508425806,53384368522,168.17268704169064,176209920
rows10000-full_replay-w2-rep1,2026-10-07T03:01:10.456028+00:00,746528961932,53419155467,169.39390126453256,169332736
rows10000-full_replay-w2-rep1,2026-10-07T03:01:10.476577+00:00,746549291400,53454078708,171.78630055641398,176189440
rows10000-full_replay-w2-rep1,2026-10-07T03:01:10.497858+00:00,746570613122,53488579106,161.80868505836443,173072384
rows10000-full_replay-w2-rep1,2026-10-07T03:01:10.518303+00:00,746591234527,53522853194,166.20636663699685,176209920
rows10000-full_replay-w2-rep1,2026-10-07T03:01:10.538520+00:00,746611459442,53554070577,154.35112088233745,174510080
rows10000-full_replay-w2-rep1,2026-10-07T03:01:10.559500+00:00,746631988911,53589933313,174.68905795858626,176148480
rows10000-full_replay-w2-rep1,2026-10-07T03:01:10.581447+00:00,746654258515,53625964557,161.79562061364,173047808
rows10000-full_replay-w2-rep1,2026-10-07T03:01:10.602124+00:00,746675089213,53661664393,171.3808917972888,176193536
rows10000-full_replay-w2-rep1,2026-10-07T03:01:10.622566+00:00,746695331430,53693269527,156.13474551725238,171139072
rows10000-full_replay-w2-rep1,2026-10-07T03:01:10.642919+00:00,746715854822,53726783587,163.2968858169254,175423488
rows10000-full_replay-w2-rep1,2026-10-07T03:01:10.663416+00:00,746736158690,53762852042,177.6432697454495,171139072
rows10000-full_replay-w2-rep1,2026-10-07T03:01:10.683981+00:00,746756757876,53796598937,163.826352167508,175484928
rows10000-full_replay-w2-rep1,2026-10-07T03:01:10.704339+00:00,746777227754,53831164773,168.86195413573057,171159552
rows10000-full_replay-w2-rep1,2026-10-07T03:01:10.725850+00:00,746798846717,53864330889,153.4121502497599,175480832
rows10000-full_replay-w2-rep1,2026-10-07T03:01:10.746029+00:00,746819011580,53900458908,179.1632256564302,176218112
rows10000-full_replay-w2-rep1,2026-10-07T03:01:10.766607+00:00,746839519785,53927989226,134.24050520267375,167878656
rows10000-full_replay-w2-rep1,2026-10-07T03:01:10.786892+00:00,746859881934,53962250131,168.25780520513823,176177152
rows10000-full_replay-w2-rep1,2026-10-07T03:01:10.807053+00:00,746880044406,53995313961,163.98698532600565,170692608
rows10000-full_replay-w2-rep1,2026-10-07T03:01:10.827219+00:00,746900217586,54029392213,168.92850804880538,176222208
rows10000-full_replay-w2-rep1,2026-10-07T03:01:10.847724+00:00,746920672634,54062950954,164.06092520535762,172605440
rows10000-full_replay-w2-rep1,2026-10-07T03:01:10.868183+00:00,746940890080,54097657126,171.6644723571909,176222208
rows10000-full_replay-w2-rep1,2026-10-07T03:01:10.889022+00:00,746961979143,54129807294,152.44948530904384,172564480
rows10000-full_replay-w2-rep1,2026-10-07T03:01:10.909509+00:00,746982275540,54164280693,169.84984576326528,176181248
rows10000-full_replay-w2-rep1,2026-10-07T03:01:10.929700+00:00,747002657314,54197115669,161.0996962286011,170057728
rows10000-full_replay-w2-rep1,2026-10-07T03:01:10.950232+00:00,747022999692,54230962220,166.38443647050508,176205824
rows10000-full_replay-w2-rep1,2026-10-07T03:01:10.970519+00:00,747043446743,54266409983,173.3636943537726,171368448
rows10000-full_replay-w2-rep1,2026-10-07T03:01:10.991760+00:00,747063802871,54299580869,162.9528267851332,171233280
rows10000-full_replay-w2-rep1,2026-10-07T03:01:11.011937+00:00,747084919005,54333213813,159.27604929955456,171167744
rows10000-full_replay-w2-rep1,2026-10-07T03:01:11.033519+00:00,747105143468,54367312235,168.59988816513942,171151360
rows10000-full_replay-w2-rep1,2026-10-07T03:01:11.054353+00:00,747127190641,54404420320,168.31221399677864,174411776
rows10000-full_replay-w2-rep1,2026-10-07T03:01:11.075278+00:00,747147721571,54438262901,164.8370580387737,171171840
rows10000-full_replay-w2-rep1,2026-10-07T03:01:11.096080+00:00,747168682704,54473323889,167.26666444986537,172986368
rows10000-full_replay-w2-rep1,2026-10-07T03:01:11.116307+00:00,747189245629,54506481543,161.2496957509693,171700224
rows10000-full_replay-w2-rep1,2026-10-07T03:01:11.136876+00:00,747209691246,54539476250,161.3778982556506,174411776
rows10000-full_replay-w2-rep1,2026-10-07T03:01:11.157038+00:00,747230029992,54570841715,154.21533362971346,171171840
rows10000-full_replay-w2-rep1,2026-10-07T03:01:11.177456+00:00,747250219153,54605248821,170.4236545540451,174411776
rows10000-full_replay-w2-rep1,2026-10-07T03:01:11.197622+00:00,747270622261,54639124834,166.0335915488954,172871680
rows10000-full_replay-w2-rep1,2026-10-07T03:01:11.217832+00:00,747290789922,54672962998,167.7842760248697,174411776
rows10000-full_replay-w2-rep1,2026-10-07T03:01:11.238623+00:00,747311461156,54707614898,167.63343688141694,174575616
rows10000-full_replay-w2-rep1,2026-10-07T03:01:11.258876+00:00,747331847186,54739165873,154.7676276351992,171212800
rows10000-full_replay-w2-rep1,2026-10-07T03:01:11.279069+00:00,747352036444,54775059697,177.78674184063624,174575616
rows10000-full_replay-w2-rep1,2026-10-07T03:01:11.299227+00:00,747372228627,54807507971,160.6972064387491,171544576
rows10000-full_replay-w2-rep1,2026-10-07T03:01:11.319401+00:00,747392396484,54841300827,167.55799091594113,173932544
rows10000-full_replay-w2-rep1,2026-10-07T03:01:11.340425+00:00,747413239600,54875691278,164.99668763538043,174415872
rows10000-full_replay-w2-rep1,2026-10-07T03:01:11.360873+00:00,747433589111,54908859563,162.99303211757766,174915584
rows10000-full_replay-w2-rep1,2026-10-07T03:01:11.381423+00:00,747454404305,54942181020,160.08237540327514,174415872
rows10000-full_replay-w2-rep1,2026-10-07T03:01:11.401916+00:00,747474811771,54977682409,173.96274971130663,175493120
rows10000-full_replay-w2-rep1,2026-10-07T03:01:11.422082+00:00,747495067782,55009923656,159.16878698377485,174415872
rows10000-full_replay-w2-rep1,2026-10-07T03:01:11.442464+00:00,747515380583,55044613455,170.7780182555818,175398912
rows10000-full_replay-w2-rep1,2026-10-07T03:01:11.462647+00:00,747535644947,55077154835,160.58426506748498,174379008
rows10000-full_replay-w2-rep1,2026-10-07T03:01:11.483150+00:00,747555961124,55110883510,166.01880855832275,177840128
rows10000-full_replay-w2-rep1,2026-10-07T03:01:11.503511+00:00,747576344302,55146026260,172.41055344755367,174419968
rows10000-full_replay-w2-rep1,2026-10-07T03:01:11.523901+00:00,747596685765,55178831342,161.27198913863768,177799168
rows10000-full_replay-w2-rep1,2026-10-07T03:01:11.544089+00:00,747617058911,55211934099,162.48230391123687,170979328
rows10000-full_replay-w2-rep1,2026-10-07T03:01:11.564246+00:00,747637240398,55244849288,163.09595521876065,174202880
rows10000-full_replay-w2-rep1,2026-10-07T03:01:11.585885+00:00,747658390766,55280181282,167.05143853761788,170983424
rows10000-full_replay-w2-rep1,2026-10-07T03:01:11.606176+00:00,747679105648,55312537658,156.19869811471773,175509504
rows10000-full_replay-w2-rep1,2026-10-07T03:01:11.626469+00:00,747699333665,55346114742,165.99295917143039,171032576
rows10000-full_replay-w2-rep1,2026-10-07T03:01:11.646850+00:00,747719800384,55381074739,170.8138808179269,175521792
rows10000-full_replay-w2-rep1,2026-10-07T03:01:11.667440+00:00,747740420503,55414432104,161.77096262150573,176259072
rows10000-full_replay-w2-rep1,2026-10-07T03:01:11.688346+00:00,747761228883,55448009292,161.36377747811218,175857664
rows10000-full_replay-w2-rep1,2026-10-07T03:01:11.709141+00:00,747781936077,55482853486,168.27095935837565,176263168
rows10000-full_replay-w2-rep1,2026-10-07T03:01:11.729329+00:00,747802309443,55518317031,174.0681682153062,175525888
rows10000-full_replay-w2-rep1,2026-10-07T03:01:11.761469+00:00,747825093944,55553313487,153.5976407822142,176263168
rows10000-full_replay-w2-rep1,2026-10-07T03:01:11.782511+00:00,747854745750,55586068701,110.46616856996839,176267264
rows10000-full_replay-w2-rep1,2026-10-07T03:01:11.802766+00:00,747875722306,55621011917,166.5822359018325,176271360
rows10000-full_replay-w2-rep1,2026-10-07T03:01:11.823197+00:00,747895966705,55655180944,168.78261982487106,176275456
rows10000-full_replay-w2-rep1,2026-10-07T03:01:11.844050+00:00,747916359211,55688337114,162.5899730028276,176279552
rows10000-full_replay-w2-rep1,2026-10-07T03:01:11.864610+00:00,747937404335,55722286032,161.31488700185372,176287744
rows10000-full_replay-w2-rep1,2026-10-07T03:01:11.885573+00:00,747958317359,55755379542,158.24354239731184,176291840
rows10000-full_replay-w2-rep1,2026-10-07T03:01:11.906009+00:00,747978735461,55788408267,161.76197474182467,176295936
rows10000-full_replay-w2-rep1,2026-10-07T03:01:11.926909+00:00,747999809743,55822727569,162.84921118546293,172838912
rows10000-full_replay-w2-rep1,2026-10-07T03:01:11.947170+00:00,748020156923,55857871311,172.7204556110478,176300032
rows10000-full_replay-w2-rep1,2026-10-07T03:01:11.967343+00:00,748040324056,55890497011,161.77658966200104,171245568
rows10000-full_replay-w2-rep1,2026-10-07T03:01:11.988022+00:00,748060765792,55923846933,163.14623180731812,176271360
rows10000-full_replay-w2-rep1,2026-10-07T03:01:12.008292+00:00,748081190035,55958292016,168.6480277384087,170557440
rows10000-full_replay-w2-rep1,2026-10-07T03:01:12.028636+00:00,748101510158,55992489451,168.29344487727755,176361472
rows10000-full_replay-w2-rep1,2026-10-07T03:01:12.048808+00:00,748121803756,56023597086,153.2879236101947,172953600
rows10000-full_replay-w2-rep1,2026-10-07T03:01:12.068990+00:00,748141980900,56058217037,171.58003630246185,176410624
rows10000-full_replay-w2-rep1,2026-10-07T03:01:12.089384+00:00,748162147300,56091795514,166.50704637416692,169943040
rows10000-full_replay-w2-rep1,2026-10-07T03:01:12.109980+00:00,748182545214,56124850194,162.0493154349018,176386048
rows10000-full_replay-w2-rep1,2026-10-07T03:01:12.130299+00:00,748203282061,56155098802,145.86888739643013,170577920
rows10000-full_replay-w2-rep1,2026-10-07T03:01:12.149962+00:00,748222857249,56177084465,112.31393026723421,166342656
rows10000-full_replay-w4-rep2,2026-10-07T03:01:12.310095+00:00,748383064989,56337295894,0.0,166354944
rows10000-full_replay-w4-rep2,2026-10-07T03:01:12.330494+00:00,748403446717,56369170674,156.3889970467666,170110976
rows10000-full_replay-w4-rep2,2026-10-07T03:01:12.351075+00:00,748423832355,56417261068,235.9033060432055,187863040
rows10000-full_replay-w4-rep2,2026-10-07T03:01:12.374619+00:00,748445299572,56459712876,197.75179987233557,187047936
rows10000-full_replay-w4-rep2,2026-10-07T03:01:12.395501+00:00,748467912093,56499243929,174.81930917830877,176857088
rows10000-full_replay-w4-rep2,2026-10-07T03:01:12.416625+00:00,748489570569,56543241716,203.1435037257469,185700352
rows10000-full_replay-w4-rep2,2026-10-07T03:01:12.438432+00:00,748510077981,56579806128,178.29851957916483,176586752
rows10000-full_replay-w4-rep2,2026-10-07T03:01:12.460209+00:00,748532624173,56628565479,216.26424098579486,183275520
rows10000-full_replay-w4-rep2,2026-10-07T03:01:12.480672+00:00,748553414926,56668266819,190.95672003798995,177401856
rows10000-full_replay-w4-rep2,2026-10-07T03:01:12.501678+00:00,748574517017,56712442690,209.34357168680583,186408960
rows10000-full_replay-w4-rep2,2026-10-07T03:01:12.522784+00:00,748595534500,56754580131,200.4875702766121,187146240
rows10000-full_replay-w4-rep2,2026-10-07T03:01:12.544490+00:00,748616297153,56792404943,182.1771620418643,176250880
rows10000-full_replay-w4-rep2,2026-10-07T03:01:12.566122+00:00,748637661223,56829190461,172.1840360942461,172244992
rows10000-full_replay-w4-rep2,2026-10-07T03:01:12.587913+00:00,748659886034,56881124765,233.67714578090226,185147392
rows10000-full_replay-w4-rep2,2026-10-07T03:01:12.609795+00:00,748681418182,56924490124,201.3982023530583,187150336
rows10000-full_replay-w4-rep2,2026-10-07T03:01:12.631657+00:00,748703872202,56966056839,185.1192570417235,176295936
rows10000-full_replay-w4-rep2,2026-10-07T03:01:12.652073+00:00,748724819058,57004179307,181.99613345315402,177111040
rows10000-full_replay-w4-rep2,2026-10-07T03:01:12.675379+00:00,748747158926,57047785997,195.19672184276112,178905088
rows10000-full_replay-w4-rep2,2026-10-07T03:01:12.696224+00:00,748769049506,57090775702,196.3844950659142,182362112
rows10000-full_replay-w4-rep2,2026-10-07T03:01:12.717070+00:00,748789736402,57133745278,207.71398473700452,176857088
rows10000-full_replay-w4-rep2,2026-10-07T03:01:12.738780+00:00,748810444702,57175738410,202.78406242907434,185528320
rows10000-full_replay-w4-rep2,2026-10-07T03:01:12.760193+00:00,748832941024,57218282430,189.11544740513582,182128640
rows10000-full_replay-w4-rep2,2026-10-07T03:01:12.781261+00:00,748853810018,57257118068,186.09252559083586,176291840
rows10000-full_replay-w4-rep2,2026-10-07T03:01:12.802405+00:00,748874531236,57292945211,172.90075805389432,171716608
rows10000-full_replay-w4-rep2,2026-10-07T03:01:12.823053+00:00,748895857630,57337520662,209.01541535807695,185659392
rows10000-full_replay-w4-rep2,2026-10-07T03:01:12.844950+00:00,748916362437,57380427096,209.2506113322598,187195392
rows10000-full_replay-w4-rep2,2026-10-07T03:01:12.870260+00:00,748941205575,57425612904,181.8844624217762,181358592
rows10000-full_replay-w4-rep2,2026-10-07T03:01:12.891441+00:00,748964147815,57462203594,159.49048567184371,175828992
rows10000-full_replay-w4-rep2,2026-10-07T03:01:12.913685+00:00,748984675045,57502627896,196.93013621418964,180514816
rows10000-full_replay-w4-rep2,2026-10-07T03:01:12.935860+00:00,749008507008,57553929977,215.26586374777438,184262656
rows10000-full_replay-w4-rep2,2026-10-07T03:01:12.957122+00:00,749029243969,57592520673,186.09619799159577,176345088
rows10000-full_replay-w4-rep2,2026-10-07T03:01:12.978327+00:00,749051067961,57637687322,206.9586948162371,185237504
rows10000-full_replay-w4-rep2,2026-10-07T03:01:12.999573+00:00,749071627369,57676500634,188.78613625450694,182177792
rows10000-full_replay-w4-rep2,2026-10-07T03:01:13.020897+00:00,749093140701,57718728702,196.28790184616685,172793856
rows10000-full_replay-w4-rep2,2026-10-07T03:01:13.041577+00:00,749114245267,57759276645,192.12876967003254,172785664
rows10000-full_replay-w4-rep2,2026-10-07T03:01:13.062031+00:00,749134746267,57803325112,214.8600897517194,188805120
rows10000-full_replay-w4-rep2,2026-10-07T03:01:13.082786+00:00,749155529547,57844426106,197.75990122829506,187207680
rows10000-full_replay-w4-rep2,2026-10-07T03:01:13.103740+00:00,749176439275,57883769421,188.15794734393484,171294720
rows10000-full_replay-w4-rep2,2026-10-07T03:01:13.123958+00:00,749196896855,57922100019,187.36623784435892,177385472
rows10000-full_replay-w4-rep2,2026-10-07T03:01:13.145215+00:00,749217759667,57962075859,191.61290433906993,183787520
rows10000-full_replay-w4-rep2,2026-10-07T03:01:13.165889+00:00,749238579555,58005444857,208.30562585158958,185245696
rows10000-full_replay-w4-rep2,2026-10-07T03:01:13.187315+00:00,749259074044,58043633194,186.3346629428038,181411840
rows10000-full_replay-w4-rep2,2026-10-07T03:01:13.212178+00:00,749280484946,58083796759,187.58464729790458,183795712
rows10000-full_replay-w4-rep2,2026-10-07T03:01:13.232961+00:00,749305527499,58128948902,180.30167690969847,182190080
rows10000-full_replay-w4-rep2,2026-10-07T03:01:13.254070+00:00,749326122682,58172388083,210.91913094435722,182190080
rows10000-full_replay-w4-rep2,2026-10-07T03:01:13.275356+00:00,749347358116,58207223417,164.0434285449499,176353280
rows10000-full_replay-w4-rep2,2026-10-07T03:01:13.298281+00:00,749370585680,58258131520,219.17108053173376,183975936
rows10000-full_replay-w4-rep2,2026-10-07T03:01:13.320309+00:00,749392419040,58298552519,185.13412044687578,182116352
rows10000-full_replay-w4-rep2,2026-10-07T03:01:13.341791+00:00,749413874490,58342870044,206.5560265573549,182644736
rows10000-full_replay-w4-rep2,2026-10-07T03:01:13.362331+00:00,749435227407,58383241842,189.0692405164128,178540544
rows10000-full_replay-w4-rep2,2026-10-07T03:01:13.383460+00:00,749455976179,58423817172,195.55533214206605,182149120
rows10000-full_replay-w4-rep2,2026-10-07T03:01:13.404668+00:00,749477205427,58466725674,202.11974536262426,185208832
rows10000-full_replay-w4-rep2,2026-10-07T03:01:13.425767+00:00,749497828907,58507492384,197.67134353659034,182034432
rows10000-full_replay-w4-rep2,2026-10-07T03:01:13.447639+00:00,749519280286,58546619603,182.39955109645865,174465024
rows10000-full_replay-w4-rep2,2026-10-07T03:01:13.468266+00:00,749540793377,58592189527,211.82415860184852,186515456
rows10000-full_replay-w4-rep2,2026-10-07T03:01:13.490013+00:00,749561442175,58631098143,188.4304161433513,182194176
rows10000-full_replay-w4-rep2,2026-10-07T03:01:13.511611+00:00,749583836282,58671139693,178.80395945236842,173146112
rows10000-full_replay-w4-rep2,2026-10-07T03:01:13.532997+00:00,749605371743,58716589770,211.04761583696768,184516608
rows10000-full_replay-w4-rep2,2026-10-07T03:01:13.554177+00:00,749626768380,58756920215,188.48964442402794,182194176
rows10000-full_replay-w4-rep2,2026-10-07T03:01:13.575378+00:00,749648192037,58803025401,215.20689021486854,186515456
rows10000-full_replay-w4-rep2,2026-10-07T03:01:13.597442+00:00,749669664420,58840215480,173.19958851330102,176979968
rows10000-full_replay-w4-rep2,2026-10-07T03:01:13.618076+00:00,749691025865,58880699526,189.51922962140435,179081216
rows10000-full_replay-w4-rep2,2026-10-07T03:01:13.639945+00:00,749711793565,58923842860,207.74247509353467,187252736
rows10000-full_replay-w4-rep2,2026-10-07T03:01:13.660150+00:00,749733131607,58961457094,176.27781405622878,182194176
rows10000-full_replay-w4-rep2,2026-10-07T03:01:13.680919+00:00,749753355748,58998610530,183.70835132132436,180539392
rows10000-full_replay-w4-rep2,2026-10-07T03:01:13.702364+00:00,749775223349,59041182000,194.67828226790857,184168448
rows10000-full_replay-w4-rep2,2026-10-07T03:01:13.725281+00:00,749795734007,59082175642,199.8650750258719,182194176
rows10000-full_replay-w4-rep2,2026-10-07T03:01:13.747357+00:00,749819751698,59129760778,198.12535684633465,182972416
rows10000-full_replay-w4-rep2,2026-10-07T03:01:13.767838+00:00,749840704980,59158886850,139.00482034270334,179138560
rows10000-full_replay-w4-rep2,2026-10-07T03:01:13.790084+00:00,749862237614,59200058548,191.20604567002812,175841280
rows10000-full_replay-w4-rep2,2026-10-07T03:01:13.810488+00:00,749883336865,59242629390,201.76470719268661,182153216
rows10000-full_replay-w4-rep2,2026-10-07T03:01:13.833828+00:00,749904910074,59283354361,188.7756754222332,186474496
rows10000-full_replay-w4-rep2,2026-10-07T03:01:13.857958+00:00,749929925227,59317775520,137.60123314056884,187211776
rows10000-full_replay-w4-rep2,2026-10-07T03:01:13.879761+00:00,749951375654,59348591857,143.66304689412476,187215872
rows10000-full_replay-w4-rep2,2026-10-07T03:01:13.900859+00:00,749973432724,59382787443,155.03231390207313,171925504
rows10000-full_replay-w4-rep2,2026-10-07T03:01:13.923289+00:00,749994815657,59429668572,219.24554971013566,184020992
rows10000-full_replay-w4-rep2,2026-10-07T03:01:13.945538+00:00,750017803106,59462065499,140.93311093370997,181571584
rows10000-full_replay-w4-rep2,2026-10-07T03:01:13.965950+00:00,750038707499,59492065754,143.5117250235393,182165504
rows10000-full_replay-w4-rep2,2026-10-07T03:01:13.989265+00:00,750059451740,59531963670,192.33249363040085,179724288
rows10000-full_replay-w4-rep2,2026-10-07T03:01:14.009919+00:00,750082746527,59577001930,193.3405100463035,180535296
rows10000-full_replay-w4-rep2,2026-10-07T03:01:14.032279+00:00,750104835784,59620992131,199.14749056521003,182202368
rows10000-full_replay-w4-rep2,2026-10-07T03:01:14.054294+00:00,750125434490,59660834841,193.42336358410085,182730752
rows10000-full_replay-w4-rep2,2026-10-07T03:01:14.076566+00:00,750147872389,59702197340,184.34212133676152,171929600
rows10000-full_replay-w4-rep2,2026-10-07T03:01:14.099442+00:00,750170593221,59747403828,198.96493227008588,187236352
rows10000-full_replay-w4-rep2,2026-10-07T03:01:14.120210+00:00,750192625046,59792708579,205.63321921810834,187457536
rows10000-full_replay-w4-rep2,2026-10-07T03:01:14.141238+00:00,750213712560,59835087489,200.96683753239003,182398976
rows10000-full_replay-w4-rep2,2026-10-07T03:01:14.161960+00:00,750234750372,59870450782,168.09396813699067,172462080
rows10000-full_replay-w4-rep2,2026-10-07T03:01:14.182792+00:00,750255442498,59910664266,194.34196370155487,179933184
rows10000-full_replay-w4-rep2,2026-10-07T03:01:14.203636+00:00,750276458299,59952884590,200.89800050923589,185839616
rows10000-full_replay-w4-rep2,2026-10-07T03:01:14.225114+00:00,750297069212,59993708853,198.0711043707768,187498496
rows10000-full_replay-w4-rep2,2026-10-07T03:01:14.246155+00:00,750318687039,60031547011,175.03219911973576,182214656
rows10000-full_replay-w4-rep2,2026-10-07T03:01:14.272949+00:00,750343105910,60058475126,110.27583953410459,172466176
rows10000-full_replay-w4-rep2,2026-10-07T03:01:14.294305+00:00,750366250339,60103662407,195.2404226520343,176504832
rows10000-full_replay-w4-rep2,2026-10-07T03:01:14.315289+00:00,750387890044,60131876233,130.37990120475303,181399552
rows10000-full_replay-w4-rep2,2026-10-07T03:01:14.335955+00:00,750408950792,60157914190,123.63263166151553,184295424
rows10000-full_replay-w4-rep2,2026-10-07T03:01:14.357259+00:00,750429104174,60198282468,200.3052291669954,182280192
rows10000-full_replay-w4-rep2,2026-10-07T03:01:14.379144+00:00,750450445824,60239890941,194.9637118029768,186695680
rows10000-full_replay-w4-rep2,2026-10-07T03:01:14.399981+00:00,750472491888,60277090699,168.73650552769874,177160192
rows10000-full_replay-w4-rep2,2026-10-07T03:01:14.422976+00:00,750493690065,60318475662,195.22887746432158,182751232
rows10000-full_replay-w4-rep2,2026-10-07T03:01:14.443928+00:00,750516313242,60357503180,172.5112171469109,177004544
rows10000-full_replay-w4-rep2,2026-10-07T03:01:14.464180+00:00,750537098176,60400289401,205.85208978772798,183287808
rows10000-full_replay-w4-rep2,2026-10-07T03:01:14.485083+00:00,750557650804,60440252595,194.4432312986933,182472704
rows10000-full_replay-w4-rep2,2026-10-07T03:01:14.506482+00:00,750578593879,60483381114,205.93212314810503,187256832
rows10000-full_replay-w4-rep2,2026-10-07T03:01:14.527724+00:00,750600113882,60520531505,172.6319043728758,176984064
rows10000-full_replay-w4-rep2,2026-10-07T03:01:14.549130+00:00,750621223100,60562706525,199.79432681968606,179441664
rows10000-full_replay-w4-rep2,2026-10-07T03:01:14.570359+00:00,750642290404,60602491626,188.84761429369416,178315264
rows10000-full_replay-w4-rep2,2026-10-07T03:01:14.591388+00:00,750663542509,60646258500,205.94135969119293,185528320
rows10000-full_replay-w4-rep2,2026-10-07T03:01:14.613210+00:00,750684979911,60686997240,190.03580751063026,182083584
rows10000-full_replay-w4-rep2,2026-10-07T03:01:14.636332+00:00,750708140567,60730767312,188.9845952549876,177152000
rows10000-full_replay-w4-rep2,2026-10-07T03:01:14.657212+00:00,750729545970,60769247047,179.7664589636551,178462720
rows10000-full_replay-w4-rep2,2026-10-07T03:01:14.678843+00:00,750751457211,60810121267,186.5445229688268,178610176
rows10000-full_replay-w4-rep2,2026-10-07T03:01:14.699921+00:00,750772028041,60847703620,182.69730973422074,178315264
rows10000-full_replay-w4-rep2,2026-10-07T03:01:14.721224+00:00,750793148788,60891416474,206.9664202691316,182239232
rows10000-full_replay-w4-rep2,2026-10-07T03:01:14.742088+00:00,750814554974,60930963171,184.7442463594402,185008128
rows10000-full_replay-w4-rep2,2026-10-07T03:01:14.762783+00:00,750835573745,60968767772,179.86113935967046,182284288
rows10000-full_replay-w4-rep2,2026-10-07T03:01:14.783723+00:00,750856569544,61010819967,200.2886148795766,181395456
rows10000-full_replay-w4-rep2,2026-10-07T03:01:14.804034+00:00,750877016465,61033762134,112.20352932355928,172019712
rows10000-full_replay-w4-rep2,2026-10-07T03:01:14.807140+00:00,750880082547,61037710751,128.78380291198997,166236160
rows10000-recoverability_v2-w2-rep0,2026-10-07T03:01:14.816762+00:00,750889777525,61047376628,0.0,166244352
rows10000-recoverability_v2-w2-rep0,2026-10-07T03:01:14.839123+00:00,750911214626,61071497496,112.51926274919356,166273024
rows10000-recoverability_v2-w2-rep0,2026-10-07T03:01:14.859517+00:00,750932364352,61095474461,113.36773346378105,166277120
rows10000-recoverability_v2-w2-rep0,2026-10-07T03:01:14.882793+00:00,750954210191,61119227082,108.72835325757,166281216
rows10000-recoverability_v2-w2-rep0,2026-10-07T03:01:14.903482+00:00,750976073209,61143831882,112.54072973822736,166285312
rows10000-recoverability_v2-w2-rep0,2026-10-07T03:01:14.925991+00:00,750998514393,61170743468,119.92052647489544,166297600
rows10000-recoverability_v2-w2-rep0,2026-10-07T03:01:14.947623+00:00,751019197014,61194292296,113.85804536088536,166301696
rows10000-recoverability_v2-w2-rep0,2026-10-07T03:01:14.968467+00:00,751040958693,61219348854,115.14073891081658,166305792
rows10000-recoverability_v2-w2-rep0,2026-10-07T03:01:14.990680+00:00,751061992390,61243040324,112.6357862814131,166309888
rows10000-recoverability_v2-w2-rep0,2026-10-07T03:01:15.011515+00:00,751084268715,61269278924,117.78693298827342,166318080
rows10000-recoverability_v2-w2-rep0,2026-10-07T03:01:15.018056+00:00,751091038695,61276842456,111.72162990141773,166309888
