case_id,case,repeat,policy,budget_fraction,requests,exact,all_versions_exact,planning_s,retained_bytes,full_bytes,restore_sum_s,plan_and_one_history_restore_s
case00-rep0,case00,0,cost_cache,0.1,5,0,False,0.00016217699976550648,346117,1048152,,
case00-rep0,case00,0,full_replay,0.1,5,0,False,0.00011002100018231431,346117,1048152,,
case00-rep0,case00,0,full_snapshot,0.1,5,0,False,0.00010775800001283642,346117,1048152,,
case00-rep0,case00,0,pinned_cost,0.1,5,0,False,0.00016133600001921877,346117,1048152,,
case00-rep0,case00,0,recoverability,0.1,5,0,False,0.00017445600042265141,346117,1048152,,
case00-rep0,case00,0,recoverability_v2,0.1,5,0,False,0.00015353500020864885,346117,1048152,,
case00-rep0,case00,0,target_snapshots,0.1,5,0,False,0.00011123300009785453,346117,1048152,,
case00-rep0,case00,0,cost_cache,0.25,5,0,False,0.00017173099968204042,346117,1048152,,
case00-rep0,case00,0,full_replay,0.25,5,0,False,0.00019007799983228324,346117,1048152,,
case00-rep0,case00,0,full_snapshot,0.25,5,0,False,0.00016172599953279132,346117,1048152,,
case00-rep0,case00,0,pinned_cost,0.25,5,0,False,0.00015995400008250726,346117,1048152,,
case00-rep0,case00,0,recoverability,0.25,5,0,False,0.00010823899992828956,346117,1048152,,
case00-rep0,case00,0,recoverability_v2,0.25,5,0,False,0.00022180399992066668,346117,1048152,,
case00-rep0,case00,0,target_snapshots,0.25,5,0,False,0.00010696699973777868,346117,1048152,,
case00-rep0,case00,0,cost_cache,0.5,5,5,True,0.00013398700048128376,407874,1048152,0.0010144739990209928,0.0011484609995022765
case00-rep0,case00,0,full_replay,0.5,5,5,True,0.00010914999984379392,346117,1048152,0.03351188400029059,0.03362103400013439
case00-rep0,case00,0,full_snapshot,0.5,5,0,False,0.00019406399951549247,1048152,1048152,,
case00-rep0,case00,0,pinned_cost,0.5,5,5,True,0.00013536799997382332,407874,1048152,0.001032672000292223,0.0011680400002660463
case00-rep0,case00,0,recoverability,0.5,5,5,True,0.0029824519997418975,391244,1048152,0.0011081430002377601,0.004090594999979658
case00-rep0,case00,0,recoverability_v2,0.5,5,5,True,0.00012520400014182087,391244,1048152,0.001141461000770505,0.001266665000912326
case00-rep0,case00,0,target_snapshots,0.5,5,5,True,0.0002089259996864712,391244,1048152,0.0010192830004598363,0.0012282090001463075
case00-rep0,case00,0,cost_cache,1.0,5,5,True,0.00013334600043890532,1048152,1048152,0.0010227680013485951,0.0011561140017875005
case00-rep0,case00,0,full_replay,1.0,5,5,True,0.0001076380003723898,346117,1048152,0.03354856799978734,0.03365620600015973
case00-rep0,case00,0,full_snapshot,1.0,5,5,True,0.00016124600006151013,1048152,1048152,0.0011328190012136474,0.0012940650012751576
case00-rep0,case00,0,pinned_cost,1.0,5,5,True,0.00013357599982555257,1048152,1048152,0.0010344760003135889,0.0011680520001391415
case00-rep0,case00,0,recoverability,1.0,5,5,True,0.0025445480005146237,391244,1048152,0.0009809180000956985,0.0035254660006103222
case00-rep0,case00,0,recoverability_v2,1.0,5,5,True,0.00038659599977108883,391244,1048152,0.0010136430000784458,0.0014002389998495346
case00-rep0,case00,0,target_snapshots,1.0,5,5,True,0.00018600299972604262,391244,1048152,0.00104784799987101,0.0012338509995970526
case00-rep1,case00,1,cost_cache,0.1,5,0,False,0.00010663700049917679,346120,1048155,,
case00-rep1,case00,1,full_replay,0.1,5,0,False,0.00016110599972307682,346120,1048155,,
case00-rep1,case00,1,full_snapshot,0.1,5,0,False,0.00012278000031074043,346120,1048155,,
case00-rep1,case00,1,pinned_cost,0.1,5,0,False,0.00010579500030871714,346120,1048155,,
case00-rep1,case00,1,recoverability,0.1,5,0,False,0.00018586199985293206,346120,1048155,,
case00-rep1,case00,1,recoverability_v2,0.1,5,0,False,0.00016637400040053762,346120,1048155,,
case00-rep1,case00,1,target_snapshots,0.1,5,0,False,0.00010525400011829333,346120,1048155,,
case00-rep1,case00,1,cost_cache,0.25,5,0,False,0.00020704300004581455,346120,1048155,,
case00-rep1,case00,1,full_replay,0.25,5,0,False,0.00010823800039361231,346120,1048155,,
case00-rep1,case00,1,full_snapshot,0.25,5,0,False,0.0001086390002456028,346120,1048155,,
case00-rep1,case00,1,pinned_cost,0.25,5,0,False,0.00016327899993484607,346120,1048155,,
case00-rep1,case00,1,recoverability,0.25,5,0,False,0.00010540399944147794,346120,1048155,,
case00-rep1,case00,1,recoverability_v2,0.25,5,0,False,0.0001621470000827685,346120,1048155,,
case00-rep1,case00,1,target_snapshots,0.25,5,0,False,0.00010743700022430858,346120,1048155,,
case00-rep1,case00,1,cost_cache,0.5,5,5,True,0.00020201600000291364,407877,1048155,0.0010696459994505858,0.0012716619994534994
case00-rep1,case00,1,full_replay,0.5,5,5,True,0.000193632999980764,346120,1048155,0.034028861999104265,0.03422249499908503
case00-rep1,case00,1,full_snapshot,0.5,5,0,False,0.00010876999931497267,1048155,1048155,,
case00-rep1,case00,1,pinned_cost,0.5,5,5,True,0.00013271500029077288,407877,1048155,0.001006995001262112,0.001139710001552885
case00-rep1,case00,1,recoverability,0.5,5,5,True,0.002305757999238267,391247,1048155,0.0009615480003049015,0.0032673059995431686
case00-rep1,case00,1,recoverability_v2,0.5,5,5,True,0.00017449500046495814,391247,1048155,0.0009912020004776423,0.0011656970009426004
case00-rep1,case00,1,target_snapshots,0.5,5,5,True,0.00010922999990725657,391247,1048155,0.0009877969996523461,0.0010970269995596027
case00-rep1,case00,1,cost_cache,1.0,5,5,True,0.00013305499942362076,1048155,1048155,0.0010227280017716112,0.001155783001195232
case00-rep1,case00,1,full_replay,1.0,5,5,True,0.0001065460000972962,346120,1048155,0.03375075599979027,0.03385730199988757
case00-rep1,case00,1,full_snapshot,1.0,5,5,True,0.0001751569998305058,1048155,1048155,0.0010710710012062918,0.0012462280010367977
case00-rep1,case00,1,pinned_cost,1.0,5,5,True,0.00019732900000235531,1048155,1048155,0.0009749489991008886,0.001172277999103244
case00-rep1,case00,1,recoverability,1.0,5,5,True,0.0024355479999940144,391247,1048155,0.001113289999011613,0.0035488379990056274
case00-rep1,case00,1,recoverability_v2,1.0,5,5,True,0.0001863229999798932,391247,1048155,0.0010165399999095825,0.0012028629998894758
case00-rep1,case00,1,target_snapshots,1.0,5,5,True,0.00010791800013976172,391247,1048155,0.0010346759991080035,0.0011425939992477652
case00-rep2,case00,2,cost_cache,0.1,5,0,False,0.00010944999939965783,346123,1048158,,
case00-rep2,case00,2,full_replay,0.1,5,0,False,0.00017235299947060412,346123,1048158,,
case00-rep2,case00,2,full_snapshot,0.1,5,0,False,0.00010979099988617236,346123,1048158,,
case00-rep2,case00,2,pinned_cost,0.1,5,0,False,0.00010822900003404357,346123,1048158,,
case00-rep2,case00,2,recoverability,0.1,5,0,False,0.00016729499930079328,346123,1048158,,
case00-rep2,case00,2,recoverability_v2,0.1,5,0,False,0.00011033200007659616,346123,1048158,,
case00-rep2,case00,2,target_snapshots,0.1,5,0,False,0.00016668399985064752,346123,1048158,,
case00-rep2,case00,2,cost_cache,0.25,5,0,False,0.00010785799986479105,346123,1048158,,
case00-rep2,case00,2,full_replay,0.25,5,0,False,0.00017579799987288425,346123,1048158,,
case00-rep2,case00,2,full_snapshot,0.25,5,0,False,0.00017164099972433178,346123,1048158,,
case00-rep2,case00,2,pinned_cost,0.25,5,0,False,0.00010641599965310888,346123,1048158,,
case00-rep2,case00,2,recoverability,0.25,5,0,False,0.00010642600045684958,346123,1048158,,
case00-rep2,case00,2,recoverability_v2,0.25,5,0,False,0.00011044100028811954,346123,1048158,,
case00-rep2,case00,2,target_snapshots,0.25,5,0,False,0.00011105200064776,346123,1048158,,
case00-rep2,case00,2,cost_cache,0.5,5,5,True,0.00020320800012996187,407880,1048158,0.001081403999705799,0.0012846119998357608
case00-rep2,case00,2,full_replay,0.5,5,5,True,0.00017496599957667058,346123,1048158,0.03360630499901163,0.0337812709985883
case00-rep2,case00,2,full_snapshot,0.5,5,0,False,0.00017209199995704694,1048158,1048158,,
case00-rep2,case00,2,pinned_cost,0.5,5,5,True,0.00022793400057707913,407880,1048158,0.0010173310001846403,0.0012452650007617194
case00-rep2,case00,2,recoverability,0.5,5,5,True,0.002253030999781913,391250,1048158,0.001045482000336051,0.003298513000117964
case00-rep2,case00,2,recoverability_v2,0.5,5,5,True,0.0001436100001228624,391250,1048158,0.0009626300006857491,0.0011062400008086115
case00-rep2,case00,2,target_snapshots,0.5,5,5,True,0.0001108030000978033,391250,1048158,0.0010282260009262245,0.0011390290010240278
case00-rep2,case00,2,cost_cache,1.0,5,5,True,0.00013309499991009943,1048158,1048158,0.0009994850006478373,0.0011325800005579367
case00-rep2,case00,2,full_replay,1.0,5,5,True,0.00016799600052763708,346123,1048158,0.03392170499955682,0.03408970100008446
case00-rep2,case00,2,full_snapshot,1.0,5,5,True,0.00016550199961784529,1048158,1048158,0.001046062999193964,0.0012115649988118093
case00-rep2,case00,2,pinned_cost,1.0,5,5,True,0.00013615899933938636,1048158,1048158,0.0009929350007951143,0.0011290940001345007
case00-rep2,case00,2,recoverability,1.0,5,5,True,0.0025640779995228513,391250,1048158,0.0010034999995696126,0.003567577999092464
case00-rep2,case00,2,recoverability_v2,1.0,5,5,True,0.00012386199978209333,391250,1048158,0.0010091889998875558,0.0011330509996696492
case00-rep2,case00,2,target_snapshots,1.0,5,5,True,0.00017981400014832616,391250,1048158,0.0010183039994444698,0.001198117999592796
case00-rep3,case00,3,cost_cache,0.1,5,0,False,0.0001759569995556376,346118,1048153,,
case00-rep3,case00,3,full_replay,0.1,5,0,False,0.0001714610007184092,346118,1048153,,
case00-rep3,case00,3,full_snapshot,0.1,5,0,False,0.0001966479994734982,346118,1048153,,
case00-rep3,case00,3,pinned_cost,0.1,5,0,False,0.00011159400037286105,346118,1048153,,
case00-rep3,case00,3,recoverability,0.1,5,0,False,0.00013095199938106816,346118,1048153,,
case00-rep3,case00,3,recoverability_v2,0.1,5,0,False,0.00010934999954770319,346118,1048153,,
case00-rep3,case00,3,target_snapshots,0.1,5,0,False,0.0001651519996812567,346118,1048153,,
case00-rep3,case00,3,cost_cache,0.25,5,0,False,0.00010588599980110303,346118,1048153,,
case00-rep3,case00,3,full_replay,0.25,5,0,False,0.00011115300003439188,346118,1048153,,
case00-rep3,case00,3,full_snapshot,0.25,5,0,False,0.00010623500020301435,346118,1048153,,
case00-rep3,case00,3,pinned_cost,0.25,5,0,False,0.00016331899951183004,346118,1048153,,
case00-rep3,case00,3,recoverability,0.25,5,0,False,0.00016681399938534014,346118,1048153,,
case00-rep3,case00,3,recoverability_v2,0.25,5,0,False,0.0001702090003163903,346118,1048153,,
case00-rep3,case00,3,target_snapshots,0.25,5,0,False,0.00010578500041447114,346118,1048153,,
case00-rep3,case00,3,cost_cache,0.5,5,5,True,0.00015200300003925804,407875,1048153,0.00095042300017667,0.001102426000215928
case00-rep3,case00,3,full_replay,0.5,5,5,True,0.0001221189995703753,346118,1048153,0.031215085999065195,0.03133720499863557
case00-rep3,case00,3,full_snapshot,0.5,5,0,False,0.00017000899970298633,1048153,1048153,,
case00-rep3,case00,3,pinned_cost,0.5,5,5,True,0.00017719999959808774,407875,1048153,0.00106343799870956,0.0012406379983076476
case00-rep3,case00,3,recoverability,0.5,5,5,True,0.0022243789999265573,391245,1048153,0.000980156998593884,0.0032045359985204414
case00-rep3,case00,3,recoverability_v2,0.5,5,5,True,0.00012603499999386258,391245,1048153,0.0009581040003467933,0.001084139000340656
case00-rep3,case00,3,target_snapshots,0.5,5,5,True,0.00019875199996022275,391245,1048153,0.0010386209987700568,0.0012373729987302795
case00-rep3,case00,3,cost_cache,1.0,5,5,True,0.00022085300042817835,1048153,1048153,0.001002028000584687,0.0012228810010128655
case00-rep3,case00,3,full_replay,1.0,5,5,True,0.00010699700033001136,346118,1048153,0.03143136300150218,0.03153836000183219
case00-rep3,case00,3,full_snapshot,1.0,5,5,True,0.00016930800029513193,1048153,1048153,0.00098256000001129,0.0011518680003064219
case00-rep3,case00,3,pinned_cost,1.0,5,5,True,0.00015661899942642776,1048153,1048153,0.0010251129997413955,0.0011817319991678232
case00-rep3,case00,3,recoverability,1.0,5,5,True,0.002468527000019094,391245,1048153,0.0009909919990604976,0.0034595189990795916
case00-rep3,case00,3,recoverability_v2,1.0,5,5,True,0.000189667999620724,391245,1048153,0.0009583050004948745,0.0011479730001155986
case00-rep3,case00,3,target_snapshots,1.0,5,5,True,0.00011150299997098045,391245,1048153,0.001030938999974751,0.0011424419999457314
case00-rep4,case00,4,cost_cache,0.1,5,0,False,0.00023925099958432838,346120,1048155,,
case00-rep4,case00,4,full_replay,0.1,5,0,False,0.00010696699973777868,346120,1048155,,
case00-rep4,case00,4,full_snapshot,0.1,5,0,False,0.00010842899973795284,346120,1048155,,
case00-rep4,case00,4,pinned_cost,0.1,5,0,False,0.00020743400000355905,346120,1048155,,
case00-rep4,case00,4,recoverability,0.1,5,0,False,0.000106315000266477,346120,1048155,,
case00-rep4,case00,4,recoverability_v2,0.1,5,0,False,0.00017219199980900157,346120,1048155,,
case00-rep4,case00,4,target_snapshots,0.1,5,0,False,0.00020585200036293827,346120,1048155,,
case00-rep4,case00,4,cost_cache,0.25,5,0,False,0.00012469299963413505,346120,1048155,,
case00-rep4,case00,4,full_replay,0.25,5,0,False,0.00011324600018269848,346120,1048155,,
case00-rep4,case00,4,full_snapshot,0.25,5,0,False,0.00010760699933598517,346120,1048155,,
case00-rep4,case00,4,pinned_cost,0.25,5,0,False,0.00016893800057005137,346120,1048155,,
case00-rep4,case00,4,recoverability,0.25,5,0,False,0.00012525399961305084,346120,1048155,,
case00-rep4,case00,4,recoverability_v2,0.25,5,0,False,0.0001620880002519698,346120,1048155,,
case00-rep4,case00,4,target_snapshots,0.25,5,0,False,0.0001766479999787407,346120,1048155,,
case00-rep4,case00,4,cost_cache,0.5,5,5,True,0.00019732900000235531,407877,1048155,0.0009669149994806503,0.0011642439994830056
case00-rep4,case00,4,full_replay,0.5,5,5,True,0.0001063959998646169,346120,1048155,0.03572562399949675,0.035832019999361364
case00-rep4,case00,4,full_snapshot,0.5,5,0,False,0.00020369799949548906,1048155,1048155,,
case00-rep4,case00,4,pinned_cost,0.5,5,5,True,0.00013472699993144488,407877,1048155,0.0011355470005582902,0.001270274000489735
case00-rep4,case00,4,recoverability,0.5,5,5,True,0.0022772680003981804,391247,1048155,0.0009964399996533757,0.003273708000051556
case00-rep4,case00,4,recoverability_v2,0.5,5,5,True,0.00012250899999344256,391247,1048155,0.001006112999675679,0.0011286219996691216
case00-rep4,case00,4,target_snapshots,0.5,5,5,True,0.0001689079999778187,391247,1048155,0.0011228860003029695,0.0012917940002807882
case00-rep4,case00,4,cost_cache,1.0,5,5,True,0.00020476099962252192,1048155,1048155,0.0010000770016631577,0.0012048380012856796
case00-rep4,case00,4,full_replay,1.0,5,5,True,0.00019467499987513293,346120,1048155,0.03570520600078453,0.03589988100065966
case00-rep4,case00,4,full_snapshot,1.0,5,5,True,0.00017406499955541221,1048155,1048155,0.0011688830009006779,0.00134294800045609
case00-rep4,case00,4,pinned_cost,1.0,5,5,True,0.0001496499999120715,1048155,1048155,0.0010128549984074198,0.0011625049983194913
case00-rep4,case00,4,recoverability,1.0,5,5,True,0.0026221930002066074,391247,1048155,0.0012604459989233874,0.0038826389991299948
case00-rep4,case00,4,recoverability_v2,1.0,5,5,True,0.00012887899993074825,391247,1048155,0.0011126919998787344,0.0012415709998094826
case00-rep4,case00,4,target_snapshots,1.0,5,5,True,0.00013462700007949024,391247,1048155,0.0009726660000524134,0.0011072930001319037
case01-rep0,case01,0,cost_cache,0.1,5,2,False,0.0003054879998671822,390696,3936615,,
case01-rep0,case01,0,full_replay,0.1,5,0,False,0.0002597110005808645,351433,3936615,,
case01-rep0,case01,0,full_snapshot,0.1,5,0,False,0.00024290600049425848,3936615,3936615,,
case01-rep0,case01,0,pinned_cost,0.1,5,0,False,0.0002804910000122618,1952128,3936615,,
case01-rep0,case01,0,recoverability,0.1,5,0,False,0.003644721999989997,396560,3936615,,
case01-rep0,case01,0,recoverability_v2,0.1,5,0,False,0.003269221000664402,351433,3936615,,
case01-rep0,case01,0,target_snapshots,0.1,5,0,False,0.0002431659995636437,396560,3936615,,
case01-rep0,case01,0,cost_cache,0.25,5,5,True,0.0003807579996646382,735225,3936615,0.0009898119988065446,0.0013705699984711828
case01-rep0,case01,0,full_replay,0.25,5,0,False,0.00018733500019152416,351433,3936615,,
case01-rep0,case01,0,full_snapshot,0.25,5,0,False,0.000253602000157116,3936615,3936615,,
case01-rep0,case01,0,pinned_cost,0.25,5,0,False,0.0002624850003485335,1952128,3936615,,
case01-rep0,case01,0,recoverability,0.25,5,5,True,0.0037293460000000778,396560,3936615,0.0009964890004994231,0.004725835000499501
case01-rep0,case01,0,recoverability_v2,0.25,5,5,True,0.0002616829997350578,396560,3936615,0.0011230250011067255,0.0013847080008417834
case01-rep0,case01,0,target_snapshots,0.25,5,5,True,0.00017540699991513975,396560,3936615,0.0010560779992374592,0.001231484999152599
case01-rep0,case01,0,cost_cache,0.5,5,5,True,0.0002851880008165608,1695642,3936615,0.0010014879999289406,0.0012866760007455014
case01-rep0,case01,0,full_replay,0.5,5,0,False,0.00024088299960567383,351433,3936615,,
case01-rep0,case01,0,full_snapshot,0.5,5,0,False,0.0002537519994803006,3936615,3936615,,
case01-rep0,case01,0,pinned_cost,0.5,5,5,True,0.00028446699980122503,1967105,3936615,0.007194682999397628,0.007479149999198853
case01-rep0,case01,0,recoverability,0.5,5,5,True,0.0052206509999450645,396560,3936615,0.0009998150007959339,0.006220466000740998
case01-rep0,case01,0,recoverability_v2,0.5,5,5,True,0.00026744200022221776,396560,3936615,0.0010346170010961941,0.001302059001318412
case01-rep0,case01,0,target_snapshots,0.5,5,5,True,0.0002571059994807001,396560,3936615,0.0011142630000904319,0.001371368999571132
case01-rep0,case01,0,cost_cache,1.0,5,5,True,0.0003485909992377856,3936615,3936615,0.0010545149998506531,0.0014031059990884387
case01-rep0,case01,0,full_replay,1.0,5,0,False,0.00017101100002037128,351433,3936615,,
case01-rep0,case01,0,full_snapshot,1.0,5,5,True,0.0002815019997797208,3936615,3936615,0.0010393419988758978,0.0013208439986556186
case01-rep0,case01,0,pinned_cost,1.0,5,5,True,0.00031904699972074013,3936615,3936615,0.0010580099997241632,0.0013770569994449033
case01-rep0,case01,0,recoverability,1.0,5,5,True,0.006383275000189315,396560,3936615,0.0009925239992298884,0.007375798999419203
case01-rep0,case01,0,recoverability_v2,1.0,5,5,True,0.0003413499998714542,396560,3936615,0.0010472750009284937,0.0013886250007999479
case01-rep0,case01,0,target_snapshots,1.0,5,5,True,0.00026412700026412494,396560,3936615,0.001120131998504803,0.001384258998768928
case01-rep1,case01,1,cost_cache,0.1,5,2,False,0.00021137900057510706,390690,3936609,,
case01-rep1,case01,1,full_replay,0.1,5,0,False,0.00029671500033146003,351427,3936609,,
case01-rep1,case01,1,full_snapshot,0.1,5,0,False,0.00017492700044385856,3936609,3936609,,
case01-rep1,case01,1,pinned_cost,0.1,5,0,False,0.00021454499983519781,1952122,3936609,,
case01-rep1,case01,1,recoverability,0.1,5,0,False,0.0035229940003773663,396554,3936609,,
case01-rep1,case01,1,recoverability_v2,0.1,5,0,False,0.0022132840003905585,351427,3936609,,
case01-rep1,case01,1,target_snapshots,0.1,5,0,False,0.00024751299952185946,396554,3936609,,
case01-rep1,case01,1,cost_cache,0.25,5,5,True,0.00029906799954915186,735219,3936609,0.0010120840006493381,0.00131115200019849
case01-rep1,case01,1,full_replay,0.25,5,0,False,0.0002509579999241396,351427,3936609,,
case01-rep1,case01,1,full_snapshot,0.25,5,0,False,0.00029668499973922735,3936609,3936609,,
case01-rep1,case01,1,pinned_cost,0.25,5,0,False,0.00018394899962004274,1952122,3936609,,
case01-rep1,case01,1,recoverability,0.25,5,5,True,0.0035680090004461817,396554,3936609,0.0010688649981602794,0.004636873998606461
case01-rep1,case01,1,recoverability_v2,0.25,5,5,True,0.00045641899941983866,396554,3936609,0.0011858580000989605,0.0016422769995187991
case01-rep1,case01,1,target_snapshots,0.25,5,5,True,0.0001772800005710451,396554,3936609,0.001042257999870344,0.0012195380004413892
case01-rep1,case01,1,cost_cache,0.5,5,5,True,0.00030897299984644633,1695636,3936609,0.000989139999546751,0.0012981129993931972
case01-rep1,case01,1,full_replay,0.5,5,0,False,0.0002806710008371738,351427,3936609,,
case01-rep1,case01,1,full_snapshot,0.5,5,0,False,0.00035731299976760056,3936609,3936609,,
case01-rep1,case01,1,pinned_cost,0.5,5,5,True,0.0002764649998425739,1967099,3936609,0.00683624999874155,0.007112714998584124
case01-rep1,case01,1,recoverability,0.5,5,5,True,0.005507822000254237,396554,3936609,0.0009973820006052847,0.006505204000859521
case01-rep1,case01,1,recoverability_v2,0.5,5,5,True,0.00020917599977110513,396554,3936609,0.0010498479996385868,0.001259023999409692
case01-rep1,case01,1,target_snapshots,0.5,5,5,True,0.0002614429995446699,396554,3936609,0.001158038001449313,0.0014194810009939829
case01-rep1,case01,1,cost_cache,1.0,5,5,True,0.00029727499986620387,3936609,3936609,0.0009784340008991421,0.001275709000765346
case01-rep1,case01,1,full_replay,1.0,5,0,False,0.00024943599964899477,351427,3936609,,
case01-rep1,case01,1,full_snapshot,1.0,5,5,True,0.00024486899928888306,3936609,3936609,0.0009583939981894218,0.001203262997478305
case01-rep1,case01,1,pinned_cost,1.0,5,5,True,0.0003072599993174663,3936609,3936609,0.001344590998996864,0.0016518509983143304
case01-rep1,case01,1,recoverability,1.0,5,5,True,0.006623575999583409,396554,3936609,0.0010670229994502733,0.007690598999033682
case01-rep1,case01,1,recoverability_v2,1.0,5,5,True,0.00025028700019902317,396554,3936609,0.001881056999991415,0.0021313440001904382
case01-rep1,case01,1,target_snapshots,1.0,5,5,True,0.00028401600047800457,396554,3936609,0.0010311999985788134,0.001315215999056818
case01-rep2,case01,2,cost_cache,0.1,5,2,False,0.0002948729998024646,390698,3936617,,
case01-rep2,case01,2,full_replay,0.1,5,0,False,0.00023967100059962831,351435,3936617,,
case01-rep2,case01,2,full_snapshot,0.1,5,0,False,0.0002613830001791939,3936617,3936617,,
case01-rep2,case01,2,pinned_cost,0.1,5,0,False,0.00025184900005115196,1952130,3936617,,
case01-rep2,case01,2,recoverability,0.1,5,0,False,0.003725759999724687,396562,3936617,,
case01-rep2,case01,2,recoverability_v2,0.1,5,0,False,0.0025488749997748528,351435,3936617,,
case01-rep2,case01,2,target_snapshots,0.1,5,0,False,0.0003169350002281135,396562,3936617,,
case01-rep2,case01,2,cost_cache,0.25,5,5,True,0.0002185200000894838,735227,3936617,0.0010381919992141775,0.0012567119993036613
case01-rep2,case01,2,full_replay,0.25,5,0,False,0.0002168970004277071,351435,3936617,,
case01-rep2,case01,2,full_snapshot,0.25,5,0,False,0.00027762700028688414,3936617,3936617,,
case01-rep2,case01,2,pinned_cost,0.25,5,0,False,0.00031858700003795093,1952130,3936617,,
case01-rep2,case01,2,recoverability,0.25,5,5,True,0.003732029999810038,396562,3936617,0.0010663019993444323,0.00479833199915447
case01-rep2,case01,2,recoverability_v2,0.25,5,5,True,0.00026704100037022727,396562,3936617,0.0010323119995518937,0.001299352999922121
case01-rep2,case01,2,target_snapshots,0.25,5,5,True,0.00029208800060587237,396562,3936617,0.0009684900014690356,0.001260578002074908
case01-rep2,case01,2,cost_cache,0.5,5,5,True,0.0002849769998647389,1695644,3936617,0.0010882870001296396,0.0013732639999943785
case01-rep2,case01,2,full_replay,0.5,5,0,False,0.00024306600062118378,351435,3936617,,
case01-rep2,case01,2,full_snapshot,0.5,5,0,False,0.00028973500047868583,3936617,3936617,,
case01-rep2,case01,2,pinned_cost,0.5,5,5,True,0.00028906300030939747,1967107,3936617,0.00696766100008972,0.007256724000399117
case01-rep2,case01,2,recoverability,0.5,5,5,True,0.0050868949992946,396562,3936617,0.0009589959990989882,0.006045890998393588
case01-rep2,case01,2,recoverability_v2,0.5,5,5,True,0.00019049899947276572,396562,3936617,0.0010178319998885854,0.0012083309993613511
case01-rep2,case01,2,target_snapshots,0.5,5,5,True,0.0002751040001385263,396562,3936617,0.001055445000929467,0.0013305490010679932
case01-rep2,case01,2,cost_cache,1.0,5,5,True,0.0004314520001571509,3936617,3936617,0.0011754629995266441,0.001606914999683795
case01-rep2,case01,2,full_replay,1.0,5,0,False,0.0003429529997447389,351435,3936617,,
case01-rep2,case01,2,full_snapshot,1.0,5,5,True,0.00027182800022274023,3936617,3936617,0.0009806680009205593,0.0012524960011432995
case01-rep2,case01,2,pinned_cost,1.0,5,5,True,0.00021528599972953089,3936617,3936617,0.0011073109999415465,0.0013225969996710774
case01-rep2,case01,2,recoverability,1.0,5,5,True,0.0060752740000680205,396562,3936617,0.001070409999556432,0.0071456839996244526
case01-rep2,case01,2,recoverability_v2,1.0,5,5,True,0.0002676520007298677,396562,3936617,0.0009766410003066994,0.0012442930010365671
case01-rep2,case01,2,target_snapshots,1.0,5,5,True,0.00021275200015224982,396562,3936617,0.0010099799992531189,0.0012227319994053687
case01-rep3,case01,3,cost_cache,0.1,5,2,False,0.0003050169998459751,390692,3936611,,
case01-rep3,case01,3,full_replay,0.1,5,0,False,0.0001742550002745702,351429,3936611,,
case01-rep3,case01,3,full_snapshot,0.1,5,0,False,0.0002405519999229,3936611,3936611,,
case01-rep3,case01,3,pinned_cost,0.1,5,0,False,0.00027001499984180555,1952124,3936611,,
case01-rep3,case01,3,recoverability,0.1,5,0,False,0.003488242999992508,396556,3936611,,
case01-rep3,case01,3,recoverability_v2,0.1,5,0,False,0.002333809999981895,351429,3936611,,
case01-rep3,case01,3,target_snapshots,0.1,5,0,False,0.00025839900081336964,396556,3936611,,
case01-rep3,case01,3,cost_cache,0.25,5,5,True,0.0002973359996758518,735221,3936611,0.0010445100006108987,0.0013418460002867505
case01-rep3,case01,3,full_replay,0.25,5,0,False,0.00047339399952761596,351429,3936611,,
case01-rep3,case01,3,full_snapshot,0.25,5,0,False,0.00028080199990654364,3936611,3936611,,
case01-rep3,case01,3,pinned_cost,0.25,5,0,False,0.00029805699978169287,1952124,3936611,,
case01-rep3,case01,3,recoverability,0.25,5,5,True,0.003654496000308427,396556,3936611,0.0010198539985140087,0.004674349998822436
case01-rep3,case01,3,recoverability_v2,0.25,5,5,True,0.00027736599986383226,396556,3936611,0.0010494189991732128,0.001326784999037045
case01-rep3,case01,3,target_snapshots,0.25,5,5,True,0.00024783299977571005,396556,3936611,0.0011878120003530057,0.0014356450001287158
case01-rep3,case01,3,cost_cache,0.5,5,5,True,0.00032013899999583373,1695638,3936611,0.0011643859988907934,0.0014845249988866271
case01-rep3,case01,3,full_replay,0.5,5,0,False,0.0003499430004012538,351429,3936611,,
case01-rep3,case01,3,full_snapshot,0.5,5,0,False,0.00029001500024605775,3936611,3936611,,
case01-rep3,case01,3,pinned_cost,0.5,5,5,True,0.0005178190003789496,1967101,3936611,0.007556664001640456,0.008074483002019406
case01-rep3,case01,3,recoverability,0.5,5,5,True,0.0057655199998407625,396556,3936611,0.0011624139997366,0.0069279339995773626
case01-rep3,case01,3,recoverability_v2,0.5,5,5,True,0.00019077900014963234,396556,3936611,0.0013578519992734073,0.0015486309994230396
case01-rep3,case01,3,target_snapshots,0.5,5,5,True,0.00024526999914087355,396556,3936611,0.0010633990004862426,0.0013086689996271161
case01-rep3,case01,3,cost_cache,1.0,5,5,True,0.00030320499990921235,3936611,3936611,0.0010151970000151778,0.0013184019999243901
case01-rep3,case01,3,full_replay,1.0,5,0,False,0.0002733100000114064,351429,3936611,,
case01-rep3,case01,3,full_snapshot,1.0,5,5,True,0.00032051000016508624,3936611,3936611,0.0010690169992813026,0.0013895269994463888
case01-rep3,case01,3,pinned_cost,1.0,5,5,True,0.00022313699992082547,3936611,3936611,0.0010063559993795934,0.0012294929993004189
case01-rep3,case01,3,recoverability,1.0,5,5,True,0.006762369999705697,396556,3936611,0.0010012249995270395,0.007763594999232737
case01-rep3,case01,3,recoverability_v2,1.0,5,5,True,0.00021958100023766747,396556,3936611,0.001007034998110612,0.0012266159983482794
case01-rep3,case01,3,target_snapshots,1.0,5,5,True,0.0002946619997601374,396556,3936611,0.001231335000738909,0.0015259970004990464
case01-rep4,case01,4,cost_cache,0.1,5,2,False,0.00035506000040186336,390686,3936605,,
case01-rep4,case01,4,full_replay,0.1,5,0,False,0.0004323840003053192,351423,3936605,,
case01-rep4,case01,4,full_snapshot,0.1,5,0,False,0.00025577500036888523,3936605,3936605,,
case01-rep4,case01,4,pinned_cost,0.1,5,0,False,0.00018852599987440044,1952118,3936605,,
case01-rep4,case01,4,recoverability,0.1,5,0,False,0.0044419900004868396,396550,3936605,,
case01-rep4,case01,4,recoverability_v2,0.1,5,0,False,0.002641101000335766,351423,3936605,,
case01-rep4,case01,4,target_snapshots,0.1,5,0,False,0.0003443750001679291,396550,3936605,,
case01-rep4,case01,4,cost_cache,0.25,5,5,True,0.00030117100050119916,735215,3936605,0.0010824049986695172,0.0013835759991707164
case01-rep4,case01,4,full_replay,0.25,5,0,False,0.0003404990002309205,351423,3936605,,
case01-rep4,case01,4,full_snapshot,0.25,5,0,False,0.00030268399950728053,3936605,3936605,,
case01-rep4,case01,4,pinned_cost,0.25,5,0,False,0.00030265400073403725,1952118,3936605,,
case01-rep4,case01,4,recoverability,0.25,5,5,True,0.00553502699949604,396550,3936605,0.0013409960010903887,0.006876023000586429
case01-rep4,case01,4,recoverability_v2,0.25,5,5,True,0.0003909029992428259,396550,3936605,0.002417943999716954,0.0028088469989597797
case01-rep4,case01,4,target_snapshots,0.25,5,5,True,0.0002797500001179287,396550,3936605,0.0010246619985991856,0.0013044119987171143
case01-rep4,case01,4,cost_cache,0.5,5,5,True,0.00032454600022902014,1695632,3936605,0.001086792000933201,0.0014113380011622212
case01-rep4,case01,4,full_replay,0.5,5,0,False,0.0004283879998183693,351423,3936605,,
case01-rep4,case01,4,full_snapshot,0.5,5,0,False,0.00019641800008685095,3936605,3936605,,
case01-rep4,case01,4,pinned_cost,0.5,5,5,True,0.0003252770002291072,1967095,3936605,0.007950822000566404,0.008276099000795512
case01-rep4,case01,4,recoverability,0.5,5,5,True,0.005148975999873073,396550,3936605,0.0011190399991392042,0.0062680159990122775
case01-rep4,case01,4,recoverability_v2,0.5,5,5,True,0.00019916200017178198,396550,3936605,0.001112711000132549,0.001311873000304331
case01-rep4,case01,4,target_snapshots,0.5,5,5,True,0.0002629849996083067,396550,3936605,0.0010102200003530015,0.0012732049999613082
case01-rep4,case01,4,cost_cache,1.0,5,5,True,0.00022502899992105085,3936605,3936605,0.001175382000837999,0.0014004110007590498
case01-rep4,case01,4,full_replay,1.0,5,0,False,0.00017707999995764112,351423,3936605,,
case01-rep4,case01,4,full_snapshot,1.0,5,5,True,0.00017872199987323256,3936605,3936605,0.0012882369992439635,0.001466958999117196
case01-rep4,case01,4,pinned_cost,1.0,5,5,True,0.0003956700002163416,3936605,3936605,0.001053995000802388,0.0014496650010187295
case01-rep4,case01,4,recoverability,1.0,5,5,True,0.007109197999852768,396550,3936605,0.001129372998548206,0.008238570998400974
case01-rep4,case01,4,recoverability_v2,1.0,5,5,True,0.00021614699926431058,396550,3936605,0.0012810670004910207,0.0014972139997553313
case01-rep4,case01,4,target_snapshots,1.0,5,5,True,0.00017721000040182844,396550,3936605,0.0013999109987707925,0.001577120999172621
case02-rep0,case02,0,cost_cache,0.1,5,0,False,0.00014721600018674508,1693872,6780611,,
case02-rep0,case02,0,full_replay,0.1,5,0,False,0.0002828249998856336,1693872,6780611,,
case02-rep0,case02,0,full_snapshot,0.1,5,0,False,0.00014891899991198443,1693872,6780611,,
case02-rep0,case02,0,pinned_cost,0.1,5,0,False,0.00015301399980671704,1693872,6780611,,
case02-rep0,case02,0,recoverability,0.1,5,0,False,0.00024485900030413177,1693872,6780611,,
case02-rep0,case02,0,recoverability_v2,0.1,5,0,False,0.00015024999993329402,1693872,6780611,,
case02-rep0,case02,0,target_snapshots,0.1,5,0,False,0.0002653999999893131,1693872,6780611,,
case02-rep0,case02,0,cost_cache,0.25,5,5,True,0.0002796299995679874,1694767,6780611,0.08537935300046229,0.08565898300003028
case02-rep0,case02,0,full_replay,0.25,5,5,True,0.00029035500028840033,1693872,6780611,0.09651757600113342,0.09680793100142182
case02-rep0,case02,0,full_snapshot,0.25,5,0,False,0.00024241499977506464,6780611,6780611,,
case02-rep0,case02,0,pinned_cost,0.25,5,5,True,0.00017844200010586064,1694767,6780611,0.08729978799965465,0.08747822999976052
case02-rep0,case02,0,recoverability,0.25,5,5,True,0.005600095999398036,1694767,6780611,0.08518718100094702,0.09078727700034506
case02-rep0,case02,0,recoverability_v2,0.25,5,5,True,0.004608764000295196,1694767,6780611,0.0944122110004173,0.0990209750007125
case02-rep0,case02,0,target_snapshots,0.25,5,0,False,0.00015184299991233274,1898999,6780611,,
case02-rep0,case02,0,cost_cache,0.5,5,5,True,0.0003347609999764245,3252514,6780611,0.0011369659996489645,0.001471726999625389
case02-rep0,case02,0,full_replay,0.5,5,5,True,0.00022033300047041848,1693872,6780611,0.09938430900092499,0.0996046420013954
case02-rep0,case02,0,full_snapshot,0.5,5,0,False,0.0002374480000071344,6780611,6780611,,
case02-rep0,case02,0,pinned_cost,0.5,5,5,True,0.0003175860001647379,3252514,6780611,0.0013603739998870878,0.0016779600000518258
case02-rep0,case02,0,recoverability,0.5,5,5,True,0.005653288000758039,1898999,6780611,0.0012015919992336421,0.006854879999991681
case02-rep0,case02,0,recoverability_v2,0.5,5,5,True,0.00018949700006487546,1898999,6780611,0.001187211000797106,0.0013767080008619814
case02-rep0,case02,0,target_snapshots,0.5,5,5,True,0.00015072100086399587,1898999,6780611,0.0011830429994006408,0.0013337640002646367
case02-rep0,case02,0,cost_cache,1.0,5,5,True,0.0002796400003717281,6780611,6780611,0.0012176340014775633,0.0014972740018492914
case02-rep0,case02,0,full_replay,1.0,5,5,True,0.00023629599945707014,1693872,6780611,0.09447126900067815,0.09470756500013522
case02-rep0,case02,0,full_snapshot,1.0,5,5,True,0.0002671820002433378,6780611,6780611,0.0012433229976522853,0.001510504997895623
case02-rep0,case02,0,pinned_cost,1.0,5,5,True,0.00030751100075576687,6780611,6780611,0.0012850229995819973,0.0015925340003377642
case02-rep0,case02,0,recoverability,1.0,5,5,True,0.005840622999130574,1898999,6780611,0.001281898998968245,0.007122521998098819
case02-rep0,case02,0,recoverability_v2,1.0,5,5,True,0.00026007100041169906,1898999,6780611,0.001176403000499704,0.001436474000911403
case02-rep0,case02,0,target_snapshots,1.0,5,5,True,0.0002761249998002313,1898999,6780611,0.0012973920001968509,0.0015735169999970822
case02-rep1,case02,1,cost_cache,0.1,5,0,False,0.0002467120002620504,1693872,6780611,,
case02-rep1,case02,1,full_replay,0.1,5,0,False,0.0002510980002625729,1693872,6780611,,
case02-rep1,case02,1,full_snapshot,0.1,5,0,False,0.0002528410004742909,1693872,6780611,,
case02-rep1,case02,1,pinned_cost,0.1,5,0,False,0.00024278599994431715,1693872,6780611,,
case02-rep1,case02,1,recoverability,0.1,5,0,False,0.00025536399971315404,1693872,6780611,,
case02-rep1,case02,1,recoverability_v2,0.1,5,0,False,0.0002267219997520442,1693872,6780611,,
case02-rep1,case02,1,target_snapshots,0.1,5,0,False,0.0002945320002254448,1693872,6780611,,
case02-rep1,case02,1,cost_cache,0.25,5,5,True,0.00018925699987448752,1694767,6780611,0.08731215900024836,0.08750141600012284
case02-rep1,case02,1,full_replay,0.25,5,5,True,0.0001508109999122098,1693872,6780611,0.10124225199979264,0.10139306299970485
case02-rep1,case02,1,full_snapshot,0.25,5,0,False,0.00016978900021058507,6780611,6780611,,
case02-rep1,case02,1,pinned_cost,0.25,5,5,True,0.0002643170000737882,1694767,6780611,0.08536106400060817,0.08562538100068195
case02-rep1,case02,1,recoverability,0.25,5,5,True,0.0057073979996857815,1694767,6780611,0.08646386400050687,0.09217126200019266
case02-rep1,case02,1,recoverability_v2,0.25,5,5,True,0.0040874540000004345,1694767,6780611,0.09162485100023332,0.09571230500023375
case02-rep1,case02,1,target_snapshots,0.25,5,0,False,0.00024858500000846107,1898999,6780611,,
case02-rep1,case02,1,cost_cache,0.5,5,5,True,0.00019262299974798225,3252514,6780611,0.0012370739987090928,0.001429696998457075
case02-rep1,case02,1,full_replay,0.5,5,5,True,0.0002505080001355964,1693872,6780611,0.09640140400006203,0.09665191200019763
case02-rep1,case02,1,full_snapshot,0.5,5,0,False,0.0002523500006645918,6780611,6780611,,
case02-rep1,case02,1,pinned_cost,0.5,5,5,True,0.00030505700033245375,3252514,6780611,0.0014369150003403774,0.0017419720006728312
case02-rep1,case02,1,recoverability,0.5,5,5,True,0.005927670999881229,1898999,6780611,0.0012783450001734309,0.00720601600005466
case02-rep1,case02,1,recoverability_v2,0.5,5,5,True,0.0001658830005908385,1898999,6780611,0.0011988079995717271,0.0013646910001625656
case02-rep1,case02,1,target_snapshots,0.5,5,5,True,0.00022257599994190969,1898999,6780611,0.0012158830013504485,0.0014384590012923582
case02-rep1,case02,1,cost_cache,1.0,5,5,True,0.00032593800005997764,6780611,6780611,0.0013275960000100895,0.0016535340000700671
case02-rep1,case02,1,full_replay,1.0,5,5,True,0.00019450499985396164,1693872,6780611,0.09973952299969824,0.0999340279995522
case02-rep1,case02,1,full_snapshot,1.0,5,5,True,0.0002559750000727945,6780611,6780611,0.001188823999655142,0.0014447989997279365
case02-rep1,case02,1,pinned_cost,1.0,5,5,True,0.00020920699989801506,6780611,6780611,0.001189984000120603,0.001399191000018618
case02-rep1,case02,1,recoverability,1.0,5,5,True,0.006137979999948584,1898999,6780611,0.0012895010004285723,0.007427481000377156
case02-rep1,case02,1,recoverability_v2,1.0,5,5,True,0.00025553399973432533,1898999,6780611,0.0012333479990047636,0.0014888819987390889
case02-rep1,case02,1,target_snapshots,1.0,5,5,True,0.0001862440003606025,1898999,6780611,0.0011934799995287904,0.0013797239998893929
case02-rep2,case02,2,cost_cache,0.1,5,0,False,0.0003303740004412248,1693871,6780610,,
case02-rep2,case02,2,full_replay,0.1,5,0,False,0.00017031900006259093,1693871,6780610,,
case02-rep2,case02,2,full_snapshot,0.1,5,0,False,0.0003653659996416536,1693871,6780610,,
case02-rep2,case02,2,pinned_cost,0.1,5,0,False,0.00023376300032396102,1693871,6780610,,
case02-rep2,case02,2,recoverability,0.1,5,0,False,0.00014674500016553793,1693871,6780610,,
case02-rep2,case02,2,recoverability_v2,0.1,5,0,False,0.00028683999971690355,1693871,6780610,,
case02-rep2,case02,2,target_snapshots,0.1,5,0,False,0.000262114000179281,1693871,6780610,,
case02-rep2,case02,2,cost_cache,0.25,5,5,True,0.0002031479998549912,1694766,6780610,0.11564844900021853,0.11585159700007353
case02-rep2,case02,2,full_replay,0.25,5,5,True,0.0001495690003139316,1693871,6780610,0.10459634999915579,0.10474591899946972
case02-rep2,case02,2,full_snapshot,0.25,5,0,False,0.0002486140001565218,6780610,6780610,,
case02-rep2,case02,2,pinned_cost,0.25,5,5,True,0.000289204000182508,1694766,6780610,0.09156555599838612,0.09185475999856862
case02-rep2,case02,2,recoverability,0.25,5,5,True,0.005758417999459198,1694766,6780610,0.10264099899904977,0.10839941699850897
case02-rep2,case02,2,recoverability_v2,0.25,5,5,True,0.004481187999772374,1694766,6780610,0.11869252899941785,0.12317371699919022
case02-rep2,case02,2,target_snapshots,0.25,5,0,False,0.0002948420005850494,1898998,6780610,,
case02-rep2,case02,2,cost_cache,0.5,5,5,True,0.00031931700050336076,3252513,6780610,0.0012907919990539085,0.0016101089995572693
case02-rep2,case02,2,full_replay,0.5,5,5,True,0.0002481930005160393,1693871,6780610,0.10960471799899096,0.109852910999507
case02-rep2,case02,2,full_snapshot,0.5,5,0,False,0.0003074409996770555,6780610,6780610,,
case02-rep2,case02,2,pinned_cost,0.5,5,5,True,0.0001866430002337438,3252513,6780610,0.0013214060008976958,0.0015080490011314396
case02-rep2,case02,2,recoverability,0.5,5,5,True,0.006047591999958968,1898998,6780610,0.0014509960010400391,0.007498588000999007
case02-rep2,case02,2,recoverability_v2,0.5,5,5,True,0.000167094999596884,1898998,6780610,0.0012432499988790369,0.0014103449984759209
case02-rep2,case02,2,target_snapshots,0.5,5,5,True,0.00029546299992944114,1898998,6780610,0.0012065990013070405,0.0015020620012364816
case02-rep2,case02,2,cost_cache,1.0,5,5,True,0.0003167039994877996,6780610,6780610,0.0012659750000239,0.0015826789995116997
case02-rep2,case02,2,full_replay,1.0,5,5,True,0.0002881620002881391,1693871,6780610,0.11375291000058496,0.1140410720008731
case02-rep2,case02,2,full_snapshot,1.0,5,5,True,0.00028685999950539554,6780610,6780610,0.0014468509989455924,0.001733710998450988
case02-rep2,case02,2,pinned_cost,1.0,5,5,True,0.00018707500021264423,6780610,6780610,0.0013789819995508878,0.001566056999763532
case02-rep2,case02,2,recoverability,1.0,5,5,True,0.006205454999872018,1898998,6780610,0.0013092399985907832,0.007514694998462801
case02-rep2,case02,2,recoverability_v2,1.0,5,5,True,0.00017462499999965075,1898998,6780610,0.001338211000074807,0.0015128360000744578
case02-rep2,case02,2,target_snapshots,1.0,5,5,True,0.00024081299943645718,1898998,6780610,0.0012604269995790673,0.0015012399990155245
case02-rep3,case02,3,cost_cache,0.1,5,0,False,0.0001517629998488701,1693868,6780607,,
case02-rep3,case02,3,full_replay,0.1,5,0,False,0.0002279740001540631,1693868,6780607,,
case02-rep3,case02,3,full_snapshot,0.1,5,0,False,0.0002840349998223246,1693868,6780607,,
case02-rep3,case02,3,pinned_cost,0.1,5,0,False,0.00016140600018843543,1693868,6780607,,
case02-rep3,case02,3,recoverability,0.1,5,0,False,0.00024198400024033617,1693868,6780607,,
case02-rep3,case02,3,recoverability_v2,0.1,5,0,False,0.00023981199956324417,1693868,6780607,,
case02-rep3,case02,3,target_snapshots,0.1,5,0,False,0.00042882900015683845,1693868,6780607,,
case02-rep3,case02,3,cost_cache,0.25,5,5,True,0.00027189899992663413,1694764,6780607,0.09044355300102325,0.09071545200094988
case02-rep3,case02,3,full_replay,0.25,5,5,True,0.0002474530001563835,1693868,6780607,0.10207565699965926,0.10232310999981564
case02-rep3,case02,3,full_snapshot,0.25,5,0,False,0.0002451589998599957,6780607,6780607,,
case02-rep3,case02,3,pinned_cost,0.25,5,5,True,0.0002837960000761086,1694764,6780607,0.08720540500053175,0.08748920100060786
case02-rep3,case02,3,recoverability,0.25,5,5,True,0.005797996000183048,1694764,6780607,0.08395706499959488,0.08975506099977792
case02-rep3,case02,3,recoverability_v2,0.25,5,5,True,0.003926954000235128,1694764,6780607,0.08759275399916078,0.0915197079993959
case02-rep3,case02,3,target_snapshots,0.25,5,0,False,0.0002949110003100941,1898995,6780607,,
case02-rep3,case02,3,cost_cache,0.5,5,5,True,0.0002916569992521545,3252510,6780607,0.0015098230005605728,0.0018014799998127273
case02-rep3,case02,3,full_replay,0.5,5,5,True,0.0002552639998611994,1693868,6780607,0.10487381799975992,0.10512908199962112
case02-rep3,case02,3,full_snapshot,0.5,5,0,False,0.00016760499966039788,6780607,6780607,,
case02-rep3,case02,3,pinned_cost,0.5,5,5,True,0.00027600399971561274,3252510,6780607,0.0011400909988878993,0.001416094998603512
case02-rep3,case02,3,recoverability,0.5,5,5,True,0.005928537999352557,1898995,6780607,0.0011106860010841046,0.007039224000436661
case02-rep3,case02,3,recoverability_v2,0.5,5,5,True,0.0001678059998084791,1898995,6780607,0.00125252699945122,0.0014203329992596991
case02-rep3,case02,3,target_snapshots,0.5,5,5,True,0.00015560700012429152,1898995,6780607,0.001260801000171341,0.0014164080002956325
case02-rep3,case02,3,cost_cache,1.0,5,5,True,0.00024399700032518012,6780607,6780607,0.0015428710012201918,0.001786868001545372
case02-rep3,case02,3,full_replay,1.0,5,5,True,0.0001495989999966696,1693868,6780607,0.09730393400150206,0.09745353300149873
case02-rep3,case02,3,full_snapshot,1.0,5,5,True,0.00015891200018813834,6780607,6780607,0.0015858139995543752,0.0017447259997425135
case02-rep3,case02,3,pinned_cost,1.0,5,5,True,0.0004042919999847072,6780607,6780607,0.0014560549998350325,0.0018603469998197397
case02-rep3,case02,3,recoverability,1.0,5,5,True,0.005911862999710138,1898995,6780607,0.0011558830010471866,0.0070677460007573245
case02-rep3,case02,3,recoverability_v2,1.0,5,5,True,0.00017165000008390052,1898995,6780607,0.0015322780000133207,0.0017039280000972212
case02-rep3,case02,3,target_snapshots,1.0,5,5,True,0.0002414939999653143,1898995,6780607,0.0011563440011741477,0.001397838001139462
case02-rep4,case02,4,cost_cache,0.1,5,0,False,0.00016812499961815774,1693873,6780612,,
case02-rep4,case02,4,full_replay,0.1,5,0,False,0.00023470300038752612,1693873,6780612,,
case02-rep4,case02,4,full_snapshot,0.1,5,0,False,0.0003066380004383973,1693873,6780612,,
case02-rep4,case02,4,pinned_cost,0.1,5,0,False,0.00015273300050466787,1693873,6780612,,
case02-rep4,case02,4,recoverability,0.1,5,0,False,0.00025455200011492707,1693873,6780612,,
case02-rep4,case02,4,recoverability_v2,0.1,5,0,False,0.00025051600005099317,1693873,6780612,,
case02-rep4,case02,4,target_snapshots,0.1,5,0,False,0.00015359500048361951,1693873,6780612,,
case02-rep4,case02,4,cost_cache,0.25,5,5,True,0.00018567099959909683,1694768,6780612,0.09088022300056764,0.09106589400016674
case02-rep4,case02,4,full_replay,0.25,5,5,True,0.00016047400004026713,1693873,6780612,0.09897536799962836,0.09913584199966863
case02-rep4,case02,4,full_snapshot,0.25,5,0,False,0.000253811000220594,6780612,6780612,,
case02-rep4,case02,4,pinned_cost,0.25,5,5,True,0.0001885860001493711,1694768,6780612,0.11865865899926575,0.11884724499941512
case02-rep4,case02,4,recoverability,0.25,5,5,True,0.006047473999387876,1694768,6780612,0.09049717400012014,0.09654464799950802
case02-rep4,case02,4,recoverability_v2,0.25,5,5,True,0.0038657169998259633,1694768,6780612,0.0883331229997566,0.09219883999958256
case02-rep4,case02,4,target_snapshots,0.25,5,0,False,0.00024041100004978944,1899000,6780612,,
case02-rep4,case02,4,cost_cache,0.5,5,5,True,0.00029878599980293075,3290915,6780612,0.0012945510006829863,0.001593337000485917
case02-rep4,case02,4,full_replay,0.5,5,5,True,0.0001484160002291901,1693873,6780612,0.10169014299845003,0.10183855899867922
case02-rep4,case02,4,full_snapshot,0.5,5,0,False,0.00033134399927803315,6780612,6780612,,
case02-rep4,case02,4,pinned_cost,0.5,5,5,True,0.0002751420006461558,3290915,6780612,0.0014360060004037223,0.001711148001049878
case02-rep4,case02,4,recoverability,0.5,5,5,True,0.006119999000475218,1899000,6780612,0.0014094789994487655,0.007529477999923984
case02-rep4,case02,4,recoverability_v2,0.5,5,5,True,0.00025685499986138893,1899000,6780612,0.0012859680000474327,0.0015428229999088217
case02-rep4,case02,4,target_snapshots,0.5,5,5,True,0.00028465600007621106,1899000,6780612,0.001720092999676126,0.002004748999752337
case02-rep4,case02,4,cost_cache,1.0,5,5,True,0.000313076999191253,6780612,6780612,0.0014004460008436581,0.001713523000034911
case02-rep4,case02,4,full_replay,1.0,5,5,True,0.00030973299999459414,1693873,6780612,0.10180322999894997,0.10211296299894457
case02-rep4,case02,4,full_snapshot,1.0,5,5,True,0.00025181799992424203,6780612,6780612,0.001315560999501031,0.001567378999425273
case02-rep4,case02,4,pinned_cost,1.0,5,5,True,0.0002946109998447355,6780612,6780612,0.0012939790003656526,0.001588590000210388
case02-rep4,case02,4,recoverability,1.0,5,5,True,0.006158406000395189,1899000,6780612,0.0012415419987519272,0.007399947999147116
case02-rep4,case02,4,recoverability_v2,1.0,5,5,True,0.0002732090006247745,1899000,6780612,0.0011543439986780868,0.0014275529993028613
case02-rep4,case02,4,target_snapshots,1.0,5,5,True,0.00017397400006302632,1899000,6780612,0.0012132929996369057,0.001387266999699932
case03-rep0,case03,0,cost_cache,0.1,5,5,True,0.00039273200036404887,1986855,21189079,0.0013849570004822453,0.0017776890008462942
case03-rep0,case03,0,full_replay,0.1,5,0,False,0.000334379999912926,1699193,21189079,,
case03-rep0,case03,0,full_snapshot,0.1,5,0,False,0.00032436600031360285,21189079,21189079,,
case03-rep0,case03,0,pinned_cost,0.1,5,0,False,0.0003106719996139873,9699888,21189079,,
case03-rep0,case03,0,recoverability,0.1,5,5,True,0.005142997000803007,1904320,21189079,0.0012625610015675193,0.006405558002370526
case03-rep0,case03,0,recoverability_v2,0.1,5,5,True,0.00035347499942872673,1904320,21189079,0.0011666780019368161,0.0015201530013655429
case03-rep0,case03,0,target_snapshots,0.1,5,5,True,0.00031536200003756676,1904320,21189079,0.0013118029992256197,0.0016271649992631865
case03-rep0,case03,0,cost_cache,0.25,5,5,True,0.0002865899996322696,5187133,21189079,0.0012304430010772194,0.001517033000709489
case03-rep0,case03,0,full_replay,0.25,5,0,False,0.00042792699969140813,1699193,21189079,,
case03-rep0,case03,0,full_snapshot,0.25,5,0,False,0.0003565619999790215,21189079,21189079,,
case03-rep0,case03,0,pinned_cost,0.25,5,0,False,0.00037997300023562275,9699888,21189079,,
case03-rep0,case03,0,recoverability,0.25,5,5,True,0.0052422089993342524,1904320,21189079,0.0011046190002161893,0.006346827999550442
case03-rep0,case03,0,recoverability_v2,0.25,5,5,True,0.0003338690003147349,1904320,21189079,0.0012181650008642464,0.0015520340011789813
case03-rep0,case03,0,target_snapshots,0.25,5,5,True,0.00036207999983162154,1904320,21189079,0.0011659780002446496,0.0015280580000762711
case03-rep0,case03,0,cost_cache,0.5,5,5,True,0.0003880889998981729,9988106,21189079,0.0011902039987035096,0.0015782929986016825
case03-rep0,case03,0,full_replay,0.5,5,0,False,0.0003224929996576975,1699193,21189079,,
case03-rep0,case03,0,full_snapshot,0.5,5,0,False,0.0003219190002710093,21189079,21189079,,
case03-rep0,case03,0,pinned_cost,0.5,5,5,True,0.0003053660002478864,10315369,21189079,0.0011097639999206876,0.001415130000168574
case03-rep0,case03,0,recoverability,0.5,5,5,True,0.008420645000114746,1904320,21189079,0.001121993000197108,0.009542638000311854
case03-rep0,case03,0,recoverability_v2,0.5,5,5,True,0.0002345140001125401,1904320,21189079,0.0012082759994882508,0.001442789999600791
case03-rep0,case03,0,target_snapshots,0.5,5,5,True,0.0004893669993180083,1904320,21189079,0.0011943809995500487,0.001683747998868057
case03-rep0,case03,0,cost_cache,1.0,5,5,True,0.00035972400019090855,21189079,21189079,0.0011341199997332296,0.0014938439999241382
case03-rep0,case03,0,full_replay,1.0,5,0,False,0.00021286999981384724,1699193,21189079,,
case03-rep0,case03,0,full_snapshot,1.0,5,5,True,0.00036855999951512786,21189079,21189079,0.0011339199991198257,0.0015024799986349535
case03-rep0,case03,0,pinned_cost,1.0,5,5,True,0.0005072339999969699,21189079,21189079,0.0011537520013007452,0.0016609860012977151
case03-rep0,case03,0,recoverability,1.0,5,5,True,0.009117128999605484,1904320,21189079,0.0012078780000592815,0.010325006999664765
case03-rep0,case03,0,recoverability_v2,1.0,5,5,True,0.00036964799983252306,1904320,21189079,0.0011334589989928645,0.0015031069988253876
case03-rep0,case03,0,target_snapshots,1.0,5,5,True,0.00033507799980725395,1904320,21189079,0.001170574000752822,0.001505652000560076
case03-rep1,case03,1,cost_cache,0.1,5,5,True,0.0004434449992913869,1986849,21189073,0.0013018749987168121,0.001745319998008199
case03-rep1,case03,1,full_replay,0.1,5,0,False,0.00021328200000425568,1699187,21189073,,
case03-rep1,case03,1,full_snapshot,0.1,5,0,False,0.0003652949999377597,21189073,21189073,,
case03-rep1,case03,1,pinned_cost,0.1,5,0,False,0.00039849400036473526,9699882,21189073,,
case03-rep1,case03,1,recoverability,0.1,5,5,True,0.0049534660001882,1904314,21189073,0.0013586300010501873,0.0063120960012383875
case03-rep1,case03,1,recoverability_v2,0.1,5,5,True,0.0003202300003977143,1904314,21189073,0.0012465049994716537,0.001566734999869368
case03-rep1,case03,1,target_snapshots,0.1,5,5,True,0.0004034910007248982,1904314,21189073,0.0012259380000614328,0.001629429000786331
case03-rep1,case03,1,cost_cache,0.25,5,5,True,0.00031910400048218435,5187127,21189073,0.001113610001084453,0.0014327140015666373
case03-rep1,case03,1,full_replay,0.25,5,0,False,0.0003464640003585373,1699187,21189073,,
case03-rep1,case03,1,full_snapshot,0.25,5,0,False,0.0003985029998148093,21189073,21189073,,
case03-rep1,case03,1,pinned_cost,0.25,5,0,False,0.00032989300052577164,9699882,21189073,,
case03-rep1,case03,1,recoverability,0.25,5,5,True,0.0054094739998618024,1904314,21189073,0.0012710909995803377,0.00668056499944214
case03-rep1,case03,1,recoverability_v2,0.25,5,5,True,0.0003807949997280957,1904314,21189073,0.0011934269987250445,0.0015742219984531403
case03-rep1,case03,1,target_snapshots,0.25,5,5,True,0.0003026430003956193,1904314,21189073,0.0012598450002769823,0.0015624880006726016
case03-rep1,case03,1,cost_cache,0.5,5,5,True,0.0003641840003183461,9988100,21189073,0.0012907700011055567,0.0016549540014239028
case03-rep1,case03,1,full_replay,0.5,5,0,False,0.00040804700074659195,1699187,21189073,,
case03-rep1,case03,1,full_snapshot,0.5,5,0,False,0.00031093500001588836,21189073,21189073,,
case03-rep1,case03,1,pinned_cost,0.5,5,5,True,0.0003546500001903041,10315363,21189073,0.001301535000493459,0.001656185000683763
case03-rep1,case03,1,recoverability,0.5,5,5,True,0.00844612099990627,1904314,21189073,0.0012349400003586197,0.00968106100026489
case03-rep1,case03,1,recoverability_v2,0.5,5,5,True,0.00036979200012865476,1904314,21189073,0.0012831989997721394,0.0016529909999007941
case03-rep1,case03,1,target_snapshots,0.5,5,5,True,0.0003122470006928779,1904314,21189073,0.001130775999627076,0.001443023000319954
case03-rep1,case03,1,cost_cache,1.0,5,5,True,0.0004271559992048424,21189073,21189073,0.0011514780007928493,0.0015786339999976917
case03-rep1,case03,1,full_replay,1.0,5,0,False,0.00034800699995685136,1699187,21189073,,
case03-rep1,case03,1,full_snapshot,1.0,5,5,True,0.0003199579996362445,21189073,21189073,0.0011329500002830173,0.0014529079999192618
case03-rep1,case03,1,pinned_cost,1.0,5,5,True,0.00029140700007701525,21189073,21189073,0.0013643579995914479,0.0016557649996684631
case03-rep1,case03,1,recoverability,1.0,5,5,True,0.008817764000013995,1904314,21189073,0.0011603289995036903,0.009978092999517685
case03-rep1,case03,1,recoverability_v2,1.0,5,5,True,0.00037821400019311113,1904314,21189073,0.0014066399999137502,0.0017848540001068613
case03-rep1,case03,1,target_snapshots,1.0,5,5,True,0.00033857300059025874,1904314,21189073,0.0012866130000475096,0.0016251860006377683
case03-rep2,case03,2,cost_cache,0.1,5,5,True,0.00044903799971507397,1986858,21189082,0.0011445030013419455,0.0015935410010570195
case03-rep2,case03,2,full_replay,0.1,5,0,False,0.00031023199971969007,1699196,21189082,,
case03-rep2,case03,2,full_snapshot,0.1,5,0,False,0.00034600700018927455,21189082,21189082,,
case03-rep2,case03,2,pinned_cost,0.1,5,0,False,0.00023982099992281292,9699891,21189082,,
case03-rep2,case03,2,recoverability,0.1,5,5,True,0.005079393999949389,1904323,21189082,0.001273355002012977,0.006352749001962366
case03-rep2,case03,2,recoverability_v2,0.1,5,5,True,0.00038569499974983046,1904323,21189082,0.0012440609998520813,0.0016297559996019118
case03-rep2,case03,2,target_snapshots,0.1,5,5,True,0.00031345899969892344,1904323,21189082,0.001304790000176581,0.0016182489998755045
case03-rep2,case03,2,cost_cache,0.25,5,5,True,0.0003960700005336548,5187692,21189082,0.001179377000880777,0.0015754470014144317
case03-rep2,case03,2,full_replay,0.25,5,0,False,0.00036716799968417035,1699196,21189082,,
case03-rep2,case03,2,full_snapshot,0.25,5,0,False,0.0007141859996409039,21189082,21189082,,
case03-rep2,case03,2,pinned_cost,0.25,5,0,False,0.0003598469993448816,9699891,21189082,,
case03-rep2,case03,2,recoverability,0.25,5,5,True,0.0052035980006621685,1904323,21189082,0.0010828419999597827,0.006286440000621951
case03-rep2,case03,2,recoverability_v2,0.25,5,5,True,0.00033598199934203876,1904323,21189082,0.0011879709982167697,0.0015239529975588084
case03-rep2,case03,2,target_snapshots,0.25,5,5,True,0.00034742900061246473,1904323,21189082,0.0011439460004112334,0.0014913750010236981
case03-rep2,case03,2,cost_cache,0.5,5,5,True,0.0005471920003401465,9988109,21189082,0.0011933480000152485,0.001740540000355395
case03-rep2,case03,2,full_replay,0.5,5,0,False,0.00030491699999402044,1699196,21189082,,
case03-rep2,case03,2,full_snapshot,0.5,5,0,False,0.00040539299970987486,21189082,21189082,,
case03-rep2,case03,2,pinned_cost,0.5,5,5,True,0.00036257099964132067,10315372,21189082,0.0011013529992851545,0.0014639239989264752
case03-rep2,case03,2,recoverability,0.5,5,5,True,0.008047392000662512,1904323,21189082,0.0011144800000693067,0.009161872000731819
case03-rep2,case03,2,recoverability_v2,0.5,5,5,True,0.00023864900049375137,1904323,21189082,0.0012753170003634295,0.001513966000857181
case03-rep2,case03,2,target_snapshots,0.5,5,5,True,0.00036258100044506136,1904323,21189082,0.0011043970007449389,0.0014669780011900002
case03-rep2,case03,2,cost_cache,1.0,5,5,True,0.00027544299973669695,21189082,21189082,0.0012320659998295014,0.0015075089995661983
case03-rep2,case03,2,full_replay,1.0,5,0,False,0.0003966410004068166,1699196,21189082,,
case03-rep2,case03,2,full_snapshot,1.0,5,5,True,0.00033571200037840754,21189082,21189082,0.0012045340008626226,0.0015402460012410302
case03-rep2,case03,2,pinned_cost,1.0,5,5,True,0.0003788250005527516,21189082,21189082,0.0012099919995307573,0.001588817000083509
case03-rep2,case03,2,recoverability,1.0,5,5,True,0.008855497999320505,1904323,21189082,0.0011686340003507212,0.010024131999671226
case03-rep2,case03,2,recoverability_v2,1.0,5,5,True,0.00022950600032345392,1904323,21189082,0.001137626999479835,0.0013671329998032888
case03-rep2,case03,2,target_snapshots,1.0,5,5,True,0.0002544030003264197,1904323,21189082,0.001239608001014858,0.0014940110013412777
case03-rep3,case03,3,cost_cache,0.1,5,5,True,0.0006164329997773166,1986848,21189072,0.001274297999771079,0.0018907309995483956
case03-rep3,case03,3,full_replay,0.1,5,0,False,0.0003350610004417831,1699186,21189072,,
case03-rep3,case03,3,full_snapshot,0.1,5,0,False,0.00032954300058918307,21189072,21189072,,
case03-rep3,case03,3,pinned_cost,0.1,5,0,False,0.00037940600032015936,9699881,21189072,,
case03-rep3,case03,3,recoverability,0.1,5,5,True,0.00758978300018498,1904313,21189072,0.0014239859992812853,0.009013768999466265
case03-rep3,case03,3,recoverability_v2,0.1,5,5,True,0.00034435399993526516,1904313,21189072,0.0014992689993960084,0.0018436229993312736
case03-rep3,case03,3,target_snapshots,0.1,5,5,True,0.0002278139991176431,1904313,21189072,0.0011666090013022767,0.0013944230004199198
case03-rep3,case03,3,cost_cache,0.25,5,5,True,0.0004031309999845689,5187682,21189072,0.0011810500000137836,0.0015841809999983525
case03-rep3,case03,3,full_replay,0.25,5,0,False,0.0003413599997657002,1699186,21189072,,
case03-rep3,case03,3,full_snapshot,0.25,5,0,False,0.00032973299948935164,21189072,21189072,,
case03-rep3,case03,3,pinned_cost,0.25,5,0,False,0.0003240140003981651,9699881,21189072,,
case03-rep3,case03,3,recoverability,0.25,5,5,True,0.005679072000020824,1904313,21189072,0.0011661790003927308,0.006845251000413555
case03-rep3,case03,3,recoverability_v2,0.25,5,5,True,0.00023206000059872167,1904313,21189072,0.0011420740011089947,0.0013741340017077164
case03-rep3,case03,3,target_snapshots,0.25,5,5,True,0.00032676899991201935,1904313,21189072,0.0011122580008304794,0.0014390270007424988
case03-rep3,case03,3,cost_cache,0.5,5,5,True,0.0004330040001150337,9988099,21189072,0.0014809599988439004,0.001913963998958934
case03-rep3,case03,3,full_replay,0.5,5,0,False,0.00021430400011013262,1699186,21189072,,
case03-rep3,case03,3,full_snapshot,0.5,5,0,False,0.00036934200034011155,21189072,21189072,,
case03-rep3,case03,3,pinned_cost,0.5,5,5,True,0.0004530440000962699,10315362,21189072,0.0012966790000064066,0.0017497230001026765
case03-rep3,case03,3,recoverability,0.5,5,5,True,0.00845907700022508,1904313,21189072,0.0011744489984266693,0.009633525998651749
case03-rep3,case03,3,recoverability_v2,0.5,5,5,True,0.0003299429999970016,1904313,21189072,0.0012974320006833295,0.0016273750006803311
case03-rep3,case03,3,target_snapshots,0.5,5,5,True,0.0003478899998299312,1904313,21189072,0.001152377999460441,0.0015002679992903722
case03-rep3,case03,3,cost_cache,1.0,5,5,True,0.00028047199975844705,21189072,21189072,0.001224384999659378,0.0015048569994178251
case03-rep3,case03,3,full_replay,1.0,5,0,False,0.00038960100027907174,1699186,21189072,,
case03-rep3,case03,3,full_snapshot,1.0,5,5,True,0.00035110499993606936,21189072,21189072,0.0013505480001185788,0.0017016530000546481
case03-rep3,case03,3,pinned_cost,1.0,5,5,True,0.0003885400001308881,21189072,21189072,0.001632251999581058,0.002020791999711946
case03-rep3,case03,3,recoverability,1.0,5,5,True,0.009158943999864277,1904313,21189072,0.0021214789994701277,0.011280422999334405
case03-rep3,case03,3,recoverability_v2,1.0,5,5,True,0.00033321799946861574,1904313,21189072,0.0011983659996985807,0.0015315839991671965
case03-rep3,case03,3,target_snapshots,1.0,5,5,True,0.0002781569992293953,1904313,21189072,0.0012051969997628476,0.0014833539989922429
case03-rep4,case03,4,cost_cache,0.1,5,5,True,0.0003920340004697209,1986854,21189078,0.0013057950000074925,0.0016978290004772134
case03-rep4,case03,4,full_replay,0.1,5,0,False,0.00035604200002126163,1699192,21189078,,
case03-rep4,case03,4,full_snapshot,0.1,5,0,False,0.00036148900016996777,21189078,21189078,,
case03-rep4,case03,4,pinned_cost,0.1,5,0,False,0.0003608090000852826,9699887,21189078,,
case03-rep4,case03,4,recoverability,0.1,5,5,True,0.005510376000529504,1904319,21189078,0.0012110860016036895,0.006721462002133194
case03-rep4,case03,4,recoverability_v2,0.1,5,5,True,0.0003341800002090167,1904319,21189078,0.001336267999249685,0.0016704479994587018
case03-rep4,case03,4,target_snapshots,0.1,5,5,True,0.0004018890003862907,1904319,21189078,0.0015434830002050148,0.0019453720005913056
case03-rep4,case03,4,cost_cache,0.25,5,5,True,0.0005919080003877752,5187688,21189078,0.001390977999108145,0.0019828859994959203
case03-rep4,case03,4,full_replay,0.25,5,0,False,0.00037890499970671954,1699192,21189078,,
case03-rep4,case03,4,full_snapshot,0.25,5,0,False,0.0003748500002984656,21189078,21189078,,
case03-rep4,case03,4,pinned_cost,0.25,5,0,False,0.00022298599924397422,9699887,21189078,,
case03-rep4,case03,4,recoverability,0.25,5,5,True,0.005448827000691381,1904319,21189078,0.0013384909989326843,0.006787317999624065
case03-rep4,case03,4,recoverability_v2,0.25,5,5,True,0.00036141000055067707,1904319,21189078,0.001663177999034815,0.002024587999585492
case03-rep4,case03,4,target_snapshots,0.25,5,5,True,0.00022001200068189064,1904319,21189078,0.0012788539997927728,0.0014988660004746635
case03-rep4,case03,4,cost_cache,0.5,5,5,True,0.0004732830002467381,9988105,21189078,0.0014385190006578341,0.0019118020009045722
case03-rep4,case03,4,full_replay,0.5,5,0,False,0.0004008980004073237,1699192,21189078,,
case03-rep4,case03,4,full_snapshot,0.5,5,0,False,0.0003515050002533826,21189078,21189078,,
case03-rep4,case03,4,pinned_cost,0.5,5,5,True,0.0004495089997362811,10315368,21189078,0.0013012270001127035,0.0017507359998489846
case03-rep4,case03,4,recoverability,0.5,5,5,True,0.008661304999804997,1904319,21189078,0.001500759000009566,0.010162063999814563
case03-rep4,case03,4,recoverability_v2,0.5,5,5,True,0.0027179730004718294,1904319,21189078,0.0013479170002028695,0.004065890000674699
case03-rep4,case03,4,target_snapshots,0.5,5,5,True,0.000337133999892103,1904319,21189078,0.003582210998501978,0.003919344998394081
case03-rep4,case03,4,cost_cache,1.0,5,5,True,0.00052399800006242,21189078,21189078,0.0013548970000556437,0.0018788950001180638
case03-rep4,case03,4,full_replay,1.0,5,0,False,0.00022670199996355223,1699192,21189078,,
case03-rep4,case03,4,full_snapshot,1.0,5,5,True,0.001010331000543374,21189078,21189078,0.0015466059994651005,0.0025569370000084746
case03-rep4,case03,4,pinned_cost,1.0,5,5,True,0.00042286000007152325,21189078,21189078,0.001181022999844572,0.0016038829999160953
case03-rep4,case03,4,recoverability,1.0,5,5,True,0.011360690999936196,1904319,21189078,0.0012715749990093173,0.012632265998945513
case03-rep4,case03,4,recoverability_v2,1.0,5,5,True,0.00026339600026403787,1904319,21189078,0.0014301450000857585,0.0016935410003497964
case03-rep4,case03,4,target_snapshots,1.0,5,5,True,0.00032988299972203095,1904319,21189078,0.0013214279988460476,0.0016513109985680785
case04-rep0,case04,0,cost_cache,0.1,5,0,False,0.0004389140003695502,3013957,22214978,,
case04-rep0,case04,0,full_replay,0.1,5,0,False,0.00030088099993008655,3013957,22214978,,
case04-rep0,case04,0,full_snapshot,0.1,5,0,False,0.0003309860003355425,3013957,22214978,,
case04-rep0,case04,0,pinned_cost,0.1,5,0,False,0.000448968000455352,3013957,22214978,,
case04-rep0,case04,0,recoverability,0.1,5,0,False,0.0002675420000741724,3013957,22214978,,
case04-rep0,case04,0,recoverability_v2,0.1,5,0,False,0.00043145300060132286,3013957,22214978,,
case04-rep0,case04,0,target_snapshots,0.1,5,0,False,0.0004173910001554759,3013957,22214978,,
case04-rep0,case04,0,cost_cache,0.25,5,5,True,0.00037860500015085563,5268531,22214978,0.0014416719996006577,0.0018202769997515134
case04-rep0,case04,0,full_replay,0.25,5,5,True,0.00025362199994560797,3013957,22214978,0.10439910800050711,0.10465273000045272
case04-rep0,case04,0,full_snapshot,0.25,5,0,False,0.00044045499998901505,22214978,22214978,,
case04-rep0,case04,0,pinned_cost,0.25,5,5,True,0.0004611160002241377,5268531,22214978,0.0013492380003299331,0.0018103540005540708
case04-rep0,case04,0,recoverability,0.25,5,5,True,0.018595110999740427,3219082,22214978,0.001236500001141394,0.01983161100088182
case04-rep0,case04,0,recoverability_v2,0.25,5,5,True,0.0004006369999842718,3219082,22214978,0.001525316000879684,0.0019259530008639558
case04-rep0,case04,0,target_snapshots,0.25,5,5,True,0.00042592399950081017,3219082,22214978,0.0013372389994401601,0.0017631629989409703
case04-rep0,case04,0,cost_cache,0.5,5,5,True,0.0004884660002062446,11014005,22214978,0.0012822399994547595,0.0017707059996610042
case04-rep0,case04,0,full_replay,0.5,5,5,True,0.0004123150001760223,3013957,22214978,0.10335179200046696,0.10376410700064298
case04-rep0,case04,0,full_snapshot,0.5,5,0,False,0.0004773499995280872,22214978,22214978,,
case04-rep0,case04,0,pinned_cost,0.5,5,5,True,0.0004975990004822961,11014005,22214978,0.0012688280003203545,0.0017664270008026506
case04-rep0,case04,0,recoverability,0.5,5,5,True,0.01806639699952939,3219082,22214978,0.0014761430002181442,0.019542539999747532
case04-rep0,case04,0,recoverability_v2,0.5,5,5,True,0.00028913400001329137,3219082,22214978,0.0015078410006026388,0.0017969750006159302
case04-rep0,case04,0,target_snapshots,0.5,5,5,True,0.00039081300019461196,3219082,22214978,0.0017845860011220793,0.0021753990013166913
case04-rep0,case04,0,cost_cache,1.0,5,5,True,0.0004280479997760267,22214978,22214978,0.0017337010003757314,0.002161749000151758
case04-rep0,case04,0,full_replay,1.0,5,5,True,0.00042458200005057734,3013957,22214978,0.10528923000038048,0.10571381200043106
case04-rep0,case04,0,full_snapshot,1.0,5,5,True,0.00039216400000441354,22214978,22214978,0.0013213470001574024,0.001713511000161816
case04-rep0,case04,0,pinned_cost,1.0,5,5,True,0.00033168600020871963,22214978,22214978,0.0011344410004312522,0.0014661270006399718
case04-rep0,case04,0,recoverability,1.0,5,5,True,0.017938822000360233,3219082,22214978,0.0013156280010662158,0.01925445000142645
case04-rep0,case04,0,recoverability_v2,1.0,5,5,True,0.00028903399925184203,3219082,22214978,0.0013871439996364643,0.0016761779988883063
case04-rep0,case04,0,target_snapshots,1.0,5,5,True,0.000411383000027854,3219082,22214978,0.0014071619998503593,0.0018185449998782133
case04-rep1,case04,1,cost_cache,0.1,5,0,False,0.00028571799975907197,3013963,22214984,,
case04-rep1,case04,1,full_replay,0.1,5,0,False,0.0005415639998318511,3013963,22214984,,
case04-rep1,case04,1,full_snapshot,0.1,5,0,False,0.00037943600000289734,3013963,22214984,,
case04-rep1,case04,1,pinned_cost,0.1,5,0,False,0.0002705060005609994,3013963,22214984,,
case04-rep1,case04,1,recoverability,0.1,5,0,False,0.00045121200037101517,3013963,22214984,,
case04-rep1,case04,1,recoverability_v2,0.1,5,0,False,0.0004017989995190874,3013963,22214984,,
case04-rep1,case04,1,target_snapshots,0.1,5,0,False,0.0004176720003670198,3013963,22214984,,
case04-rep1,case04,1,cost_cache,0.25,5,5,True,0.0004530440000962699,5519000,22214984,0.0011527389988259529,0.0016057829989222228
case04-rep1,case04,1,full_replay,0.25,5,5,True,0.0004140069995628437,3013963,22214984,0.10182518500187143,0.10223919200143428
case04-rep1,case04,1,full_snapshot,0.25,5,0,False,0.00042805699922610074,22214984,22214984,,
case04-rep1,case04,1,pinned_cost,0.25,5,5,True,0.0004974990006303415,5519000,22214984,0.0012175229994682013,0.0017150220000985428
case04-rep1,case04,1,recoverability,0.25,5,5,True,0.01879665699925681,3219088,22214984,0.0014508369995382964,0.020247493998795107
case04-rep1,case04,1,recoverability_v2,0.25,5,5,True,0.0007041219996608561,3219088,22214984,0.0013734240001213038,0.00207754599978216
case04-rep1,case04,1,target_snapshots,0.25,5,5,True,0.0003750400001081289,3219088,22214984,0.002471400998729223,0.002846440998837352
case04-rep1,case04,1,cost_cache,0.5,5,5,True,0.00046077499973762315,11014011,22214984,0.001273737000701658,0.0017345120004392811
case04-rep1,case04,1,full_replay,0.5,5,5,True,0.00036313199962023646,3013963,22214984,0.10101984599896241,0.10138297799858265
case04-rep1,case04,1,full_snapshot,0.5,5,0,False,0.0003091329999733716,22214984,22214984,,
case04-rep1,case04,1,pinned_cost,0.5,5,5,True,0.0005113789993629325,11014011,22214984,0.001304602000345767,0.0018159809997086995
case04-rep1,case04,1,recoverability,0.5,5,5,True,0.02026368699989689,3219088,22214984,0.0012260870016689296,0.02148977400156582
case04-rep1,case04,1,recoverability_v2,0.5,5,5,True,0.00027441199927125126,3219088,22214984,0.0014676900000267779,0.0017421019992980291
case04-rep1,case04,1,target_snapshots,0.5,5,5,True,0.00040436200015392387,3219088,22214984,0.0012403780010572518,0.0016447400012111757
case04-rep1,case04,1,cost_cache,1.0,5,5,True,0.00033630199959588936,22214984,22214984,0.0012967510010639671,0.0016330530006598565
case04-rep1,case04,1,full_replay,1.0,5,5,True,0.00028950399973837193,3013963,22214984,0.1015660309994928,0.10185553499923117
case04-rep1,case04,1,full_snapshot,1.0,5,5,True,0.00026510799943935126,22214984,22214984,0.0014756419996047043,0.0017407499990440556
case04-rep1,case04,1,pinned_cost,1.0,5,5,True,0.0005491940000865725,22214984,22214984,0.0016190430014830781,0.0021682370015696506
case04-rep1,case04,1,recoverability,1.0,5,5,True,0.021498695999980555,3219088,22214984,0.001446842000405013,0.022945538000385568
case04-rep1,case04,1,recoverability_v2,1.0,5,5,True,0.0003137100002277293,3219088,22214984,0.001185847001579532,0.0014995570018072613
case04-rep1,case04,1,target_snapshots,1.0,5,5,True,0.0003655860000435496,3219088,22214984,0.0012349990001894184,0.001600585000232968
case04-rep2,case04,2,cost_cache,0.1,5,0,False,0.000257386999692244,3013961,22214982,,
case04-rep2,case04,2,full_replay,0.1,5,0,False,0.00039428800027963007,3013961,22214982,,
case04-rep2,case04,2,full_snapshot,0.1,5,0,False,0.0003415709998080274,3013961,22214982,,
case04-rep2,case04,2,pinned_cost,0.1,5,0,False,0.0002772660000118776,3013961,22214982,,
case04-rep2,case04,2,recoverability,0.1,5,0,False,0.0003562120000424329,3013961,22214982,,
case04-rep2,case04,2,recoverability_v2,0.1,5,0,False,0.00034763999974529725,3013961,22214982,,
case04-rep2,case04,2,target_snapshots,0.1,5,0,False,0.00024867400043149246,3013961,22214982,,
case04-rep2,case04,2,cost_cache,0.25,5,5,True,0.00033987799997703405,5268535,22214982,0.0012208480011395295,0.0015607260011165636
case04-rep2,case04,2,full_replay,0.25,5,5,True,0.0002561649998824578,3013961,22214982,0.10817736999888439,0.10843353499876685
case04-rep2,case04,2,full_snapshot,0.25,5,0,False,0.000386046000130591,22214982,22214982,,
case04-rep2,case04,2,pinned_cost,0.25,5,5,True,0.0003249359997425927,5268535,22214982,0.0012341760011622682,0.001559112000904861
case04-rep2,case04,2,recoverability,0.25,5,5,True,0.02247310600068886,3219086,22214982,0.0013448700010485481,0.023817976001737406
case04-rep2,case04,2,recoverability_v2,0.25,5,5,True,0.00027547299941943493,3219086,22214982,0.001154369999312621,0.001429842998732056
case04-rep2,case04,2,target_snapshots,0.25,5,5,True,0.00037104399962117895,3219086,22214982,0.0012403469991113525,0.0016113909987325314
case04-rep2,case04,2,cost_cache,0.5,5,5,True,0.00045276400032889796,11014009,22214982,0.0012626690013348707,0.0017154330016637687
case04-rep2,case04,2,full_replay,0.5,5,5,True,0.0002542219999668305,3013961,22214982,0.10592530100075237,0.1061795230007192
case04-rep2,case04,2,full_snapshot,0.5,5,0,False,0.0003760109993891092,22214982,22214982,,
case04-rep2,case04,2,pinned_cost,0.5,5,5,True,0.0005196820002311142,11014009,22214982,0.0012595950001923484,0.0017792770004234626
case04-rep2,case04,2,recoverability,0.5,5,5,True,0.01777955000034126,3219086,22214982,0.0012054659991918015,0.01898501599953306
case04-rep2,case04,2,recoverability_v2,0.5,5,5,True,0.0005785869998362614,3219086,22214982,0.0011652170005618245,0.001743804000398086
case04-rep2,case04,2,target_snapshots,0.5,5,5,True,0.0003619799999796669,3219086,22214982,0.0011578880012166337,0.0015198680011963006
case04-rep2,case04,2,cost_cache,1.0,5,5,True,0.000440705000073649,22214982,22214982,0.0015346169984695734,0.0019753219985432224
case04-rep2,case04,2,full_replay,1.0,5,5,True,0.0004441009996298817,3013961,22214982,0.10666315999878861,0.1071072609984185
case04-rep2,case04,2,full_snapshot,1.0,5,5,True,0.0003788049998547649,22214982,22214982,0.001145038000686327,0.001523843000541092
case04-rep2,case04,2,pinned_cost,1.0,5,5,True,0.00042080599996552337,22214982,22214982,0.0011322580021442263,0.0015530640021097497
case04-rep2,case04,2,recoverability,1.0,5,5,True,0.01775603299938666,3219086,22214982,0.0011890720006704214,0.018945105000057083
case04-rep2,case04,2,recoverability_v2,1.0,5,5,True,0.0004526530001385254,3219086,22214982,0.0011962529988522874,0.0016489059989908128
case04-rep2,case04,2,target_snapshots,1.0,5,5,True,0.0003083219999098219,3219086,22214982,0.0013283949992910493,0.0016367169992008712
case04-rep3,case04,3,cost_cache,0.1,5,0,False,0.000521204000506259,3013956,22214977,,
case04-rep3,case04,3,full_replay,0.1,5,0,False,0.0003633330006778124,3013956,22214977,,
case04-rep3,case04,3,full_snapshot,0.1,5,0,False,0.0003483809996396303,3013956,22214977,,
case04-rep3,case04,3,pinned_cost,0.1,5,0,False,0.0004396439999254653,3013956,22214977,,
case04-rep3,case04,3,recoverability,0.1,5,0,False,0.0004017789997305954,3013956,22214977,,
case04-rep3,case04,3,recoverability_v2,0.1,5,0,False,0.00034544600021035876,3013956,22214977,,
case04-rep3,case04,3,target_snapshots,0.1,5,0,False,0.00040089699996315176,3013956,22214977,,
case04-rep3,case04,3,cost_cache,0.25,5,5,True,0.00031761499940330395,5518993,22214977,0.0012079209982402972,0.0015255359976436011
case04-rep3,case04,3,full_replay,0.25,5,5,True,0.0003417810003156774,3013956,22214977,0.09377004800080613,0.0941118290011218
case04-rep3,case04,3,full_snapshot,0.25,5,0,False,0.0003855949998978758,22214977,22214977,,
case04-rep3,case04,3,pinned_cost,0.25,5,5,True,0.0003216210006939946,5518993,22214977,0.0011717070010490716,0.0014933280017430661
case04-rep3,case04,3,recoverability,0.25,5,5,True,0.029168057999413577,3219081,22214977,0.0012880179992862395,0.030456075998699816
case04-rep3,case04,3,recoverability_v2,0.25,5,5,True,0.0004052439999213675,3219081,22214977,0.0010987699997713207,0.0015040139996926882
case04-rep3,case04,3,target_snapshots,0.25,5,5,True,0.0003508339996187715,3219081,22214977,0.0011825530000351137,0.0015333869996538851
case04-rep3,case04,3,cost_cache,0.5,5,5,True,0.0003241949998482596,11014004,22214977,0.0014151149980534683,0.001739309997901728
case04-rep3,case04,3,full_replay,0.5,5,5,True,0.00046327900054166093,3013956,22214977,0.09200684600000386,0.09247012500054552
case04-rep3,case04,3,full_snapshot,0.5,5,0,False,0.000253572000474378,22214977,22214977,,
case04-rep3,case04,3,pinned_cost,0.5,5,5,True,0.0003425920003792271,11014004,22214977,0.0011535399999047513,0.0014961320002839784
case04-rep3,case04,3,recoverability,0.5,5,5,True,0.01794914299989614,3219081,22214977,0.0011944119996769587,0.019143554999573098
case04-rep3,case04,3,recoverability_v2,0.5,5,5,True,0.000274181999884604,3219081,22214977,0.0011367560000508092,0.0014109379999354132
case04-rep3,case04,3,target_snapshots,0.5,5,5,True,0.00034933200004161336,3219081,22214977,0.0011699839997163508,0.0015193159997579642
case04-rep3,case04,3,cost_cache,1.0,5,5,True,0.00042063700038852403,22214977,22214977,0.001173128000118595,0.0015937650005071191
case04-rep3,case04,3,full_replay,1.0,5,5,True,0.0002494849995855475,3013956,22214977,0.09875177800131496,0.09900126300090051
case04-rep3,case04,3,full_snapshot,1.0,5,5,True,0.0003856550001728465,22214977,22214977,0.0011655279995466117,0.0015511829997194582
case04-rep3,case04,3,pinned_cost,1.0,5,5,True,0.00043569799981924007,22214977,22214977,0.0012060870003551827,0.0016417850001744227
case04-rep3,case04,3,recoverability,1.0,5,5,True,0.01854193400049553,3219081,22214977,0.0011727370010703453,0.019714671001565875
case04-rep3,case04,3,recoverability_v2,1.0,5,5,True,0.00030879300084052375,3219081,22214977,0.0011814610006695148,0.0014902540015100385
case04-rep3,case04,3,target_snapshots,1.0,5,5,True,0.00038774899985583033,3219081,22214977,0.0011285850005151588,0.001516334000370989
case04-rep4,case04,4,cost_cache,0.1,5,0,False,0.0003663569996206206,3013960,22214981,,
case04-rep4,case04,4,full_replay,0.1,5,0,False,0.0002550729996073642,3013960,22214981,,
case04-rep4,case04,4,full_snapshot,0.1,5,0,False,0.00046367000049940543,3013960,22214981,,
case04-rep4,case04,4,pinned_cost,0.1,5,0,False,0.0002469419996486977,3013960,22214981,,
case04-rep4,case04,4,recoverability,0.1,5,0,False,0.0003483000000414904,3013960,22214981,,
case04-rep4,case04,4,recoverability_v2,0.1,5,0,False,0.0004064659997311537,3013960,22214981,,
case04-rep4,case04,4,target_snapshots,0.1,5,0,False,0.00037685300048906356,3013960,22214981,,
case04-rep4,case04,4,cost_cache,0.25,5,5,True,0.00040844799968908774,5268534,22214981,0.0011669590003293706,0.0015754070000184583
case04-rep4,case04,4,full_replay,0.25,5,5,True,0.0003768320002563996,3013960,22214981,0.09802758999921934,0.09840442199947574
case04-rep4,case04,4,full_snapshot,0.25,5,0,False,0.00038518400015163934,22214981,22214981,,
case04-rep4,case04,4,pinned_cost,0.25,5,5,True,0.00047533700035273796,5268534,22214981,0.0012824209998143488,0.0017577580001670867
case04-rep4,case04,4,recoverability,0.25,5,5,True,0.018094056000336423,3219085,22214981,0.0011991479996140697,0.019293203999950492
case04-rep4,case04,4,recoverability_v2,0.25,5,5,True,0.0003836519999822485,3219085,22214981,0.0011710750004567672,0.0015547270004390157
case04-rep4,case04,4,target_snapshots,0.25,5,5,True,0.00035684300019056536,3219085,22214981,0.0011650990009002271,0.0015219420010907925
case04-rep4,case04,4,cost_cache,0.5,5,5,True,0.00040670599992154166,11014008,22214981,0.001202680000460532,0.0016093860003820737
case04-rep4,case04,4,full_replay,0.5,5,5,True,0.00025293099952250486,3013960,22214981,0.096963099000277,0.0972160299997995
case04-rep4,case04,4,full_snapshot,0.5,5,0,False,0.00044812599935539765,22214981,22214981,,
case04-rep4,case04,4,pinned_cost,0.5,5,5,True,0.00044640400028583826,11014008,22214981,0.0011722689996531699,0.0016186729999390082
case04-rep4,case04,4,recoverability,0.5,5,5,True,0.01857547199961118,3219085,22214981,0.0012135570004829788,0.01978902900009416
case04-rep4,case04,4,recoverability_v2,0.5,5,5,True,0.0002886629999920842,3219085,22214981,0.0011977449985351996,0.0014864079985272838
case04-rep4,case04,4,target_snapshots,0.5,5,5,True,0.0002603920002002269,3219085,22214981,0.0012774930019077146,0.0015378850021079415
case04-rep4,case04,4,cost_cache,1.0,5,5,True,0.0003248860002713627,22214981,22214981,0.0011412329995437176,0.0014661189998150803
case04-rep4,case04,4,full_replay,1.0,5,5,True,0.0002484950000507524,3013960,22214981,0.0964485139993485,0.09669700899939926
case04-rep4,case04,4,full_snapshot,1.0,5,5,True,0.0003903219994754181,22214981,22214981,0.0011791389997597435,0.0015694609992351616
case04-rep4,case04,4,pinned_cost,1.0,5,5,True,0.0005632559996229247,22214981,22214981,0.0011365940017640241,0.0016998500013869489
case04-rep4,case04,4,recoverability,1.0,5,5,True,0.018519230000492826,3219085,22214981,0.0012655230002565077,0.019784753000749333
case04-rep4,case04,4,recoverability_v2,1.0,5,5,True,0.0008202830003938288,3219085,22214981,0.0013255739995656768,0.0021458569999595056
case04-rep4,case04,4,target_snapshots,1.0,5,5,True,0.00042674599990277784,3219085,22214981,0.0012749389998134575,0.0017016849997162353
case05-rep0,case05,0,cost_cache,0.1,5,0,False,0.0004599939993568114,3021284,30217577,,
case05-rep0,case05,0,full_replay,0.1,5,0,False,0.0004226790006214287,3015861,30217577,,
case05-rep0,case05,0,full_snapshot,0.1,5,0,False,0.00041268499990110286,30217577,30217577,,
case05-rep0,case05,0,pinned_cost,0.1,5,0,False,0.00028583899984369054,11016556,30217577,,
case05-rep0,case05,0,recoverability,0.1,5,0,False,0.008515149999766436,3220986,30217577,,
case05-rep0,case05,0,recoverability_v2,0.1,5,0,False,0.0027709109999705106,3015861,30217577,,
case05-rep0,case05,0,target_snapshots,0.1,5,0,False,0.0004016580005554715,3220986,30217577,,
case05-rep0,case05,0,cost_cache,0.25,5,5,True,0.00048561099993094103,7487812,30217577,0.001196953000544454,0.001682564000475395
case05-rep0,case05,0,full_replay,0.25,5,0,False,0.00042593400030455086,3015861,30217577,,
case05-rep0,case05,0,full_snapshot,0.25,5,0,False,0.00042464299986022525,30217577,30217577,,
case05-rep0,case05,0,pinned_cost,0.25,5,0,False,0.00044071600041206693,11016556,30217577,,
case05-rep0,case05,0,recoverability,0.25,5,5,True,0.008476343999973324,3220986,30217577,0.0011135529985040193,0.009589896998477343
case05-rep0,case05,0,recoverability_v2,0.25,5,5,True,0.0004396049998831586,3220986,30217577,0.0012083999990863958,0.0016480049989695544
case05-rep0,case05,0,target_snapshots,0.25,5,5,True,0.0004033509994769702,3220986,30217577,0.0011613030001171865,0.0015646539995941566
case05-rep0,case05,0,cost_cache,0.5,5,5,True,0.0004880050000792835,14216187,30217577,0.0011116589994344395,0.001599663999513723
case05-rep0,case05,0,full_replay,0.5,5,0,False,0.0004075369997735834,3015861,30217577,,
case05-rep0,case05,0,full_snapshot,0.5,5,0,False,0.00031947899969964055,30217577,30217577,,
case05-rep0,case05,0,pinned_cost,0.5,5,5,True,0.0005278429998725187,14871269,30217577,0.0011876489998030593,0.001715491999675578
case05-rep0,case05,0,recoverability,0.5,5,5,True,0.01360601200030942,3220986,30217577,0.0012099219993615407,0.01481593399967096
case05-rep0,case05,0,recoverability_v2,0.5,5,5,True,0.00030767099997319747,3220986,30217577,0.001464124999984051,0.0017717959999572486
case05-rep0,case05,0,target_snapshots,0.5,5,5,True,0.0004169410003669327,3220986,30217577,0.001174623001134023,0.0015915640015009558
case05-rep0,case05,0,cost_cache,1.0,5,5,True,0.00041496799985907273,30217577,30217577,0.0012181440015410772,0.00163311200140015
case05-rep0,case05,0,full_replay,1.0,5,0,False,0.0002851369999916642,3015861,30217577,,
case05-rep0,case05,0,full_snapshot,1.0,5,5,True,0.00027638499977911124,30217577,30217577,0.0012160010001025512,0.0014923859998816624
case05-rep0,case05,0,pinned_cost,1.0,5,5,True,0.00048602300012134947,30217577,30217577,0.0012302340001042467,0.0017162570002255961
case05-rep0,case05,0,recoverability,1.0,5,5,True,0.013903197000217915,3220986,30217577,0.0013137760006429744,0.01521697300086089
case05-rep0,case05,0,recoverability_v2,1.0,5,5,True,0.0002936200007752632,3220986,30217577,0.0012523249997684616,0.0015459450005437247
case05-rep0,case05,0,target_snapshots,1.0,5,5,True,0.0002817430004142807,3220986,30217577,0.0012892310005554464,0.001570974000969727
case05-rep1,case05,1,cost_cache,0.1,5,0,False,0.0003440350001255865,3021290,30217583,,
case05-rep1,case05,1,full_replay,0.1,5,0,False,0.00040237999928649515,3015867,30217583,,
case05-rep1,case05,1,full_snapshot,0.1,5,0,False,0.00041315500038763275,30217583,30217583,,
case05-rep1,case05,1,pinned_cost,0.1,5,0,False,0.00031017499986774055,11016562,30217583,,
case05-rep1,case05,1,recoverability,0.1,5,0,False,0.010189278999860107,3220992,30217583,,
case05-rep1,case05,1,recoverability_v2,0.1,5,0,False,0.0029937170002085622,3015867,30217583,,
case05-rep1,case05,1,target_snapshots,0.1,5,0,False,0.00035979699987365166,3220992,30217583,,
case05-rep1,case05,1,cost_cache,0.25,5,5,True,0.0004047129996251897,7487818,30217583,0.0012703800002782373,0.001675092999903427
case05-rep1,case05,1,full_replay,0.25,5,0,False,0.0003913040000043111,3015867,30217583,,
case05-rep1,case05,1,full_snapshot,0.25,5,0,False,0.0004455540001799818,30217583,30217583,,
case05-rep1,case05,1,pinned_cost,0.25,5,0,False,0.0003027539996764972,11016562,30217583,,
case05-rep1,case05,1,recoverability,0.25,5,5,True,0.008460570000352163,3220992,30217583,0.0013254110008347197,0.009785981001186883
case05-rep1,case05,1,recoverability_v2,0.25,5,5,True,0.0003029040008186712,3220992,30217583,0.0014456089993473142,0.0017485130001659854
case05-rep1,case05,1,target_snapshots,0.25,5,5,True,0.0005842669997946359,3220992,30217583,0.0013054950004516286,0.0018897620002462645
case05-rep1,case05,1,cost_cache,0.5,5,5,True,0.0004600140000547981,14216193,30217583,0.0011612620010055252,0.0016212760010603233
case05-rep1,case05,1,full_replay,0.5,5,0,False,0.00027566400058276486,3015867,30217583,,
case05-rep1,case05,1,full_snapshot,0.5,5,0,False,0.0004381620001367992,30217583,30217583,,
case05-rep1,case05,1,pinned_cost,0.5,5,5,True,0.0005763849994764314,14871275,30217583,0.00117641300039395,0.0017527979998703813
case05-rep1,case05,1,recoverability,0.5,5,5,True,0.013429863999590452,3220992,30217583,0.0012563310028781416,0.014686195002468594
case05-rep1,case05,1,recoverability_v2,0.5,5,5,True,0.00040080800044961507,3220992,30217583,0.0012924440006827353,0.0016932520011323504
case05-rep1,case05,1,target_snapshots,0.5,5,5,True,0.0004401850001158891,3220992,30217583,0.0012818280001738458,0.001722013000289735
case05-rep1,case05,1,cost_cache,1.0,5,5,True,0.000448978000349598,30217583,30217583,0.0013790010007141973,0.0018279790010637953
case05-rep1,case05,1,full_replay,1.0,5,0,False,0.0004364100004750071,3015867,30217583,,
case05-rep1,case05,1,full_snapshot,1.0,5,5,True,0.0004727730001832242,30217583,30217583,0.0012656960016101948,0.001738469001793419
case05-rep1,case05,1,pinned_cost,1.0,5,5,True,0.0005133629992997157,30217583,30217583,0.0013422469992292463,0.001855609998528962
case05-rep1,case05,1,recoverability,1.0,5,5,True,0.013672789999873203,3220992,30217583,0.0011219349999009864,0.01479472499977419
case05-rep1,case05,1,recoverability_v2,1.0,5,5,True,0.0005484240000441787,3220992,30217583,0.0012489409991758293,0.001797364999220008
case05-rep1,case05,1,target_snapshots,1.0,5,5,True,0.0003121169993391959,3220992,30217583,0.0012383749990476645,0.0015504919983868604
case05-rep2,case05,2,cost_cache,0.1,5,0,False,0.0005326900000000023,3021289,30217582,,
case05-rep2,case05,2,full_replay,0.1,5,0,False,0.000414347000514681,3015866,30217582,,
case05-rep2,case05,2,full_snapshot,0.1,5,0,False,0.0004002469995612046,30217582,30217582,,
case05-rep2,case05,2,pinned_cost,0.1,5,0,False,0.00042314999973314116,11016561,30217582,,
case05-rep2,case05,2,recoverability,0.1,5,0,False,0.007904766000137897,3220991,30217582,,
case05-rep2,case05,2,recoverability_v2,0.1,5,0,False,0.0028023479999319534,3015866,30217582,,
case05-rep2,case05,2,target_snapshots,0.1,5,0,False,0.0006263180002861191,3220991,30217582,,
case05-rep2,case05,2,cost_cache,0.25,5,5,True,0.0003623610000431654,6215497,30217582,0.0013855599991074996,0.001747920999150665
case05-rep2,case05,2,full_replay,0.25,5,0,False,0.0004550769999696058,3015866,30217582,,
case05-rep2,case05,2,full_snapshot,0.25,5,0,False,0.0005243780005912413,30217582,30217582,,
case05-rep2,case05,2,pinned_cost,0.25,5,0,False,0.0002853779997167294,11016561,30217582,,
case05-rep2,case05,2,recoverability,0.25,5,5,True,0.008579112999541394,3220991,30217582,0.001420711000719166,0.00999982400026056
case05-rep2,case05,2,recoverability_v2,0.25,5,5,True,0.0005138229998919996,3220991,30217582,0.0012357619998510927,0.0017495849997430923
case05-rep2,case05,2,target_snapshots,0.25,5,5,True,0.00027446199965197593,3220991,30217582,0.0011265210014244076,0.0014009830010763835
case05-rep2,case05,2,cost_cache,0.5,5,5,True,0.000508224999975937,14216192,30217582,0.0011473429985926487,0.0016555679985685856
case05-rep2,case05,2,full_replay,0.5,5,0,False,0.00041338599930895725,3015866,30217582,,
case05-rep2,case05,2,full_snapshot,0.5,5,0,False,0.00028109200047765626,30217582,30217582,,
case05-rep2,case05,2,pinned_cost,0.5,5,5,True,0.000376541999685287,14216192,30217582,0.0011485230015750858,0.0015250650012603728
case05-rep2,case05,2,recoverability,0.5,5,5,True,0.019831969000733807,3220991,30217582,0.0012975509998796042,0.02112952000061341
case05-rep2,case05,2,recoverability_v2,0.5,5,5,True,0.00044013500064465916,3220991,30217582,0.0011939289988731616,0.0016340639995178208
case05-rep2,case05,2,target_snapshots,0.5,5,5,True,0.0004381219996503205,3220991,30217582,0.0012693299995589769,0.0017074519992092974
case05-rep2,case05,2,cost_cache,1.0,5,5,True,0.0005567360003624344,30217582,30217582,0.0012605660003828234,0.0018173020007452578
case05-rep2,case05,2,full_replay,1.0,5,0,False,0.00027776700062531745,3015866,30217582,,
case05-rep2,case05,2,full_snapshot,1.0,5,5,True,0.0004362090003269259,30217582,30217582,0.0013234090010882937,0.0017596180014152196
case05-rep2,case05,2,pinned_cost,1.0,5,5,True,0.000516508000146132,30217582,30217582,0.0012620689994946588,0.0017785769996407907
case05-rep2,case05,2,recoverability,1.0,5,5,True,0.01336666199949832,3220991,30217582,0.0011690139999700477,0.014535675999468367
case05-rep2,case05,2,recoverability_v2,1.0,5,5,True,0.0003661269993244787,3220991,30217582,0.0012742270009766798,0.0016403540003011585
case05-rep2,case05,2,target_snapshots,1.0,5,5,True,0.00047224299942172365,3220991,30217582,0.001130597999690508,0.0016028409991122317
case05-rep3,case05,3,cost_cache,0.1,5,0,False,0.0004971390007995069,3021285,30217578,,
case05-rep3,case05,3,full_replay,0.1,5,0,False,0.0004735649999929592,3015862,30217578,,
case05-rep3,case05,3,full_snapshot,0.1,5,0,False,0.0005120100004205597,30217578,30217578,,
case05-rep3,case05,3,pinned_cost,0.1,5,0,False,0.0004975599995304947,11016557,30217578,,
case05-rep3,case05,3,recoverability,0.1,5,0,False,0.00875482099945657,3220987,30217578,,
case05-rep3,case05,3,recoverability_v2,0.1,5,0,False,0.0028679530005319975,3015862,30217578,,
case05-rep3,case05,3,target_snapshots,0.1,5,0,False,0.00043108199952257564,3220987,30217578,,
case05-rep3,case05,3,cost_cache,0.25,5,5,True,0.0005151550003574812,7526213,30217578,0.0015461760012840386,0.00206133100164152
case05-rep3,case05,3,full_replay,0.25,5,0,False,0.0005231270006333943,3015862,30217578,,
case05-rep3,case05,3,full_snapshot,0.25,5,0,False,0.0004038119996039313,30217578,30217578,,
case05-rep3,case05,3,pinned_cost,0.25,5,0,False,0.0006649549995927373,11016557,30217578,,
case05-rep3,case05,3,recoverability,0.25,5,5,True,0.009141106999777548,3220987,30217578,0.0014068119999137707,0.01054791899969132
case05-rep3,case05,3,recoverability_v2,0.25,5,5,True,0.002531760999772814,3220987,30217578,0.0013623960003315005,0.0038941570001043146
case05-rep3,case05,3,target_snapshots,0.25,5,5,True,0.0005461609998747008,3220987,30217578,0.0013740140002482804,0.0019201750001229811
case05-rep3,case05,3,cost_cache,0.5,5,5,True,0.00037547099964285735,14216188,30217578,0.0012348610016488237,0.001610332001291681
case05-rep3,case05,3,full_replay,0.5,5,0,False,0.0002981970001201262,3015862,30217578,,
case05-rep3,case05,3,full_snapshot,0.5,5,0,False,0.0004554070001177024,30217578,30217578,,
case05-rep3,case05,3,pinned_cost,0.5,5,5,True,0.0005172680002942798,14871270,30217578,0.0013948039995739236,0.0019120719998682034
case05-rep3,case05,3,recoverability,0.5,5,5,True,0.014480435000223224,3220987,30217578,0.0013341859994397964,0.01581462099966302
case05-rep3,case05,3,recoverability_v2,0.5,5,5,True,0.00032026900044002105,3220987,30217578,0.0014806509998379624,0.0018009200002779835
case05-rep3,case05,3,target_snapshots,0.5,5,5,True,0.0003040149995285901,3220987,30217578,0.001433331000043836,0.001737345999572426
case05-rep3,case05,3,cost_cache,1.0,5,5,True,0.0003742889994100551,30217578,30217578,0.0012447240005712956,0.0016190129999813507
case05-rep3,case05,3,full_replay,1.0,5,0,False,0.00039309600015258184,3015862,30217578,,
case05-rep3,case05,3,full_snapshot,1.0,5,5,True,0.00040531400009058416,30217578,30217578,0.001357149999421381,0.001762463999511965
case05-rep3,case05,3,pinned_cost,1.0,5,5,True,0.0005125810002937214,30217578,30217578,0.0013958259987703059,0.0019084069990640273
case05-rep3,case05,3,recoverability,1.0,5,5,True,0.014028782000423234,3220987,30217578,0.001336328999059333,0.015365110999482567
case05-rep3,case05,3,recoverability_v2,1.0,5,5,True,0.0004458430003069225,3220987,30217578,0.001294867999604321,0.0017407109999112436
case05-rep3,case05,3,target_snapshots,1.0,5,5,True,0.0005173780000404804,3220987,30217578,0.0012755480011037434,0.0017929260011442238
case05-rep4,case05,4,cost_cache,0.1,5,0,False,0.0006075400006011478,3021284,30217577,,
case05-rep4,case05,4,full_replay,0.1,5,0,False,0.0003367830004208372,3015861,30217577,,
case05-rep4,case05,4,full_snapshot,0.1,5,0,False,0.00044066600003134226,30217577,30217577,,
case05-rep4,case05,4,pinned_cost,0.1,5,0,False,0.0005078439999124384,11016556,30217577,,
case05-rep4,case05,4,recoverability,0.1,5,0,False,0.008722744000806415,3220986,30217577,,
case05-rep4,case05,4,recoverability_v2,0.1,5,0,False,0.0026964019998558797,3015861,30217577,,
case05-rep4,case05,4,target_snapshots,0.1,5,0,False,0.00030332500045915367,3220986,30217577,,
case05-rep4,case05,4,cost_cache,0.25,5,5,True,0.00048827600039658137,6215492,30217577,0.0011623330001384602,0.0016506090005350416
case05-rep4,case05,4,full_replay,0.25,5,0,False,0.00027324100028636167,3015861,30217577,,
case05-rep4,case05,4,full_snapshot,0.25,5,0,False,0.0003294829994047177,30217577,30217577,,
case05-rep4,case05,4,pinned_cost,0.25,5,0,False,0.00030155199965520296,11016556,30217577,,
case05-rep4,case05,4,recoverability,0.25,5,5,True,0.008493318000546424,3220986,30217577,0.0011648979998426512,0.009658216000389075
case05-rep4,case05,4,recoverability_v2,0.25,5,5,True,0.00043437699969217647,3220986,30217577,0.0013422169995465083,0.0017765939992386848
case05-rep4,case05,4,target_snapshots,0.25,5,5,True,0.00031451099948753836,3220986,30217577,0.00122872999872925,0.0015432409982167883
case05-rep4,case05,4,cost_cache,0.5,5,5,True,0.000496677999763051,14216187,30217577,0.0012230719994477113,0.0017197499992107623
case05-rep4,case05,4,full_replay,0.5,5,0,False,0.00038260100063780556,3015861,30217577,,
case05-rep4,case05,4,full_snapshot,0.5,5,0,False,0.0004580120003083721,30217577,30217577,,
case05-rep4,case05,4,pinned_cost,0.5,5,5,True,0.0005304769993017544,14216187,30217577,0.0011940700005652616,0.001724546999867016
case05-rep4,case05,4,recoverability,0.5,5,5,True,0.013912600000367092,3220986,30217577,0.0012211190005473327,0.015133719000914425
case05-rep4,case05,4,recoverability_v2,0.5,5,5,True,0.0004503899999690475,3220986,30217577,0.001222481001605047,0.0016728710015740944
case05-rep4,case05,4,target_snapshots,0.5,5,5,True,0.0002787989997159457,3220986,30217577,0.0011436049999247189,0.0014224039996406646
case05-rep4,case05,4,cost_cache,1.0,5,5,True,0.0004678659997807699,30217577,30217577,0.0012055860006512376,0.0016734520004320075
case05-rep4,case05,4,full_replay,1.0,5,0,False,0.00032150099923455855,3015861,30217577,,
case05-rep4,case05,4,full_snapshot,1.0,5,5,True,0.000412423999478051,30217577,30217577,0.0011784470016209525,0.0015908710010990035
case05-rep4,case05,4,pinned_cost,1.0,5,5,True,0.00046033499984332593,30217577,30217577,0.0011521280002853018,0.0016124630001286278
case05-rep4,case05,4,recoverability,1.0,5,5,True,0.013915515000007872,3220986,30217577,0.0011725279991878779,0.01508804299919575
case05-rep4,case05,4,recoverability_v2,1.0,5,5,True,0.00029232899942144286,3220986,30217577,0.0012957489998370875,0.0015880779992585303
case05-rep4,case05,4,target_snapshots,1.0,5,5,True,0.0004350279996288009,3220986,30217577,0.001182503002382873,0.001617531002011674
case06-rep0,case06,0,cost_cache,0.1,5,0,False,0.00012106800022593234,151231,447052,,
case06-rep0,case06,0,full_replay,0.1,5,0,False,0.00010984100026689703,151231,447052,,
case06-rep0,case06,0,full_snapshot,0.1,5,0,False,0.0001715119997243164,151231,447052,,
case06-rep0,case06,0,pinned_cost,0.1,5,0,False,0.00010812899927259423,151231,447052,,
case06-rep0,case06,0,recoverability,0.1,5,0,False,0.00017541699980938574,151231,447052,,
case06-rep0,case06,0,recoverability_v2,0.1,5,0,False,0.0001832490006563603,151231,447052,,
case06-rep0,case06,0,target_snapshots,0.1,5,0,False,0.0001090300002033473,151231,447052,,
case06-rep0,case06,0,cost_cache,0.25,5,0,False,0.00010766800005512778,151231,447052,,
case06-rep0,case06,0,full_replay,0.25,5,0,False,0.0001092709999284125,151231,447052,,
case06-rep0,case06,0,full_snapshot,0.25,5,0,False,0.0002805419999276637,151231,447052,,
case06-rep0,case06,0,pinned_cost,0.25,5,0,False,0.00011230500058445614,151231,447052,,
case06-rep0,case06,0,recoverability,0.25,5,0,False,0.000183318000381405,151231,447052,,
case06-rep0,case06,0,recoverability_v2,0.25,5,0,False,0.00010777800071082311,151231,447052,,
case06-rep0,case06,0,target_snapshots,0.25,5,0,False,0.00011059200005547609,151231,447052,,
case06-rep0,case06,0,cost_cache,0.5,5,5,True,0.00022069300030125305,173654,447052,0.0009877279999273014,0.0012084210002285545
case06-rep0,case06,0,full_replay,0.5,5,5,True,0.00010886900054174475,151231,447052,0.026016008999249607,0.02612487799979135
case06-rep0,case06,0,full_snapshot,0.5,5,0,False,0.00021508499958144967,447052,447052,,
case06-rep0,case06,0,pinned_cost,0.5,5,5,True,0.0004554070001177024,173654,447052,0.0010099290011567064,0.0014653360012744088
case06-rep0,case06,0,recoverability,0.5,5,5,True,0.0025817440000537317,168313,447052,0.0009842210001806961,0.003565965000234428
case06-rep0,case06,0,recoverability_v2,0.5,5,5,True,0.0002089059998979792,168313,447052,0.0010183430003962712,0.0012272490002942504
case06-rep0,case06,0,target_snapshots,0.5,5,5,True,0.00021081900013086852,168313,447052,0.0012641449993679998,0.0014749639994988684
case06-rep0,case06,0,cost_cache,1.0,5,5,True,0.00013208299969846848,447052,447052,0.0009791140009838273,0.0011111970006822958
case06-rep0,case06,0,full_replay,1.0,5,5,True,0.0001674249997449806,151231,447052,0.026481981999495474,0.026649406999240455
case06-rep0,case06,0,full_snapshot,1.0,5,5,True,0.00021021799966547405,447052,447052,0.0011584979993131128,0.0013687159989785869
case06-rep0,case06,0,pinned_cost,1.0,5,5,True,0.00013625999963551294,447052,447052,0.0009570810007062391,0.001093341000341752
case06-rep0,case06,0,recoverability,1.0,5,5,True,0.002593932000308996,168313,447052,0.001016148999951838,0.003610081000260834
case06-rep0,case06,0,recoverability_v2,1.0,5,5,True,0.0001296399996135733,168313,447052,0.0010280969991072197,0.001157736998720793
case06-rep0,case06,0,target_snapshots,1.0,5,5,True,0.00012851800056523643,168313,447052,0.001110137998693972,0.0012386559992592083
case06-rep1,case06,1,cost_cache,0.1,5,0,False,0.0001116640005420777,151232,447053,,
case06-rep1,case06,1,full_replay,0.1,5,0,False,0.0001770489998307312,151232,447053,,
case06-rep1,case06,1,full_snapshot,0.1,5,0,False,0.0001108129999920493,151232,447053,,
case06-rep1,case06,1,pinned_cost,0.1,5,0,False,0.00011007099965354428,151232,447053,,
case06-rep1,case06,1,recoverability,0.1,5,0,False,0.00018202699993707938,151232,447053,,
case06-rep1,case06,1,recoverability_v2,0.1,5,0,False,0.00040214900036517065,151232,447053,,
case06-rep1,case06,1,target_snapshots,0.1,5,0,False,0.00018661300055100583,151232,447053,,
case06-rep1,case06,1,cost_cache,0.25,5,0,False,0.00011158400047861505,151232,447053,,
case06-rep1,case06,1,full_replay,0.25,5,0,False,0.0001767289995768806,151232,447053,,
case06-rep1,case06,1,full_snapshot,0.25,5,0,False,0.00017389500044373563,151232,447053,,
case06-rep1,case06,1,pinned_cost,0.25,5,0,False,0.0001665539994064602,151232,447053,,
case06-rep1,case06,1,recoverability,0.25,5,0,False,0.00017544799993629567,151232,447053,,
case06-rep1,case06,1,recoverability_v2,0.25,5,0,False,0.00022888600051373942,151232,447053,,
case06-rep1,case06,1,target_snapshots,0.25,5,0,False,0.000123150000035821,151232,447053,,
case06-rep1,case06,1,cost_cache,0.5,5,5,True,0.0001350780003122054,173655,447053,0.001023571001496748,0.0011586490018089535
case06-rep1,case06,1,full_replay,0.5,5,5,True,0.0001092709999284125,151232,447053,0.02915758399922197,0.029266854999150382
case06-rep1,case06,1,full_snapshot,0.5,5,0,False,0.00011030099994968623,447053,447053,,
case06-rep1,case06,1,pinned_cost,0.5,5,5,True,0.00013723099982598796,173655,447053,0.0010835769999175682,0.0012208079997435561
case06-rep1,case06,1,recoverability,0.5,5,5,True,0.002585430000181077,168314,447053,0.001114803999371361,0.003700233999552438
case06-rep1,case06,1,recoverability_v2,0.5,5,5,True,0.0001315930003329413,168314,447053,0.001051901001119404,0.0011834940014523454
case06-rep1,case06,1,target_snapshots,0.5,5,5,True,0.00024021199988055741,168314,447053,0.0010134259991900763,0.0012536379990706337
case06-rep1,case06,1,cost_cache,1.0,5,5,True,0.00029741599973931443,447053,447053,0.0009793760000320617,0.0012767919997713761
case06-rep1,case06,1,full_replay,1.0,5,5,True,0.00011068200001318473,151232,447053,0.02612301700082753,0.026233699000840716
case06-rep1,case06,1,full_snapshot,1.0,5,5,True,0.00011481799992907327,447053,447053,0.0014406809996216907,0.001555498999550764
case06-rep1,case06,1,pinned_cost,1.0,5,5,True,0.0002484739998180885,447053,447053,0.0009706819992061355,0.001219155999024224
case06-rep1,case06,1,recoverability,1.0,5,5,True,0.0025399320002179593,168314,447053,0.001093181999749504,0.0036331139999674633
case06-rep1,case06,1,recoverability_v2,1.0,5,5,True,0.00014318000012281118,168314,447053,0.0009923440002239658,0.001135524000346777
case06-rep1,case06,1,target_snapshots,1.0,5,5,True,0.00019746899943129392,168314,447053,0.001121532999604824,0.001319001999036118
case06-rep2,case06,2,cost_cache,0.1,5,0,False,0.00019008800063602393,151227,447048,,
case06-rep2,case06,2,full_replay,0.1,5,0,False,0.00010736700005509192,151227,447048,,
case06-rep2,case06,2,full_snapshot,0.1,5,0,False,0.00016574300025240518,151227,447048,,
case06-rep2,case06,2,pinned_cost,0.1,5,0,False,0.00010613499944156501,151227,447048,,
case06-rep2,case06,2,recoverability,0.1,5,0,False,0.0004882160001216107,151227,447048,,
case06-rep2,case06,2,recoverability_v2,0.1,5,0,False,0.00018378899949311744,151227,447048,,
case06-rep2,case06,2,target_snapshots,0.1,5,0,False,0.00018277799972565845,151227,447048,,
case06-rep2,case06,2,cost_cache,0.25,5,0,False,0.00017677899995760527,151227,447048,,
case06-rep2,case06,2,full_replay,0.25,5,0,False,0.00022338799954013666,151227,447048,,
case06-rep2,case06,2,full_snapshot,0.25,5,0,False,0.00020159500036243116,151227,447048,,
case06-rep2,case06,2,pinned_cost,0.25,5,0,False,0.0001757380005074083,151227,447048,,
case06-rep2,case06,2,recoverability,0.25,5,0,False,0.00014000499959365698,151227,447048,,
case06-rep2,case06,2,recoverability_v2,0.25,5,0,False,0.00018762499985314207,151227,447048,,
case06-rep2,case06,2,target_snapshots,0.25,5,0,False,0.00010940999982267385,151227,447048,,
case06-rep2,case06,2,cost_cache,0.5,5,5,True,0.00013008099995204248,173650,447048,0.0010634179998305626,0.001193498999782605
case06-rep2,case06,2,full_replay,0.5,5,5,True,0.00015444699965883046,151227,447048,0.027047153000239632,0.027201599999898463
case06-rep2,case06,2,full_snapshot,0.5,5,0,False,0.00011489799999253592,447048,447048,,
case06-rep2,case06,2,pinned_cost,0.5,5,5,True,0.0001329750002696528,173650,447048,0.0010431880000396632,0.001176163000309316
case06-rep2,case06,2,recoverability,0.5,5,5,True,0.0024596949997430784,168309,447048,0.0009462879997954587,0.003405982999538537
case06-rep2,case06,2,recoverability_v2,0.5,5,5,True,0.00013138299982529134,168309,447048,0.0009873970002445276,0.001118780000069819
case06-rep2,case06,2,target_snapshots,0.5,5,5,True,0.0001115830000344431,168309,447048,0.0009889389993986697,0.0011005219994331128
case06-rep2,case06,2,cost_cache,1.0,5,5,True,0.00013555900022765854,447048,447048,0.0016527119996680995,0.001788270999895758
case06-rep2,case06,2,full_replay,1.0,5,5,True,0.00010795799971674569,151227,447048,0.02742117900015728,0.027529136999874027
case06-rep2,case06,2,full_snapshot,1.0,5,5,True,0.0001094900007956312,447048,447048,0.0012379139989207033,0.0013474039997163345
case06-rep2,case06,2,pinned_cost,1.0,5,5,True,0.00020553200010908768,447048,447048,0.0010233189996142755,0.0012288509997233632
case06-rep2,case06,2,recoverability,1.0,5,5,True,0.0027149790003022645,168309,447048,0.0009895599987430614,0.003704538999045326
case06-rep2,case06,2,recoverability_v2,1.0,5,5,True,0.00020214599953760626,168309,447048,0.001116457000534865,0.0013186030000724713
case06-rep2,case06,2,target_snapshots,1.0,5,5,True,0.00011339699995005503,168309,447048,0.0009645030004321598,0.0010779000003822148
case06-rep3,case06,3,cost_cache,0.1,5,0,False,0.00010787900009745499,151232,447053,,
case06-rep3,case06,3,full_replay,0.1,5,0,False,0.00010661600026651286,151232,447053,,
case06-rep3,case06,3,full_snapshot,0.1,5,0,False,0.00010634599948389223,151232,447053,,
case06-rep3,case06,3,pinned_cost,0.1,5,0,False,0.00021592700068140402,151232,447053,,
case06-rep3,case06,3,recoverability,0.1,5,0,False,0.00022986699968896573,151232,447053,,
case06-rep3,case06,3,recoverability_v2,0.1,5,0,False,0.00017945299987331964,151232,447053,,
case06-rep3,case06,3,target_snapshots,0.1,5,0,False,0.0001798329994926462,151232,447053,,
case06-rep3,case06,3,cost_cache,0.25,5,0,False,0.00019395400067878654,151232,447053,,
case06-rep3,case06,3,full_replay,0.25,5,0,False,0.00012484300077630905,151232,447053,,
case06-rep3,case06,3,full_snapshot,0.25,5,0,False,0.00011161400016135303,151232,447053,,
case06-rep3,case06,3,pinned_cost,0.25,5,0,False,0.0001074069996320759,151232,447053,,
case06-rep3,case06,3,recoverability,0.25,5,0,False,0.00021019899941165932,151232,447053,,
case06-rep3,case06,3,recoverability_v2,0.25,5,0,False,0.00018802599970513256,151232,447053,,
case06-rep3,case06,3,target_snapshots,0.25,5,0,False,0.0001085600006263121,151232,447053,,
case06-rep3,case06,3,cost_cache,0.5,5,5,True,0.0002155660004063975,173655,447053,0.0011313069990137592,0.0013468729994201567
case06-rep3,case06,3,full_replay,0.5,5,5,True,0.00010767700041469652,151232,447053,0.028494852000221726,0.028602529000636423
case06-rep3,case06,3,full_snapshot,0.5,5,0,False,0.00018998900031874655,447053,447053,,
case06-rep3,case06,3,pinned_cost,0.5,5,5,True,0.00016928799959714524,173655,447053,0.0011606810012381175,0.0013299690008352627
case06-rep3,case06,3,recoverability,0.5,5,5,True,0.0023271799991562148,168314,447053,0.0012098930001229746,0.0035370729992791894
case06-rep3,case06,3,recoverability_v2,0.5,5,5,True,0.0002364470001339214,168314,447053,0.0012003809979432845,0.0014368279980772058
case06-rep3,case06,3,target_snapshots,0.5,5,5,True,0.00011546999940037495,168314,447053,0.0012398170001688413,0.0013552869995692163
case06-rep3,case06,3,cost_cache,1.0,5,5,True,0.00013024100007896777,447053,447053,0.0012099239993403899,0.0013401649994193576
case06-rep3,case06,3,full_replay,1.0,5,5,True,0.0001256240002476261,151232,447053,0.027854215000843396,0.027979839001091023
case06-rep3,case06,3,full_snapshot,1.0,5,5,True,0.0002985580003951327,447053,447053,0.001054846999977599,0.0013534050003727316
case06-rep3,case06,3,pinned_cost,1.0,5,5,True,0.00021979200027999468,447053,447053,0.0010254830003759707,0.0012452750006559654
case06-rep3,case06,3,recoverability,1.0,5,5,True,0.0026999669998986064,168314,447053,0.0012946760007253033,0.00399464300062391
case06-rep3,case06,3,recoverability_v2,1.0,5,5,True,0.0001256040004591341,168314,447053,0.001074684999366582,0.001200288999825716
case06-rep3,case06,3,target_snapshots,1.0,5,5,True,0.00019833100031974027,168314,447053,0.0011156240007039742,0.0013139550010237144
case06-rep4,case06,4,cost_cache,0.1,5,0,False,0.0002075040001727757,151230,447051,,
case06-rep4,case06,4,full_replay,0.1,5,0,False,0.00017873199976747856,151230,447051,,
case06-rep4,case06,4,full_snapshot,0.1,5,0,False,0.00010898900018219138,151230,447051,,
case06-rep4,case06,4,pinned_cost,0.1,5,0,False,0.00010795799971674569,151230,447051,,
case06-rep4,case06,4,recoverability,0.1,5,0,False,0.00016051500006142305,151230,447051,,
case06-rep4,case06,4,recoverability_v2,0.1,5,0,False,0.00017524699978821445,151230,447051,,
case06-rep4,case06,4,target_snapshots,0.1,5,0,False,0.00010702700001274934,151230,447051,,
case06-rep4,case06,4,cost_cache,0.25,5,0,False,0.00010718700013967464,151230,447051,,
case06-rep4,case06,4,full_replay,0.25,5,0,False,0.0001757179998094216,151230,447051,,
case06-rep4,case06,4,full_snapshot,0.25,5,0,False,0.0001132059996962198,151230,447051,,
case06-rep4,case06,4,pinned_cost,0.25,5,0,False,0.00014754599942534696,151230,447051,,
case06-rep4,case06,4,recoverability,0.25,5,0,False,0.0002214739997725701,151230,447051,,
case06-rep4,case06,4,recoverability_v2,0.25,5,0,False,0.00019350399998074863,151230,447051,,
case06-rep4,case06,4,target_snapshots,0.25,5,0,False,0.00010985100016114302,151230,447051,,
case06-rep4,case06,4,cost_cache,0.5,5,5,True,0.00013130200022715144,173653,447051,0.0010446309997860226,0.001175933000013174
case06-rep4,case06,4,full_replay,0.5,5,5,True,0.00010759799988591112,151230,447051,0.02718133200050943,0.02728893000039534
case06-rep4,case06,4,full_snapshot,0.5,5,0,False,0.0001760380000632722,447051,447051,,
case06-rep4,case06,4,pinned_cost,0.5,5,5,True,0.00013854300050297752,173653,447051,0.0010299300001861411,0.0011684730006891186
case06-rep4,case06,4,recoverability,0.5,5,5,True,0.002762009000434773,168312,447051,0.0010992320003424538,0.003861241000777227
case06-rep4,case06,4,recoverability_v2,0.5,5,5,True,0.0001884260000224458,168312,447051,0.0010463729995535687,0.0012347989995760145
case06-rep4,case06,4,target_snapshots,0.5,5,5,True,0.00018405000082566403,168312,447051,0.0011306880005577113,0.0013147380013833754
case06-rep4,case06,4,cost_cache,1.0,5,5,True,0.0001298199995289906,447051,447051,0.0011235659985686652,0.0012533859980976558
case06-rep4,case06,4,full_replay,1.0,5,5,True,0.00011119299961137585,151230,447051,0.02562188799947762,0.025733080999088997
case06-rep4,case06,4,full_snapshot,1.0,5,5,True,0.00017980299980990821,447051,447051,0.0011110690002169576,0.0012908720000268659
case06-rep4,case06,4,pinned_cost,1.0,5,5,True,0.00020661300004576333,447051,447051,0.0012434219979695627,0.001450034998015326
case06-rep4,case06,4,recoverability,1.0,5,5,True,0.002623606000270229,168312,447051,0.0010383419994468568,0.0036619479997170856
case06-rep4,case06,4,recoverability_v2,1.0,5,5,True,0.0001877549993878347,168312,447051,0.0010653909985194332,0.0012531459979072679
case06-rep4,case06,4,target_snapshots,1.0,5,5,True,0.00019432499993854435,168312,447051,0.0010699779995775316,0.001264302999516076
case07-rep0,case07,0,cost_cache,0.1,5,1,False,0.0002850880000551115,167127,1685191,,
case07-rep0,case07,0,full_replay,0.1,5,0,False,0.0002514390007490874,156543,1685191,,
case07-rep0,case07,0,full_snapshot,0.1,5,0,False,0.0002523499997550971,1685191,1685191,,
case07-rep0,case07,0,pinned_cost,0.1,5,0,False,0.0002971149997392786,840038,1685191,,
case07-rep0,case07,0,recoverability,0.1,5,0,False,0.003457097000136855,173625,1685191,,
case07-rep0,case07,0,recoverability_v2,0.1,5,0,False,0.002426696999464184,156543,1685191,,
case07-rep0,case07,0,target_snapshots,0.1,5,0,False,0.0003242049997425056,173625,1685191,,
case07-rep0,case07,0,cost_cache,0.25,5,5,True,0.000218741000026057,318201,1685191,0.0012465390000215848,0.0014652800000476418
case07-rep0,case07,0,full_replay,0.25,5,0,False,0.0002551440002207528,156543,1685191,,
case07-rep0,case07,0,full_snapshot,0.25,5,0,False,0.00025215899950126186,1685191,1685191,,
case07-rep0,case07,0,pinned_cost,0.25,5,0,False,0.00019133000023430213,840038,1685191,,
case07-rep0,case07,0,recoverability,0.25,5,5,True,0.0036990010003137286,173625,1685191,0.0010515720005059848,0.004750573000819713
case07-rep0,case07,0,recoverability_v2,0.25,5,5,True,0.0003435140006331494,173625,1685191,0.001182464000521577,0.0015259780011547264
case07-rep0,case07,0,target_snapshots,0.25,5,5,True,0.00018290800016984576,173625,1685191,0.001165548001154093,0.0013484560013239388
case07-rep0,case07,0,cost_cache,0.5,5,5,True,0.00040321100004803156,728298,1685191,0.0010546759995122557,0.0014578869995602872
case07-rep0,case07,0,full_replay,0.5,5,0,False,0.00028248399939911906,156543,1685191,,
case07-rep0,case07,0,full_snapshot,0.5,5,0,False,0.00017449500046495814,1685191,1685191,,
case07-rep0,case07,0,pinned_cost,0.5,5,5,True,0.00022141400040709414,842037,1685191,0.016988155999570154,0.017209569999977248
case07-rep0,case07,0,recoverability,0.5,5,5,True,0.0040492549996997695,173625,1685191,0.0010972979980579112,0.005146552997757681
case07-rep0,case07,0,recoverability_v2,0.5,5,5,True,0.0002729600000748178,173625,1685191,0.0010711599989008391,0.001344119998975657
case07-rep0,case07,0,target_snapshots,0.5,5,5,True,0.00025378199916303856,173625,1685191,0.0009975119974114932,0.0012512939965745318
case07-rep0,case07,0,cost_cache,1.0,5,5,True,0.00031674399997427827,1685191,1685191,0.001049630999659712,0.0013663749996339902
case07-rep0,case07,0,full_replay,1.0,5,0,False,0.00016984900048555573,156543,1685191,,
case07-rep0,case07,0,full_snapshot,1.0,5,5,True,0.00026115299988305196,1685191,1685191,0.0009995149994210806,0.0012606679993041325
case07-rep0,case07,0,pinned_cost,1.0,5,5,True,0.00029907799944339786,1685191,1685191,0.0010054630001832265,0.0013045409996266244
case07-rep0,case07,0,recoverability,1.0,5,5,True,0.006115963999945961,173625,1685191,0.00114256300003035,0.007258526999976311
case07-rep0,case07,0,recoverability_v2,1.0,5,5,True,0.00020935700013069436,173625,1685191,0.0012696109997705207,0.001478967999901215
case07-rep0,case07,0,target_snapshots,1.0,5,5,True,0.0002738919993134914,173625,1685191,0.001013664999845787,0.0012875569991592783
case07-rep1,case07,1,cost_cache,0.1,5,1,False,0.0003199889997631544,167127,1685191,,
case07-rep1,case07,1,full_replay,0.1,5,0,False,0.00018278799961990444,156543,1685191,,
case07-rep1,case07,1,full_snapshot,0.1,5,0,False,0.00038175000008777715,1685191,1685191,,
case07-rep1,case07,1,pinned_cost,0.1,5,0,False,0.00028042099984304514,840038,1685191,,
case07-rep1,case07,1,recoverability,0.1,5,0,False,0.0034802620002665208,173625,1685191,,
case07-rep1,case07,1,recoverability_v2,0.1,5,0,False,0.0029888710005252506,156543,1685191,,
case07-rep1,case07,1,target_snapshots,0.1,5,0,False,0.00032151100003829924,173625,1685191,,
case07-rep1,case07,1,cost_cache,0.25,5,5,True,0.0003907430000253953,318201,1685191,0.0011913959997400525,0.0015821389997654478
case07-rep1,case07,1,full_replay,0.25,5,0,False,0.0002973159998873598,156543,1685191,,
case07-rep1,case07,1,full_snapshot,0.25,5,0,False,0.00031643399961467367,1685191,1685191,,
case07-rep1,case07,1,pinned_cost,0.25,5,0,False,0.0002688650001800852,840038,1685191,,
case07-rep1,case07,1,recoverability,0.25,5,5,True,0.0037980980005158926,173625,1685191,0.001253668000572361,0.005051766001088254
case07-rep1,case07,1,recoverability_v2,0.25,5,5,True,0.00032748000012361445,173625,1685191,0.0011235080000915332,0.0014509880002151476
case07-rep1,case07,1,target_snapshots,0.25,5,5,True,0.0002953629991679918,173625,1685191,0.0011581989992919262,0.001453561998459918
case07-rep1,case07,1,cost_cache,0.5,5,5,True,0.00023293100002774736,728298,1685191,0.0011898849998033256,0.001422815999831073
case07-rep1,case07,1,full_replay,0.5,5,0,False,0.00021048899998277193,156543,1685191,,
case07-rep1,case07,1,full_snapshot,0.5,5,0,False,0.0001781209994078381,1685191,1685191,,
case07-rep1,case07,1,pinned_cost,0.5,5,5,True,0.00028875299994979287,842036,1685191,0.01814218600065942,0.018430939000609214
case07-rep1,case07,1,recoverability,0.5,5,5,True,0.012382804000480974,173625,1685191,0.0012349489998086938,0.013617753000289667
case07-rep1,case07,1,recoverability_v2,0.5,5,5,True,0.0001923219997479464,173625,1685191,0.0011453179995442042,0.0013376399992921506
case07-rep1,case07,1,target_snapshots,0.5,5,5,True,0.00027546300043468364,173625,1685191,0.001164357000561722,0.0014398200009964057
case07-rep1,case07,1,cost_cache,1.0,5,5,True,0.00032985300003929297,1685191,1685191,0.0010870039996007108,0.0014168569996400038
case07-rep1,case07,1,full_replay,1.0,5,0,False,0.0002632549994814326,156543,1685191,,
case07-rep1,case07,1,full_snapshot,1.0,5,5,True,0.0004153889994995552,1685191,1685191,0.001033554001878656,0.0014489430013782112
case07-rep1,case07,1,pinned_cost,1.0,5,5,True,0.0004869639997195918,1685191,1685191,0.0011239779987590737,0.0016109419984786655
case07-rep1,case07,1,recoverability,1.0,5,5,True,0.006066520999411296,173625,1685191,0.0011484730002848664,0.007214993999696162
case07-rep1,case07,1,recoverability_v2,1.0,5,5,True,0.0003146310000374797,173625,1685191,0.0011491940003907075,0.0014638250004281872
case07-rep1,case07,1,target_snapshots,1.0,5,5,True,0.0003087819995926111,173625,1685191,0.0011633159992925357,0.0014720979988851468
case07-rep2,case07,2,cost_cache,0.1,5,1,False,0.00029923799957032315,167129,1685193,,
case07-rep2,case07,2,full_replay,0.1,5,0,False,0.00017453600048611406,156545,1685193,,
case07-rep2,case07,2,full_snapshot,0.1,5,0,False,0.00029266899946378544,1685193,1685193,,
case07-rep2,case07,2,pinned_cost,0.1,5,0,False,0.00032749000001786044,840040,1685193,,
case07-rep2,case07,2,recoverability,0.1,5,0,False,0.006033833999936178,173627,1685193,,
case07-rep2,case07,2,recoverability_v2,0.1,5,0,False,0.0027990319995296886,156545,1685193,,
case07-rep2,case07,2,target_snapshots,0.1,5,0,False,0.00030204199993022485,173627,1685193,,
case07-rep2,case07,2,cost_cache,0.25,5,5,True,0.00032373399972129846,318203,1685193,0.0013722109979426023,0.0016959449976639007
case07-rep2,case07,2,full_replay,0.25,5,0,False,0.00017117100014729658,156545,1685193,,
case07-rep2,case07,2,full_snapshot,0.25,5,0,False,0.0001739350000207196,1685193,1685193,,
case07-rep2,case07,2,pinned_cost,0.25,5,0,False,0.00018570199972600676,840040,1685193,,
case07-rep2,case07,2,recoverability,0.25,5,5,True,0.004051107999657688,173627,1685193,0.0010293080003975774,0.005080416000055266
case07-rep2,case07,2,recoverability_v2,0.25,5,5,True,0.000305097999444115,173627,1685193,0.0011443880002843798,0.0014494859997284948
case07-rep2,case07,2,target_snapshots,0.25,5,5,True,0.00018097499923896976,173627,1685193,0.001439919999029371,0.0016208949982683407
case07-rep2,case07,2,cost_cache,0.5,5,5,True,0.00034724899978755275,728300,1685193,0.0014497950005534221,0.0017970440003409749
case07-rep2,case07,2,full_replay,0.5,5,0,False,0.0002834549995895941,156545,1685193,,
case07-rep2,case07,2,full_snapshot,0.5,5,0,False,0.0003336789995955769,1685193,1685193,,
case07-rep2,case07,2,pinned_cost,0.5,5,5,True,0.00037869500010856427,842038,1685193,0.018094451999786543,0.018473146999895107
case07-rep2,case07,2,recoverability,0.5,5,5,True,0.006796581000344304,173627,1685193,0.0012049560000377824,0.008001537000382086
case07-rep2,case07,2,recoverability_v2,0.5,5,5,True,0.0002749229997789371,173627,1685193,0.0011229350002395222,0.0013978580000184593
case07-rep2,case07,2,target_snapshots,0.5,5,5,True,0.00019906200031982735,173627,1685193,0.002028834999691753,0.0022278970000115805
case07-rep2,case07,2,cost_cache,1.0,5,5,True,0.0003808390001722728,1685193,1685193,0.0012078509989805752,0.001588689999152848
case07-rep2,case07,2,full_replay,1.0,5,0,False,0.00021334199936973164,156545,1685193,,
case07-rep2,case07,2,full_snapshot,1.0,5,5,True,0.00030872199931764044,1685193,1685193,0.0010635190001266892,0.0013722409994443296
case07-rep2,case07,2,pinned_cost,1.0,5,5,True,0.00036974100021325285,1685193,1685193,0.0012487100011639996,0.0016184510013772524
case07-rep2,case07,2,recoverability,1.0,5,5,True,0.006835600000158593,173627,1685193,0.0011731000004147063,0.008008700000573299
case07-rep2,case07,2,recoverability_v2,1.0,5,5,True,0.00019412399979046313,173627,1685193,0.0011093149996668217,0.0013034389994572848
case07-rep2,case07,2,target_snapshots,1.0,5,5,True,0.0002633059993968345,173627,1685193,0.001197765000142681,0.0014610709995395155
case07-rep3,case07,3,cost_cache,0.1,5,1,False,0.0003838120001091738,167128,1685192,,
case07-rep3,case07,3,full_replay,0.1,5,0,False,0.00026492899996810593,156544,1685192,,
case07-rep3,case07,3,full_snapshot,0.1,5,0,False,0.0002930800001195166,1685192,1685192,,
case07-rep3,case07,3,pinned_cost,0.1,5,0,False,0.00018642299983184785,840039,1685192,,
case07-rep3,case07,3,recoverability,0.1,5,0,False,0.003591845000300964,173626,1685192,,
case07-rep3,case07,3,recoverability_v2,0.1,5,0,False,0.0025221169998985715,156544,1685192,,
case07-rep3,case07,3,target_snapshots,0.1,5,0,False,0.00017747099991538562,173626,1685192,,
case07-rep3,case07,3,cost_cache,0.25,5,5,True,0.00022413800070353318,318202,1685192,0.001161621999926865,0.0013857600006303983
case07-rep3,case07,3,full_replay,0.25,5,0,False,0.00030576800054404885,156544,1685192,,
case07-rep3,case07,3,full_snapshot,0.25,5,0,False,0.0004899779996776488,1685192,1685192,,
case07-rep3,case07,3,pinned_cost,0.25,5,0,False,0.0003073110001423629,840039,1685192,,
case07-rep3,case07,3,recoverability,0.25,5,5,True,0.0038301039994621533,173626,1685192,0.0013128739983585547,0.005142977997820708
case07-rep3,case07,3,recoverability_v2,0.25,5,5,True,0.000312998000481457,173626,1685192,0.0010774889997264836,0.0013904870002079406
case07-rep3,case07,3,target_snapshots,0.25,5,5,True,0.00019418499960011104,173626,1685192,0.0011070219998146058,0.0013012069994147168
case07-rep3,case07,3,cost_cache,0.5,5,5,True,0.00023178999981610104,728299,1685192,0.0010857309998755227,0.0013175209996916237
case07-rep3,case07,3,full_replay,0.5,5,0,False,0.0006031540006006253,156544,1685192,,
case07-rep3,case07,3,full_snapshot,0.5,5,0,False,0.0001983599995583063,1685192,1685192,,
case07-rep3,case07,3,pinned_cost,0.5,5,5,True,0.00034613700063346187,842038,1685192,0.02233135299957212,0.02267749000020558
case07-rep3,case07,3,recoverability,0.5,5,5,True,0.004282167000383197,173626,1685192,0.001071170999239257,0.005353337999622454
case07-rep3,case07,3,recoverability_v2,0.5,5,5,True,0.0002820939998855465,173626,1685192,0.0011490850001791841,0.0014311790000647306
case07-rep3,case07,3,target_snapshots,0.5,5,5,True,0.00033566199999768287,173626,1685192,0.0010677539985408657,0.0014034159985385486
case07-rep3,case07,3,cost_cache,1.0,5,5,True,0.00021903100059716962,1685192,1685192,0.0011342030002197134,0.001353234000816883
case07-rep3,case07,3,full_replay,1.0,5,0,False,0.0001736839994919137,156544,1685192,,
case07-rep3,case07,3,full_snapshot,1.0,5,5,True,0.00026813300064532086,1685192,1685192,0.0010158809991480666,0.0012840139997933875
case07-rep3,case07,3,pinned_cost,1.0,5,5,True,0.00034949199925904395,1685192,1685192,0.0011098260010840022,0.0014593180003430462
case07-rep3,case07,3,recoverability,1.0,5,5,True,0.006372169999849575,173626,1685192,0.001060452997990069,0.007432622997839644
case07-rep3,case07,3,recoverability_v2,1.0,5,5,True,0.0002948729998024646,173626,1685192,0.0015768020011819317,0.0018716750009843963
case07-rep3,case07,3,target_snapshots,1.0,5,5,True,0.0002805209996949998,173626,1685192,0.0013664030002473737,0.0016469239999423735
case07-rep4,case07,4,cost_cache,0.1,5,1,False,0.00044960900049773045,167128,1685192,,
case07-rep4,case07,4,full_replay,0.1,5,0,False,0.00017509700046502985,156544,1685192,,
case07-rep4,case07,4,full_snapshot,0.1,5,0,False,0.00030348499967658427,1685192,1685192,,
case07-rep4,case07,4,pinned_cost,0.1,5,0,False,0.00034651799978746567,840039,1685192,,
case07-rep4,case07,4,recoverability,0.1,5,0,False,0.0035965110000688583,173626,1685192,,
case07-rep4,case07,4,recoverability_v2,0.1,5,0,False,0.0025841169999694102,156544,1685192,,
case07-rep4,case07,4,target_snapshots,0.1,5,0,False,0.00027463300011731917,173626,1685192,,
case07-rep4,case07,4,cost_cache,0.25,5,5,True,0.00031148600010055816,318202,1685192,0.0011767940004574484,0.0014882800005580066
case07-rep4,case07,4,full_replay,0.25,5,0,False,0.00042531400049483636,156544,1685192,,
case07-rep4,case07,4,full_snapshot,0.25,5,0,False,0.0002916270004789112,1685192,1685192,,
case07-rep4,case07,4,pinned_cost,0.25,5,0,False,0.0003154920004817541,840039,1685192,,
case07-rep4,case07,4,recoverability,0.25,5,5,True,0.003591975000745151,173626,1685192,0.0010260530007144553,0.0046180280014596065
case07-rep4,case07,4,recoverability_v2,0.25,5,5,True,0.00028348500018182676,173626,1685192,0.0010661619999154937,0.0013496470000973204
case07-rep4,case07,4,target_snapshots,0.25,5,5,True,0.00017961300000024494,173626,1685192,0.0012683280001510866,0.0014479410001513315
case07-rep4,case07,4,cost_cache,0.5,5,5,True,0.00031356900035461877,728299,1685192,0.001011381999887817,0.0013249510002424358
case07-rep4,case07,4,full_replay,0.5,5,0,False,0.00032509700031368993,156544,1685192,,
case07-rep4,case07,4,full_snapshot,0.5,5,0,False,0.00029878799978177994,1685192,1685192,,
case07-rep4,case07,4,pinned_cost,0.5,5,5,True,0.00025170900062221335,842037,1685192,0.019722688000001654,0.019974397000623867
case07-rep4,case07,4,recoverability,0.5,5,5,True,0.003889020000315213,173626,1685192,0.0011027059999833,0.004991726000298513
case07-rep4,case07,4,recoverability_v2,0.5,5,5,True,0.00033610300033615204,173626,1685192,0.0009976429992093472,0.0013337459995454992
case07-rep4,case07,4,target_snapshots,0.5,5,5,True,0.0002821339994625305,173626,1685192,0.0010630680017129635,0.001345202001175494
case07-rep4,case07,4,cost_cache,1.0,5,5,True,0.0003429529997447389,1685192,1685192,0.001020965999487089,0.001363918999231828
case07-rep4,case07,4,full_replay,1.0,5,0,False,0.00018801599981088657,156544,1685192,,
case07-rep4,case07,4,full_snapshot,1.0,5,5,True,0.0001767290004863753,1685192,1685192,0.001055569000527612,0.0012322980010139872
case07-rep4,case07,4,pinned_cost,1.0,5,5,True,0.00033163600073748967,1685192,1685192,0.0010864409996429458,0.0014180770003804355
case07-rep4,case07,4,recoverability,1.0,5,5,True,0.005749517000367632,173626,1685192,0.0010439900015626336,0.006793507001930266
case07-rep4,case07,4,recoverability_v2,1.0,5,5,True,0.00029474199982360005,173626,1685192,0.0011064829996030312,0.0014012249994266313
case07-rep4,case07,4,target_snapshots,1.0,5,5,True,0.00029723600073339185,173626,1685192,0.0009919749991240678,0.0012892109998574597
case08-rep0,case08,0,cost_cache,0.1,5,0,False,0.00018236699997942196,151218,728790,,
case08-rep0,case08,0,full_replay,0.1,5,0,False,0.00010849899990716949,151218,728790,,
case08-rep0,case08,0,full_snapshot,0.1,5,0,False,0.00021375399956014007,151218,728790,,
case08-rep0,case08,0,pinned_cost,0.1,5,0,False,0.00010751799982244847,151218,728790,,
case08-rep0,case08,0,recoverability,0.1,5,0,False,0.0001838389998738421,151218,728790,,
case08-rep0,case08,0,recoverability_v2,0.1,5,0,False,0.0002990889997818158,151218,728790,,
case08-rep0,case08,0,target_snapshots,0.1,5,0,False,0.0002106080000885413,151218,728790,,
case08-rep0,case08,0,cost_cache,0.25,5,5,True,0.00019941299979109317,166227,728790,0.08579627799917944,0.08599569099897053
case08-rep0,case08,0,full_replay,0.25,5,5,True,0.0001739149993227329,151218,728790,0.10018387600121059,0.10035779100053333
case08-rep0,case08,0,full_snapshot,0.25,5,0,False,0.0001772799996615504,728790,728790,,
case08-rep0,case08,0,pinned_cost,0.25,5,5,True,0.00022146500032249605,166227,728790,0.0877247089993034,0.0879461739996259
case08-rep0,case08,0,recoverability,0.25,5,5,True,0.005583653000030608,166227,728790,0.08703329299987672,0.09261694599990733
case08-rep0,case08,0,recoverability_v2,0.25,5,5,True,0.002796678999402502,166227,728790,0.08976516399980028,0.09256184299920278
case08-rep0,case08,0,target_snapshots,0.25,5,0,False,0.00022248599998420104,450051,728790,,
case08-rep0,case08,0,cost_cache,0.5,5,5,True,0.00014980900050431956,334766,728790,0.03675599100006366,0.03690580000056798
case08-rep0,case08,0,full_replay,0.5,5,5,True,0.00011036200066882884,151218,728790,0.09658365999985108,0.09669402200051991
case08-rep0,case08,0,full_snapshot,0.5,5,0,False,0.00018281799930264242,728790,728790,,
case08-rep0,case08,0,pinned_cost,0.5,5,5,True,0.00013212300018494716,334766,728790,0.038695866000125534,0.03882798900031048
case08-rep0,case08,0,recoverability,0.5,5,5,True,0.0027812170001197956,334766,728790,0.03930958500041015,0.04209080200052995
case08-rep0,case08,0,recoverability_v2,0.5,5,5,True,0.004981702000804944,334766,728790,0.038962073999755376,0.04394377600056032
case08-rep0,case08,0,target_snapshots,0.5,5,0,False,0.00011116299992863787,450051,728790,,
case08-rep0,case08,0,cost_cache,1.0,5,5,True,0.00013365599988901522,728790,728790,0.004721490000520134,0.0048551460004091496
case08-rep0,case08,0,full_replay,1.0,5,5,True,0.00015150200033531291,151218,728790,0.09739712300051906,0.09754862500085437
case08-rep0,case08,0,full_snapshot,1.0,5,5,True,0.00018474100033927243,728790,728790,0.005067807000159519,0.005252548000498791
case08-rep0,case08,0,pinned_cost,1.0,5,5,True,0.0002048599999397993,728790,728790,0.004492372999266081,0.00469723299920588
case08-rep0,case08,0,recoverability,1.0,5,5,True,0.0023360139994110796,450051,728790,0.0046814820016152225,0.007017496001026302
case08-rep0,case08,0,recoverability_v2,1.0,5,5,True,0.0002249389999633422,450051,728790,0.005576761999691371,0.005801700999654713
case08-rep0,case08,0,target_snapshots,1.0,5,5,True,0.00028227299935679184,450051,728790,0.004387711000163108,0.0046699839995199
case08-rep1,case08,1,cost_cache,0.1,5,0,False,0.00017746999947121367,151221,733296,,
case08-rep1,case08,1,full_replay,0.1,5,0,False,0.00011121300030936254,151221,733296,,
case08-rep1,case08,1,full_snapshot,0.1,5,0,False,0.0002021669997702702,151221,733296,,
case08-rep1,case08,1,pinned_cost,0.1,5,0,False,0.00019018900002265582,151221,733296,,
case08-rep1,case08,1,recoverability,0.1,5,0,False,0.00018500100031815236,151221,733296,,
case08-rep1,case08,1,recoverability_v2,0.1,5,0,False,0.00011217500014026882,151221,733296,,
case08-rep1,case08,1,target_snapshots,0.1,5,0,False,0.00011002100018231431,151221,733296,,
case08-rep1,case08,1,cost_cache,0.25,5,5,True,0.0002001429993470083,168647,733296,0.08698133700090693,0.08718148000025394
case08-rep1,case08,1,full_replay,0.25,5,5,True,0.00010710700007621199,151221,733296,0.09198352000021259,0.0920906270002888
case08-rep1,case08,1,full_snapshot,0.25,5,0,False,0.00011015200016117888,733296,733296,,
case08-rep1,case08,1,pinned_cost,0.25,5,5,True,0.00013849300012225285,168647,733296,0.08304980299908493,0.08318829599920718
case08-rep1,case08,1,recoverability,0.25,5,5,True,0.00434163299996726,168647,733296,0.08442109299994627,0.08876272599991353
case08-rep1,case08,1,recoverability_v2,0.25,5,5,True,0.002720868000324117,168647,733296,0.0971462249981414,0.09986709299846552
case08-rep1,case08,1,target_snapshots,0.25,5,0,False,0.00011389700011932291,454557,733296,,
case08-rep1,case08,1,cost_cache,0.5,5,5,True,0.00020104399936826667,338020,733296,0.04113096500168467,0.04133200900105294
case08-rep1,case08,1,full_replay,0.5,5,5,True,0.00018098500004271045,151221,733296,0.09099064399924828,0.09117162899929099
case08-rep1,case08,1,full_snapshot,0.5,5,0,False,0.00017347399989375845,733296,733296,,
case08-rep1,case08,1,pinned_cost,0.5,5,5,True,0.0001400459996148129,338020,733296,0.03718585300066479,0.037325899000279605
case08-rep1,case08,1,recoverability,0.5,5,5,True,0.003354555999976583,338020,733296,0.03728230300021096,0.04063685900018754
case08-rep1,case08,1,recoverability_v2,0.5,5,5,True,0.006014895999214787,338020,733296,0.036601717999474204,0.04261661399868899
case08-rep1,case08,1,target_snapshots,0.5,5,0,False,0.00017624799966142746,454557,733296,,
case08-rep1,case08,1,cost_cache,1.0,5,5,True,0.00013277500056574354,733296,733296,0.007216576997961965,0.007349351998527709
case08-rep1,case08,1,full_replay,1.0,5,5,True,0.00012652500026888447,151221,733296,0.10368796800048585,0.10381449300075474
case08-rep1,case08,1,full_snapshot,1.0,5,5,True,0.0001802039996618987,733296,733296,0.004795810001269274,0.004976014000931173
case08-rep1,case08,1,pinned_cost,1.0,5,5,True,0.00028150300022389274,733296,733296,0.005139714000506501,0.005421217000730394
case08-rep1,case08,1,recoverability,1.0,5,5,True,0.0029751510001005954,454557,733296,0.004756312001518381,0.007731463001618977
case08-rep1,case08,1,recoverability_v2,1.0,5,5,True,0.0001268659998459043,454557,733296,0.004794186999788508,0.004921052999634412
case08-rep1,case08,1,target_snapshots,1.0,5,5,True,0.0002171079995605396,454557,733296,0.004506635000325332,0.0047237429998858715
case08-rep2,case08,2,cost_cache,0.1,5,0,False,0.00018109600023308303,151219,734389,,
case08-rep2,case08,2,full_replay,0.1,5,0,False,0.000249845999860554,151219,734389,,
case08-rep2,case08,2,full_snapshot,0.1,5,0,False,0.00011120300041511655,151219,734389,,
case08-rep2,case08,2,pinned_cost,0.1,5,0,False,0.00011161299971718108,151219,734389,,
case08-rep2,case08,2,recoverability,0.1,5,0,False,0.00018542199995863484,151219,734389,,
case08-rep2,case08,2,recoverability_v2,0.1,5,0,False,0.00019420500029809773,151219,734389,,
case08-rep2,case08,2,target_snapshots,0.1,5,0,False,0.00012219899963383796,151219,734389,,
case08-rep2,case08,2,cost_cache,0.25,5,5,True,0.00016009499995561782,168645,734389,0.09247310700084199,0.09263320200079761
case08-rep2,case08,2,full_replay,0.25,5,5,True,0.00018133600042347098,151219,734389,0.0914643009991778,0.09164563699960127
case08-rep2,case08,2,full_snapshot,0.25,5,0,False,0.00017177199970319634,734389,734389,,
case08-rep2,case08,2,pinned_cost,0.25,5,5,True,0.00013654000031237956,168645,734389,0.08445309099897713,0.08458963099928951
case08-rep2,case08,2,recoverability,0.25,5,5,True,0.0041795189999902504,168645,734389,0.08351520800079015,0.0876947270007804
case08-rep2,case08,2,recoverability_v2,0.25,5,5,True,0.002509570999791322,168645,734389,0.08247015499910049,0.08497972599889181
case08-rep2,case08,2,target_snapshots,0.25,5,0,False,0.00011248499959037872,455650,734389,,
case08-rep2,case08,2,cost_cache,0.5,5,5,True,0.00013351500001590466,341659,734389,0.03732513699833362,0.037458651998349524
case08-rep2,case08,2,full_replay,0.5,5,5,True,0.00017348400069749914,151219,734389,0.09094118800021533,0.09111467200091283
case08-rep2,case08,2,full_snapshot,0.5,5,0,False,0.00012991000039619394,734389,734389,,
case08-rep2,case08,2,pinned_cost,0.5,5,5,True,0.00015196300046227407,341659,734389,0.03777665700090438,0.03792862000136665
case08-rep2,case08,2,recoverability,0.5,5,5,True,0.0033545189999131253,341659,734389,0.03625759799979278,0.039612116999705904
case08-rep2,case08,2,recoverability_v2,0.5,5,5,True,0.005016633000195725,341659,734389,0.04030521400090947,0.0453218470011052
case08-rep2,case08,2,target_snapshots,0.5,5,0,False,0.00022281699966697488,455650,734389,,
case08-rep2,case08,2,cost_cache,1.0,5,5,True,0.00021430400011013262,734389,734389,0.0056377430009888485,0.005852047001098981
case08-rep2,case08,2,full_replay,1.0,5,5,True,0.00011070300024584867,151219,734389,0.09779303199957212,0.09790373499981797
case08-rep2,case08,2,full_snapshot,1.0,5,5,True,0.00018762499985314207,734389,734389,0.005720545999793103,0.005908170999646245
case08-rep2,case08,2,pinned_cost,1.0,5,5,True,0.0002110700006596744,734389,734389,0.005160763000276347,0.0053718330009360216
case08-rep2,case08,2,recoverability,1.0,5,5,True,0.0026671699997677933,455650,734389,0.005026578001888993,0.007693748001656786
case08-rep2,case08,2,recoverability_v2,1.0,5,5,True,0.00012449199948605383,455650,734389,0.005098323998936394,0.005222815998422448
case08-rep2,case08,2,target_snapshots,1.0,5,5,True,0.00018038500002148794,455650,734389,0.0045858149978812435,0.004766199997902731
case08-rep3,case08,3,cost_cache,0.1,5,0,False,0.00011230400014028419,151220,718453,,
case08-rep3,case08,3,full_replay,0.1,5,0,False,0.00011234500016144011,151220,718453,,
case08-rep3,case08,3,full_snapshot,0.1,5,0,False,0.00010814799952640897,151220,718453,,
case08-rep3,case08,3,pinned_cost,0.1,5,0,False,0.00018217700016975868,151220,718453,,
case08-rep3,case08,3,recoverability,0.1,5,0,False,0.00020630200015148148,151220,718453,,
case08-rep3,case08,3,recoverability_v2,0.1,5,0,False,0.00017381499947077828,151220,718453,,
case08-rep3,case08,3,target_snapshots,0.1,5,0,False,0.00010992100033035967,151220,718453,,
case08-rep3,case08,3,cost_cache,0.25,5,5,True,0.00019862099998135818,168646,718453,0.08766326000113622,0.08786188100111758
case08-rep3,case08,3,full_replay,0.25,5,5,True,0.00010931999986496521,151220,718453,0.08763052500034973,0.0877398450002147
case08-rep3,case08,3,full_snapshot,0.25,5,0,False,0.0001734850002321764,718453,718453,,
case08-rep3,case08,3,pinned_cost,0.25,5,5,True,0.00019311300002300413,168646,718453,0.08211606499935442,0.08230917799937743
case08-rep3,case08,3,recoverability,0.25,5,5,True,0.0038221349996092613,168646,718453,0.08093397100037691,0.08475610599998618
case08-rep3,case08,3,recoverability_v2,0.25,5,5,True,0.0027629609994619386,168646,718453,0.08274406799955614,0.08550702899901808
case08-rep3,case08,3,target_snapshots,0.25,5,0,False,0.0002966049996757647,439714,718453,,
case08-rep3,case08,3,cost_cache,0.5,5,5,True,0.00013502799993148074,329317,718453,0.0349570610005685,0.03509208900049998
case08-rep3,case08,3,full_replay,0.5,5,5,True,0.0001807449998523225,151220,718453,0.08717844600050739,0.08735919100035971
case08-rep3,case08,3,full_snapshot,0.5,5,0,False,0.00018706400078372099,718453,718453,,
case08-rep3,case08,3,pinned_cost,0.5,5,5,True,0.00019586700000218116,329317,718453,0.03684061399781058,0.03703648099781276
case08-rep3,case08,3,recoverability,0.5,5,5,True,0.0032108089999383083,329317,718453,0.03783540299991728,0.041046211999855586
case08-rep3,case08,3,recoverability_v2,0.5,5,5,True,0.008119295999676979,337005,718453,0.035776662998614484,0.04389595899829146
case08-rep3,case08,3,target_snapshots,0.5,5,0,False,0.000185101000170107,439714,718453,,
case08-rep3,case08,3,cost_cache,1.0,5,5,True,0.00020184599998174235,718453,718453,0.004616689998329093,0.004818535998310836
case08-rep3,case08,3,full_replay,1.0,5,5,True,0.00016956800027401187,151220,718453,0.08913277400006336,0.08930234200033738
case08-rep3,case08,3,full_snapshot,1.0,5,5,True,0.0001085699996110634,718453,718453,0.004575900001327682,0.004684470000938745
case08-rep3,case08,3,pinned_cost,1.0,5,5,True,0.0002842169997165911,718453,718453,0.004530563000116672,0.004814779999833263
case08-rep3,case08,3,recoverability,1.0,5,5,True,0.0025966149996747845,439714,718453,0.004512134000833612,0.007108749000508396
case08-rep3,case08,3,recoverability_v2,1.0,5,5,True,0.000189657999726478,439714,718453,0.004327142999500211,0.004516800999226689
case08-rep3,case08,3,target_snapshots,1.0,5,5,True,0.00021211100010987138,439714,718453,0.0046633060001113336,0.004875417000221205
case08-rep4,case08,4,cost_cache,0.1,5,0,False,0.00019278299987490755,151223,714992,,
case08-rep4,case08,4,full_replay,0.1,5,0,False,0.00019040900042455178,151223,714992,,
case08-rep4,case08,4,full_snapshot,0.1,5,0,False,0.00011898399952769978,151223,714992,,
case08-rep4,case08,4,pinned_cost,0.1,5,0,False,0.00018042400006379467,151223,714992,,
case08-rep4,case08,4,recoverability,0.1,5,0,False,0.00012261999927432043,151223,714992,,
case08-rep4,case08,4,recoverability_v2,0.1,5,0,False,0.00021743900015280815,151223,714992,,
case08-rep4,case08,4,target_snapshots,0.1,5,0,False,0.00018824600010702852,151223,714992,,
case08-rep4,case08,4,cost_cache,0.25,5,5,True,0.00013465699976222822,168649,714992,0.08840732599855983,0.08854198299832206
case08-rep4,case08,4,full_replay,0.25,5,5,True,0.00020463999953790335,151223,714992,0.09423346600124205,0.09443810600077995
case08-rep4,case08,4,full_snapshot,0.25,5,0,False,0.00017658799970377004,714992,714992,,
case08-rep4,case08,4,pinned_cost,0.25,5,5,True,0.00013227299950813176,168649,714992,0.08906862300045759,0.08920089599996572
case08-rep4,case08,4,recoverability,0.25,5,5,True,0.00522904399986146,168649,714992,0.09240849099933257,0.09763753499919403
case08-rep4,case08,4,recoverability_v2,0.25,5,5,True,0.0037753050000901567,168649,714992,0.08635765300005005,0.0901329580001402
case08-rep4,case08,4,target_snapshots,0.25,5,0,False,0.00011551900024642237,436253,714992,,
case08-rep4,case08,4,cost_cache,0.5,5,5,True,0.0002070639993689838,328248,714992,0.039485840999986976,0.03969290499935596
case08-rep4,case08,4,full_replay,0.5,5,5,True,0.00019100999998045154,151223,714992,0.09866013700047915,0.0988511470004596
case08-rep4,case08,4,full_snapshot,0.5,5,0,False,0.00017967399980989285,714992,714992,,
case08-rep4,case08,4,pinned_cost,0.5,5,5,True,0.00020652199964388274,328248,714992,0.037295121000170184,0.03750164299981407
case08-rep4,case08,4,recoverability,0.5,5,5,True,0.003287859999545617,328248,714992,0.03725585299980594,0.040543712999351555
case08-rep4,case08,4,recoverability_v2,0.5,5,5,True,0.007696039999245841,334848,714992,0.03757674600092287,0.04527278600016871
case08-rep4,case08,4,target_snapshots,0.5,5,0,False,0.0001890479998110095,436253,714992,,
case08-rep4,case08,4,cost_cache,1.0,5,5,True,0.00013236399991001235,714992,714992,0.005119753998769738,0.005252117998679751
case08-rep4,case08,4,full_replay,1.0,5,5,True,0.00013917399974161526,151223,714992,0.0932669399999213,0.09340611399966292
case08-rep4,case08,4,full_snapshot,1.0,5,5,True,0.00012159900052211015,714992,714992,0.004844984000555996,0.0049665830010781065
case08-rep4,case08,4,pinned_cost,1.0,5,5,True,0.00024139400011335965,714992,714992,0.006180820000736276,0.006422214000849635
case08-rep4,case08,4,recoverability,1.0,5,5,True,0.002864389000023948,436253,714992,0.005226442000093812,0.00809083100011776
case08-rep4,case08,4,recoverability_v2,1.0,5,5,True,0.00014814800033491338,436253,714992,0.004987370999515406,0.005135518999850319
case08-rep4,case08,4,target_snapshots,1.0,5,5,True,0.00015319500016630627,436253,714992,0.005270236000797013,0.005423431000963319
case09-rep0,case09,0,cost_cache,0.1,5,0,False,0.0007157600002756226,176493,1980643,,
case09-rep0,case09,0,full_replay,0.1,5,0,False,0.00017368499993608566,156531,1980643,,
case09-rep0,case09,0,full_snapshot,0.1,5,0,False,0.0002560950006227358,1980643,1980643,,
case09-rep0,case09,0,pinned_cost,0.1,5,0,False,0.00026758200056065107,840026,1980643,,
case09-rep0,case09,0,recoverability,0.1,5,0,False,0.003966746000514831,469077,1980643,,
case09-rep0,case09,0,recoverability_v2,0.1,5,0,False,0.0025630380005168263,156531,1980643,,
case09-rep0,case09,0,target_snapshots,0.1,5,0,False,0.00018000399995798944,469077,1980643,,
case09-rep0,case09,0,cost_cache,0.25,5,5,True,0.00033334799991280306,476954,1980643,0.004900024000562553,0.005233372000475356
case09-rep0,case09,0,full_replay,0.25,5,0,False,0.00018156599981011823,156531,1980643,,
case09-rep0,case09,0,full_snapshot,0.25,5,0,False,0.00019614799930423032,1980643,1980643,,
case09-rep0,case09,0,pinned_cost,0.25,5,0,False,0.000179362999915611,840026,1980643,,
case09-rep0,case09,0,recoverability,0.25,5,5,True,0.0038167559996509226,469077,1980643,0.005354963001082069,0.009171719000732992
case09-rep0,case09,0,recoverability_v2,0.25,5,5,True,0.0004457539998838911,469077,1980643,0.004657248000512482,0.005103002000396373
case09-rep0,case09,0,target_snapshots,0.25,5,5,True,0.00018438000006426591,469077,1980643,0.005068731001301785,0.005253111001366051
case09-rep0,case09,0,cost_cache,0.5,5,5,True,0.00034765000054903794,887051,1980643,0.004630098999768961,0.004977749000317999
case09-rep0,case09,0,full_replay,0.5,5,0,False,0.0002746620002653799,156531,1980643,,
case09-rep0,case09,0,full_snapshot,0.5,5,0,False,0.0002582380002422724,1980643,1980643,,
case09-rep0,case09,0,pinned_cost,0.5,5,5,True,0.00030796200007898733,972070,1980643,0.05449033700006112,0.054798299000140105
case09-rep0,case09,0,recoverability,0.5,5,5,True,0.006446501999562315,469077,1980643,0.004699019998952281,0.011145521998514596
case09-rep0,case09,0,recoverability_v2,0.5,5,5,True,0.00029530299980251584,469077,1980643,0.005122429998664302,0.005417732998466818
case09-rep0,case09,0,target_snapshots,0.5,5,5,True,0.0004327950000515557,469077,1980643,0.005238409000412503,0.0056712040004640585
case09-rep0,case09,0,cost_cache,1.0,5,5,True,0.00030513799993059365,1980643,1980643,0.004686309999669902,0.004991447999600496
case09-rep0,case09,0,full_replay,1.0,5,0,False,0.0003454870002315147,156531,1980643,,
case09-rep0,case09,0,full_snapshot,1.0,5,5,True,0.00033617200006119674,1980643,1980643,0.005069811999419471,0.005405983999480668
case09-rep0,case09,0,pinned_cost,1.0,5,5,True,0.00030190199959179154,1980643,1980643,0.0052387509995242,0.005540652999115991
case09-rep0,case09,0,recoverability,1.0,5,5,True,0.006888689000334125,469077,1980643,0.004662444001041877,0.011551133001376002
case09-rep0,case09,0,recoverability_v2,1.0,5,5,True,0.00019323299966345076,469077,1980643,0.005022111000471341,0.005215344000134792
case09-rep0,case09,0,target_snapshots,1.0,5,5,True,0.000268453999524354,469077,1980643,0.004637166999600595,0.004905620999124949
case09-rep1,case09,1,cost_cache,0.1,5,0,False,0.0003109560002485523,176491,1964623,,
case09-rep1,case09,1,full_replay,0.1,5,0,False,0.0002539629995226278,156529,1964623,,
case09-rep1,case09,1,full_snapshot,0.1,5,0,False,0.0002984370003105141,1964623,1964623,,
case09-rep1,case09,1,pinned_cost,0.1,5,0,False,0.00017969299915421288,840024,1964623,,
case09-rep1,case09,1,recoverability,0.1,5,0,False,0.003852025999549369,453057,1964623,,
case09-rep1,case09,1,recoverability_v2,0.1,5,0,False,0.0023686519998591393,156529,1964623,,
case09-rep1,case09,1,target_snapshots,0.1,5,0,False,0.00019275199974799762,453057,1964623,,
case09-rep1,case09,1,cost_cache,0.25,5,5,True,0.00022579100004804786,460934,1964623,0.00495583500196517,0.005181626002013218
case09-rep1,case09,1,full_replay,0.25,5,0,False,0.0002592700002423953,156529,1964623,,
case09-rep1,case09,1,full_snapshot,0.25,5,0,False,0.000248654999268183,1964623,1964623,,
case09-rep1,case09,1,pinned_cost,0.25,5,0,False,0.0002793399999063695,840024,1964623,,
case09-rep1,case09,1,recoverability,0.25,5,5,True,0.0037229569998089573,453057,1964623,0.004610197000147309,0.008333153999956266
case09-rep1,case09,1,recoverability_v2,0.25,5,5,True,0.000316524000481877,453057,1964623,0.004608755999470304,0.004925279999952181
case09-rep1,case09,1,target_snapshots,0.25,5,5,True,0.00021899100011069095,453057,1964623,0.0048908090002441895,0.0051098000003548805
case09-rep1,case09,1,cost_cache,0.5,5,5,True,0.00023235000026033958,871031,1964623,0.004752558000291174,0.004984908000551513
case09-rep1,case09,1,full_replay,0.5,5,0,False,0.00028108199967391556,156529,1964623,,
case09-rep1,case09,1,full_snapshot,0.5,5,0,False,0.00020537099953799043,1964623,1964623,,
case09-rep1,case09,1,pinned_cost,0.5,5,5,True,0.00041086300007009413,969504,1964623,0.05338861500058556,0.053799478000655654
case09-rep1,case09,1,recoverability,0.5,5,5,True,0.00592912200045248,453057,1964623,0.004438445998857787,0.010367567999310268
case09-rep1,case09,1,recoverability_v2,0.5,5,5,True,0.0002721290002227761,453057,1964623,0.0047957599999790546,0.005067889000201831
case09-rep1,case09,1,target_snapshots,0.5,5,5,True,0.00025866899977700086,453057,1964623,0.004819054000108736,0.0050777229998857365
case09-rep1,case09,1,cost_cache,1.0,5,5,True,0.0002936709997811704,1964623,1964623,0.004478715999539418,0.004772386999320588
case09-rep1,case09,1,full_replay,1.0,5,0,False,0.00017515600029582856,156529,1964623,,
case09-rep1,case09,1,full_snapshot,1.0,5,5,True,0.0002745830006460892,1964623,1964623,0.0052394400008779485,0.005514023001524038
case09-rep1,case09,1,pinned_cost,1.0,5,5,True,0.0003319469997222768,1964623,1964623,0.004556779998893035,0.0048887269986153115
case09-rep1,case09,1,recoverability,1.0,5,5,True,0.006597921999855316,453057,1964623,0.004312570999900345,0.010910492999755661
case09-rep1,case09,1,recoverability_v2,1.0,5,5,True,0.00028705099975923076,453057,1964623,0.005006470000807894,0.005293521000567125
case09-rep1,case09,1,target_snapshots,1.0,5,5,True,0.00027664499975799117,453057,1964623,0.004747058999782894,0.005023703999540885
case09-rep2,case09,2,cost_cache,0.1,5,0,False,0.0003345710001667612,176495,1963794,,
case09-rep2,case09,2,full_replay,0.1,5,0,False,0.0001840799995989073,156533,1963794,,
case09-rep2,case09,2,full_snapshot,0.1,5,0,False,0.0002828349997798796,1963794,1963794,,
case09-rep2,case09,2,pinned_cost,0.1,5,0,False,0.00026286499996786006,840028,1963794,,
case09-rep2,case09,2,recoverability,0.1,5,0,False,0.003669869000077597,452228,1963794,,
case09-rep2,case09,2,recoverability_v2,0.1,5,0,False,0.002354741999624821,156533,1963794,,
case09-rep2,case09,2,target_snapshots,0.1,5,0,False,0.0002842370004145778,452228,1963794,,
case09-rep2,case09,2,cost_cache,0.25,5,5,True,0.0002992590007124818,460105,1963794,0.004626141999324318,0.0049254010000368
case09-rep2,case09,2,full_replay,0.25,5,0,False,0.00017437599944969406,156533,1963794,,
case09-rep2,case09,2,full_snapshot,0.25,5,0,False,0.00025465300041105365,1963794,1963794,,
case09-rep2,case09,2,pinned_cost,0.25,5,0,False,0.00031327899978350615,840028,1963794,,
case09-rep2,case09,2,recoverability,0.25,5,5,True,0.003716537999935099,452228,1963794,0.005698652001228766,0.009415190001163865
case09-rep2,case09,2,recoverability_v2,0.25,5,5,True,0.00026980599977832753,452228,1963794,0.004667144000450207,0.004936950000228535
case09-rep2,case09,2,target_snapshots,0.25,5,5,True,0.0001778700006980216,452228,1963794,0.004481811000914604,0.0046596810016126256
case09-rep2,case09,2,cost_cache,0.5,5,5,True,0.00030105099995125784,870202,1963794,0.004958228999385028,0.005259279999336286
case09-rep2,case09,2,full_replay,0.5,5,0,False,0.0002481830006217933,156533,1963794,,
case09-rep2,case09,2,full_snapshot,0.5,5,0,False,0.0002598909995867871,1963794,1963794,,
case09-rep2,case09,2,pinned_cost,0.5,5,5,True,0.00026956500005326234,967586,1963794,0.0508361430001969,0.05110570800025016
case09-rep2,case09,2,recoverability,0.5,5,5,True,0.006000377000418666,452228,1963794,0.0049538740022399,0.010954251002658566
case09-rep2,case09,2,recoverability_v2,0.5,5,5,True,0.00028896299954794813,452228,1963794,0.004927163999127515,0.005216126998675463
case09-rep2,case09,2,target_snapshots,0.5,5,5,True,0.0002753040007519303,452228,1963794,0.004623837000508502,0.004899141001260432
case09-rep2,case09,2,cost_cache,1.0,5,5,True,0.0003356420002091909,1963794,1963794,0.00479292599902692,0.005128567999236111
case09-rep2,case09,2,full_replay,1.0,5,0,False,0.00016980899999907706,156533,1963794,,
case09-rep2,case09,2,full_snapshot,1.0,5,5,True,0.00020779500027856557,1963794,1963794,0.005301723000229686,0.005509518000508251
case09-rep2,case09,2,pinned_cost,1.0,5,5,True,0.00033403900033590617,1963794,1963794,0.004669184999329445,0.005003223999665352
case09-rep2,case09,2,recoverability,1.0,5,5,True,0.0071346190006806864,452228,1963794,0.004556930001854198,0.011691549002534884
case09-rep2,case09,2,recoverability_v2,1.0,5,5,True,0.00034873200002039084,452228,1963794,0.004976434998752666,0.0053251669987730565
case09-rep2,case09,2,target_snapshots,1.0,5,5,True,0.0002552739997554454,452228,1963794,0.004653994000364037,0.004909268000119482
case09-rep3,case09,3,cost_cache,0.1,5,0,False,0.0002974859999085311,176499,1968741,,
case09-rep3,case09,3,full_replay,0.1,5,0,False,0.0002662209999471088,156537,1968741,,
case09-rep3,case09,3,full_snapshot,0.1,5,0,False,0.00017893299991555978,1968741,1968741,,
case09-rep3,case09,3,pinned_cost,0.1,5,0,False,0.00028332500005490147,840032,1968741,,
case09-rep3,case09,3,recoverability,0.1,5,0,False,0.003614407999521063,457175,1968741,,
case09-rep3,case09,3,recoverability_v2,0.1,5,0,False,0.002491352000106417,156537,1968741,,
case09-rep3,case09,3,target_snapshots,0.1,5,0,False,0.00028331500016065547,457175,1968741,,
case09-rep3,case09,3,cost_cache,0.25,5,5,True,0.00021545599975070218,465052,1968741,0.00487815100041189,0.005093607000162592
case09-rep3,case09,3,full_replay,0.25,5,0,False,0.0002584490002845996,156537,1968741,,
case09-rep3,case09,3,full_snapshot,0.25,5,0,False,0.0002551240004322608,1968741,1968741,,
case09-rep3,case09,3,pinned_cost,0.25,5,0,False,0.00021459400068124523,840032,1968741,,
case09-rep3,case09,3,recoverability,0.25,5,5,True,0.003948767999645497,457175,1968741,0.005083271001240064,0.009032039000885561
case09-rep3,case09,3,recoverability_v2,0.25,5,5,True,0.00019869199968525209,457175,1968741,0.004599240999596077,0.004797932999281329
case09-rep3,case09,3,target_snapshots,0.25,5,5,True,0.0001949460001924308,457175,1968741,0.00468370399903506,0.004878649999227491
case09-rep3,case09,3,cost_cache,0.5,5,5,True,0.0003167349996147095,875149,1968741,0.005792250000013155,0.0061089849996278645
case09-rep3,case09,3,full_replay,0.5,5,0,False,0.000293951000458037,156537,1968741,,
case09-rep3,case09,3,full_snapshot,0.5,5,0,False,0.00030449600035353797,1968741,1968741,,
case09-rep3,case09,3,pinned_cost,0.5,5,5,True,0.0002396709996901336,971660,1968741,0.052437354999710806,0.05267702599940094
case09-rep3,case09,3,recoverability,0.5,5,5,True,0.005820681999466615,457175,1968741,0.004578712000693486,0.0103993940001601
case09-rep3,case09,3,recoverability_v2,0.5,5,5,True,0.0003683700006149593,457175,1968741,0.00487317199986137,0.005241542000476329
case09-rep3,case09,3,target_snapshots,0.5,5,5,True,0.00024958599988167407,457175,1968741,0.004702882999481517,0.004952468999363191
case09-rep3,case09,3,cost_cache,1.0,5,5,True,0.0003472990001682774,1968741,1968741,0.004799213999831409,0.005146512999999686
case09-rep3,case09,3,full_replay,1.0,5,0,False,0.0001757380005074083,156537,1968741,,
case09-rep3,case09,3,full_snapshot,1.0,5,5,True,0.00025029700009326916,1968741,1968741,0.004691026998443704,0.004941323998536973
case09-rep3,case09,3,pinned_cost,1.0,5,5,True,0.00030615899959229864,1968741,1968741,0.004967059001501184,0.005273218001093483
case09-rep3,case09,3,recoverability,1.0,5,5,True,0.006602909000321233,457175,1968741,0.004597167999236262,0.011200076999557496
case09-rep3,case09,3,recoverability_v2,1.0,5,5,True,0.0004622169999493053,457175,1968741,0.004395501998260443,0.004857718998209748
case09-rep3,case09,3,target_snapshots,1.0,5,5,True,0.00017620800008444348,457175,1968741,0.004679038999711338,0.0048552469997957814
case09-rep4,case09,4,cost_cache,0.1,5,0,False,0.00021934100004727952,176494,1964856,,
case09-rep4,case09,4,full_replay,0.1,5,0,False,0.00017125100021075923,156532,1964856,,
case09-rep4,case09,4,full_snapshot,0.1,5,0,False,0.00030435600001510466,1964856,1964856,,
case09-rep4,case09,4,pinned_cost,0.1,5,0,False,0.0002891530002671061,840027,1964856,,
case09-rep4,case09,4,recoverability,0.1,5,0,False,0.0036040320001120563,453290,1964856,,
case09-rep4,case09,4,recoverability_v2,0.1,5,0,False,0.0021209590004218626,156532,1964856,,
case09-rep4,case09,4,target_snapshots,0.1,5,0,False,0.00029490199995052535,453290,1964856,,
case09-rep4,case09,4,cost_cache,0.25,5,5,True,0.00022358800015354063,461167,1964856,0.0044267979992582696,0.00465038599941181
case09-rep4,case09,4,full_replay,0.25,5,0,False,0.0002501859999028966,156532,1964856,,
case09-rep4,case09,4,full_snapshot,0.25,5,0,False,0.0002537020000090706,1964856,1964856,,
case09-rep4,case09,4,pinned_cost,0.25,5,0,False,0.00027830799990624655,840027,1964856,,
case09-rep4,case09,4,recoverability,0.25,5,5,True,0.003639995999947132,453290,1964856,0.0048296300001311465,0.008469626000078279
case09-rep4,case09,4,recoverability_v2,0.25,5,5,True,0.0003186670001014136,453290,1964856,0.0054441400006908225,0.005762807000792236
case09-rep4,case09,4,target_snapshots,0.25,5,5,True,0.00017831100012699608,453290,1964856,0.0045617380001203855,0.004740049000247382
case09-rep4,case09,4,cost_cache,0.5,5,5,True,0.00023908999992272584,871264,1964856,0.004486166001697711,0.004725256001620437
case09-rep4,case09,4,full_replay,0.5,5,0,False,0.000256356000136293,156532,1964856,,
case09-rep4,case09,4,full_snapshot,0.5,5,0,False,0.000258119000136503,1964856,1964856,,
case09-rep4,case09,4,pinned_cost,0.5,5,5,True,0.0003189979997841874,968871,1964856,0.05026643200108083,0.05058543000086502
case09-rep4,case09,4,recoverability,0.5,5,5,True,0.006012242999531736,453290,1964856,0.004541828000583337,0.010554071000115073
case09-rep4,case09,4,recoverability_v2,0.5,5,5,True,0.0002635470000313944,453290,1964856,0.004566101998534577,0.004829648998565972
case09-rep4,case09,4,target_snapshots,0.5,5,5,True,0.00025739699958649,453290,1964856,0.0048043729993878515,0.005061769998974341
case09-rep4,case09,4,cost_cache,1.0,5,5,True,0.000331425999320345,1964856,1964856,0.00461805800023285,0.004949483999553195
case09-rep4,case09,4,full_replay,1.0,5,0,False,0.0002645980002853321,156532,1964856,,
case09-rep4,case09,4,full_snapshot,1.0,5,5,True,0.00025839899990387494,1964856,1964856,0.004448962001333712,0.004707361001237587
case09-rep4,case09,4,pinned_cost,1.0,5,5,True,0.0002318599999853177,1964856,1964856,0.004935765001391701,0.005167625001377019
case09-rep4,case09,4,recoverability,1.0,5,5,True,0.006463103999521991,453290,1964856,0.004442313001163711,0.010905417000685702
case09-rep4,case09,4,recoverability_v2,1.0,5,5,True,0.00031622300048184115,453290,1964856,0.004530492001322273,0.004846715001804114
case09-rep4,case09,4,target_snapshots,1.0,5,5,True,0.00031092500012164237,453290,1964856,0.004440828998667712,0.004751753998789354
case10-rep0,case10,0,cost_cache,0.1,5,0,False,0.0003420309994908166,391029,3936948,,
case10-rep0,case10,0,full_replay,0.1,5,0,False,0.00025658599952294026,351766,3936948,,
case10-rep0,case10,0,full_snapshot,0.1,5,0,False,0.0002941210004792083,3936948,3936948,,
case10-rep0,case10,0,pinned_cost,0.1,5,0,False,0.00018330900002183625,1952461,3936948,,
case10-rep0,case10,0,recoverability,0.1,5,0,False,0.0062925120000727475,1952461,3936948,,
case10-rep0,case10,0,recoverability_v2,0.1,5,0,False,0.00434607999977743,351766,3936948,,
case10-rep0,case10,0,target_snapshots,0.1,5,0,False,0.00018018399987340672,1997588,3936948,,
case10-rep0,case10,0,cost_cache,0.25,5,0,False,0.00022822400023869704,735558,3936948,,
case10-rep0,case10,0,full_replay,0.25,5,0,False,0.00033197599987033755,351766,3936948,,
case10-rep0,case10,0,full_snapshot,0.25,5,0,False,0.00018158599959861021,3936948,3936948,,
case10-rep0,case10,0,pinned_cost,0.25,5,0,False,0.00019522700040397467,1952461,3936948,,
case10-rep0,case10,0,recoverability,0.25,5,0,False,0.006521348000205762,1952461,3936948,,
case10-rep0,case10,0,recoverability_v2,0.25,5,0,False,0.003062036999835982,351766,3936948,,
case10-rep0,case10,0,target_snapshots,0.25,5,0,False,0.00018250799985253252,1997588,3936948,,
case10-rep0,case10,0,cost_cache,0.5,5,3,False,0.0002936099999715225,1695975,3936948,,
case10-rep0,case10,0,full_replay,0.5,5,0,False,0.00028324599952611607,351766,3936948,,
case10-rep0,case10,0,full_snapshot,0.5,5,0,False,0.00019813000017165905,3936948,3936948,,
case10-rep0,case10,0,pinned_cost,0.5,5,5,True,0.0003012309998666751,1967438,3936948,0.008032242000808765,0.00833347300067544
case10-rep0,case10,0,recoverability,0.5,5,5,True,0.006685417999506171,1965068,3936948,0.006021806001626828,0.012707224001133
case10-rep0,case10,0,recoverability_v2,0.5,5,5,True,0.007544107000285294,1965068,3936948,0.005820358999699238,0.013364465999984532
case10-rep0,case10,0,target_snapshots,0.5,5,0,False,0.0003859959997498663,1997588,3936948,,
case10-rep0,case10,0,cost_cache,1.0,5,5,True,0.00026954500026477035,3936948,3936948,0.0024999450015457114,0.0027694900018104818
case10-rep0,case10,0,full_replay,1.0,5,0,False,0.00018417000046611065,351766,3936948,,
case10-rep0,case10,0,full_snapshot,1.0,5,5,True,0.0002684230003069388,3936948,3936948,0.002408450998700573,0.002676873999007512
case10-rep0,case10,0,pinned_cost,1.0,5,5,True,0.00032014999942475697,3936948,3936948,0.0028709680000247317,0.0031911179994494887
case10-rep0,case10,0,recoverability,1.0,5,5,True,0.006962534000194864,1997588,3936948,0.002332579000722035,0.0092951130009169
case10-rep0,case10,0,recoverability_v2,1.0,5,5,True,0.00545224999950733,1997588,3936948,0.0025047720000657137,0.007957021999573044
case10-rep0,case10,0,target_snapshots,1.0,5,5,True,0.0003350610004417831,1997588,3936948,0.002399598000010883,0.002734659000452666
case10-rep1,case10,1,cost_cache,0.1,5,0,False,0.00034755900014715735,391026,3936945,,
case10-rep1,case10,1,full_replay,0.1,5,0,False,0.00017585699970368296,351763,3936945,,
case10-rep1,case10,1,full_snapshot,0.1,5,0,False,0.0002849470001820009,3936945,3936945,,
case10-rep1,case10,1,pinned_cost,0.1,5,0,False,0.0002938510006060824,1952458,3936945,,
case10-rep1,case10,1,recoverability,0.1,5,0,False,0.006752887000402552,1952458,3936945,,
case10-rep1,case10,1,recoverability_v2,0.1,5,0,False,0.002304556999661145,351763,3936945,,
case10-rep1,case10,1,target_snapshots,0.1,5,0,False,0.0001782810004442581,1997585,3936945,,
case10-rep1,case10,1,cost_cache,0.25,5,0,False,0.0003243850005674176,735555,3936945,,
case10-rep1,case10,1,full_replay,0.25,5,0,False,0.00021121000008861301,351763,3936945,,
case10-rep1,case10,1,full_snapshot,0.25,5,0,False,0.0002814919998854748,3936945,3936945,,
case10-rep1,case10,1,pinned_cost,0.25,5,0,False,0.0003016220007339143,1952458,3936945,,
case10-rep1,case10,1,recoverability,0.25,5,0,False,0.006114141000580275,1952458,3936945,,
case10-rep1,case10,1,recoverability_v2,0.25,5,0,False,0.0026528279995545745,351763,3936945,,
case10-rep1,case10,1,target_snapshots,0.25,5,0,False,0.00017918199955602176,1997585,3936945,,
case10-rep1,case10,1,cost_cache,0.5,5,3,False,0.00022203500066098059,1695972,3936945,,
case10-rep1,case10,1,full_replay,0.5,5,0,False,0.00029797599927405827,351763,3936945,,
case10-rep1,case10,1,full_snapshot,0.5,5,0,False,0.0002889730003516888,3936945,3936945,,
case10-rep1,case10,1,pinned_cost,0.5,5,5,True,0.00023415299983753357,1967435,3936945,0.007675910001125885,0.007910063000963419
case10-rep1,case10,1,recoverability,0.5,5,5,True,0.006979748999583535,1965065,3936945,0.006360542000038549,0.013340290999622084
case10-rep1,case10,1,recoverability_v2,0.5,5,5,True,0.007151210999836621,1965065,3936945,0.005531526002414466,0.012682737002251088
case10-rep1,case10,1,target_snapshots,0.5,5,0,False,0.00026374600020062644,1997585,3936945,,
case10-rep1,case10,1,cost_cache,1.0,5,5,True,0.0003447150002102717,3936945,3936945,0.00262516899874754,0.002969883998957812
case10-rep1,case10,1,full_replay,1.0,5,0,False,0.00017403499987267423,351763,3936945,,
case10-rep1,case10,1,full_snapshot,1.0,5,5,True,0.00018009399991569808,3936945,3936945,0.002455909001582768,0.002636003001498466
case10-rep1,case10,1,pinned_cost,1.0,5,5,True,0.000320299000122759,3936945,3936945,0.002473061999808124,0.002793360999930883
case10-rep1,case10,1,recoverability,1.0,5,5,True,0.006959039000321354,1997585,3936945,0.00246798599982867,0.009427025000150024
case10-rep1,case10,1,recoverability_v2,1.0,5,5,True,0.0028741219994117273,1997585,3936945,0.002497180999853299,0.005371302999265026
case10-rep1,case10,1,target_snapshots,1.0,5,5,True,0.00029347999952733517,1997585,3936945,0.0024666839999554213,0.0027601639994827565
case10-rep2,case10,2,cost_cache,0.1,5,0,False,0.00033489999987068586,391023,3936942,,
case10-rep2,case10,2,full_replay,0.1,5,0,False,0.00029670500043721404,351760,3936942,,
case10-rep2,case10,2,full_snapshot,0.1,5,0,False,0.00018086500040226383,3936942,3936942,,
case10-rep2,case10,2,pinned_cost,0.1,5,0,False,0.0002758740001809201,1952455,3936942,,
case10-rep2,case10,2,recoverability,0.1,5,0,False,0.005903545000364829,1952455,3936942,,
case10-rep2,case10,2,recoverability_v2,0.1,5,0,False,0.0027074039999206434,351760,3936942,,
case10-rep2,case10,2,target_snapshots,0.1,5,0,False,0.00028732000009767944,1997582,3936942,,
case10-rep2,case10,2,cost_cache,0.25,5,0,False,0.00023057800081005553,735552,3936942,,
case10-rep2,case10,2,full_replay,0.25,5,0,False,0.0001969479999388568,351760,3936942,,
case10-rep2,case10,2,full_snapshot,0.25,5,0,False,0.0003880079993905383,3936942,3936942,,
case10-rep2,case10,2,pinned_cost,0.25,5,0,False,0.00018531200021243421,1952455,3936942,,
case10-rep2,case10,2,recoverability,0.25,5,0,False,0.006135552000159805,1952455,3936942,,
case10-rep2,case10,2,recoverability_v2,0.25,5,0,False,0.002645142999426753,351760,3936942,,
case10-rep2,case10,2,target_snapshots,0.25,5,0,False,0.00017905200002132915,1997582,3936942,,
case10-rep2,case10,2,cost_cache,0.5,5,3,False,0.00031886699980532285,1695969,3936942,,
case10-rep2,case10,2,full_replay,0.5,5,0,False,0.00028820199986512307,351760,3936942,,
case10-rep2,case10,2,full_snapshot,0.5,5,0,False,0.00019770000017160783,3936942,3936942,,
case10-rep2,case10,2,pinned_cost,0.5,5,5,True,0.00021861000004719244,1967432,3936942,0.007824135998816928,0.00804274599886412
case10-rep2,case10,2,recoverability,0.5,5,5,True,0.0067325279997021426,1965062,3936942,0.005814997999550542,0.012547525999252684
case10-rep2,case10,2,recoverability_v2,0.5,5,5,True,0.007116290000340086,1965062,3936942,0.005665554000188422,0.012781844000528508
case10-rep2,case10,2,target_snapshots,0.5,5,0,False,0.0003078010004173848,1997582,3936942,,
case10-rep2,case10,2,cost_cache,1.0,5,5,True,0.00035550099983083783,3936942,3936942,0.002404590999503853,0.0027600919993346906
case10-rep2,case10,2,full_replay,1.0,5,0,False,0.00017869200019049458,351760,3936942,,
case10-rep2,case10,2,full_snapshot,1.0,5,5,True,0.00017744999968272168,3936942,3936942,0.0024855230003595352,0.002662973000042257
case10-rep2,case10,2,pinned_cost,1.0,5,5,True,0.0003344999995533726,3936942,3936942,0.002487395002390258,0.0028218950019436306
case10-rep2,case10,2,recoverability,1.0,5,5,True,0.0072781579992806655,1997582,3936942,0.002507664999939152,0.009785822999219818
case10-rep2,case10,2,recoverability_v2,1.0,5,5,True,0.0033559379999132943,1997582,3936942,0.002425074000711902,0.005781012000625196
case10-rep2,case10,2,target_snapshots,1.0,5,5,True,0.00019595600042521255,1997582,3936942,0.0023753079995003645,0.002571263999925577
case10-rep3,case10,3,cost_cache,0.1,5,0,False,0.0002203029998781858,391023,3936942,,
case10-rep3,case10,3,full_replay,0.1,5,0,False,0.00023236099968926283,351760,3936942,,
case10-rep3,case10,3,full_snapshot,0.1,5,0,False,0.00026827300007425947,3936942,3936942,,
case10-rep3,case10,3,pinned_cost,0.1,5,0,False,0.0003146719991491409,1952455,3936942,,
case10-rep3,case10,3,recoverability,0.1,5,0,False,0.006080361000385892,1952455,3936942,,
case10-rep3,case10,3,recoverability_v2,0.1,5,0,False,0.003162083999995957,351760,3936942,,
case10-rep3,case10,3,target_snapshots,0.1,5,0,False,0.00029277900011948077,1997582,3936942,,
case10-rep3,case10,3,cost_cache,0.25,5,0,False,0.00022576100036530988,735552,3936942,,
case10-rep3,case10,3,full_replay,0.25,5,0,False,0.0002642880008352222,351760,3936942,,
case10-rep3,case10,3,full_snapshot,0.25,5,0,False,0.00021980200017424067,3936942,3936942,,
case10-rep3,case10,3,pinned_cost,0.25,5,0,False,0.0003089020001425524,1952455,3936942,,
case10-rep3,case10,3,recoverability,0.25,5,0,False,0.006685930000458029,1952455,3936942,,
case10-rep3,case10,3,recoverability_v2,0.25,5,0,False,0.002778351999950246,351760,3936942,,
case10-rep3,case10,3,target_snapshots,0.25,5,0,False,0.00017942300019058166,1997582,3936942,,
case10-rep3,case10,3,cost_cache,0.5,5,3,False,0.0002445580003040959,1695969,3936942,,
case10-rep3,case10,3,full_replay,0.5,5,0,False,0.0002737710001383675,351760,3936942,,
case10-rep3,case10,3,full_snapshot,0.5,5,0,False,0.00018540199926064815,3936942,3936942,,
case10-rep3,case10,3,pinned_cost,0.5,5,5,True,0.00021407300027931342,1967432,3936942,0.008097307000753062,0.008311380001032376
case10-rep3,case10,3,recoverability,0.5,5,5,True,0.007189938000010443,1965062,3936942,0.0062901299988880055,0.013480067998898448
case10-rep3,case10,3,recoverability_v2,0.5,5,5,True,0.0077940340006534825,1965062,3936942,0.00623605000146199,0.014030084002115473
case10-rep3,case10,3,target_snapshots,0.5,5,0,False,0.0003207910003766301,1997582,3936942,,
case10-rep3,case10,3,cost_cache,1.0,5,5,True,0.00033381999946868746,3936942,3936942,0.0028169990018795943,0.0031508190013482817
case10-rep3,case10,3,full_replay,1.0,5,0,False,0.00024629100062156795,351760,3936942,,
case10-rep3,case10,3,full_snapshot,1.0,5,5,True,0.0002657690001797164,3936942,3936942,0.0025104790001932997,0.002776248000373016
case10-rep3,case10,3,pinned_cost,1.0,5,5,True,0.00026080199950229144,3936942,3936942,0.00257890899956692,0.0028397109990692115
case10-rep3,case10,3,recoverability,1.0,5,5,True,0.006907645000865159,1997582,3936942,0.00311193200013804,0.0100195770010032
case10-rep3,case10,3,recoverability_v2,1.0,5,5,True,0.0033412970005883835,1997582,3936942,0.00247188200137316,0.005813179001961544
case10-rep3,case10,3,target_snapshots,1.0,5,5,True,0.00027061700075137196,1997582,3936942,0.002653651000400714,0.002924268001152086
case10-rep4,case10,4,cost_cache,0.1,5,0,False,0.00022863499998493353,391024,3936943,,
case10-rep4,case10,4,full_replay,0.1,5,0,False,0.00017273399953410262,351761,3936943,,
case10-rep4,case10,4,full_snapshot,0.1,5,0,False,0.00031953799953043927,3936943,3936943,,
case10-rep4,case10,4,pinned_cost,0.1,5,0,False,0.0001895380000860314,1952456,3936943,,
case10-rep4,case10,4,recoverability,0.1,5,0,False,0.0061332599998422666,1952456,3936943,,
case10-rep4,case10,4,recoverability_v2,0.1,5,0,False,0.0024821679999149637,351761,3936943,,
case10-rep4,case10,4,target_snapshots,0.1,5,0,False,0.0002650679998623673,1997583,3936943,,
case10-rep4,case10,4,cost_cache,0.25,5,0,False,0.0003360420005265041,735553,3936943,,
case10-rep4,case10,4,full_replay,0.25,5,0,False,0.00023610600055690156,351761,3936943,,
case10-rep4,case10,4,full_snapshot,0.25,5,0,False,0.00018414999976812396,3936943,3936943,,
case10-rep4,case10,4,pinned_cost,0.25,5,0,False,0.0003076009998039808,1952456,3936943,,
case10-rep4,case10,4,recoverability,0.25,5,0,False,0.0061455280001609935,1952456,3936943,,
case10-rep4,case10,4,recoverability_v2,0.25,5,0,False,0.0028775669998140074,351761,3936943,,
case10-rep4,case10,4,target_snapshots,0.25,5,0,False,0.00017778999972506426,1997583,3936943,,
case10-rep4,case10,4,cost_cache,0.5,5,3,False,0.0003257080006733304,1695970,3936943,,
case10-rep4,case10,4,full_replay,0.5,5,0,False,0.00027508400035003433,351761,3936943,,
case10-rep4,case10,4,full_snapshot,0.5,5,0,False,0.00029834799988748273,3936943,3936943,,
case10-rep4,case10,4,pinned_cost,0.5,5,5,True,0.000451801999588497,1967433,3936943,0.008022961000278883,0.00847476299986738
case10-rep4,case10,4,recoverability,0.5,5,5,True,0.006686991000606213,1965063,3936943,0.006125427999904787,0.012812419000511
case10-rep4,case10,4,recoverability_v2,0.5,5,5,True,0.007551378000243858,1965063,3936943,0.005757708999226452,0.01330908699947031
case10-rep4,case10,4,target_snapshots,0.5,5,0,False,0.0002675019995876937,1997583,3936943,,
case10-rep4,case10,4,cost_cache,1.0,5,5,True,0.0003688609995151637,3936943,3936943,0.0027639410000119824,0.003132801999527146
case10-rep4,case10,4,full_replay,1.0,5,0,False,0.00027813800079456996,351761,3936943,,
case10-rep4,case10,4,full_snapshot,1.0,5,5,True,0.00029074599933665013,3936943,3936943,0.003004008000061731,0.003294753999398381
case10-rep4,case10,4,pinned_cost,1.0,5,5,True,0.00026940499992633704,3936943,3936943,0.002594654000859009,0.002864059000785346
case10-rep4,case10,4,recoverability,1.0,5,5,True,0.008099312000013015,1997583,3936943,0.002566620999459701,0.010665932999472716
case10-rep4,case10,4,recoverability_v2,1.0,5,5,True,0.0035081930000160355,1997583,3936943,0.002470150999215548,0.0059783439992315834
case10-rep4,case10,4,target_snapshots,1.0,5,5,True,0.00018110500059265178,1997583,3936943,0.0026037069992526085,0.0027848119998452603
case11-rep0,case11,0,cost_cache,0.1,5,0,False,0.00032823199944687076,1711388,7132604,,
case11-rep0,case11,0,full_replay,0.1,5,0,False,0.0003719460000866093,1711388,7132604,,
case11-rep0,case11,0,full_snapshot,0.1,5,0,False,0.0003250270001444733,1711388,7132604,,
case11-rep0,case11,0,pinned_cost,0.1,5,0,False,0.000491951999720186,1711388,7132604,,
case11-rep0,case11,0,recoverability,0.1,5,0,False,0.0005419649996838416,1711388,7132604,,
case11-rep0,case11,0,recoverability_v2,0.1,5,0,False,0.0004793419993802672,1711388,7132604,,
case11-rep0,case11,0,target_snapshots,0.1,5,0,False,0.00033678399995551445,1711388,7132604,,
case11-rep0,case11,0,cost_cache,0.25,5,5,True,0.0007283369996002875,1769906,7132604,0.039615708000383165,0.04034404499998345
case11-rep0,case11,0,full_replay,0.25,5,5,True,0.00036461499985307455,1711388,7132604,0.246286544999748,0.24665115999960108
case11-rep0,case11,0,full_snapshot,0.25,5,0,False,0.0004594629999701283,7132604,7132604,,
case11-rep0,case11,0,pinned_cost,0.25,5,5,True,0.0005541220007216907,1769906,7132604,0.03893080400030158,0.03948492600102327
case11-rep0,case11,0,recoverability,0.25,5,5,True,0.06340538599943102,1769906,7132604,0.04221045899885212,0.10561584499828314
case11-rep0,case11,0,recoverability_v2,0.25,5,5,True,0.004666319999159896,1769906,7132604,0.03983056200104329,0.044496882000203186
case11-rep0,case11,0,target_snapshots,0.25,5,0,False,0.0003421119999984512,2250992,7132604,,
case11-rep0,case11,0,cost_cache,0.5,5,5,True,0.0005852479998793569,3276688,7132604,0.003008259001035185,0.003593507000914542
case11-rep0,case11,0,full_replay,0.5,5,5,True,0.00044932899982086383,1711388,7132604,0.2532339890012736,0.25368331800109445
case11-rep0,case11,0,full_snapshot,0.5,5,0,False,0.0004806340002687648,7132604,7132604,,
case11-rep0,case11,0,pinned_cost,0.5,5,5,True,0.0004520819993558689,3276688,7132604,0.0030543360007868614,0.0035064180001427303
case11-rep0,case11,0,recoverability,0.5,5,5,True,0.044158616000459006,2250992,7132604,0.002865438998924219,0.047024054999383225
case11-rep0,case11,0,recoverability_v2,0.5,5,5,True,0.0005443280006147688,2250992,7132604,0.005788493998807098,0.006332821999421867
case11-rep0,case11,0,target_snapshots,0.5,5,5,True,0.0004674950005210121,2250992,7132604,0.003347998000208463,0.003815493000729475
case11-rep0,case11,0,cost_cache,1.0,5,5,True,0.0005555039997489075,7132604,7132604,0.0033170629994856426,0.00387256699923455
case11-rep0,case11,0,full_replay,1.0,5,5,True,0.0003515149992381339,1711388,7132604,0.24434615199879772,0.24469766699803586
case11-rep0,case11,0,full_snapshot,1.0,5,5,True,0.00034083999980794033,7132604,7132604,0.0028821669993703836,0.003223006999178324
case11-rep0,case11,0,pinned_cost,1.0,5,5,True,0.0005735610002375324,7132604,7132604,0.003006095999808167,0.0035796570000456995
case11-rep0,case11,0,recoverability,1.0,5,5,True,0.04317400199943222,2250992,7132604,0.002913391999754822,0.04608739399918704
case11-rep0,case11,0,recoverability_v2,1.0,5,5,True,0.0005162469997230801,2250992,7132604,0.002999266000188072,0.0035155129999111523
case11-rep0,case11,0,target_snapshots,1.0,5,5,True,0.0004808250005226,2250992,7132604,0.003121636001196748,0.003602461001719348
case11-rep1,case11,1,cost_cache,0.1,5,0,False,0.00047154200001386926,1711388,7132604,,
case11-rep1,case11,1,full_replay,0.1,5,0,False,0.00048651300039637135,1711388,7132604,,
case11-rep1,case11,1,full_snapshot,0.1,5,0,False,0.00035339799978828523,1711388,7132604,,
case11-rep1,case11,1,pinned_cost,0.1,5,0,False,0.0004446419998203055,1711388,7132604,,
case11-rep1,case11,1,recoverability,0.1,5,0,False,0.0003373949994056602,1711388,7132604,,
case11-rep1,case11,1,recoverability_v2,0.1,5,0,False,0.00047041899961186573,1711388,7132604,,
case11-rep1,case11,1,target_snapshots,0.1,5,0,False,0.0010610159997668234,1711388,7132604,,
case11-rep1,case11,1,cost_cache,0.25,5,5,True,0.0004017390001536114,1769906,7132604,0.03910439100036456,0.03950613000051817
case11-rep1,case11,1,full_replay,0.25,5,5,True,0.0004702500000348664,1711388,7132604,0.24757381700055703,0.2480440670005919
case11-rep1,case11,1,full_snapshot,0.25,5,0,False,0.0004760370002259151,7132604,7132604,,
case11-rep1,case11,1,pinned_cost,0.25,5,5,True,0.00040658600028109504,1769906,7132604,0.04344800899889378,0.04385459499917488
case11-rep1,case11,1,recoverability,0.25,5,5,True,0.06721802500032936,1769906,7132604,0.04078586299874587,0.10800388799907523
case11-rep1,case11,1,recoverability_v2,0.25,5,5,True,0.004597369000293838,1769906,7132604,0.04039737600032822,0.04499474500062206
case11-rep1,case11,1,target_snapshots,0.25,5,0,False,0.0003379760000825627,2250992,7132604,,
case11-rep1,case11,1,cost_cache,0.5,5,5,True,0.0005612630002360675,3315088,7132604,0.002897424999900977,0.0034586880001370446
case11-rep1,case11,1,full_replay,0.5,5,5,True,0.0004523640000115847,1711388,7132604,0.23728156000015588,0.23773392400016746
case11-rep1,case11,1,full_snapshot,0.5,5,0,False,0.0005060720004621544,7132604,7132604,,
case11-rep1,case11,1,pinned_cost,0.5,5,5,True,0.0005755940001108684,3315088,7132604,0.003055819000110205,0.003631413000221073
case11-rep1,case11,1,recoverability,0.5,5,5,True,0.044162115000290214,2250992,7132604,0.003192288999343873,0.04735440399963409
case11-rep1,case11,1,recoverability_v2,0.5,5,5,True,0.0005496459998539649,2250992,7132604,0.00318550999963918,0.003735155999493145
case11-rep1,case11,1,target_snapshots,0.5,5,5,True,0.0004888469993602484,2250992,7132604,0.0028470820016082143,0.003335929000968463
case11-rep1,case11,1,cost_cache,1.0,5,5,True,0.00042706600015662843,7132604,7132604,0.00321630400048889,0.0036433700006455183
case11-rep1,case11,1,full_replay,1.0,5,5,True,0.0003910429995812592,1711388,7132604,0.23482577000049787,0.23521681300007913
case11-rep1,case11,1,full_snapshot,1.0,5,5,True,0.0005398610001066118,7132604,7132604,0.0029453269989971886,0.0034851879991038004
case11-rep1,case11,1,pinned_cost,1.0,5,5,True,0.0006695620004393277,7132604,7132604,0.002966697000374552,0.0036362590008138795
case11-rep1,case11,1,recoverability,1.0,5,5,True,0.043524640999748954,2250992,7132604,0.0030749580009796773,0.04659959900072863
case11-rep1,case11,1,recoverability_v2,1.0,5,5,True,0.00038903000040590996,2250992,7132604,0.0028494770003817393,0.0032385070007876493
case11-rep1,case11,1,target_snapshots,1.0,5,5,True,0.0003378250003152061,2250992,7132604,0.0030945460002840264,0.0034323710005992325
case11-rep2,case11,2,cost_cache,0.1,5,0,False,0.00035579100040195044,1711392,7132608,,
case11-rep2,case11,2,full_replay,0.1,5,0,False,0.0003285020002294914,1711392,7132608,,
case11-rep2,case11,2,full_snapshot,0.1,5,0,False,0.0005772960003014305,1711392,7132608,,
case11-rep2,case11,2,pinned_cost,0.1,5,0,False,0.0003697720003401628,1711392,7132608,,
case11-rep2,case11,2,recoverability,0.1,5,0,False,0.0004701290008597425,1711392,7132608,,
case11-rep2,case11,2,recoverability_v2,0.1,5,0,False,0.0005087360004836228,1711392,7132608,,
case11-rep2,case11,2,target_snapshots,0.1,5,0,False,0.0005620740002996172,1711392,7132608,,
case11-rep2,case11,2,cost_cache,0.25,5,5,True,0.0004710100001830142,1769910,7132608,0.040143399000044155,0.04061440900022717
case11-rep2,case11,2,full_replay,0.25,5,5,True,0.000554092000129458,1711392,7132608,0.2874365659999967,0.28799065800012613
case11-rep2,case11,2,full_snapshot,0.25,5,0,False,0.00045849199977965327,7132608,7132608,,
case11-rep2,case11,2,pinned_cost,0.25,5,5,True,0.0005639759992845939,1769910,7132608,0.04039497899975686,0.04095895499904145
case11-rep2,case11,2,recoverability,0.25,5,5,True,0.06321000900061335,1769910,7132608,0.04009432899965759,0.10330433800027095
case11-rep2,case11,2,recoverability_v2,0.25,5,5,True,0.005328821000148309,1769910,7132608,0.0414437250001356,0.04677254600028391
case11-rep2,case11,2,target_snapshots,0.25,5,0,False,0.0003434840000409167,2250996,7132608,,
case11-rep2,case11,2,cost_cache,0.5,5,5,True,0.0004477070006032591,3276692,7132608,0.003002348999871174,0.003450056000474433
case11-rep2,case11,2,full_replay,0.5,5,5,True,0.0006929250002940535,1711392,7132608,0.2978389119989515,0.29853183699924557
case11-rep2,case11,2,full_snapshot,0.5,5,0,False,0.000502466999932949,7132608,7132608,,
case11-rep2,case11,2,pinned_cost,0.5,5,5,True,0.00041841300026135286,3276692,7132608,0.0029250880015752045,0.0033435010018365574
case11-rep2,case11,2,recoverability,0.5,5,5,True,0.04393075099960697,2250996,7132608,0.002891990000534861,0.04682274100014183
case11-rep2,case11,2,recoverability_v2,0.5,5,5,True,0.0004772989996126853,2250996,7132608,0.0033795139997891965,0.003856812999401882
case11-rep2,case11,2,target_snapshots,0.5,5,5,True,0.0005240580003373907,2250996,7132608,0.0030144780002956395,0.00353853600063303
case11-rep2,case11,2,cost_cache,1.0,5,5,True,0.0006257069999264786,7132608,7132608,0.0031352450014310307,0.0037609520013575093
case11-rep2,case11,2,full_replay,1.0,5,5,True,0.00033535199963807827,1711392,7132608,0.3204162539996105,0.32075160599924857
case11-rep2,case11,2,full_snapshot,1.0,5,5,True,0.00047460499990847893,7132608,7132608,0.003012236998984008,0.003486841998892487
case11-rep2,case11,2,pinned_cost,1.0,5,5,True,0.0006044060000931495,7132608,7132608,0.002933229999143805,0.0035376359992369544
case11-rep2,case11,2,recoverability,1.0,5,5,True,0.04473805500037997,2250996,7132608,0.00292889299998933,0.0476669480003693
case11-rep2,case11,2,recoverability_v2,1.0,5,5,True,0.0016536840003027464,2250996,7132608,0.003023450999535271,0.004677134999838017
case11-rep2,case11,2,target_snapshots,1.0,5,5,True,0.0007412269997075782,2250996,7132608,0.0032091539997054497,0.003950380999413028
case11-rep3,case11,3,cost_cache,0.1,5,0,False,0.0005043889996159123,1711387,7132603,,
case11-rep3,case11,3,full_replay,0.1,5,0,False,0.0003291419998276979,1711387,7132603,,
case11-rep3,case11,3,full_snapshot,0.1,5,0,False,0.00047927200012054527,1711387,7132603,,
case11-rep3,case11,3,pinned_cost,0.1,5,0,False,0.0005219849999775761,1711387,7132603,,
case11-rep3,case11,3,recoverability,0.1,5,0,False,0.0003562120000424329,1711387,7132603,,
case11-rep3,case11,3,recoverability_v2,0.1,5,0,False,0.0004378019993964699,1711387,7132603,,
case11-rep3,case11,3,target_snapshots,0.1,5,0,False,0.0005311180002536275,1711387,7132603,,
case11-rep3,case11,3,cost_cache,0.25,5,5,True,0.0006182270008139312,1769905,7132603,0.039722001999507484,0.040340229000321415
case11-rep3,case11,3,full_replay,0.25,5,5,True,0.00032870199993340066,1711387,7132603,0.31378285699884145,0.31411155899877485
case11-rep3,case11,3,full_snapshot,0.25,5,0,False,0.0004639899998437613,7132603,7132603,,
case11-rep3,case11,3,pinned_cost,0.25,5,5,True,0.0006011909999870113,1769905,7132603,0.04013911499987444,0.04074030599986145
case11-rep3,case11,3,recoverability,0.25,5,5,True,0.06554875700021512,1769905,7132603,0.04225463600141666,0.10780339300163178
case11-rep3,case11,3,recoverability_v2,0.25,5,5,True,0.00479820300006395,1769905,7132603,0.0476768099997571,0.05247501299982105
case11-rep3,case11,3,target_snapshots,0.25,5,0,False,0.00048442000024806475,2250991,7132603,,
case11-rep3,case11,3,cost_cache,0.5,5,5,True,0.0006213110000317101,3276687,7132603,0.0028659600002356456,0.0034872710002673557
case11-rep3,case11,3,full_replay,0.5,5,5,True,0.00047508599982393207,1711387,7132603,0.26839788899906125,0.2688729749988852
case11-rep3,case11,3,full_snapshot,0.5,5,0,False,0.0005078539998066844,7132603,7132603,,
case11-rep3,case11,3,pinned_cost,0.5,5,5,True,0.0005546930005948525,3276687,7132603,0.0029727080000157002,0.0035274010006105527
case11-rep3,case11,3,recoverability,0.5,5,5,True,0.04324563699992723,2250991,7132603,0.0032213610002145288,0.04646699800014176
case11-rep3,case11,3,recoverability_v2,0.5,5,5,True,0.0005686939994120621,2250991,7132603,0.0028206540000610403,0.0033893479994731024
case11-rep3,case11,3,target_snapshots,0.5,5,5,True,0.0003340089997436735,2250991,7132603,0.002888475000872859,0.0032224840006165323
case11-rep3,case11,3,cost_cache,1.0,5,5,True,0.0006142299998828094,7132603,7132603,0.0036827869989792816,0.004297016998862091
case11-rep3,case11,3,full_replay,1.0,5,5,True,0.0004752360000566114,1711387,7132603,0.27101776999916183,0.27149300599921844
case11-rep3,case11,3,full_snapshot,1.0,5,5,True,0.0005623239994747564,7132603,7132603,0.0028292360020714113,0.0033915600015461678
case11-rep3,case11,3,pinned_cost,1.0,5,5,True,0.0004514519996519084,7132603,7132603,0.0028441980002753553,0.0032956499999272637
case11-rep3,case11,3,recoverability,1.0,5,5,True,0.04460568000013154,2250991,7132603,0.002910497000812029,0.04751617700094357
case11-rep3,case11,3,recoverability_v2,1.0,5,5,True,0.0004924519998894539,2250991,7132603,0.002882395000597171,0.003374847000486625
case11-rep3,case11,3,target_snapshots,1.0,5,5,True,0.0004110219997528475,2250991,7132603,0.0030086800006756675,0.003419702000428515
case11-rep4,case11,4,cost_cache,0.1,5,0,False,0.000503438000123424,1711391,7132607,,
case11-rep4,case11,4,full_replay,0.1,5,0,False,0.000528765000126441,1711391,7132607,,
case11-rep4,case11,4,full_snapshot,0.1,5,0,False,0.0003402190004635486,1711391,7132607,,
case11-rep4,case11,4,pinned_cost,0.1,5,0,False,0.00046307899992825696,1711391,7132607,,
case11-rep4,case11,4,recoverability,0.1,5,0,False,0.0004953769994244794,1711391,7132607,,
case11-rep4,case11,4,recoverability_v2,0.1,5,0,False,0.00047970299965527374,1711391,7132607,,
case11-rep4,case11,4,target_snapshots,0.1,5,0,False,0.00032452600044052815,1711391,7132607,,
case11-rep4,case11,4,cost_cache,0.25,5,5,True,0.00040764799996395595,1769909,7132607,0.038720073999684246,0.0391277219996482
case11-rep4,case11,4,full_replay,0.25,5,5,True,0.00036787899989576545,1711391,7132607,0.258692369999153,0.2590602489990488
case11-rep4,case11,4,full_snapshot,0.25,5,0,False,0.00033483100014564116,7132607,7132607,,
case11-rep4,case11,4,pinned_cost,0.25,5,5,True,0.0005132819997015758,1769909,7132607,0.03866681800082006,0.039180100000521634
case11-rep4,case11,4,recoverability,0.25,5,5,True,0.06189155799984292,1769909,7132607,0.0400323780004328,0.10192393600027572
case11-rep4,case11,4,recoverability_v2,0.25,5,5,True,0.006468450999818742,1769909,7132607,0.04137908999928186,0.0478475409991006
case11-rep4,case11,4,target_snapshots,0.25,5,0,False,0.00033834600071713794,2250995,7132607,,
case11-rep4,case11,4,cost_cache,0.5,5,5,True,0.0005353440001272247,3276691,7132607,0.0029383960008999566,0.0034737400010271813
case11-rep4,case11,4,full_replay,0.5,5,5,True,0.0003339100003358908,1711391,7132607,0.2595996099998956,0.2599335200002315
case11-rep4,case11,4,full_snapshot,0.5,5,0,False,0.000341891000061878,7132607,7132607,,
case11-rep4,case11,4,pinned_cost,0.5,5,5,True,0.0005801999996037921,3276691,7132607,0.002933380000285979,0.003513579999889771
case11-rep4,case11,4,recoverability,0.5,5,5,True,0.043385842999668967,2250995,7132607,0.0029392290007308475,0.046325072000399814
case11-rep4,case11,4,recoverability_v2,0.5,5,5,True,0.000570936999793048,2250995,7132607,0.003345454000736936,0.003916391000529984
case11-rep4,case11,4,target_snapshots,0.5,5,5,True,0.00050163500054623,2250995,7132607,0.0028437689998099813,0.0033454040003562113
case11-rep4,case11,4,cost_cache,1.0,5,5,True,0.0006230029994185315,7132607,7132607,0.002828726000188908,0.0034517289996074396
case11-rep4,case11,4,full_replay,1.0,5,5,True,0.0003530269996190327,1711391,7132607,0.2871592559995406,0.28751228299915965
case11-rep4,case11,4,full_snapshot,1.0,5,5,True,0.0005849179997312604,7132607,7132607,0.0033682260000205133,0.003953143999751774
case11-rep4,case11,4,pinned_cost,1.0,5,5,True,0.0004241619999447721,7132607,7132607,0.0028223459994478617,0.003246507999392634
case11-rep4,case11,4,recoverability,1.0,5,5,True,0.04694159400060016,2250995,7132607,0.0031975360006981646,0.05013913000129833
case11-rep4,case11,4,recoverability_v2,1.0,5,5,True,0.0005114899995533051,2250995,7132607,0.0028666820007856586,0.0033781720003389637
case11-rep4,case11,4,target_snapshots,1.0,5,5,True,0.00048472999969817465,2250995,7132607,0.002868514999136096,0.0033532449988342705
case12-rep0,case12,0,cost_cache,0.1,5,0,False,0.000659427000755386,2178328,21821982,,
case12-rep0,case12,0,full_replay,0.1,5,0,False,0.0005565949995798292,1716709,21821982,,
case12-rep0,case12,0,full_snapshot,0.1,5,0,False,0.0004173620000074152,21821982,21821982,,
case12-rep0,case12,0,pinned_cost,0.1,5,0,False,0.0007290179992196499,9717404,21821982,,
case12-rep0,case12,0,recoverability,0.1,5,0,False,0.021544779000578274,2537223,21821982,,
case12-rep0,case12,0,recoverability_v2,0.1,5,0,False,0.003972623000663589,1716709,21821982,,
case12-rep0,case12,0,target_snapshots,0.1,5,0,False,0.0007481869997718604,2537223,21821982,,
case12-rep0,case12,0,cost_cache,0.25,5,5,True,0.000551568000446423,5164954,21821982,0.0032010109989641933,0.0037525789994106162
case12-rep0,case12,0,full_replay,0.25,5,0,False,0.0005439070000647916,1716709,21821982,,
case12-rep0,case12,0,full_snapshot,0.25,5,0,False,0.0006200690004334319,21821982,21821982,,
case12-rep0,case12,0,pinned_cost,0.25,5,0,False,0.00040899899977375753,9717404,21821982,,
case12-rep0,case12,0,recoverability,0.25,5,5,True,0.02110839000033593,2537223,21821982,0.0028005770000163466,0.023908967000352277
case12-rep0,case12,0,recoverability_v2,0.25,5,5,True,0.0004515020000326331,2537223,21821982,0.003208000999620708,0.0036595029996533412
case12-rep0,case12,0,target_snapshots,0.25,5,5,True,0.00041633999990153825,2537223,21821982,0.0030393849992833566,0.003455724999184895
case12-rep0,case12,0,cost_cache,0.5,5,5,True,0.0007717720000073314,10621009,21821982,0.0030027310003788443,0.0037745030003861757
case12-rep0,case12,0,full_replay,0.5,5,0,False,0.0005609919999187696,1716709,21821982,,
case12-rep0,case12,0,full_snapshot,0.5,5,0,False,0.0010185230003116885,21821982,21821982,,
case12-rep0,case12,0,pinned_cost,0.5,5,5,True,0.0006572030006282148,10909872,21821982,0.003437979000409541,0.004095182001037756
case12-rep0,case12,0,recoverability,0.5,5,5,True,0.05433680500027549,2537223,21821982,0.003055469001083111,0.0573922740013586
case12-rep0,case12,0,recoverability_v2,0.5,5,5,True,0.0006088919999456266,2537223,21821982,0.002951505999590154,0.0035603979995357804
case12-rep0,case12,0,target_snapshots,0.5,5,5,True,0.000580220999836456,2537223,21821982,0.003703278999637405,0.004283499999473861
case12-rep0,case12,0,cost_cache,1.0,5,5,True,0.000729729999875417,21821982,21821982,0.0033960180007852614,0.004125748000660678
case12-rep0,case12,0,full_replay,1.0,5,0,False,0.0005806509998365073,1716709,21821982,,
case12-rep0,case12,0,full_snapshot,1.0,5,5,True,0.0005332419996193494,21821982,21821982,0.0028649679998125066,0.003398209999431856
case12-rep0,case12,0,pinned_cost,1.0,5,5,True,0.001200560000143014,21821982,21821982,0.0028893839999000193,0.004089944000043033
case12-rep0,case12,0,recoverability,1.0,5,5,True,0.062265525999464444,2537223,21821982,0.0030709709999428014,0.06533649699940725
case12-rep0,case12,0,recoverability_v2,1.0,5,5,True,0.00048792500001582084,2537223,21821982,0.0032571939982517506,0.0037451189982675714
case12-rep0,case12,0,target_snapshots,1.0,5,5,True,0.000413146000028064,2537223,21821982,0.00316456900054618,0.003577715000574244
case12-rep1,case12,1,cost_cache,0.1,5,0,False,0.0005439070000647916,2178334,21821988,,
case12-rep1,case12,1,full_replay,0.1,5,0,False,0.0004007970001111971,1716715,21821988,,
case12-rep1,case12,1,full_snapshot,0.1,5,0,False,0.0005793090003862744,21821988,21821988,,
case12-rep1,case12,1,pinned_cost,0.1,5,0,False,0.0005819830003019888,9717410,21821988,,
case12-rep1,case12,1,recoverability,0.1,5,0,False,0.02270650199989177,2537229,21821988,,
case12-rep1,case12,1,recoverability_v2,0.1,5,0,False,0.003914748000170221,1716715,21821988,,
case12-rep1,case12,1,target_snapshots,0.1,5,0,False,0.000588973000049009,2537229,21821988,,
case12-rep1,case12,1,cost_cache,0.25,5,5,True,0.0006054169998606085,4220459,21821988,0.002786582999760867,0.0033919999996214756
case12-rep1,case12,1,full_replay,0.25,5,0,False,0.0005478129996845382,1716715,21821988,,
case12-rep1,case12,1,full_snapshot,0.25,5,0,False,0.0005728590003855061,21821988,21821988,,
case12-rep1,case12,1,pinned_cost,0.25,5,0,False,0.0006484999994427199,9717410,21821988,,
case12-rep1,case12,1,recoverability,0.25,5,5,True,0.0230702349999774,2537229,21821988,0.003139282000120147,0.02620951700009755
case12-rep1,case12,1,recoverability_v2,0.25,5,5,True,0.0005820429996674648,2537229,21821988,0.0029801779992340016,0.0035622209989014664
case12-rep1,case12,1,target_snapshots,0.25,5,5,True,0.00040545400042901747,2537229,21821988,0.003098832000432594,0.0035042860008616117
case12-rep1,case12,1,cost_cache,0.5,5,5,True,0.0005938500007687253,10621015,21821988,0.0047087309994822135,0.005302581000250939
case12-rep1,case12,1,full_replay,0.5,5,0,False,0.0005496060002769809,1716715,21821988,,
case12-rep1,case12,1,full_snapshot,0.5,5,0,False,0.0005713580003430252,21821988,21821988,,
case12-rep1,case12,1,pinned_cost,0.5,5,5,True,0.0008135919997585006,10909878,21821988,0.002833163998730015,0.0036467559984885156
case12-rep1,case12,1,recoverability,0.5,5,5,True,0.058703509000224585,2537229,21821988,0.002813675000652438,0.06151718400087702
case12-rep1,case12,1,recoverability_v2,0.5,5,5,True,0.0006112260007284931,2537229,21821988,0.0031010659995445167,0.0037122920002730098
case12-rep1,case12,1,target_snapshots,0.5,5,5,True,0.0005774060000476311,2537229,21821988,0.0029400210005405825,0.0035174270005882136
case12-rep1,case12,1,cost_cache,1.0,5,5,True,0.0009275800002797041,21821988,21821988,0.0029028849994574557,0.00383046499973716
case12-rep1,case12,1,full_replay,1.0,5,0,False,0.0005993880004098173,1716715,21821988,,
case12-rep1,case12,1,full_snapshot,1.0,5,5,True,0.0005692450004062266,21821988,21821988,0.0030022109995115898,0.0035714559999178164
case12-rep1,case12,1,pinned_cost,1.0,5,5,True,0.0005576369994741981,21821988,21821988,0.0038244460010901093,0.0043820830005643074
case12-rep1,case12,1,recoverability,1.0,5,5,True,0.06423277900012181,2537229,21821988,0.002807275001941889,0.0670400540020637
case12-rep1,case12,1,recoverability_v2,1.0,5,5,True,0.0006465079995905398,2537229,21821988,0.0030559090000679134,0.0037024169996584533
case12-rep1,case12,1,target_snapshots,1.0,5,5,True,0.0006031839993738686,2537229,21821988,0.0029137199999240693,0.003516903999297938
case12-rep2,case12,2,cost_cache,0.1,5,0,False,0.0010261739998895791,2178421,21821980,,
case12-rep2,case12,2,full_replay,0.1,5,0,False,0.0003982329999416834,1716707,21821980,,
case12-rep2,case12,2,full_snapshot,0.1,5,0,False,0.0007038120002107462,21821980,21821980,,
case12-rep2,case12,2,pinned_cost,0.1,5,0,False,0.00041062199943553424,9717402,21821980,,
case12-rep2,case12,2,recoverability,0.1,5,0,False,0.02209735999986151,2537221,21821980,,
case12-rep2,case12,2,recoverability_v2,0.1,5,0,False,0.004135320999921532,1716707,21821980,,
case12-rep2,case12,2,target_snapshots,0.1,5,0,False,0.0005545129997699405,2537221,21821980,,
case12-rep2,case12,2,cost_cache,0.25,5,5,True,0.0007800229996064445,4220451,21821980,0.0030013099994903314,0.003781332999096776
case12-rep2,case12,2,full_replay,0.25,5,0,False,0.0004139969996685977,1716707,21821980,,
case12-rep2,case12,2,full_snapshot,0.25,5,0,False,0.0005615829995804233,21821980,21821980,,
case12-rep2,case12,2,pinned_cost,0.25,5,0,False,0.0006058980006855563,9717402,21821980,,
case12-rep2,case12,2,recoverability,0.25,5,5,True,0.023414950000187673,2537221,21821980,0.00309895400005189,0.026513904000239563
case12-rep2,case12,2,recoverability_v2,0.25,5,5,True,0.0004874440001003677,2537221,21821980,0.003118259999610018,0.0036057039997103857
case12-rep2,case12,2,target_snapshots,0.25,5,5,True,0.0005671010003425181,2537221,21821980,0.0030264160013757646,0.0035935170017182827
case12-rep2,case12,2,cost_cache,0.5,5,5,True,0.0007081580006342847,10621007,21821980,0.0029903740005465806,0.0036985320011808653
case12-rep2,case12,2,full_replay,0.5,5,0,False,0.000523026999871945,1716707,21821980,,
case12-rep2,case12,2,full_snapshot,0.5,5,0,False,0.0006670980001217686,21821980,21821980,,
case12-rep2,case12,2,pinned_cost,0.5,5,5,True,0.0006834220002929214,10909870,21821980,0.0028466320000006817,0.003530054000293603
case12-rep2,case12,2,recoverability,0.5,5,5,True,0.05743073400026333,2537221,21821980,0.0035521159998097573,0.060982850000073086
case12-rep2,case12,2,recoverability_v2,0.5,5,5,True,0.000636672999462462,2537221,21821980,0.003275261000453611,0.003911933999916073
case12-rep2,case12,2,target_snapshots,0.5,5,5,True,0.00040489399998477893,2537221,21821980,0.0030845210003462853,0.0034894150003310642
case12-rep2,case12,2,cost_cache,1.0,5,5,True,0.0007247820003613015,21821980,21821980,0.0029695430011997814,0.003694325001561083
case12-rep2,case12,2,full_replay,1.0,5,0,False,0.0005682729997715796,1716707,21821980,,
case12-rep2,case12,2,full_snapshot,1.0,5,5,True,0.0006286420002652449,21821980,21821980,0.0030008189996806323,0.003629460999945877
case12-rep2,case12,2,pinned_cost,1.0,5,5,True,0.0009068199997273041,21821980,21821980,0.003109368001787516,0.00401618800151482
case12-rep2,case12,2,recoverability,1.0,5,5,True,0.06101385100009793,2537221,21821980,0.0034087960002580076,0.06442264700035594
case12-rep2,case12,2,recoverability_v2,1.0,5,5,True,0.0005866699993930524,2537221,21821980,0.0030609659988840576,0.00364763599827711
case12-rep2,case12,2,target_snapshots,1.0,5,5,True,0.00041939499988075113,2537221,21821980,0.0032183749999603606,0.0036377699998411117
case12-rep3,case12,3,cost_cache,0.1,5,0,False,0.0006621909997193143,2178430,21821989,,
case12-rep3,case12,3,full_replay,0.1,5,0,False,0.0005173879999347264,1716716,21821989,,
case12-rep3,case12,3,full_snapshot,0.1,5,0,False,0.00039906500023789704,21821989,21821989,,
case12-rep3,case12,3,pinned_cost,0.1,5,0,False,0.0006335090001812205,9717411,21821989,,
case12-rep3,case12,3,recoverability,0.1,5,0,False,0.02172241100015526,2537230,21821989,,
case12-rep3,case12,3,recoverability_v2,0.1,5,0,False,0.003618443999584997,1716716,21821989,,
case12-rep3,case12,3,target_snapshots,0.1,5,0,False,0.0005219949998718221,2537230,21821989,,
case12-rep3,case12,3,cost_cache,0.25,5,5,True,0.0005653190000884933,5203361,21821989,0.0028286249998927815,0.003393943999981275
case12-rep3,case12,3,full_replay,0.25,5,0,False,0.0004063759997734451,1716716,21821989,,
case12-rep3,case12,3,full_snapshot,0.25,5,0,False,0.00040827799966791645,21821989,21821989,,
case12-rep3,case12,3,pinned_cost,0.25,5,0,False,0.0007309720003831899,9717411,21821989,,
case12-rep3,case12,3,recoverability,0.25,5,5,True,0.0214691289993425,2537230,21821989,0.0027830509989144048,0.024252179998256906
case12-rep3,case12,3,recoverability_v2,0.25,5,5,True,0.0007694480000282056,2537230,21821989,0.0030784619993937667,0.0038479099994219723
case12-rep3,case12,3,target_snapshots,0.25,5,5,True,0.00041761199918255443,2537230,21821989,0.002886702000068908,0.0033043139992514625
case12-rep3,case12,3,cost_cache,0.5,5,5,True,0.00109343300027831,10621016,21821989,0.0033605950002311147,0.004454028000509425
case12-rep3,case12,3,full_replay,0.5,5,0,False,0.0005431760000647046,1716716,21821989,,
case12-rep3,case12,3,full_snapshot,0.5,5,0,False,0.0005650580005749362,21821989,21821989,,
case12-rep3,case12,3,pinned_cost,0.5,5,5,True,0.0006804080003348645,10909879,21821989,0.0032871180010261014,0.003967526001360966
case12-rep3,case12,3,recoverability,0.5,5,5,True,0.05453779900017253,2537230,21821989,0.002880230998925981,0.05741802999909851
case12-rep3,case12,3,recoverability_v2,0.5,5,5,True,0.0006033350000507198,2537230,21821989,0.0030173829991326784,0.003620717999183398
case12-rep3,case12,3,target_snapshots,0.5,5,5,True,0.0007952550004119985,2537230,21821989,0.003098973999840382,0.0038942290002523805
case12-rep3,case12,3,cost_cache,1.0,5,5,True,0.0007402749997709179,21821989,21821989,0.0027585339994402602,0.003498808999211178
case12-rep3,case12,3,full_replay,1.0,5,0,False,0.0004544060002444894,1716716,21821989,,
case12-rep3,case12,3,full_snapshot,1.0,5,5,True,0.0005713669997930992,21821989,21821989,0.0029529969997383887,0.003524363999531488
case12-rep3,case12,3,pinned_cost,1.0,5,5,True,0.000624594999862893,21821989,21821989,0.002973960000417719,0.003598555000280612
case12-rep3,case12,3,recoverability,1.0,5,5,True,0.06004506499994022,2537230,21821989,0.003607046000979608,0.06365211100091983
case12-rep3,case12,3,recoverability_v2,1.0,5,5,True,0.0005994990006001899,2537230,21821989,0.002968850998513517,0.003568349999113707
case12-rep3,case12,3,target_snapshots,1.0,5,5,True,0.00040115799947670894,2537230,21821989,0.0031174099995041615,0.0035185679989808705
case12-rep4,case12,4,cost_cache,0.1,5,0,False,0.0005392110006141593,2178329,21821983,,
case12-rep4,case12,4,full_replay,0.1,5,0,False,0.000697632999617781,1716710,21821983,,
case12-rep4,case12,4,full_snapshot,0.1,5,0,False,0.0005542130002140766,21821983,21821983,,
case12-rep4,case12,4,pinned_cost,0.1,5,0,False,0.00042243899952154607,9717405,21821983,,
case12-rep4,case12,4,recoverability,0.1,5,0,False,0.021280612000737165,2537224,21821983,,
case12-rep4,case12,4,recoverability_v2,0.1,5,0,False,0.003825077000328747,1716710,21821983,,
case12-rep4,case12,4,target_snapshots,0.1,5,0,False,0.0005816130005769082,2537224,21821983,,
case12-rep4,case12,4,cost_cache,0.25,5,5,True,0.0005575369996222435,4220454,21821983,0.002977103999000974,0.0035346409986232175
case12-rep4,case12,4,full_replay,0.25,5,0,False,0.0004516019998845877,1716710,21821983,,
case12-rep4,case12,4,full_snapshot,0.25,5,0,False,0.0005381279997891397,21821983,21821983,,
case12-rep4,case12,4,pinned_cost,0.25,5,0,False,0.0005932100002610241,9717405,21821983,,
case12-rep4,case12,4,recoverability,0.25,5,5,True,0.021605669000564376,2537224,21821983,0.0031762650005475734,0.02478193400111195
case12-rep4,case12,4,recoverability_v2,0.25,5,5,True,0.0005965149994153762,2537224,21821983,0.0028177099993627053,0.0034142249987780815
case12-rep4,case12,4,target_snapshots,0.25,5,5,True,0.0005703460001313942,2537224,21821983,0.003229673999157967,0.0038000199992893613
case12-rep4,case12,4,cost_cache,0.5,5,5,True,0.0005377980005505378,10621010,21821983,0.0032596089995422517,0.0037974070000927895
case12-rep4,case12,4,full_replay,0.5,5,0,False,0.0005627749997074716,1716710,21821983,,
case12-rep4,case12,4,full_snapshot,0.5,5,0,False,0.0005536509997909889,21821983,21821983,,
case12-rep4,case12,4,pinned_cost,0.5,5,5,True,0.0007246020004458842,10909873,21821983,0.0031304590002037003,0.0038550610006495845
case12-rep4,case12,4,recoverability,0.5,5,5,True,0.05471933699936926,2537224,21821983,0.003248981998694944,0.057968318998064206
case12-rep4,case12,4,recoverability_v2,0.5,5,5,True,0.000447205000455142,2537224,21821983,0.0028345249993435573,0.0032817299997986993
case12-rep4,case12,4,target_snapshots,0.5,5,5,True,0.0004035120000480674,2537224,21821983,0.0030409090004468453,0.0034444210004949127
case12-rep4,case12,4,cost_cache,1.0,5,5,True,0.0008046299999477924,21821983,21821983,0.0030969490007919376,0.00390157900073973
case12-rep4,case12,4,full_replay,1.0,5,0,False,0.0005952319997959421,1716710,21821983,,
case12-rep4,case12,4,full_snapshot,1.0,5,5,True,0.000512712000272586,21821983,21821983,0.0032550510004512034,0.0037677630007237894
case12-rep4,case12,4,pinned_cost,1.0,5,5,True,0.0005715280003641965,21821983,21821983,0.0029653769997821655,0.003536905000146362
case12-rep4,case12,4,recoverability,1.0,5,5,True,0.07041631499942014,2537224,21821983,0.004134601000259863,0.07455091599968
case12-rep4,case12,4,recoverability_v2,1.0,5,5,True,0.0005480229992826935,2537224,21821983,0.0028200510005262913,0.003368073999808985
case12-rep4,case12,4,target_snapshots,1.0,5,5,True,0.0006558420000146725,2537224,21821983,0.002817630001118232,0.0034734720011329046
case13-rep0,case13,0,cost_cache,0.1,5,5,True,0.0003791559993260307,2241127,24460944,3.059912443999565,3.060291599998891
case13-rep0,case13,0,full_replay,0.1,5,5,True,0.0006146100004116306,363629,24460944,3.447386382998957,3.4480009929993685
case13-rep0,case13,0,full_snapshot,0.1,5,0,False,0.00047956300022633513,24460944,24460944,,
case13-rep0,case13,0,pinned_cost,0.1,5,5,True,0.0004957569999533007,2241127,24460944,3.0363487869999517,3.036844543999905
case13-rep0,case13,0,recoverability,0.1,5,5,True,0.06969658799971512,2241127,24460944,3.1402690230006556,3.2099656110003707
case13-rep0,case13,0,recoverability_v2,0.1,5,5,True,0.014745874000254844,2435883,24460944,3.124092820000442,3.1388386940006967
case13-rep0,case13,0,target_snapshots,0.1,5,0,False,0.00045297399992705323,23804036,24460944,,
case13-rep0,case13,0,cost_cache,0.25,5,5,True,0.0003684900002554059,6048549,24460944,2.4120836000001873,2.4124520900004427
case13-rep0,case13,0,full_replay,0.25,5,5,True,0.0004335960002208594,363629,24460944,3.4058732500006954,3.4063068460009163
case13-rep0,case13,0,full_snapshot,0.25,5,0,False,0.00042612400011421414,24460944,24460944,,
case13-rep0,case13,0,pinned_cost,0.25,5,5,True,0.000521244000083243,6048549,24460944,2.404668891000256,2.405190135000339
case13-rep0,case13,0,recoverability,0.25,5,5,True,0.06577534100051707,6048549,24460944,2.5181634580003447,2.5839387990008618
case13-rep0,case13,0,recoverability_v2,0.25,5,5,True,0.02028655600042839,6048549,24460944,2.4294714980005665,2.449758054000995
case13-rep0,case13,0,target_snapshots,0.25,5,0,False,0.00029614399954880355,23804036,24460944,,
case13-rep0,case13,0,cost_cache,0.5,5,5,True,0.0004910800007564831,12006732,24460944,1.6187925360009103,1.6192836160016668
case13-rep0,case13,0,full_replay,0.5,5,5,True,0.0005224960004852619,363629,24460944,3.374397898001007,3.3749203940014922
case13-rep0,case13,0,full_snapshot,0.5,5,0,False,0.00035900700004276587,24460944,24460944,,
case13-rep0,case13,0,pinned_cost,0.5,5,5,True,0.0003817690003415919,12006732,24460944,1.6707512219991258,1.6711329909994674
case13-rep0,case13,0,recoverability,0.5,5,5,True,0.05438541600051394,12006732,24460944,1.6674001499995939,1.7217855660001078
case13-rep0,case13,0,recoverability_v2,0.5,5,5,True,0.11914353599968308,12218019,24460944,1.6292405300009705,1.7483840660006535
case13-rep0,case13,0,target_snapshots,0.5,5,0,False,0.0004267659996912698,23804036,24460944,,
case13-rep0,case13,0,cost_cache,1.0,5,5,True,0.0006138299995654961,24460944,24460944,0.1342971009989924,0.1349109309985579
case13-rep0,case13,0,full_replay,1.0,5,5,True,0.00044359999992593657,363629,24460944,3.487057944001208,3.487501544001134
case13-rep0,case13,0,full_snapshot,1.0,5,5,True,0.0007273259998328285,24460944,24460944,0.11010839200116607,0.1108357180009989
case13-rep0,case13,0,pinned_cost,1.0,5,5,True,0.0005250099993645563,24460944,24460944,0.11057937300029153,0.11110438299965608
case13-rep0,case13,0,recoverability,1.0,5,5,True,0.036065909000171814,23804036,24460944,0.11059311299868568,0.1466590219988575
case13-rep0,case13,0,recoverability_v2,1.0,5,5,True,0.0004789120002897107,23804036,24460944,0.10868718800065835,0.10916610000094806
case13-rep0,case13,0,target_snapshots,1.0,5,5,True,0.0004627680000339751,23804036,24460944,0.11799500199867907,0.11845776999871305
case13-rep1,case13,1,cost_cache,0.1,5,5,True,0.00055763799991837,2272876,24542533,3.1342158079996807,3.134773445999599
case13-rep1,case13,1,full_replay,0.1,5,5,True,0.0002875910004149773,363625,24542533,3.500148650000483,3.500436241000898
case13-rep1,case13,1,full_snapshot,0.1,5,0,False,0.0004464940002435469,24542533,24542533,,
case13-rep1,case13,1,pinned_cost,0.1,5,5,True,0.0007109919997674297,2272876,24542533,3.038010141000086,3.0387211329998536
case13-rep1,case13,1,recoverability,0.1,5,5,True,0.07059084999946208,2272876,24542533,3.010091633000229,3.0806824829996913
case13-rep1,case13,1,recoverability_v2,0.1,5,5,True,0.009669744000348146,2452347,24542533,2.9853085679997093,2.9949783120000575
case13-rep1,case13,1,target_snapshots,0.1,5,0,False,0.000564418000067235,23885625,24542533,,
case13-rep1,case13,1,cost_cache,0.25,5,5,True,0.0005020159997002338,6127858,24542533,2.377136772000995,2.377638788000695
case13-rep1,case13,1,full_replay,0.25,5,5,True,0.0004233620002196403,363625,24542533,3.3998193639999954,3.400242726000215
case13-rep1,case13,1,full_snapshot,0.25,5,0,False,0.00030766099916945677,24542533,24542533,,
case13-rep1,case13,1,pinned_cost,0.25,5,5,True,0.0005226060002314625,6127858,24542533,2.4648921450007037,2.465414751000935
case13-rep1,case13,1,recoverability,0.25,5,5,True,0.06310395500076993,6127858,24542533,2.4659728740007267,2.5290768290014967
case13-rep1,case13,1,recoverability_v2,0.25,5,5,True,0.0061467700006687664,6132523,24542533,2.479237778999959,2.485384549000628
case13-rep1,case13,1,target_snapshots,0.25,5,0,False,0.0004332960006649955,23885625,24542533,,
case13-rep1,case13,1,cost_cache,0.5,5,5,True,0.0005402409997259383,12216962,24542533,1.583688040999732,1.584228281999458
case13-rep1,case13,1,full_replay,0.5,5,5,True,0.00040605499998491723,363625,24542533,3.4215392510004676,3.4219453060004525
case13-rep1,case13,1,full_snapshot,0.5,5,0,False,0.00042916900019918103,24542533,24542533,,
case13-rep1,case13,1,pinned_cost,0.5,5,5,True,0.0005112199996801792,12216962,24542533,1.5766173619995243,1.5771285819992045
case13-rep1,case13,1,recoverability,0.5,5,5,True,0.055874380999739515,12216962,24542533,1.6251751460004016,1.681049527000141
case13-rep1,case13,1,recoverability_v2,0.5,5,5,True,0.022961997000493284,12241495,24542533,1.5697152169996116,1.5926772140001049
case13-rep1,case13,1,target_snapshots,0.5,5,0,False,0.0005039990001023398,23885625,24542533,,
case13-rep1,case13,1,cost_cache,1.0,5,5,True,0.0005879219997950713,24542533,24542533,0.1093782639991332,0.10996618599892827
case13-rep1,case13,1,full_replay,1.0,5,5,True,0.0004123050002817763,363625,24542533,3.477874866000093,3.4782871710003747
case13-rep1,case13,1,full_snapshot,1.0,5,5,True,0.000410401999943133,24542533,24542533,0.13803218199791445,0.13844258399785758
case13-rep1,case13,1,pinned_cost,1.0,5,5,True,0.0004106919996047509,24542533,24542533,0.11032014299962611,0.11073083499923086
case13-rep1,case13,1,recoverability,1.0,5,5,True,0.03531260899944755,23885625,24542533,0.11552865799967549,0.15084126699912304
case13-rep1,case13,1,recoverability_v2,1.0,5,5,True,0.00048677399990992853,23885625,24542533,0.10907533800036617,0.1095621120002761
case13-rep1,case13,1,target_snapshots,1.0,5,5,True,0.00029874800020479597,23885625,24542533,0.11747681299948454,0.11777556099968933
case13-rep2,case13,2,cost_cache,0.1,5,5,True,0.0005295460005072528,2252427,23361112,2.9399253279998447,2.940454874000352
case13-rep2,case13,2,full_replay,0.1,5,5,True,0.0004396049998831586,363624,23361112,3.3122118009996484,3.3126514059995316
case13-rep2,case13,2,full_snapshot,0.1,5,0,False,0.00029388100028882036,23361112,23361112,,
case13-rep2,case13,2,pinned_cost,0.1,5,5,True,0.0005582180001511006,2252427,23361112,2.9452844540001024,2.9458426720002535
case13-rep2,case13,2,recoverability,0.1,5,5,True,0.06921519000025,2252427,23361112,3.091775083998982,3.160990273999232
case13-rep2,case13,2,recoverability_v2,0.1,5,5,True,0.007603545999700145,2266706,23361112,2.9738848420001887,2.981488387999889
case13-rep2,case13,2,target_snapshots,0.1,5,0,False,0.0003105549994870671,22704204,23361112,,
case13-rep2,case13,2,cost_cache,0.25,5,5,True,0.0005376780000005965,5780975,23361112,2.441982165000809,2.4425198430008095
case13-rep2,case13,2,full_replay,0.25,5,5,True,0.00029389100018306635,363624,23361112,3.3290367009994952,3.3293305919996783
case13-rep2,case13,2,full_snapshot,0.25,5,0,False,0.0005293160002111108,23361112,23361112,,
case13-rep2,case13,2,pinned_cost,0.25,5,5,True,0.0006463680001616012,5780975,23361112,2.5648442789997716,2.5654906469999332
case13-rep2,case13,2,recoverability,0.25,5,5,True,0.06632331000037084,5460836,23361112,2.4964001339994866,2.5627234439998574
case13-rep2,case13,2,recoverability_v2,0.25,5,5,True,0.06097885000053793,5795777,23361112,2.4920282580005733,2.553007108001111
case13-rep2,case13,2,target_snapshots,0.25,5,0,False,0.00029356100003496977,22704204,23361112,,
case13-rep2,case13,2,cost_cache,0.5,5,5,True,0.0005491949996212497,11671683,23361112,1.5598744720000468,1.560423666999668
case13-rep2,case13,2,full_replay,0.5,5,5,True,0.00047482599984505214,363624,23361112,3.3312852990002284,3.3317601250000735
case13-rep2,case13,2,full_snapshot,0.5,5,0,False,0.0004297089999454329,23361112,23361112,,
case13-rep2,case13,2,pinned_cost,0.5,5,5,True,0.000528745000337949,11671683,23361112,1.5258797180003967,1.5264084630007346
case13-rep2,case13,2,recoverability,0.5,5,5,True,0.05511227199986024,11671683,23361112,1.58891882899934,1.6440311009992001
case13-rep2,case13,2,recoverability_v2,0.5,5,5,True,0.00607553600002575,11671683,23361112,1.5665915540012065,1.5726670900012323
case13-rep2,case13,2,target_snapshots,0.5,5,0,False,0.0004323840003053192,22704204,23361112,,
case13-rep2,case13,2,cost_cache,1.0,5,5,True,0.0006587650004803436,23361112,23361112,0.11766999899919028,0.11832876399967063
case13-rep2,case13,2,full_replay,1.0,5,5,True,0.0003199890006726491,363624,23361112,3.428325349998886,3.4286453389995586
case13-rep2,case13,2,full_snapshot,1.0,5,5,True,0.0005442270003186422,23361112,23361112,0.10941578100027982,0.10996000800059846
case13-rep2,case13,2,pinned_cost,1.0,5,5,True,0.0005414939996626345,23361112,23361112,0.10568067999975028,0.10622217399941292
case13-rep2,case13,2,recoverability,1.0,5,5,True,0.034279227999832074,22704204,23361112,0.1105833600013284,0.14486258800116047
case13-rep2,case13,2,recoverability_v2,1.0,5,5,True,0.0005193709994273377,22704204,23361112,0.11705608800002665,0.11757545899945399
case13-rep2,case13,2,target_snapshots,1.0,5,5,True,0.000470349999886821,22704204,23361112,0.10638259500046843,0.10685294500035525
case13-rep3,case13,3,cost_cache,0.1,5,5,True,0.000374758999896585,2318526,23961112,3.035942186002103,3.0363169450019996
case13-rep3,case13,3,full_replay,0.1,5,5,True,0.00048357900050177705,363627,23961112,3.314511383999161,3.3149949629996627
case13-rep3,case13,3,full_snapshot,0.1,5,0,False,0.0004993319998902734,23961112,23961112,,
case13-rep3,case13,3,pinned_cost,0.1,5,5,True,0.0004184829995210748,2318526,23961112,3.0840151250004055,3.0844336079999266
case13-rep3,case13,3,recoverability,0.1,5,5,True,0.07105709499955992,2318526,23961112,2.9772497450003357,3.0483068399998956
case13-rep3,case13,3,recoverability_v2,0.1,5,5,True,0.006941085000107705,2337109,23961112,2.944358647999252,2.9512997329993595
case13-rep3,case13,3,target_snapshots,0.1,5,0,False,0.0005196009997234796,23304204,23961112,,
case13-rep3,case13,3,cost_cache,0.25,5,5,True,0.0003889599993271986,5795178,23961112,2.7373993709998103,2.7377883309991375
case13-rep3,case13,3,full_replay,0.25,5,5,True,0.00033487099972262513,363627,23961112,3.441076387999601,3.4414112589993238
case13-rep3,case13,3,full_snapshot,0.25,5,0,False,0.00036982199981139274,23961112,23961112,,
case13-rep3,case13,3,pinned_cost,0.25,5,5,True,0.0005074939999758499,5795178,23961112,2.5124530729999606,2.5129605669999364
case13-rep3,case13,3,recoverability,0.25,5,5,True,0.06594737799969153,5475039,23961112,2.4941887979994135,2.560136175999105
case13-rep3,case13,3,recoverability_v2,0.25,5,5,True,0.03939085099955264,5963710,23961112,2.435447475001638,2.4748383260011906
case13-rep3,case13,3,target_snapshots,0.25,5,0,False,0.0004214270002194098,23304204,23961112,,
case13-rep3,case13,3,cost_cache,0.5,5,5,True,0.0006498020002254634,11980368,23961112,1.5905839440001728,1.5912337460003982
case13-rep3,case13,3,full_replay,0.5,5,5,True,0.0004910099996777717,363627,23961112,3.399387948000367,3.399878958000045
case13-rep3,case13,3,full_snapshot,0.5,5,0,False,0.0002925489998233388,23961112,23961112,,
case13-rep3,case13,3,pinned_cost,0.5,5,5,True,0.0005018960000597872,11980368,23961112,1.6085877300001812,1.609089626000241
case13-rep3,case13,3,recoverability,0.5,5,5,True,0.055133657000624225,11980368,23961112,1.5731038949998037,1.628237552000428
case13-rep3,case13,3,recoverability_v2,0.5,5,5,True,0.006329298000309791,11980368,23961112,1.6384923179994075,1.6448216159997173
case13-rep3,case13,3,target_snapshots,0.5,5,0,False,0.0005460009997477755,23304204,23961112,,
case13-rep3,case13,3,cost_cache,1.0,5,5,True,0.0005068630007372121,23961112,23961112,0.11336796999876242,0.11387483299949963
case13-rep3,case13,3,full_replay,1.0,5,5,True,0.00042160799966950435,363627,23961112,3.318635254000583,3.3190568620002523
case13-rep3,case13,3,full_snapshot,1.0,5,5,True,0.00047846100005699554,23961112,23961112,0.10831314399911207,0.10879160499916907
case13-rep3,case13,3,pinned_cost,1.0,5,5,True,0.00038691700046911137,23961112,23961112,0.1161630860005971,0.11655000300106622
case13-rep3,case13,3,recoverability,1.0,5,5,True,0.03379426700030308,23304204,23961112,0.10875268399831839,0.14254695099862147
case13-rep3,case13,3,recoverability_v2,1.0,5,5,True,0.00047997300043789437,23304204,23961112,0.11733911900046223,0.11781909200090013
case13-rep3,case13,3,target_snapshots,1.0,5,5,True,0.00043808200007333653,23304204,23961112,0.10943531899920345,0.10987340099927678
case13-rep4,case13,4,cost_cache,0.1,5,5,True,0.0005378290006774478,2192479,24955622,3.204829556999357,3.2053673860000345
case13-rep4,case13,4,full_replay,0.1,5,5,True,0.00029182800062699243,363624,24955622,3.6660445569987132,3.6663363849993402
case13-rep4,case13,4,full_snapshot,0.1,5,0,False,0.0004662629999074852,24955622,24955622,,
case13-rep4,case13,4,pinned_cost,0.1,5,5,True,0.0005281540006762953,2192479,24955622,3.0848449429995526,3.085373097000229
case13-rep4,case13,4,recoverability,0.1,5,5,True,0.07126817700009269,2192479,24955622,3.156349338999462,3.2276175159995546
case13-rep4,case13,4,recoverability_v2,0.1,5,5,True,0.014226582999981474,2408815,24955622,3.0663653469991914,3.080591929999173
case13-rep4,case13,4,target_snapshots,0.1,5,0,False,0.000657223999951384,24298714,24955622,,
case13-rep4,case13,4,cost_cache,0.25,5,5,True,0.0004982299997209338,5949077,24955622,2.441944579999472,2.442442809999193
case13-rep4,case13,4,full_replay,0.25,5,5,True,0.0003153320003548288,363624,24955622,3.512208831998578,3.5125241639989326
case13-rep4,case13,4,full_snapshot,0.25,5,0,False,0.0006815690003350028,24955622,24955622,,
case13-rep4,case13,4,pinned_cost,0.25,5,5,True,0.00036461499985307455,5949077,24955622,2.4874145859994314,2.4877792009992845
case13-rep4,case13,4,recoverability,0.25,5,5,True,0.06385371899978054,5949077,24955622,2.4876609600005395,2.55151467900032
case13-rep4,case13,4,recoverability_v2,0.25,5,5,True,0.08254638500056899,6148654,24955622,2.4899608939995233,2.5725072790000922
case13-rep4,case13,4,target_snapshots,0.25,5,0,False,0.0002959140001621563,24298714,24955622,,
case13-rep4,case13,4,cost_cache,0.5,5,5,True,0.0005573970001933048,12341783,24955622,1.677381213999979,1.6779386110001724
case13-rep4,case13,4,full_replay,0.5,5,5,True,0.00043202400047448464,363624,24955622,3.6306337220003115,3.631065746000786
case13-rep4,case13,4,full_snapshot,0.5,5,0,False,0.0004476370004340424,24955622,24955622,,
case13-rep4,case13,4,pinned_cost,0.5,5,5,True,0.0005776569996669423,12341783,24955622,1.6849272910003492,1.6855049480000162
case13-rep4,case13,4,recoverability,0.5,5,5,True,0.053137693000280706,12021644,24955622,1.7423964190002152,1.795534112000496
case13-rep4,case13,4,recoverability_v2,0.5,5,5,True,0.054755696000029275,12427679,24955622,1.69438690700008,1.7491426030001094
case13-rep4,case13,4,target_snapshots,0.5,5,0,False,0.0004475760006243945,24298714,24955622,,
case13-rep4,case13,4,cost_cache,1.0,5,5,True,0.0005145639997863327,24955622,24955622,0.11401263300103892,0.11452719700082525
case13-rep4,case13,4,full_replay,1.0,5,5,True,0.0004202560003250255,363624,24955622,3.618759141998453,3.619179397998778
case13-rep4,case13,4,full_snapshot,1.0,5,5,True,0.00033803600035753334,24955622,24955622,0.11554335599885235,0.11588139199920988
case13-rep4,case13,4,pinned_cost,1.0,5,5,True,0.0005720790004488663,24955622,24955622,0.11583233299916174,0.1164044119996106
case13-rep4,case13,4,recoverability,1.0,5,5,True,0.033943114999601676,24298714,24955622,0.11999813700094819,0.15394125200054987
case13-rep4,case13,4,recoverability_v2,1.0,5,5,True,0.0006261079997784691,24298714,24955622,0.12379937899822835,0.12442548699800682
case13-rep4,case13,4,target_snapshots,1.0,5,5,True,0.0004465140000320389,24298714,24955622,0.11571330500009935,0.11615981900013139
case14-rep0,case14,0,cost_cache,0.1,5,0,False,0.0008098970001810812,2583595,27516482,,
case14-rep0,case14,0,full_replay,0.1,5,0,False,0.00036667799940914847,368930,27516482,,
case14-rep0,case14,0,full_snapshot,0.1,5,0,False,0.0005234879999989062,27516482,27516482,,
case14-rep0,case14,0,pinned_cost,0.1,5,5,True,0.0006514149999929941,2470890,27516482,3.3177320230006444,3.3183834380006374
case14-rep0,case14,0,recoverability,0.1,5,5,True,0.03116396099994745,2470890,27516482,3.4199681920008516,3.451132153000799
case14-rep0,case14,0,recoverability_v2,0.1,5,5,True,0.013848849999703816,2148381,27516482,3.351863392001178,3.365712242000882
case14-rep0,case14,0,target_snapshots,0.1,5,0,False,0.0005592890001935302,23976427,27516482,,
case14-rep0,case14,0,cost_cache,0.25,5,1,False,0.000769098000091617,6777456,27516482,,
case14-rep0,case14,0,full_replay,0.25,5,0,False,0.0005282539996187552,368930,27516482,,
case14-rep0,case14,0,full_snapshot,0.25,5,0,False,0.0004031910002595396,27516482,27516482,,
case14-rep0,case14,0,pinned_cost,0.25,5,5,True,0.0005989580004097661,6791594,27516482,2.7180574949998118,2.7186564530002215
case14-rep0,case14,0,recoverability,0.25,5,5,True,0.04525410499991267,6791594,27516482,2.813018385999385,2.8582724909992976
case14-rep0,case14,0,recoverability_v2,0.25,5,5,True,0.013633794999805104,6708558,27516482,2.5929232949984,2.606557089998205
case14-rep0,case14,0,target_snapshots,0.25,5,0,False,0.0005954230000497773,23976427,27516482,,
case14-rep0,case14,0,cost_cache,0.5,5,2,False,0.0006292819998634513,13571899,27516482,,
case14-rep0,case14,0,full_replay,0.5,5,0,False,0.0005485739993673633,368930,27516482,,
case14-rep0,case14,0,full_snapshot,0.5,5,0,False,0.0005685240003003855,27516482,27516482,,
case14-rep0,case14,0,pinned_cost,0.5,5,5,True,0.0007264349997058162,13636821,27516482,1.636418954999499,1.6371453899992048
case14-rep0,case14,0,recoverability,0.5,5,5,True,0.04816820500036556,13636821,27516482,1.6446397780000552,1.6928079830004208
case14-rep0,case14,0,recoverability_v2,0.5,5,5,True,0.14547604600011255,13655855,27516482,1.435529346000294,1.5810053920004066
case14-rep0,case14,0,target_snapshots,0.5,5,0,False,0.0005886030003239284,23976427,27516482,,
case14-rep0,case14,0,cost_cache,1.0,5,5,True,0.0007920409998405376,27516482,27516482,0.11816535399884742,0.11895739499868796
case14-rep0,case14,0,full_replay,1.0,5,0,False,0.0005386200000430108,368930,27516482,,
case14-rep0,case14,0,full_snapshot,1.0,5,5,True,0.0004992920003132895,27516482,27516482,0.11305779099984647,0.11355708300015976
case14-rep0,case14,0,pinned_cost,1.0,5,5,True,0.0005386889997680555,27516482,27516482,0.11169801199957874,0.1122367009993468
case14-rep0,case14,0,recoverability,1.0,5,5,True,0.05195015000026615,23976427,27516482,0.11490803500146285,0.166858185001729
case14-rep0,case14,0,recoverability_v2,1.0,5,5,True,0.000576724999518774,23976427,27516482,0.1174767789998441,0.11805350399936287
case14-rep0,case14,0,target_snapshots,1.0,5,5,True,0.0003609289997257292,23976427,27516482,0.11625058099889429,0.11661150999862002
case14-rep1,case14,1,cost_cache,0.1,5,0,False,0.0006553599996550474,2599409,27596770,,
case14-rep1,case14,1,full_replay,0.1,5,0,False,0.0006482400003733346,368939,27596770,,
case14-rep1,case14,1,full_snapshot,0.1,5,0,False,0.00040917000023910077,27596770,27596770,,
case14-rep1,case14,1,pinned_cost,0.1,5,5,True,0.0008359450002899393,2470899,27596770,3.5008293089995277,3.5016652539998177
case14-rep1,case14,1,recoverability,0.1,5,5,True,0.032155531999706,2470899,27596770,3.3529347329986194,3.3850902649983254
case14-rep1,case14,1,recoverability_v2,0.1,5,5,True,0.015979122999851825,2148390,27596770,3.5374751380004454,3.5534542610002973
case14-rep1,case14,1,target_snapshots,0.1,5,0,False,0.00036439399991650134,24056715,27596770,,
case14-rep1,case14,1,cost_cache,0.25,5,1,False,0.0009333379994131974,6816743,27596770,,
case14-rep1,case14,1,full_replay,0.25,5,0,False,0.0004984699999113218,368939,27596770,,
case14-rep1,case14,1,full_snapshot,0.25,5,0,False,0.0005281539997668006,27596770,27596770,,
case14-rep1,case14,1,pinned_cost,0.25,5,5,True,0.0006270989997574361,6698835,27596770,2.627710292001211,2.6283373910009686
case14-rep1,case14,1,recoverability,0.25,5,5,True,0.04657427100028144,6698835,27596770,2.485078674999386,2.5316529459996673
case14-rep1,case14,1,recoverability_v2,0.25,5,5,True,0.1755867390002095,6729047,27596770,2.5904276699993716,2.766014408999581
case14-rep1,case14,1,target_snapshots,0.25,5,0,False,0.0004195139999865205,24056715,27596770,,
case14-rep1,case14,1,cost_cache,0.5,5,3,False,0.0006351909996737959,13537598,27596770,,
case14-rep1,case14,1,full_replay,0.5,5,0,False,0.0006182160004755133,368939,27596770,,
case14-rep1,case14,1,full_snapshot,0.5,5,0,False,0.0006726150004396914,27596770,27596770,,
case14-rep1,case14,1,pinned_cost,0.5,5,5,True,0.0007266250004249741,13597636,27596770,1.6536631489989304,1.6543897739993554
case14-rep1,case14,1,recoverability,0.5,5,5,True,0.048810045999744034,13597636,27596770,1.6701475039999423,1.7189575499996863
case14-rep1,case14,1,recoverability_v2,0.5,5,5,True,0.007674028000110411,13790431,27596770,1.4907800999990286,1.498454127999139
case14-rep1,case14,1,target_snapshots,0.5,5,0,False,0.000592308999330271,24056715,27596770,,
case14-rep1,case14,1,cost_cache,1.0,5,5,True,0.0006222120000529685,27596770,27596770,0.12249138700190088,0.12311359900195384
case14-rep1,case14,1,full_replay,1.0,5,0,False,0.0004126049998376402,368939,27596770,,
case14-rep1,case14,1,full_snapshot,1.0,5,5,True,0.0005676119999407092,27596770,27596770,0.1183556049991239,0.11892321699906461
case14-rep1,case14,1,pinned_cost,1.0,5,5,True,0.0007919110003058449,27596770,27596770,0.13119223099965893,0.13198414199996478
case14-rep1,case14,1,recoverability,1.0,5,5,True,0.05278870500023913,24056715,27596770,0.11309350499959692,0.16588220999983605
case14-rep1,case14,1,recoverability_v2,1.0,5,5,True,0.0005800700000690995,24056715,27596770,0.12342045099921961,0.12400052099928871
case14-rep1,case14,1,target_snapshots,1.0,5,5,True,0.0005868500002179644,24056715,27596770,0.1329437490003329,0.13353059900055086
case14-rep2,case14,2,cost_cache,0.1,5,0,False,0.00046517200007656356,2582973,26287099,,
case14-rep2,case14,2,full_replay,0.1,5,0,False,0.0005506369998329319,368936,26287099,,
case14-rep2,case14,2,full_snapshot,0.1,5,0,False,0.0005674820004060166,26287099,26287099,,
case14-rep2,case14,2,pinned_cost,0.1,5,5,True,0.0004853710006500478,2470896,26287099,3.167759102999298,3.1682444739999482
case14-rep2,case14,2,recoverability,0.1,5,5,True,0.03239207300066482,2470896,26287099,3.218320690000837,3.250712763001502
case14-rep2,case14,2,recoverability_v2,0.1,5,5,True,0.01349686899993685,2148387,26287099,3.2633390660002988,3.2768359350002356
case14-rep2,case14,2,target_snapshots,0.1,5,0,False,0.0006354309998641838,22747044,26287099,,
case14-rep2,case14,2,cost_cache,0.25,5,1,False,0.0006391770002664998,6404173,26287099,,
case14-rep2,case14,2,full_replay,0.25,5,0,False,0.00043959399954474065,368936,26287099,,
case14-rep2,case14,2,full_snapshot,0.25,5,0,False,0.0003991450003013597,26287099,26287099,,
case14-rep2,case14,2,pinned_cost,0.25,5,5,True,0.000643182999738201,6569518,26287099,2.679221023999162,2.6798642069989
case14-rep2,case14,2,recoverability,0.25,5,5,True,0.048472742000740254,6569518,26287099,2.8192694890003622,2.8677422310011025
case14-rep2,case14,2,recoverability_v2,0.25,5,5,True,0.016628067000056035,6343810,26287099,2.5590131420012767,2.5756412090013328
case14-rep2,case14,2,target_snapshots,0.25,5,0,False,0.0005299959993863013,22747044,26287099,,
case14-rep2,case14,2,cost_cache,0.5,5,3,False,0.0006542789997183718,13072285,26287099,,
case14-rep2,case14,2,full_replay,0.5,5,0,False,0.0004976190002707881,368936,26287099,,
case14-rep2,case14,2,full_snapshot,0.5,5,0,False,0.0003740679994734819,26287099,26287099,,
case14-rep2,case14,2,pinned_cost,0.5,5,5,True,0.0006256970000322326,12989717,26287099,1.8073254340006315,1.8079511310006637
case14-rep2,case14,2,recoverability,0.5,5,5,True,0.04874620999999024,12989717,26287099,1.6964287679993504,1.7451749779993406
case14-rep2,case14,2,recoverability_v2,0.5,5,5,True,0.5048087850000229,13133313,26287099,1.5942369449994658,2.0990457299994887
case14-rep2,case14,2,target_snapshots,0.5,5,0,False,0.0005337220000001253,22747044,26287099,,
case14-rep2,case14,2,cost_cache,1.0,5,5,True,0.0006588550004380522,26287099,26287099,0.1126280919988858,0.11328694699932385
case14-rep2,case14,2,full_replay,1.0,5,0,False,0.0006181759999890346,368936,26287099,,
case14-rep2,case14,2,full_snapshot,1.0,5,5,True,0.000517479000336607,26287099,26287099,0.10781892199975118,0.10833640100008779
case14-rep2,case14,2,pinned_cost,1.0,5,5,True,0.0004850610002904432,26287099,26287099,0.10531275200082746,0.1057978130011179
case14-rep2,case14,2,recoverability,1.0,5,5,True,0.0577152540008683,22747044,26287099,0.11951981199854345,0.17723506599941174
case14-rep2,case14,2,recoverability_v2,1.0,5,5,True,0.0007904590001999168,22747044,26287099,0.10993773900008819,0.1107281980002881
case14-rep2,case14,2,target_snapshots,1.0,5,5,True,0.0005000529999961145,22747044,26287099,0.11035285500020109,0.1108529080001972
case14-rep3,case14,3,cost_cache,0.1,5,0,False,0.0006535970005643321,2643166,26775698,,
case14-rep3,case14,3,full_replay,0.1,5,0,False,0.0005431050003608107,368938,26775698,,
case14-rep3,case14,3,full_snapshot,0.1,5,0,False,0.000557856999876094,26775698,26775698,,
case14-rep3,case14,3,pinned_cost,0.1,5,5,True,0.0006709119998049573,2470898,26775698,3.206524646001526,3.207195558001331
case14-rep3,case14,3,recoverability,0.1,5,5,True,0.031269240000256104,2470898,26775698,3.1633982860003016,3.1946675260005577
case14-rep3,case14,3,recoverability_v2,0.1,5,5,True,0.012937192000208597,2148389,26775698,3.191157647000182,3.2040948390003905
case14-rep3,case14,3,target_snapshots,0.1,5,0,False,0.0005271219997666776,23235643,26775698,,
case14-rep3,case14,3,cost_cache,0.25,5,1,False,0.0011262099997111363,6544825,26775698,,
case14-rep3,case14,3,full_replay,0.25,5,0,False,0.0003798159996222239,368938,26775698,,
case14-rep3,case14,3,full_snapshot,0.25,5,0,False,0.000534962000529049,26775698,26775698,,
case14-rep3,case14,3,pinned_cost,0.25,5,5,True,0.0005798560005132458,6378078,26775698,2.734379839000212,2.7349596950007253
case14-rep3,case14,3,recoverability,0.25,5,5,True,0.045913402999758546,6378078,26775698,2.625476102999528,2.6713895059992865
case14-rep3,case14,3,recoverability_v2,0.25,5,5,True,0.027247760000136623,6571391,26775698,2.4802321880006275,2.507479948000764
case14-rep3,case14,3,target_snapshots,0.25,5,0,False,0.0003623729999162606,23235643,26775698,,
case14-rep3,case14,3,cost_cache,0.5,5,3,False,0.0006820890002927626,13363530,26775698,,
case14-rep3,case14,3,full_replay,0.5,5,0,False,0.00057116700008919,368938,26775698,,
case14-rep3,case14,3,full_snapshot,0.5,5,0,False,0.0005097769999338198,26775698,26775698,,
case14-rep3,case14,3,pinned_cost,0.5,5,5,True,0.0026825479999388335,13234465,26775698,1.7149575409994213,1.7176400889993602
case14-rep3,case14,3,recoverability,0.5,5,5,True,0.0497324119996847,13234465,26775698,1.722476047998498,1.7722084599981827
case14-rep3,case14,3,recoverability_v2,0.5,5,5,True,0.4679915240003538,13385625,26775698,1.5477616519992807,2.0157531759996345
case14-rep3,case14,3,target_snapshots,0.5,5,0,False,0.0005314290001479094,23235643,26775698,,
case14-rep3,case14,3,cost_cache,1.0,5,5,True,0.0006326370003080228,26775698,26775698,0.11819637000007788,0.1188290070003859
case14-rep3,case14,3,full_replay,1.0,5,0,False,0.000484830000459624,368938,26775698,,
case14-rep3,case14,3,full_snapshot,1.0,5,5,True,0.00038459300048998557,26775698,26775698,0.12043107399858854,0.12081566699907853
case14-rep3,case14,3,pinned_cost,1.0,5,5,True,0.0007228989998111501,26775698,26775698,0.1094839099996534,0.11020680899946456
case14-rep3,case14,3,recoverability,1.0,5,5,True,0.05132260699974722,23235643,26775698,0.1081339520005713,0.15945655900031852
case14-rep3,case14,3,recoverability_v2,1.0,5,5,True,0.000551298000573297,23235643,26775698,0.10972949000006338,0.11028078800063668
case14-rep3,case14,3,target_snapshots,1.0,5,5,True,0.0005260899997665547,23235643,26775698,0.11514436600009503,0.11567045599986159
case14-rep4,case14,4,cost_cache,0.1,5,0,False,0.0006811069997638697,2555419,27895104,,
case14-rep4,case14,4,full_replay,0.1,5,0,False,0.0003707429996211431,368933,27895104,,
case14-rep4,case14,4,full_snapshot,0.1,5,0,False,0.0005233049996604677,27895104,27895104,,
case14-rep4,case14,4,pinned_cost,0.1,5,5,True,0.0006162920008137007,2470893,27895104,3.36054301600052,3.3611593080013336
case14-rep4,case14,4,recoverability,0.1,5,5,True,0.03131873399979668,2470893,27895104,3.422360047999973,3.45367878199977
case14-rep4,case14,4,recoverability_v2,0.1,5,5,True,0.013578318000327272,2148384,27895104,3.438148515998364,3.4517268339986913
case14-rep4,case14,4,target_snapshots,0.1,5,0,False,0.0009266759998354246,24355049,27895104,,
case14-rep4,case14,4,cost_cache,0.25,5,2,False,0.0006628490000366583,6948906,27895104,,
case14-rep4,case14,4,full_replay,0.25,5,0,False,0.00037697199968533823,368933,27895104,,
case14-rep4,case14,4,full_snapshot,0.25,5,0,False,0.0005114799996590591,27895104,27895104,,
case14-rep4,case14,4,pinned_cost,0.25,5,5,True,0.0006477280003309716,6875768,27895104,2.727513254999394,2.728160982999725
case14-rep4,case14,4,recoverability,0.25,5,5,True,0.046607145999587374,6875768,27895104,2.6313349729980473,2.6779421189976347
case14-rep4,case14,4,recoverability_v2,0.25,5,5,True,0.17700989700006176,6802358,27895104,2.6818263700006355,2.8588362670006973
case14-rep4,case14,4,target_snapshots,0.25,5,0,False,0.0005048190005254583,24355049,27895104,,
case14-rep4,case14,4,cost_cache,0.5,5,2,False,0.0007246799996210029,13697533,27895104,,
case14-rep4,case14,4,full_replay,0.5,5,0,False,0.0006630699999732315,368933,27895104,,
case14-rep4,case14,4,full_snapshot,0.5,5,0,False,0.000606968000283814,27895104,27895104,,
case14-rep4,case14,4,pinned_cost,0.5,5,5,True,0.0007393109999611625,13642370,27895104,1.6969863780004744,1.6977256890004355
case14-rep4,case14,4,recoverability,0.5,5,5,True,0.05054558299980272,13642370,27895104,1.66105018899907,1.7115957719988728
case14-rep4,case14,4,recoverability_v2,0.5,5,5,True,0.01928622300056304,13631191,27895104,1.4768473120002454,1.4961335350008085
case14-rep4,case14,4,target_snapshots,0.5,5,0,False,0.000543064999874332,24355049,27895104,,
case14-rep4,case14,4,cost_cache,1.0,5,5,True,0.0006639029998041224,27895104,27895104,0.11462065700015955,0.11528455999996368
case14-rep4,case14,4,full_replay,1.0,5,0,False,0.0005430139999589301,368933,27895104,,
case14-rep4,case14,4,full_snapshot,1.0,5,5,True,0.00039462800032197265,27895104,27895104,0.11993149500085565,0.12032612300117762
case14-rep4,case14,4,pinned_cost,1.0,5,5,True,0.0004706589998022537,27895104,27895104,0.11689117799960513,0.11736183699940739
case14-rep4,case14,4,recoverability,1.0,5,5,True,0.052373546000126225,24355049,27895104,0.11842962199989415,0.17080316800002038
case14-rep4,case14,4,recoverability_v2,1.0,5,5,True,0.00038420199962274637,24355049,27895104,0.11237954000080208,0.11276374200042483
case14-rep4,case14,4,target_snapshots,1.0,5,5,True,0.0006659950004177517,24355049,27895104,0.12327252399973077,0.12393851900014852
case15-rep0,case15,0,cost_cache,0.1,5,0,False,0.000419123000028776,1654145,6655256,,
case15-rep0,case15,0,full_replay,0.1,5,0,False,0.0006091810000725673,1654145,6655256,,
case15-rep0,case15,0,full_snapshot,0.1,5,0,False,0.0006236529998204787,1654145,6655256,,
case15-rep0,case15,0,pinned_cost,0.1,5,0,False,0.0006387650000760914,1654145,6655256,,
case15-rep0,case15,0,recoverability,0.1,5,0,False,0.00042712499998742715,1654145,6655256,,
case15-rep0,case15,0,recoverability_v2,0.1,5,0,False,0.0006537369999932707,1654145,6655256,,
case15-rep0,case15,0,target_snapshots,0.1,5,0,False,0.00043602799996733665,1654145,6655256,,
case15-rep0,case15,0,cost_cache,0.25,5,0,False,0.000538297999810311,1663569,6655256,,
case15-rep0,case15,0,full_replay,0.25,5,0,False,0.0004324729998188559,1654145,6655256,,
case15-rep0,case15,0,full_snapshot,0.25,5,0,False,0.00046095500056253513,6655256,6655256,,
case15-rep0,case15,0,pinned_cost,0.25,5,0,False,0.0008298550001200056,3254840,6655256,,
case15-rep0,case15,0,recoverability,0.25,5,0,False,0.0966514219999226,3254840,6655256,,
case15-rep0,case15,0,recoverability_v2,0.25,5,0,False,0.0035574060002545593,1654145,6655256,,
case15-rep0,case15,0,target_snapshots,0.25,5,0,False,0.0006698909992337576,3435340,6655256,,
case15-rep0,case15,0,cost_cache,0.5,5,0,False,0.0007332929999392945,3133727,6655256,,
case15-rep0,case15,0,full_replay,0.5,5,0,False,0.0005541010004890268,1654145,6655256,,
case15-rep0,case15,0,full_snapshot,0.5,5,0,False,0.000468025000373018,6655256,6655256,,
case15-rep0,case15,0,pinned_cost,0.5,5,5,True,0.0008922359993448481,3323786,6655256,0.010803371001202322,0.01169560700054717
case15-rep0,case15,0,recoverability,0.5,5,5,True,0.08186857700002292,3323786,6655256,0.010295408001184114,0.09216398500120704
case15-rep0,case15,0,recoverability_v2,0.5,5,5,True,0.008260199000687862,3321416,6655256,0.007715851999819279,0.01597605100050714
case15-rep0,case15,0,target_snapshots,0.5,5,0,False,0.0006014609998601372,3435340,6655256,,
case15-rep0,case15,0,cost_cache,1.0,5,5,True,0.0008169459997589001,6655256,6655256,0.0040705979999984265,0.004887543999757327
case15-rep0,case15,0,full_replay,1.0,5,0,False,0.00046452900005533593,1654145,6655256,,
case15-rep0,case15,0,full_snapshot,1.0,5,5,True,0.0006690190002700547,6655256,6655256,0.003998021999905177,0.004667041000175232
case15-rep0,case15,0,pinned_cost,1.0,5,5,True,0.0005802989999210695,6655256,6655256,0.004080662998603657,0.004660961998524726
case15-rep0,case15,0,recoverability,1.0,5,5,True,0.06541167100021994,3435340,6655256,0.0038578339999730815,0.06926950500019302
case15-rep0,case15,0,recoverability_v2,1.0,5,5,True,0.005247719999715628,3435340,6655256,0.004080621000866813,0.00932834100058244
case15-rep0,case15,0,target_snapshots,1.0,5,5,True,0.0004443100006028544,3435340,6655256,0.004277820000424981,0.0047221300010278355
case15-rep1,case15,1,cost_cache,0.1,5,0,False,0.00044462099958764156,1654147,6655258,,
case15-rep1,case15,1,full_replay,0.1,5,0,False,0.0006657539997831918,1654147,6655258,,
case15-rep1,case15,1,full_snapshot,0.1,5,0,False,0.0006413979999706498,1654147,6655258,,
case15-rep1,case15,1,pinned_cost,0.1,5,0,False,0.0004785800001627649,1654147,6655258,,
case15-rep1,case15,1,recoverability,0.1,5,0,False,0.0009656129996074014,1654147,6655258,,
case15-rep1,case15,1,recoverability_v2,0.1,5,0,False,0.0007711890002610744,1654147,6655258,,
case15-rep1,case15,1,target_snapshots,0.1,5,0,False,0.0006662440000582137,1654147,6655258,,
case15-rep1,case15,1,cost_cache,0.25,5,0,False,0.0005166159999134834,1663571,6655258,,
case15-rep1,case15,1,full_replay,0.25,5,0,False,0.0004630780003935797,1654147,6655258,,
case15-rep1,case15,1,full_snapshot,0.25,5,0,False,0.0004636690000552335,6655258,6655258,,
case15-rep1,case15,1,pinned_cost,0.25,5,0,False,0.0004535329999271198,3254842,6655258,,
case15-rep1,case15,1,recoverability,0.25,5,0,False,0.10217618800015771,3254842,6655258,,
case15-rep1,case15,1,recoverability_v2,0.25,5,0,False,0.003351315000145405,1654147,6655258,,
case15-rep1,case15,1,target_snapshots,0.25,5,0,False,0.0006951069999558968,3435342,6655258,,
case15-rep1,case15,1,cost_cache,0.5,5,0,False,0.0005662690000463044,3133729,6655258,,
case15-rep1,case15,1,full_replay,0.5,5,0,False,0.0006573119999302435,1654147,6655258,,
case15-rep1,case15,1,full_snapshot,0.5,5,0,False,0.0008318580003106035,6655258,6655258,,
case15-rep1,case15,1,pinned_cost,0.5,5,5,True,0.0007636069994987338,3323788,6655258,0.010880628000450088,0.011644234999948821
case15-rep1,case15,1,recoverability,0.5,5,5,True,0.08014077400002861,3323788,6655258,0.011578689999623748,0.09171946399965236
case15-rep1,case15,1,recoverability_v2,0.5,5,5,True,0.007210177999695588,3321418,6655258,0.009124488002271391,0.01633466600196698
case15-rep1,case15,1,target_snapshots,0.5,5,0,False,0.00042585299979691627,3435342,6655258,,
case15-rep1,case15,1,cost_cache,1.0,5,5,True,0.0008117080005831667,6655258,6655258,0.004142730999774358,0.0049544390003575245
case15-rep1,case15,1,full_replay,1.0,5,0,False,0.0016952010000750306,1654147,6655258,,
case15-rep1,case15,1,full_snapshot,1.0,5,5,True,0.0004319630006648367,6655258,6655258,0.003942759999517875,0.004374723000182712
case15-rep1,case15,1,pinned_cost,1.0,5,5,True,0.0005534100000659237,6655258,6655258,0.00411096500010899,0.004664375000174914
case15-rep1,case15,1,recoverability,1.0,5,5,True,0.0652554180005609,3435342,6655258,0.004028562999337737,0.06928398099989863
case15-rep1,case15,1,recoverability_v2,1.0,5,5,True,0.005589338000390853,3435342,6655258,0.004283806999410444,0.009873144999801298
case15-rep1,case15,1,target_snapshots,1.0,5,5,True,0.0008038870000746101,3435342,6655258,0.0044636709990300005,0.005267557999104611
case15-rep2,case15,2,cost_cache,0.1,5,0,False,0.0006639410003117518,1654139,6655250,,
case15-rep2,case15,2,full_replay,0.1,5,0,False,0.0004131440000492148,1654139,6655250,,
case15-rep2,case15,2,full_snapshot,0.1,5,0,False,0.0006987320002735942,1654139,6655250,,
case15-rep2,case15,2,pinned_cost,0.1,5,0,False,0.0005845859996043146,1654139,6655250,,
case15-rep2,case15,2,recoverability,0.1,5,0,False,0.0006223199998203199,1654139,6655250,,
case15-rep2,case15,2,recoverability_v2,0.1,5,0,False,0.00042902799941657577,1654139,6655250,,
case15-rep2,case15,2,target_snapshots,0.1,5,0,False,0.0006554089995916001,1654139,6655250,,
case15-rep2,case15,2,cost_cache,0.25,5,0,False,0.0007738619997326168,1663563,6655250,,
case15-rep2,case15,2,full_replay,0.25,5,0,False,0.0004781500001627137,1654139,6655250,,
case15-rep2,case15,2,full_snapshot,0.25,5,0,False,0.000439674000517698,6655250,6655250,,
case15-rep2,case15,2,pinned_cost,0.25,5,0,False,0.0008129500001814449,3254834,6655250,,
case15-rep2,case15,2,recoverability,0.25,5,0,False,0.08845037600076466,3254834,6655250,,
case15-rep2,case15,2,recoverability_v2,0.25,5,0,False,0.003166162000525219,1654139,6655250,,
case15-rep2,case15,2,target_snapshots,0.25,5,0,False,0.0005027460001656436,3435334,6655250,,
case15-rep2,case15,2,cost_cache,0.5,5,0,False,0.0006357600004776032,3133721,6655250,,
case15-rep2,case15,2,full_replay,0.5,5,0,False,0.0006863439994049259,1654139,6655250,,
case15-rep2,case15,2,full_snapshot,0.5,5,0,False,0.0005940390001342166,6655250,6655250,,
case15-rep2,case15,2,pinned_cost,0.5,5,5,True,0.0006434619999708957,3323780,6655250,0.010398313999758102,0.011041775999728998
case15-rep2,case15,2,recoverability,0.5,5,5,True,0.0812314629993125,3323780,6655250,0.00998897399949783,0.09122043699881033
case15-rep2,case15,2,recoverability_v2,0.5,5,5,True,0.011815097000180685,3321410,6655250,0.008560997000131465,0.02037609400031215
case15-rep2,case15,2,target_snapshots,0.5,5,0,False,0.00059194599998591,3435334,6655250,,
case15-rep2,case15,2,cost_cache,1.0,5,5,True,0.0008045369995670626,6655250,6655250,0.0038343889982570545,0.004638925997824117
case15-rep2,case15,2,full_replay,1.0,5,0,False,0.000562883999918995,1654139,6655250,,
case15-rep2,case15,2,full_snapshot,1.0,5,5,True,0.00042950800070684636,6655250,6655250,0.004266314001142746,0.004695822001849592
case15-rep2,case15,2,pinned_cost,1.0,5,5,True,0.0006608069998037536,6655250,6655250,0.003803775000051246,0.004464581999855
case15-rep2,case15,2,recoverability,1.0,5,5,True,0.06493182100075501,3435334,6655250,0.004255056000147306,0.06918687700090231
case15-rep2,case15,2,recoverability_v2,1.0,5,5,True,0.005943336000200361,3435334,6655250,0.004177023000920599,0.01012035900112096
case15-rep2,case15,2,target_snapshots,1.0,5,5,True,0.0006210790006662137,3435334,6655250,0.004325310001149774,0.004946389001815987
case15-rep3,case15,3,cost_cache,0.1,5,0,False,0.0009375520003231941,1654146,6655257,,
case15-rep3,case15,3,full_replay,0.1,5,0,False,0.0004184319996056729,1654146,6655257,,
case15-rep3,case15,3,full_snapshot,0.1,5,0,False,0.0006065780007702415,1654146,6655257,,
case15-rep3,case15,3,pinned_cost,0.1,5,0,False,0.0006778120005037636,1654146,6655257,,
case15-rep3,case15,3,recoverability,0.1,5,0,False,0.0006828390005466645,1654146,6655257,,
case15-rep3,case15,3,recoverability_v2,0.1,5,0,False,0.0006654840008195606,1654146,6655257,,
case15-rep3,case15,3,target_snapshots,0.1,5,0,False,0.0004148070001974702,1654146,6655257,,
case15-rep3,case15,3,cost_cache,0.25,5,0,False,0.0005207920003158506,1663570,6655257,,
case15-rep3,case15,3,full_replay,0.25,5,0,False,0.0006382440005836543,1654146,6655257,,
case15-rep3,case15,3,full_snapshot,0.25,5,0,False,0.0006907909992150962,6655257,6655257,,
case15-rep3,case15,3,pinned_cost,0.25,5,0,False,0.0006620280000788625,3254841,6655257,,
case15-rep3,case15,3,recoverability,0.25,5,0,False,0.09433187200011162,3254841,6655257,,
case15-rep3,case15,3,recoverability_v2,0.25,5,0,False,0.0030358020003404818,1654146,6655257,,
case15-rep3,case15,3,target_snapshots,0.25,5,0,False,0.0005823120000059134,3435341,6655257,,
case15-rep3,case15,3,cost_cache,0.5,5,0,False,0.0005902639995838399,3133728,6655257,,
case15-rep3,case15,3,full_replay,0.5,5,0,False,0.0007972160001372686,1654146,6655257,,
case15-rep3,case15,3,full_snapshot,0.5,5,0,False,0.00045368399969447637,6655257,6655257,,
case15-rep3,case15,3,pinned_cost,0.5,5,5,True,0.000859808000313933,3323787,6655257,0.011062047001360042,0.011921855001673975
case15-rep3,case15,3,recoverability,0.5,5,5,True,0.08402468100030092,3323787,6655257,0.009682376999080589,0.0937070579993815
case15-rep3,case15,3,recoverability_v2,0.5,5,5,True,0.006933654000022216,3321417,6655257,0.008009938000213879,0.014943592000236094
case15-rep3,case15,3,target_snapshots,0.5,5,0,False,0.0005838449997099815,3435341,6655257,,
case15-rep3,case15,3,cost_cache,1.0,5,5,True,0.0006339270003081765,6655257,6655257,0.004720447002000583,0.005354374002308759
case15-rep3,case15,3,full_replay,1.0,5,0,False,0.0008724259996597539,1654146,6655257,,
case15-rep3,case15,3,full_snapshot,1.0,5,5,True,0.0005451269998957287,6655257,6655257,0.0045426469996527885,0.005087773999548517
case15-rep3,case15,3,pinned_cost,1.0,5,5,True,0.000731940999685321,6655257,6655257,0.00381931700030691,0.004551257999992231
case15-rep3,case15,3,recoverability,1.0,5,5,True,0.06495226700008061,3435341,6655257,0.0043065190002380405,0.06925878600031865
case15-rep3,case15,3,recoverability_v2,1.0,5,5,True,0.004406926999763527,3435341,6655257,0.004572261000248545,0.008979188000012073
case15-rep3,case15,3,target_snapshots,1.0,5,5,True,0.00046877600016159704,3435341,6655257,0.004771631999574311,0.005240407999735908
case15-rep4,case15,4,cost_cache,0.1,5,0,False,0.0005855270001120516,1654141,6655252,,
case15-rep4,case15,4,full_replay,0.1,5,0,False,0.00043828099933307385,1654141,6655252,,
case15-rep4,case15,4,full_snapshot,0.1,5,0,False,0.0004130039997107815,1654141,6655252,,
case15-rep4,case15,4,pinned_cost,0.1,5,0,False,0.000409620000027644,1654141,6655252,,
case15-rep4,case15,4,recoverability,0.1,5,0,False,0.0007105300001057913,1654141,6655252,,
case15-rep4,case15,4,recoverability_v2,0.1,5,0,False,0.0004219880001983256,1654141,6655252,,
case15-rep4,case15,4,target_snapshots,0.1,5,0,False,0.0006833099996583769,1654141,6655252,,
case15-rep4,case15,4,cost_cache,0.25,5,0,False,0.0005290839999361197,1663565,6655252,,
case15-rep4,case15,4,full_replay,0.25,5,0,False,0.0004335849998824415,1654141,6655252,,
case15-rep4,case15,4,full_snapshot,0.25,5,0,False,0.000628769000286411,6655252,6655252,,
case15-rep4,case15,4,pinned_cost,0.25,5,0,False,0.0005885509999643546,3254836,6655252,,
case15-rep4,case15,4,recoverability,0.25,5,0,False,0.08919389499988029,3254836,6655252,,
case15-rep4,case15,4,recoverability_v2,0.25,5,0,False,0.0030122580001261667,1654141,6655252,,
case15-rep4,case15,4,target_snapshots,0.25,5,0,False,0.0007327920002353494,3435336,6655252,,
case15-rep4,case15,4,cost_cache,0.5,5,0,False,0.0005633740001940168,3133723,6655252,,
case15-rep4,case15,4,full_replay,0.5,5,0,False,0.0004596619992298656,1654141,6655252,,
case15-rep4,case15,4,full_snapshot,0.5,5,0,False,0.0005789770002593286,6655252,6655252,,
case15-rep4,case15,4,pinned_cost,0.5,5,5,True,0.0007397130002573249,3323782,6655252,0.010036282998044044,0.010775995998301369
case15-rep4,case15,4,recoverability,0.5,5,5,True,0.08159870199961006,3323782,6655252,0.010070924999126873,0.09166962699873693
case15-rep4,case15,4,recoverability_v2,0.5,5,5,True,0.010466842999449,3321412,6655252,0.007474604999515577,0.017941447998964577
case15-rep4,case15,4,target_snapshots,0.5,5,0,False,0.0004640080005628988,3435336,6655252,,
case15-rep4,case15,4,cost_cache,1.0,5,5,True,0.0007197539998742286,6655252,6655252,0.004177019998678588,0.004896773998552817
case15-rep4,case15,4,full_replay,1.0,5,0,False,0.0005769939998572227,1654141,6655252,,
case15-rep4,case15,4,full_snapshot,1.0,5,5,True,0.0006351190004352247,6655252,6655252,0.0037658899991583894,0.004401008999593614
case15-rep4,case15,4,pinned_cost,1.0,5,5,True,0.0006062069996914943,6655252,6655252,0.0037316880016078358,0.00433789500129933
case15-rep4,case15,4,recoverability,1.0,5,5,True,0.06440332500005752,3435336,6655252,0.0037840550003238604,0.06818738000038138
case15-rep4,case15,4,recoverability_v2,1.0,5,5,True,0.004708568999376439,3435336,6655252,0.003884033000758791,0.00859260200013523
case15-rep4,case15,4,target_snapshots,1.0,5,5,True,0.0004216469997118111,3435336,6655252,0.0038397880007323693,0.00426143500044418
